,CLI,Flu,Mask,Contact,Finance,Anosmia,Vaccine_acpt,Covid_Vaccine,Trust_fam,Trust_Healthcare,Trust_who,Trust_govt,Trust_politicians,Twodoses,concerned_sideeffects,hesitant_sideeffects,modified_acceptance,access_wash,wash_hands_24h_3to6,wash_hands_24h_7orMore,cmty_covid
0,0.006469,0.007587,0.179967,0.216809,,0.014187,,,,,,,,,,,,,,,0.034807
1,0.006089,0.007439,0.18009,0.23481,,0.013637,,,,,,,,,,,,,,,0.034489
2,0.007558,0.008725,0.177757,0.260274,0.29103,0.01351,,,,,,,,,,,,,,,0.036398
3,0.006349,0.006984,0.175597,0.278281,0.275356,0.012545,,,,,,,,,,,,,,,0.032968
4,0.007293,0.007488,0.166931,0.284715,0.288326,0.012483,,,,,,,,,,,,,,,0.03378
5,0.004244,0.003829,0.168175,0.284589,0.291977,0.012063,,,,,,,,,,,,,,,0.034758
6,0.004113,0.004229,0.167293,0.286213,0.286124,0.012384,,,,,,,,,,,,,,,0.033522
7,0.004172,0.004247,0.16705,0.286007,0.28204,0.012748,,,,,,,,,,,,,,,0.033633
8,0.004327,0.00405,0.165971,0.295619,0.275063,0.012334,,,,,,,,,,,,,,,0.035267
9,0.005172,0.00451,0.166829,0.302379,0.273349,0.014392,,,,,,,,,,,,,,,0.032585
10,0.005202,0.004574,0.166127,0.309822,0.27835,0.015006,,,,,,,,,,,,,,,0.033191
11,0.005542,0.005117,0.164467,0.31308,0.276565,0.014623,,,,,,,,,,,,,,,0.032783
12,0.005682,0.005315,0.162964,0.322038,0.272026,0.013584,,,,,,,,,,,,,,,0.031958
13,0.005546,0.00508,0.157922,0.346078,0.274434,0.013226,,,,,,,,,,,,,,,0.032159
14,0.006358,0.005894,0.153126,0.381236,0.274135,0.012677,,,,,,,,,,,,,,,0.032682
15,0.007592,0.007548,0.146849,0.417643,0.28082,0.013486,,,,,,,,,,,,,,,0.031132
16,0.007169,0.00752,0.140229,0.447747,0.279448,0.011944,,,,,,,,,,,,,,,0.032875
17,0.00708,0.007623,0.131492,0.4721,0.274068,0.012025,,,,,,,,,,,,,,,0.033901
18,0.007056,0.007114,0.128048,0.507596,0.274248,0.013402,,,,,,,,,,,,,,,0.031985
19,0.006768,0.006869,0.123985,0.531104,0.275013,0.013709,,,,,,,,,,,,,,,0.037006
20,0.008347,0.008572,0.120719,0.540557,0.271934,0.014095,,,,,,,,,,,,,,,0.037044
21,0.007547,0.007642,0.117376,0.544298,0.270548,0.014254,,,,,,,,,,,,,,,0.03581
22,0.006235,0.006182,0.109481,0.545187,0.262431,0.014977,,,,,,,,,,,,,,,0.038707
23,0.005866,0.005914,0.103656,0.543644,0.268458,0.01444,,,,,,,,,,,,,,,0.038422
24,0.005717,0.005603,0.102003,0.548153,0.268845,0.014106,,,,,,,,,,,,,,,0.03742
25,0.006295,0.006582,0.096897,0.55095,0.265419,0.014005,,,,,,,,,,,,,,,0.036308
26,0.006535,0.006762,0.095032,0.558466,0.262639,0.014316,,,,,,,,,,,,,,,0.033073
27,0.005926,0.005247,0.09512,0.563562,0.261752,0.016465,,,,,,,,,,,,,,,0.034128
28,0.005578,0.004991,0.093372,0.570513,0.263042,0.01814,,,,,,,,,,,,,,,0.035711
29,0.006886,0.0061,0.093928,0.573646,0.268493,0.017686,,,,,,,,,,,,,,,0.038828
30,0.006677,0.005906,0.09351,0.589867,0.261031,0.017454,,,,,,,,,,,,,,,0.038622
31,0.007007,0.006182,0.094897,0.595906,0.257906,0.017023,,,,,,,,,,,,,,,0.040319
32,0.006251,0.005174,0.093346,0.605684,0.251356,0.016396,,,,,,,,,,,,,,,0.040798
33,0.00578,0.004657,0.090276,0.608991,0.249117,0.016299,,,,,,,,,,,,,,,0.041623
34,0.004985,0.004589,0.084303,0.613286,0.246443,0.014316,,,,,,,,,,,,,,,0.043615
35,0.008707,0.008164,0.077308,0.618756,0.240792,0.016592,,,,,,,,,,,,,,,0.046224
36,0.008073,0.007764,0.074958,0.620275,0.231879,0.016242,,,,,,,,,,,,,,,0.040784
37,0.007797,0.007479,0.07228,0.624994,0.229665,0.016662,,,,,,,,,,,,,,,0.042449
38,0.008213,0.00824,0.067957,0.635978,0.228473,0.017367,,,,,,,,,,,,,,,0.041876
39,0.009785,0.010169,0.065723,0.646996,0.229709,0.018603,,,,,,,,,,,,,,,0.044402
40,0.011215,0.011756,0.064173,0.65671,0.230842,0.018962,,,,,,,,,,,,,,,0.045679
41,0.011465,0.012318,0.065636,0.663865,0.231745,0.019373,,,,,,,,,,,,,,,0.043019
42,0.008577,0.009283,0.064693,0.675881,0.234406,0.015883,,,,,,,,,,,,,,,0.042828
43,0.008633,0.009256,0.065421,0.689485,0.24017,0.016876,,,,,,,,,,,,,,,0.043279
44,0.009748,0.010543,0.063012,0.692048,0.239337,0.017343,,,,,,,,,,,,,,,0.046604
45,0.009883,0.010629,0.060176,0.697996,0.238557,0.017865,,,,,,,,,,,,,,,0.05137
46,0.009234,0.009809,0.058546,0.698957,0.238518,0.018832,,,,,,,,,,,,,,,0.052464
47,0.009343,0.009714,0.055961,0.697695,0.23771,0.01977,,,,,,,,,,,,,,,0.052012
48,0.01004,0.01054,0.052585,0.704168,0.241321,0.020669,,,,,,,,,,,,,,,0.058374
49,0.013096,0.013878,0.057456,0.697292,0.24336,0.02183,,,,,,,,,,,,,,,0.06244
50,0.015075,0.016354,0.049151,0.689986,0.241798,0.022646,,,,,,,,,,,,,,,0.066211
51,0.017743,0.018977,0.050562,0.68201,0.258113,0.026658,,,,,,,,,,,,,,,0.067254
52,0.020455,0.021048,0.04906,0.680308,0.258231,0.029564,,,,,,,,,,,,,,,0.068576
53,0.022384,0.023121,0.047142,0.686574,0.26306,0.03177,,,,,,,,,,,,,,,0.07834
54,0.02054,0.021841,0.049452,0.689693,0.258009,0.034812,,,,,,,,,,,,,,,0.085869
55,0.021311,0.022369,0.049949,0.684957,0.251765,0.03571,,,,,,,,,,,,,,,0.091388
56,0.021203,0.022368,0.047947,0.692183,0.247016,0.035031,,,,,,,,,,,,,,,0.091862
57,0.021095,0.021816,0.047029,0.69653,0.244932,0.03644,,,,,,,,,,,,0.996803,0.330734,0.5842,0.099542
58,0.019401,0.020326,0.04738,0.703356,0.240762,0.037088,,,,,,,,,,,,0.997098,0.328776,0.589049,0.103021
59,0.018078,0.019284,0.045294,0.7007,0.239659,0.037892,,,,,,,,,,,,0.996846,0.325665,0.594385,0.104207
60,0.015163,0.016217,0.042887,0.703207,0.233658,0.035628,,,,,,,,,,,,0.996986,0.319548,0.606153,0.102554
61,0.016888,0.017799,0.038346,0.703635,0.238672,0.033043,,,,,,,,,,,,0.997551,0.31791,0.608388,0.099677
62,0.016786,0.017961,0.038743,0.704166,0.2425,0.033135,,,,,,,,,,,,0.996861,0.31748,0.60661,0.095915
63,0.014573,0.016091,0.037236,0.698768,0.245599,0.034087,,,,,,,,,,,,0.996637,0.317418,0.606745,0.093973
64,0.014732,0.016582,0.041006,0.6964,0.251295,0.035126,,,,,,,,,,,,0.996038,0.317978,0.604487,0.092724
65,0.017798,0.019147,0.041579,0.697005,0.247144,0.033316,,,,,,,,,,,,0.995642,0.323975,0.601057,0.09332
66,0.019137,0.020528,0.043634,0.692377,0.242584,0.030954,,,,,,,,,,,,0.996194,0.324457,0.598819,0.096377
67,0.021729,0.023219,0.043869,0.686672,0.24535,0.032627,,,,,,,,,,,,0.996471,0.331905,0.590679,0.094711
68,0.022375,0.023663,0.045279,0.686416,0.239622,0.034679,,,,,,,,,,,,0.993111,0.331291,0.587238,0.099256
69,0.02225,0.023413,0.046473,0.684887,0.238224,0.035483,,,,,,,,,,,,0.99258,0.335771,0.584018,0.100831
70,0.022106,0.022715,0.04616,0.683906,0.239375,0.036215,,,,,,,,,,,,0.992591,0.336656,0.580613,0.103652
71,0.019971,0.019821,0.040655,0.684786,0.235356,0.032794,,,,,,,,,,,,0.993125,0.332345,0.587899,0.100937
72,0.017361,0.017311,0.036425,0.68716,0.236007,0.030807,,,,,,,,,,,,0.994044,0.325153,0.594653,0.098255
73,0.016992,0.016724,0.038137,0.699291,0.242631,0.033709,,,,,,,,,,,,0.993605,0.327379,0.591498,0.095276
74,0.018061,0.018075,0.038631,0.704527,0.241773,0.032294,,,,,,,,,,,,0.993542,0.316041,0.600391,0.094915
75,0.017181,0.017229,0.036756,0.712535,0.241675,0.031194,,,,,,,,,,,,0.996306,0.31857,0.60307,0.091839
76,0.017835,0.018005,0.032536,0.713109,0.246691,0.030092,,,,,,,,,,,,0.997867,0.316865,0.606987,0.088468
77,0.018609,0.019072,0.032133,0.713503,0.248618,0.029273,,,,,,,,,,,,0.998393,0.318805,0.60519,0.086321
78,0.020381,0.021027,0.033892,0.712051,0.248082,0.029882,,,,,,,,,,,,0.997761,0.322904,0.598639,0.084601
79,0.021631,0.022402,0.032646,0.715416,0.240822,0.030784,,,,,,,,,,,,0.997785,0.323625,0.595531,0.08273
80,0.020924,0.021925,0.031015,0.721342,0.237012,0.026612,,,,,,,,,,,,0.997797,0.329923,0.593017,0.081233
81,0.019596,0.02023,0.03098,0.723816,0.229694,0.025583,,,,,,,,,,,,0.997954,0.336396,0.586062,0.082049
82,0.019393,0.019953,0.031117,0.719262,0.22732,0.026246,,,,,,,,,,,,0.997795,0.343928,0.574247,0.077922
83,0.017877,0.018496,0.030697,0.72834,0.219795,0.025816,,,,,,,,,,,,0.997791,0.349255,0.566806,0.078932
84,0.01707,0.017706,0.029178,0.733203,0.213064,0.026353,,,,,,,,,,,,0.997891,0.348498,0.57191,0.082009
85,0.016469,0.017358,0.028679,0.734729,0.211022,0.026117,,,,,,,,,,,,0.999112,0.350335,0.573739,0.080747
86,0.013799,0.015023,0.031767,0.739063,0.218153,0.025204,,,,,,,,,,,,0.998819,0.351338,0.572809,0.077858
87,0.011761,0.01298,0.029667,0.731217,0.224607,0.025697,,,,,,,,,,,,0.998877,0.344147,0.576155,0.080268
88,0.011941,0.013157,0.029864,0.727679,0.228971,0.027141,,,,,,,,,,,,0.99823,0.340386,0.579833,0.080256
89,0.011604,0.012657,0.032257,0.729136,0.236811,0.02508,,,,,,,,,,,,0.998635,0.333657,0.589594,0.080988
90,0.012118,0.012961,0.034229,0.733283,0.231032,0.025116,,,,,,,,,,,,0.997863,0.31922,0.602519,0.081598
91,0.014862,0.015344,0.033306,0.731162,0.224335,0.022689,,,,,,,,,,,,0.997469,0.328764,0.591887,0.07798
92,0.014731,0.015647,0.032017,0.733962,0.227474,0.025206,,,,,,,,,,,,0.997462,0.330214,0.587056,0.077956
93,0.015839,0.016568,0.033402,0.730247,0.22487,0.026344,,,,,,,,,,,,0.997255,0.337006,0.580653,0.080135
94,0.017668,0.018603,0.039537,0.733965,0.221076,0.028171,,,,,,,,,,,,0.997265,0.337423,0.58172,0.080084
95,0.016491,0.017435,0.038388,0.733612,0.219389,0.027321,,,,,,,,,,,,0.997268,0.343899,0.575137,0.077307
96,0.017604,0.018529,0.034288,0.736002,0.220843,0.028023,,,,,,,,,,,,0.996582,0.351745,0.564272,0.07867
97,0.016467,0.017379,0.031957,0.733294,0.224376,0.028505,,,,,,,,,,,,0.996993,0.357343,0.559521,0.080414
98,0.017073,0.018264,0.033602,0.738883,0.233624,0.030807,,,,,,,,,,,,0.996757,0.349165,0.565005,0.083888
99,0.016078,0.017254,0.035335,0.735323,0.23369,0.028429,,,,,,,,,,,,0.996264,0.348983,0.567938,0.085118
100,0.015918,0.016895,0.032631,0.732813,0.236575,0.029596,,,,,,,,,,,,0.995365,0.343198,0.575765,0.08513
101,0.014848,0.016509,0.027138,0.732229,0.237189,0.028105,,,,,,,,,,,,0.994942,0.339368,0.577929,0.085996
102,0.016806,0.018558,0.027399,0.726983,0.256028,0.028443,,,,,,,,,,,,0.995077,0.347799,0.568229,0.08952
103,0.015552,0.017479,0.036199,0.693305,0.26242,0.029397,,,,,,,,,,,,0.996206,0.340074,0.578935,0.094545
104,0.015157,0.01649,0.052679,0.656803,0.281571,0.028231,,,,,,,,,,,,0.996638,0.33806,0.585402,0.095953
105,0.015145,0.016018,0.078119,0.625018,0.28854,0.02662,,,,,,,,,,,,0.996342,0.336474,0.59108,0.094327
106,0.015289,0.015813,0.101399,0.601283,0.292315,0.027434,,,,,,,,,,,,0.996916,0.332937,0.597481,0.096272
107,0.016098,0.016479,0.123611,0.582064,0.294518,0.027602,,,,,,,,,,,,0.997035,0.327007,0.602886,0.099138
108,0.015921,0.015792,0.149669,0.557507,0.294478,0.027795,,,,,,,,,,,,0.997454,0.321213,0.610193,0.098996
109,0.014531,0.014107,0.178849,0.530139,0.292857,0.027562,,,,,,,,,,,,0.997172,0.314379,0.619991,0.099934
110,0.015102,0.014471,0.209116,0.517382,0.291273,0.026482,,,,,,,,,,,,0.99649,0.309968,0.626427,0.095029
111,0.016377,0.016284,0.233126,0.521275,0.28207,0.025913,,,,,,,,,,,,0.996236,0.311211,0.626899,0.092966
112,0.015768,0.015592,0.24493,0.527294,0.275496,0.025555,,,,,,,,,,,,0.996944,0.308327,0.632455,0.092698
113,0.016875,0.017115,0.255547,0.527873,0.272137,0.02476,,,,,,,,,,,,0.996741,0.305268,0.63401,0.089054
114,0.015926,0.016849,0.269933,0.529428,0.268295,0.024052,,,,,,,,,,,,0.997584,0.307395,0.630922,0.088668
115,0.01668,0.017634,0.279374,0.533461,0.271947,0.023377,,,,,,,,,,,,0.996912,0.31145,0.626097,0.084508
116,0.016371,0.017375,0.28465,0.538194,0.270876,0.02408,,,,,,,,,,,,0.997374,0.308465,0.628232,0.080963
117,0.015386,0.016438,0.286084,0.543888,0.268508,0.024593,,,,,,,,,,,,0.997768,0.309481,0.627032,0.082468
118,0.014875,0.015864,0.286784,0.541231,0.268277,0.025849,,,,,,,,,,,,0.997568,0.307697,0.62881,0.08201
119,0.013998,0.015367,0.292336,0.536294,0.265978,0.026017,,,,,,,,,,,,0.997231,0.305548,0.625497,0.0777
120,0.012221,0.0134,0.295451,0.543173,0.265401,0.026188,,,,,,,,,,,,0.997328,0.307521,0.62427,0.077326
121,0.010611,0.011488,0.292676,0.545857,0.265119,0.02419,,,,,,,,,,,,0.996992,0.309647,0.626147,0.072026
122,0.009153,0.010426,0.295593,0.556722,0.257563,0.024345,,,,,,,,,,,,0.997,0.316024,0.622762,0.07011
123,0.010478,0.012013,0.292498,0.559305,0.258321,0.023994,,,,,,,,,,,,0.996861,0.315646,0.625514,0.072819
124,0.010133,0.011792,0.296792,0.566557,0.261789,0.021936,,,,,,,,,,,,0.996529,0.318275,0.624121,0.07263
125,0.010484,0.011988,0.303366,0.573283,0.260417,0.021557,,,,,,,,,,,,0.996372,0.314909,0.62588,0.073007
126,0.011342,0.012346,0.306672,0.588088,0.263344,0.022839,,,,,,,,,,,,0.99629,0.322541,0.62185,0.07467
127,0.012899,0.013606,0.311121,0.597113,0.26424,0.020896,,,,,,,,,,,,0.995768,0.320647,0.617425,0.071769
128,0.015328,0.016359,0.316173,0.618803,0.265636,0.022404,,,,,,,,,,,,0.996209,0.314265,0.620986,0.066917
129,0.01599,0.016684,0.319418,0.622976,0.270856,0.021657,,,,,,,,,,,,0.995864,0.310512,0.623076,0.067916
130,0.013896,0.014648,0.313665,0.628027,0.265756,0.020192,,,,,,,,,,,,0.996172,0.308923,0.621801,0.062118
131,0.013421,0.014564,0.309834,0.631391,0.265359,0.020327,,,,,,,,,,,,0.996524,0.305152,0.627576,0.058535
132,0.01351,0.01567,0.304944,0.640228,0.266939,0.023057,,,,,,,,,,,,0.997021,0.302799,0.626396,0.057242
133,0.013242,0.016073,0.303031,0.642736,0.265039,0.020994,,,,,,,,,,,,0.99725,0.298093,0.63083,0.053584
134,0.015093,0.018486,0.296435,0.646811,0.269543,0.027904,,,,,,,,,,,,0.995357,0.301106,0.631235,0.056589
135,0.013513,0.016098,0.301246,0.634271,0.273414,0.027197,,,,,,,,,,,,0.995292,0.306159,0.629363,0.057014
136,0.01591,0.018426,0.291905,0.63034,0.268002,0.031666,,,,,,,,,,,,0.996197,0.30904,0.628897,0.058238
137,0.015001,0.017256,0.295,0.63047,0.265857,0.029559,,,,,,,,,,,,0.996383,0.314688,0.625312,0.05964
138,0.015583,0.017204,0.296876,0.631081,0.265611,0.028884,,,,,,,,,,,,0.995954,0.310322,0.62616,0.062054
139,0.014074,0.014548,0.291955,0.625926,0.264,0.025493,,,,,,,,,,,,0.994398,0.309223,0.625179,0.060427
140,0.014588,0.015402,0.293639,0.623108,0.26978,0.027381,,,,,,,,,,,,0.992999,0.308643,0.623797,0.062984
141,0.012638,0.012908,0.296721,0.624368,0.2644,0.023567,,,,,,,,,,,,0.994726,0.305731,0.62823,0.061431
142,0.011786,0.011952,0.290159,0.630089,0.260395,0.022157,,,,,,,,,,,,0.994671,0.303643,0.628747,0.065597
143,0.009276,0.009455,0.292533,0.635195,0.266687,0.016646,,,,,,,,,,,,0.9944,0.295981,0.629294,0.063895
144,0.012579,0.012811,0.291143,0.638492,0.270927,0.017957,,,,,,,,,,,,0.994246,0.292431,0.627279,0.066184
145,0.012215,0.013184,0.283175,0.643838,0.264119,0.01986,,,,,,,,,,,,0.992132,0.30044,0.619241,0.068445
146,0.012501,0.01353,0.28048,0.647617,0.256549,0.019032,,,,,,,,,,,,0.993496,0.312295,0.61045,0.066505
147,0.012099,0.013176,0.27153,0.660175,0.249646,0.017503,,,,,,,,,,,,0.994635,0.316934,0.605789,0.068968
148,0.011881,0.013424,0.264767,0.662877,0.251417,0.018247,,,,,,,,,,,,0.99556,0.312525,0.609599,0.068617
149,0.013334,0.015783,0.260241,0.661638,0.24369,0.018745,,,,,,,,,,,,0.995131,0.314853,0.607104,0.067365
150,0.01451,0.01658,0.257901,0.660964,0.236604,0.020951,,,,,,,,,,,,0.995641,0.313344,0.615768,0.064002
151,0.012563,0.014412,0.252931,0.662393,0.226634,0.020639,,,,,,,,,,,,0.995639,0.314464,0.618614,0.05908
152,0.011915,0.013112,0.244823,0.660882,0.221022,0.018746,,,,,,,,,,,,0.99781,0.313096,0.617006,0.054461
153,0.012369,0.013963,0.241231,0.65959,0.227731,0.02345,,,,,,,,,,,,0.997749,0.309725,0.617985,0.056964
154,0.014541,0.016132,0.236557,0.655613,0.221798,0.023233,,,,,,,,,,,,0.997516,0.313953,0.615739,0.060709
155,0.015258,0.01664,0.225896,0.65778,0.212126,0.023768,,,,,,,,,,,,0.997412,0.325965,0.603744,0.059071
156,0.014807,0.015455,0.216376,0.665747,0.213874,0.025514,,,,,,,,,,,,0.99742,0.328801,0.595604,0.059355
157,0.014499,0.014781,0.205817,0.671226,0.21915,0.026122,,,,,,,,,,,,0.99636,0.337975,0.586507,0.059512
158,0.014295,0.01458,0.197166,0.675677,0.221205,0.025426,,,,,,,,,,,,0.995353,0.342117,0.583465,0.059074
159,0.014021,0.014104,0.193108,0.675525,0.231975,0.027111,,,,,,,,,,,,0.995824,0.342225,0.587962,0.061443
160,0.014122,0.01401,0.188466,0.682698,0.224021,0.023917,,,,,,,,,,,,0.996238,0.341308,0.593641,0.059084
161,0.012321,0.011215,0.184611,0.686668,0.233028,0.024655,,,,,,,,,,,,0.997363,0.33641,0.598272,0.051656
162,0.013595,0.012484,0.184786,0.691713,0.234898,0.02211,,,,,,,,,,,,0.996745,0.329331,0.604858,0.054698
163,0.015915,0.014806,0.178421,0.698879,0.232544,0.021307,,,,,,,,,,,,0.996657,0.328324,0.605202,0.051851
164,0.015961,0.014924,0.167265,0.705129,0.231041,0.018362,,,,,,,,,,,,0.996535,0.31959,0.609007,0.054019
165,0.016315,0.015248,0.160319,0.712339,0.236895,0.020054,,,,,,,,,,,,0.997441,0.321613,0.606371,0.055866
166,0.018763,0.018258,0.15267,0.722376,0.221655,0.021235,,,,,,,,,,,,0.997375,0.322209,0.604734,0.057561
167,0.022357,0.021838,0.141743,0.72403,0.22022,0.025184,,,,,,,,,,,,0.996493,0.324356,0.598555,0.062755
168,0.024101,0.024068,0.133009,0.719763,0.216836,0.026982,,,,,,,,,,,,0.995096,0.322288,0.598096,0.065352
169,0.021459,0.021425,0.126528,0.71868,0.215145,0.029266,,,,,,,,,,,,0.993286,0.329134,0.594981,0.066028
170,0.019109,0.018752,0.123304,0.721688,0.222798,0.031235,,,,,,,,,,,,0.991667,0.323878,0.606127,0.069015
171,0.018397,0.018837,0.120027,0.718951,0.218524,0.031977,,,,,,,,,,,,0.992404,0.328556,0.604555,0.066809
172,0.017327,0.017833,0.116755,0.713192,0.212807,0.030887,,,,,,,,,,,,0.992211,0.32378,0.603293,0.064064
173,0.016966,0.016619,0.110258,0.708646,0.218951,0.028301,,,,,,,,,,,,0.990687,0.32976,0.590591,0.061429
174,0.012995,0.012647,0.108693,0.705309,0.226222,0.020967,,,,,,,,,,,,0.991607,0.323439,0.599542,0.058643
175,0.011351,0.011175,0.100669,0.71149,0.214739,0.018763,,,,,,,,,,,,0.992714,0.32331,0.601645,0.05793
176,0.01234,0.012585,0.097311,0.708928,0.212769,0.018893,,,,,,,,,,,,0.994816,0.31837,0.606338,0.054656
177,0.012332,0.01291,0.088888,0.706926,0.200904,0.017381,,,,,,,,,,,,0.995019,0.320093,0.594745,0.05546
178,0.010908,0.011013,0.089734,0.708335,0.20378,0.016441,,,,,,,,,,,,0.995309,0.317192,0.595651,0.061384
179,0.010664,0.010699,0.086421,0.711982,0.201537,0.015727,,,,,,,,,,,,0.995752,0.31384,0.605891,0.062944
180,0.009416,0.00985,0.082409,0.715799,0.197338,0.014862,,,,,,,,,,,,0.996862,0.315309,0.607724,0.063255
181,0.011055,0.011848,0.079899,0.718942,0.194775,0.0152,,,,,,,,,,,,0.996419,0.320999,0.599974,0.065813
182,0.012186,0.013622,0.077955,0.719699,0.206035,0.015139,,,,,,,,,,,,0.996248,0.316306,0.601862,0.065418
183,0.015474,0.016387,0.081718,0.719581,0.209889,0.01492,,,,,,,,,,,,0.995808,0.321336,0.592823,0.063132
184,0.015168,0.016151,0.084244,0.723308,0.222597,0.013429,,,,,,,,,,,,0.997059,0.317364,0.604728,0.061932
185,0.016757,0.01741,0.082408,0.723155,0.218884,0.016527,,,,,,,,,,,,0.996584,0.320529,0.597305,0.059511
186,0.020657,0.022396,0.078075,0.72438,0.22282,0.020439,,,,,,,,,,,,0.996765,0.330709,0.58495,0.062939
187,0.019983,0.022362,0.077926,0.712924,0.234445,0.021493,,,,,,,,,,,,0.995947,0.318049,0.598654,0.060247
188,0.018525,0.020115,0.081279,0.713204,0.236533,0.022402,,,,,,,,,,,,0.995208,0.314694,0.604063,0.056824
189,0.01847,0.019369,0.080266,0.705509,0.230487,0.026348,,,,,,,,,,,,0.995251,0.323137,0.593273,0.058102
190,0.017637,0.018167,0.073321,0.706715,0.233099,0.027297,,,,,,,,,,,,0.995859,0.317085,0.605508,0.061565
191,0.01926,0.019768,0.070256,0.688935,0.225927,0.028612,,,,,,,,,,,,0.996198,0.332764,0.582964,0.059029
192,0.017731,0.019719,0.070567,0.680282,0.231575,0.027508,,,,,,,,,,,,0.995998,0.327172,0.596273,0.05818
193,0.013968,0.014928,0.071296,0.679356,0.229748,0.024303,,,,,,,,,,,,0.995947,0.323829,0.60212,0.057418
194,0.01723,0.017423,0.079179,0.679527,0.223453,0.025665,,,,,,,,,,,,0.997079,0.333667,0.58867,0.060989
195,0.019285,0.019953,0.072311,0.677688,0.220378,0.030873,,,,,,,,,,,,0.998139,0.345085,0.577281,0.059953
196,0.022969,0.024363,0.076444,0.676589,0.220432,0.028241,,,,,,,,,,,,0.998803,0.344691,0.576941,0.062654
197,0.020943,0.023014,0.079633,0.67552,0.22168,0.029103,,,,,,,,,,,,0.998828,0.347365,0.577274,0.059796
198,0.020518,0.023024,0.082125,0.688871,0.222302,0.029895,,,,,,,,,,,,0.997871,0.334454,0.599336,0.065689
199,0.020634,0.022119,0.080467,0.698533,0.217219,0.026874,,,,,,,,,,,,0.998836,0.339635,0.585289,0.07156
200,0.022456,0.024052,0.086084,0.694584,0.222689,0.030639,,,,,,,,,,,,0.998017,0.33643,0.586462,0.072117
201,0.021507,0.023348,0.082259,0.704915,0.225212,0.032535,,,,,,,,,,,,0.997939,0.3384,0.58759,0.075812
202,0.02007,0.021845,0.081163,0.71218,0.217238,0.033189,,,,,,,,,,,,0.99661,0.327503,0.599717,0.076937
203,0.020503,0.021552,0.082885,0.715094,0.223154,0.035936,,,,,,,,,,,,0.9961,0.335243,0.593824,0.076064
204,0.020775,0.020982,0.087318,0.710483,0.222693,0.037049,,,,,,,,,,,,0.995464,0.339238,0.586654,0.078704
205,0.020944,0.021052,0.08782,0.712829,0.220511,0.035804,,,,,,,,,,,,0.996103,0.349181,0.573196,0.081224
206,0.02103,0.021844,0.092022,0.721092,0.223374,0.037524,,,,,,,,,,,,0.9964,0.344025,0.582497,0.077098
207,0.02019,0.0215,0.095735,0.721169,0.225685,0.039276,,,,,,,,,,,,0.996044,0.336769,0.590268,0.078016
208,0.017949,0.018897,0.096844,0.715113,0.223556,0.037705,,,,,,,,,,,,0.995473,0.329999,0.597558,0.075612
209,0.01715,0.017397,0.104887,0.711673,0.229321,0.03623,,,,,,,,,,,,0.994806,0.328966,0.596944,0.077244
210,0.015084,0.015529,0.107071,0.713626,0.228457,0.033779,,,,,,,,,,,,0.994746,0.324935,0.600771,0.076268
211,0.016984,0.018469,0.102398,0.71555,0.231004,0.032259,,,,,,,,,,,,0.99288,0.316794,0.601856,0.077662
212,0.017375,0.01908,0.099227,0.713631,0.235809,0.034443,,,,,,,,,,,,0.992736,0.309427,0.611827,0.07719
213,0.016879,0.018108,0.095389,0.70304,0.238334,0.034627,,,,,,,,,,,,0.992553,0.311588,0.608324,0.078734
214,0.017884,0.019008,0.08858,0.707133,0.235375,0.031042,,,,,,,,,,,,0.992883,0.312127,0.605822,0.076795
215,0.019543,0.021291,0.089798,0.7063,0.240122,0.031763,,,,,,,,,,,,0.992222,0.31359,0.602753,0.078668
216,0.020044,0.022715,0.082967,0.703186,0.240934,0.031256,,,,,,,,,,,,0.993414,0.314825,0.601287,0.076881
217,0.023108,0.025005,0.079266,0.69882,0.245188,0.035044,,,,,,,,,,,,0.992983,0.309013,0.604465,0.083211
218,0.018861,0.020043,0.085753,0.695138,0.246676,0.032947,,,,,,,,,,,,0.995109,0.318618,0.597976,0.078484
219,0.019227,0.020206,0.091085,0.693827,0.247052,0.0335,,,,,,,,,,,,0.995318,0.320097,0.593692,0.083546
220,0.019746,0.020677,0.093376,0.693428,0.243111,0.032218,,,,,,,,,,,,0.992987,0.314138,0.599895,0.081999
221,0.02371,0.023888,0.097576,0.694193,0.244939,0.035821,,,,,,,,,,,,0.993189,0.316109,0.593597,0.085853
222,0.024175,0.024183,0.095953,0.697806,0.247799,0.035074,,,,,,,,,,,,0.992827,0.320408,0.587891,0.086038
223,0.0218,0.022176,0.097994,0.703389,0.245106,0.03494,,,,,,,,,,,,0.992303,0.316057,0.59323,0.087538
224,0.019491,0.021256,0.093564,0.710102,0.242047,0.034012,,,,,,,,,,,,0.992802,0.317625,0.590365,0.082922
225,0.020752,0.022358,0.087898,0.715297,0.236005,0.03462,,,,,,,,,,,,0.992025,0.313702,0.598129,0.083745
226,0.019404,0.020796,0.081512,0.717817,0.237236,0.031943,,,,,,,,,,,,0.991999,0.315555,0.598365,0.076458
227,0.022353,0.023251,0.074821,0.722866,0.235729,0.034045,,,,,,,,,,,,0.992961,0.313694,0.598875,0.077502
228,0.017031,0.018042,0.069447,0.715715,0.229898,0.029644,,,,,,,,,,,,0.993107,0.316279,0.602936,0.071928
229,0.01748,0.018558,0.067326,0.721026,0.225645,0.030206,,,,,,,,,,,,0.99471,0.312423,0.612816,0.068848
230,0.019915,0.020449,0.064561,0.72096,0.227348,0.03094,,,,,,,,,,,,0.994815,0.315576,0.603223,0.067673
231,0.018723,0.018579,0.064529,0.719993,0.223732,0.027615,,,,,,,,,,,,0.994825,0.311482,0.604161,0.06406
232,0.018297,0.018395,0.06266,0.724549,0.223475,0.029173,,,,,,,,,,,,0.99561,0.30922,0.603032,0.064569
233,0.017773,0.017823,0.066914,0.721678,0.219153,0.028897,,,,,,,,,,,,0.995551,0.30943,0.601462,0.063502
234,0.01435,0.014991,0.068068,0.723314,0.223685,0.02686,0.73277,,0.285328,0.461754,0.402496,0.399933,0.134912,,,,,0.996243,0.319087,0.594906,0.060942
235,0.016596,0.017436,0.068377,0.732447,0.224638,0.027214,0.727777,,0.309434,0.498851,0.431222,0.456562,0.152982,,,,,0.996053,0.315407,0.591531,0.062345
236,0.015227,0.015445,0.067228,0.736809,0.221004,0.027334,0.742474,,0.304515,0.517594,0.456173,0.488515,0.156682,,,,,0.9957,0.308098,0.590686,0.061136
237,0.01299,0.013095,0.068365,0.74363,0.210725,0.025519,0.74308,,0.316677,0.510325,0.452925,0.484219,0.154301,,,,,0.995252,0.315031,0.589415,0.061734
238,0.014065,0.013636,0.06707,0.750998,0.208256,0.026138,0.745975,,0.324128,0.517551,0.459271,0.491327,0.162485,,,,,0.995581,0.32445,0.587524,0.061967
239,0.014825,0.014503,0.066723,0.748624,0.206622,0.025437,0.747656,,0.325424,0.528154,0.474411,0.497272,0.165423,,,,,0.994773,0.327225,0.58493,0.063728
240,0.016812,0.016502,0.059798,0.746793,0.199705,0.026236,0.748709,,0.32442,0.520326,0.465092,0.490788,0.164975,,,,,0.993982,0.331788,0.581253,0.064181
241,0.016511,0.016,0.057694,0.737823,0.192126,0.025585,0.752486,,0.329855,0.525309,0.468313,0.497296,0.162313,,,,,0.99336,0.337237,0.575744,0.063339
242,0.015339,0.015085,0.05366,0.728905,0.195368,0.026121,0.758985,,0.335591,0.530181,0.471697,0.503348,0.162585,,,,,0.992886,0.346329,0.569254,0.061079
243,0.015774,0.015821,0.056471,0.719151,0.194408,0.025262,0.75598,,0.341848,0.527303,0.468436,0.498645,0.166083,,,,,0.99251,0.358032,0.562555,0.060644
244,0.016529,0.017411,0.053896,0.720712,0.196319,0.024605,0.757135,,0.343623,0.531684,0.471797,0.502079,0.168173,,,,,0.992433,0.356186,0.561707,0.058912
245,0.020114,0.0191,0.052455,0.714884,0.198341,0.02747,0.751133,,0.338776,0.524538,0.459309,0.493996,0.162472,,,,,0.991741,0.350495,0.566188,0.058211
246,0.019428,0.018425,0.049109,0.710524,0.199324,0.029295,0.751116,,0.336519,0.514959,0.442343,0.489091,0.162459,,,,,0.991744,0.350936,0.565704,0.05477
247,0.017859,0.017219,0.053439,0.707827,0.205066,0.028813,0.747895,,0.337831,0.516113,0.445085,0.490585,0.163554,,,,,0.992543,0.347968,0.569338,0.051999
248,0.019136,0.018718,0.053814,0.708665,0.202137,0.030721,0.746348,,0.336082,0.513751,0.449992,0.487997,0.168054,,,,,0.992675,0.340929,0.572957,0.052853
249,0.020008,0.019338,0.057334,0.711849,0.200861,0.029798,0.748229,0.0,0.327964,0.512339,0.448592,0.483854,0.167117,,,,,0.993528,0.342958,0.572661,0.050988
250,0.019353,0.018506,0.053401,0.715817,0.202972,0.028717,0.750137,0.00463,0.324059,0.514691,0.450421,0.487376,0.168143,,,,,0.994041,0.341758,0.573672,0.050223
251,0.018754,0.017551,0.05503,0.708442,0.203007,0.030627,0.747409,0.005592,0.32111,0.516711,0.449206,0.49033,0.172087,,,,,0.994771,0.337537,0.583225,0.045157
252,0.01642,0.017215,0.0576,0.705475,0.202832,0.02915,0.755483,0.00494,0.326881,0.517381,0.455679,0.493287,0.180554,,,,0.9329099655168464,0.995851,0.339708,0.585511,0.045084
253,0.015235,0.0158,0.058986,0.711226,0.200435,0.025396,0.753977,0.00539,0.322456,0.515751,0.458078,0.490059,0.179178,,,,0.893029781765621,0.996993,0.337942,0.589143,0.042404
254,0.015048,0.01578,0.05736,0.712373,0.203439,0.024329,0.754554,0.005285,0.322159,0.519628,0.461718,0.490473,0.181561,,,,0.8645241936057251,0.995737,0.335548,0.587791,0.040767
255,0.013516,0.013716,0.057503,0.719179,0.206381,0.022245,0.756056,0.004826,0.321574,0.518125,0.458495,0.492965,0.185214,,,,0.8467619081645731,0.995858,0.334465,0.588319,0.038608
256,0.01255,0.012291,0.056453,0.722633,0.203577,0.022167,0.755177,0.004739,0.321807,0.514841,0.462451,0.49687,0.186864,,,,0.7628076329994031,0.995617,0.326105,0.598273,0.039287
257,0.011623,0.011699,0.058464,0.719907,0.206442,0.022077,0.751695,0.004137,0.320567,0.510351,0.457674,0.492587,0.18334,,,,0.7580859601597697,0.995444,0.325478,0.596857,0.039719
258,0.010104,0.010089,0.058667,0.725861,0.21377,0.01888,0.753345,0.003552,0.318355,0.508671,0.458209,0.486305,0.178819,,,0.214071,0.7590222387998806,0.996011,0.327137,0.591524,0.043097
259,0.012461,0.012046,0.056902,0.73001,0.214052,0.019401,0.750808,0.003432,0.312894,0.508332,0.462523,0.482164,0.167028,,,0.19334,0.7567366083331827,0.992816,0.32019,0.590792,0.041724
260,0.011865,0.011502,0.05883,0.727778,0.215011,0.019366,0.754993,0.004594,0.319218,0.509988,0.463322,0.479684,0.16508,,,0.192304,0.761815139202111,0.99261,0.314501,0.592374,0.043444
261,0.012177,0.011069,0.059669,0.733561,0.214746,0.021693,0.756791,0.004796,0.32333,0.50824,0.456335,0.47998,0.158423,,,0.19453,0.764073297601915,0.993639,0.310839,0.595073,0.045075
262,0.012309,0.011395,0.062099,0.735124,0.220646,0.021591,0.75125,0.005001,0.322305,0.514039,0.449273,0.474601,0.148725,,,0.201274,0.7595439593479987,0.993519,0.31365,0.59499,0.045989
263,0.011692,0.01151,0.062735,0.734287,0.220925,0.022148,0.748276,0.004883,0.326431,0.513343,0.443872,0.465722,0.143558,,,0.196296,0.7566250167519106,0.993764,0.320026,0.586762,0.045552
264,0.013427,0.013113,0.061726,0.741914,0.217709,0.024571,0.74956,0.005111,0.328509,0.521578,0.444234,0.46631,0.139294,,,0.196006,0.7580805812834543,0.991445,0.318451,0.587703,0.045109
265,0.013769,0.013536,0.063483,0.736959,0.217516,0.026318,0.745768,0.005656,0.329705,0.519551,0.442641,0.462864,0.136339,,,0.197488,0.7550061684982912,0.991321,0.31751,0.59005,0.043585
266,0.011247,0.010779,0.063423,0.740225,0.217184,0.024866,0.740422,0.005536,0.328874,0.523173,0.432724,0.463877,0.140088,,,0.200134,0.7496141785734394,0.993369,0.328106,0.583968,0.044367
267,0.011828,0.011477,0.06377,0.739636,0.215249,0.023879,0.735406,0.003191,0.329247,0.524286,0.433957,0.464854,0.140013,,,0.20094,0.7416241801976613,0.993388,0.332479,0.584018,0.043068
268,0.010827,0.010512,0.057415,0.741182,0.217949,0.019508,0.737181,0.002117,0.320344,0.518392,0.438608,0.460383,0.13848,,,0.197975,0.7422580714103499,0.992317,0.333309,0.589546,0.041629
269,0.015187,0.014889,0.05304,0.735381,0.219826,0.020224,0.747506,0.001982,0.330296,0.515063,0.44707,0.460959,0.140405,,,0.187326,0.7519100079906281,0.99317,0.331317,0.590516,0.044098
270,0.01538,0.014377,0.057686,0.728856,0.231886,0.019152,0.747457,0.002064,0.327752,0.511928,0.446525,0.46076,0.137404,,,0.190377,0.7518746213927838,0.993204,0.322963,0.597199,0.042568
271,0.012883,0.012227,0.056296,0.721105,0.229393,0.01754,0.751423,0.002539,0.326048,0.502786,0.449132,0.458257,0.138434,,,0.187717,0.7560877976403125,0.995787,0.322605,0.59977,0.039639
272,0.013122,0.012239,0.053139,0.726163,0.229035,0.017347,0.757686,0.002511,0.325945,0.505695,0.444412,0.456591,0.138788,,,0.183016,0.7623312916029296,0.995866,0.319134,0.604877,0.039917
273,0.013272,0.012867,0.055005,0.719818,0.232539,0.017788,0.759651,0.003087,0.324651,0.504781,0.447264,0.457258,0.1356,,,0.183169,0.7647216850511716,0.996208,0.319084,0.605478,0.04081
274,0.013306,0.013418,0.054457,0.723355,0.233603,0.018478,0.762693,0.003611,0.326477,0.505368,0.447562,0.4598,0.136525,,,0.179015,0.7686522452177347,0.996314,0.325175,0.600031,0.041967
275,0.014681,0.015302,0.060479,0.720223,0.231546,0.021736,0.756615,0.00468,0.331668,0.508491,0.443262,0.463013,0.135678,,,0.184905,0.7637185559152828,0.997655,0.328568,0.596144,0.042272
276,0.01074,0.011434,0.066673,0.721093,0.230456,0.021209,0.747853,0.007416,0.322699,0.506467,0.435181,0.460701,0.133622,,,0.192097,0.7641643569014357,0.99765,0.32807,0.597125,0.038638
277,0.010591,0.012033,0.060719,0.728017,0.223386,0.020246,0.748497,0.007825,0.324892,0.514225,0.434743,0.463879,0.134557,,,0.190712,0.7655467609921024,0.997987,0.328575,0.597036,0.041798
278,0.010963,0.01237,0.05917,0.734061,0.224647,0.019432,0.753543,0.007072,0.329388,0.517601,0.431945,0.463892,0.134859,,,0.187906,0.7706480614361388,0.997444,0.326626,0.595691,0.042552
279,0.009513,0.012298,0.062578,0.734254,0.213514,0.018909,0.751591,0.006956,0.33562,0.516152,0.440969,0.471102,0.136026,,,0.186834,0.7693675652413766,0.996706,0.333131,0.592003,0.040065
280,0.009356,0.012142,0.05998,0.739764,0.205832,0.018762,0.755969,0.006029,0.34134,0.519987,0.442941,0.475385,0.142605,,,0.18288,0.7730768208338714,0.997152,0.324846,0.600691,0.037915
281,0.009684,0.012318,0.056343,0.728908,0.20791,0.019262,0.758244,0.006782,0.338592,0.520479,0.444058,0.472337,0.143665,,,0.184867,0.7759970085659443,0.996649,0.316353,0.609756,0.035097
282,0.011353,0.013912,0.050825,0.733171,0.205241,0.019429,0.770184,0.00625,0.340675,0.522249,0.447677,0.466815,0.145706,,,0.173131,0.7871676875988486,0.995763,0.322653,0.603863,0.036745
283,0.010406,0.012211,0.045937,0.730556,0.207086,0.018188,0.774842,0.002842,0.344213,0.522735,0.450079,0.467481,0.152539,,,0.171893,0.7805832906188201,0.99625,0.318549,0.607804,0.036618
284,0.011341,0.013016,0.045158,0.732228,0.207441,0.02169,0.773673,0.002684,0.341758,0.519363,0.441133,0.461212,0.151228,,,0.172474,0.7791345491584559,0.996226,0.324872,0.602429,0.037202
285,0.012982,0.014449,0.044667,0.728301,0.208865,0.023062,0.758029,0.002635,0.344157,0.523743,0.442401,0.456322,0.149044,,,0.180113,0.762819984594263,0.995886,0.330886,0.597599,0.037416
286,0.016072,0.01662,0.042424,0.731036,0.213657,0.024798,0.761464,0.002988,0.341599,0.525089,0.440235,0.461621,0.150932,,,0.180784,0.7657931043307771,0.996303,0.326837,0.593997,0.039421
287,0.016131,0.017144,0.043754,0.735117,0.220216,0.025874,0.756678,0.00283,0.333201,0.486021,0.436857,0.450612,0.143869,,,0.183129,0.7609780744058554,0.996256,0.329836,0.587494,0.041856
288,0.015972,0.016367,0.045205,0.743981,0.221628,0.024987,0.759882,0.002183,0.337645,0.479778,0.433254,0.447066,0.138951,,,0.181712,0.7637381345237201,0.995479,0.330875,0.581732,0.043486
289,0.013267,0.014001,0.046577,0.7224,0.238906,0.023334,0.756248,0.001746,0.32682,0.493048,0.430316,0.443825,0.138605,,,0.186155,0.7595238746962586,0.995924,0.329087,0.580637,0.040223
290,0.01479,0.016098,0.061504,0.689406,0.240122,0.025318,0.75806,0.002461,0.328888,0.50831,0.425471,0.44369,0.134313,,,0.182957,0.7622747493564801,0.996372,0.327927,0.580633,0.041879
291,0.014448,0.015691,0.077172,0.65508,0.244865,0.023585,0.754868,0.002527,0.323316,0.493746,0.425925,0.443652,0.133717,,,0.18322,0.7594220383126908,0.996219,0.328077,0.587369,0.042331
292,0.014824,0.017153,0.090372,0.639531,0.250085,0.023935,0.763571,0.00264,0.321559,0.489883,0.421834,0.443309,0.138098,,,0.17824,0.7685410365256236,0.997028,0.324906,0.593805,0.045516
293,0.014017,0.016101,0.100172,0.633262,0.252517,0.022324,0.761057,0.00215,0.32434,,0.414583,0.434476,0.136086,,,0.18034,0.7657656915273141,0.996341,0.326501,0.593931,0.045331
294,0.014449,0.016282,0.113766,0.620998,0.251458,0.021701,0.759104,0.002485,0.323282,,0.412803,0.431429,0.135426,,,0.184616,0.7642451904696961,0.996568,0.324689,0.597166,0.047239
295,0.016113,0.018319,0.124904,0.618132,0.249937,0.021598,0.756301,0.002059,0.319452,,0.407831,0.43232,0.132391,,,0.185298,0.7612214552328201,0.996753,0.325687,0.597366,0.051027
296,0.018121,0.022239,0.140398,0.618604,0.239449,0.022286,0.75943,0.003182,0.328047,,0.402797,0.428693,0.131468,,,0.182955,0.7671852170074157,0.997075,0.318635,0.605685,0.057055
297,0.018153,0.022515,0.142461,0.642162,0.23949,0.022699,0.753581,0.003307,0.319841,,0.396796,0.419517,0.124925,,,0.186134,0.7617039695213736,0.996495,0.322035,0.607371,0.059617
298,,,,,,,,,,,,,,,,,,,,,
299,,,,,,,,,,,,,,,,,,,,,
300,,,,,,,,,,,,,,,,,,,,,
301,,,,,,,,,,,,,,,,,,,,,
302,,,,,,,,,,,,,,,,,,,,,
303,,,,,,,,,,,,,,,,,,,,,
