pct_hes_cost,hes_cost_se,pct_hes_cost_unw,hes_cost_se_unw,sample_size,country,iso_code,gid_0,survey_date
0.125902,0.014041,0.049793,0.021414,241.0,Algeria,DZA,DZA,20210206
0.086176,0.008299,0.077735,0.008698,1042.0,Argentina,ARG,ARG,20210206
0.045789,0.008646,0.046823,0.008555,598.0,Australia,AUS,AUS,20210206
0.016268,0.00753,0.0131,0.008378,229.0,Austria,AUT,AUT,20210206
0.110265,0.027179,0.176768,0.022316,198.0,Bangladesh,BGD,BGD,20210206
0.040056,0.017674,0.044118,0.016877,136.0,Belarus,BLR,BLR,20210206
0.045132,0.01273,0.046931,0.012496,277.0,Belgium,BEL,BEL,20210206
0.125586,0.01927,0.128713,0.019069,303.0,Bolivia,BOL,BOL,20210206
0.061654,0.004483,0.056124,0.004685,2637.0,Brazil,BRA,BRA,20210206
0.045728,0.01237,0.039841,0.013212,251.0,Bulgaria,BGR,BGR,20210206
0.038621,0.006708,0.036129,0.006926,775.0,Canada,CAN,CAN,20210206
0.073143,0.011024,0.056689,0.012413,441.0,Chile,CHL,CHL,20210206
0.120361,0.010529,0.126379,0.01031,997.0,Colombia,COL,COL,20210206
0.176899,0.033488,0.128713,0.038158,101.0,Costa Rica,CRI,CRI,20210206
0.051077,0.019418,0.056338,0.01854,142.0,Croatia,HRV,HRV,20210206
0.031067,0.009171,0.040773,0.008046,466.0,Czech Republic,CZE,CZE,20210206
0.029398,0.010665,0.021505,0.012419,186.0,Denmark,DNK,DNK,20210206
0.115972,0.024879,0.10828,0.025636,157.0,Dominican Republic,DOM,DOM,20210206
0.195969,0.01954,0.1875,0.019872,400.0,Ecuador,ECU,ECU,20210206
0.191829,0.018318,0.232645,0.017071,533.0,Egypt,EGY,EGY,20210206
0.212949,0.030492,0.204545,0.030947,176.0,El Salvador,SLV,SLV,20210206
0.019811,0.002942,0.018779,0.00302,2130.0,France,FRA,FRA,20210206
0.012693,0.003128,0.016687,0.002734,1678.0,Germany,DEU,DEU,20210206
0.164926,0.032111,0.187919,0.030505,149.0,Ghana,GHA,GHA,20210206
0.031051,0.006647,0.017722,0.008739,395.0,Greece,GRC,GRC,20210206
0.243184,0.033405,0.245509,0.033297,167.0,Guatemala,GTM,GTM,20210206
0.212163,0.036948,0.251799,0.034803,139.0,Honduras,HND,HND,20210206
0.068279,0.024236,0.070796,0.023833,113.0,Hong Kong,HKG,HKG,20210206
0.039431,0.007319,0.028736,0.008526,522.0,Hungary,HUN,HUN,20210206
0.059698,0.006661,0.069368,0.006211,1456.0,India,IND,IND,20210206
0.243509,0.014794,0.244076,0.014782,844.0,Indonesia,IDN,IDN,20210206
0.175982,0.021217,0.142857,0.02309,273.0,Iraq,IRQ,IRQ,20210206
0.070873,0.019502,0.04878,0.023233,123.0,Ireland,IRL,IRL,20210206
0.034887,0.012459,0.021739,0.015677,138.0,Israel,ISR,ISR,20210206
0.023756,0.00417,0.021898,0.004339,1233.0,Italy,ITA,ITA,20210206
0.109264,0.003933,0.09658,0.004153,5643.0,Japan,JPN,JPN,20210206
0.072603,0.020107,0.058394,0.022251,137.0,Jordan,JOR,JOR,20210206
0.039476,0.018938,0.043103,0.018158,116.0,Kazakhstan,KAZ,KAZ,20210206
0.136218,0.028312,0.153374,0.02695,163.0,Kenya,KEN,KEN,20210206
0.110939,0.028632,0.104348,0.029414,115.0,Lebanon,LBN,LBN,20210206
0.221912,0.022027,0.259446,0.020881,397.0,Malaysia,MYS,MYS,20210206
0.139084,0.006705,0.132105,0.006852,2551.0,Mexico,MEX,MEX,20210206
0.01912,0.017145,0.03,0.013764,100.0,Morocco,MAR,MAR,20210206
0.123357,0.032676,0.140351,0.030935,114.0,Nepal,NPL,NPL,20210206
0.012213,0.005002,0.011236,0.005212,445.0,Netherlands,NLD,NLD,20210206
0.054694,0.01559,0.057778,0.015193,225.0,New Zealand,NZL,NZL,20210206
0.11699,0.019932,0.125899,0.019312,278.0,Nigeria,NGA,NGA,20210206
0.021274,0.006846,0.011905,0.009108,252.0,Norway,NOR,NOR,20210206
0.080438,0.019322,0.07772,0.019628,193.0,Pakistan,PAK,PAK,20210206
0.157102,0.031162,0.133333,0.033358,120.0,Paraguay,PRY,PRY,20210206
0.146015,0.013923,0.155096,0.013582,677.0,Peru,PER,PER,20210206
0.216114,0.015614,0.26043,0.014644,791.0,Philippines,PHL,PHL,20210206
0.065589,0.010893,0.063618,0.011049,503.0,Poland,POL,POL,20210206
0.024663,0.005856,0.020478,0.006412,586.0,Portugal,PRT,PRT,20210206
0.065771,0.019659,0.04918,0.022535,122.0,"Puerto Rico, U.S.",PRI,PRI,20210206
0.026813,0.008749,0.033254,0.007882,421.0,Romania,ROU,ROU,20210206
0.036603,0.006182,0.03202,0.006594,812.0,Russia,RUS,RUS,20210206
0.097622,0.021079,0.090909,0.021763,187.0,Saudi Arabia,SAU,SAU,20210206
0.029227,0.008829,0.017778,0.011255,225.0,Serbia,SRB,SRB,20210206
0.003773,0.004808,0.004808,0.004261,208.0,Slovakia,SVK,SVK,20210206
0.034372,0.021904,0.05,0.01831,100.0,Slovenia,SVN,SVN,20210206
0.125969,0.016552,0.119481,0.016933,385.0,South Africa,ZAF,ZAF,20210206
0.05899,0.013862,0.071839,0.012648,348.0,South Korea,KOR,KOR,20210206
0.037552,0.006252,0.039297,0.006117,967.0,Spain,ESP,ESP,20210206
0.025587,0.005298,0.017713,0.006341,621.0,Sweden,SWE,SWE,20210206
0.03679,0.010077,0.033951,0.010474,324.0,Switzerland,CHE,CHE,20210206
0.128443,0.010151,0.148329,0.009556,1227.0,Taiwan,TWN,TWN,20210206
0.280034,0.016,0.304348,0.015614,828.0,Thailand,THA,THA,20210206
0.089518,0.019916,0.080214,0.020933,187.0,Tunisia,TUN,TUN,20210206
0.061787,0.008259,0.058313,0.008486,806.0,Turkey,TUR,TUR,20210206
0.11495,0.010479,0.114595,0.010493,925.0,Ukraine,UKR,UKR,20210206
0.017565,0.005883,0.018762,0.005695,533.0,United Kingdom,GBR,GBR,20210206
0.038117,0.011489,0.035019,0.011967,257.0,Uruguay,URY,URY,20210206
0.206034,0.022251,0.227528,0.021466,356.0,Venezuela,VEN,VEN,20210206
0.244595,0.011957,0.281272,0.011431,1415.0,Vietnam,VNM,VNM,20210206
0.022552,0.011564,0.033195,0.009584,241.0,Algeria,DZA,DZA,20210207
0.100239,0.00896,0.098004,0.009051,1102.0,Argentina,ARG,ARG,20210207
0.041209,0.008777,0.048414,0.008128,599.0,Australia,AUS,AUS,20210207
0.019773,0.008519,0.021053,0.008261,285.0,Austria,AUT,AUT,20210207
0.155428,0.021392,0.125,0.023436,240.0,Bangladesh,BGD,BGD,20210207
0.041512,0.012847,0.02907,0.015254,172.0,Belarus,BLR,BLR,20210207
0.031868,0.011661,0.042904,0.010108,303.0,Belgium,BEL,BEL,20210207
0.101796,0.019999,0.126354,0.018201,277.0,Bolivia,BOL,BOL,20210207
0.056309,0.004234,0.048525,0.004543,2576.0,Brazil,BRA,BRA,20210207
0.043143,0.01137,0.040134,0.01177,299.0,Bulgaria,BGR,BGR,20210207
0.062402,0.007031,0.046067,0.008113,890.0,Canada,CAN,CAN,20210207
0.094274,0.013206,0.085011,0.013837,447.0,Chile,CHL,CHL,20210207
0.094637,0.009952,0.107914,0.009389,973.0,Colombia,COL,COL,20210207
0.031183,0.013884,0.031447,0.013828,159.0,Croatia,HRV,HRV,20210207
0.026378,0.007488,0.026258,0.007505,457.0,Czech Republic,CZE,CZE,20210207
0.009353,0.007018,0.00995,0.006806,201.0,Denmark,DNK,DNK,20210207
0.13161,0.027253,0.133758,0.027067,157.0,Dominican Republic,DOM,DOM,20210207
0.176556,0.01979,0.188776,0.019283,392.0,Ecuador,ECU,ECU,20210207
0.193535,0.018219,0.201646,0.017939,486.0,Egypt,EGY,EGY,20210207
0.233745,0.028373,0.188482,0.030703,191.0,El Salvador,SLV,SLV,20210207
0.023273,0.003142,0.023356,0.003136,2312.0,France,FRA,FRA,20210207
0.026175,0.003914,0.027199,0.003842,1728.0,Germany,DEU,DEU,20210207
0.060803,0.021996,0.071942,0.020342,139.0,Ghana,GHA,GHA,20210207
0.023237,0.007316,0.022167,0.007486,406.0,Greece,GRC,GRC,20210207
0.187513,0.03494,0.227586,0.032527,145.0,Guatemala,GTM,GTM,20210207
0.213831,0.033295,0.226415,0.032619,159.0,Honduras,HND,HND,20210207
0.057941,0.022584,0.061404,0.021978,114.0,Hong Kong,HKG,HKG,20210207
0.022805,0.005852,0.021311,0.006049,610.0,Hungary,HUN,HUN,20210207
0.081078,0.00712,0.074725,0.007391,1365.0,India,IND,IND,20210207
0.216334,0.014332,0.21227,0.014432,815.0,Indonesia,IDN,IDN,20210207
0.129102,0.022333,0.135593,0.021873,236.0,Iraq,IRQ,IRQ,20210207
0.050133,0.016679,0.037879,0.019066,132.0,Ireland,IRL,IRL,20210207
0.033889,0.016556,0.037594,0.015749,133.0,Israel,ISR,ISR,20210207
0.023779,0.003547,0.017151,0.004162,1341.0,Italy,ITA,ITA,20210207
0.109702,0.004206,0.100235,0.004377,5098.0,Japan,JPN,JPN,20210207
0.036053,0.021776,0.07483,0.015428,147.0,Jordan,JOR,JOR,20210207
0.083703,0.025546,0.074766,0.026899,107.0,Kazakhstan,KAZ,KAZ,20210207
0.142751,0.028312,0.153374,0.027484,163.0,Kenya,KEN,KEN,20210207
0.096337,0.029901,0.114035,0.027756,114.0,Lebanon,LBN,LBN,20210207
0.205877,0.020892,0.208443,0.020797,379.0,Malaysia,MYS,MYS,20210207
0.153711,0.007173,0.146902,0.007308,2437.0,Mexico,MEX,MEX,20210207
0.044953,0.026959,0.084112,0.020125,107.0,Nepal,NPL,NPL,20210207
0.031308,0.007784,0.026128,0.008498,421.0,Netherlands,NLD,NLD,20210207
0.059018,0.014767,0.060837,0.014559,263.0,New Zealand,NZL,NZL,20210207
0.129062,0.020414,0.138889,0.01979,288.0,Nigeria,NGA,NGA,20210207
0.019105,0.007054,0.014184,0.008166,282.0,Norway,NOR,NOR,20210207
0.198733,0.024345,0.170833,0.025812,240.0,Pakistan,PAK,PAK,20210207
0.098585,0.029898,0.131783,0.026349,129.0,Paraguay,PRY,PRY,20210207
0.162153,0.014387,0.166667,0.014229,672.0,Peru,PER,PER,20210207
0.230527,0.015783,0.277019,0.014854,805.0,Philippines,PHL,PHL,20210207
0.054949,0.009341,0.056013,0.009257,607.0,Poland,POL,POL,20210207
0.027154,0.006022,0.023585,0.00645,636.0,Portugal,PRT,PRT,20210207
0.016659,0.012459,0.021739,0.010935,138.0,"Puerto Rico, U.S.",PRI,PRI,20210207
0.02603,0.008647,0.03038,0.008022,395.0,Romania,ROU,ROU,20210207
0.031519,0.005654,0.027479,0.006043,837.0,Russia,RUS,RUS,20210207
0.02348,0.018231,0.049296,0.012752,142.0,Saudi Arabia,SAU,SAU,20210207
0.048178,0.012787,0.031746,0.015618,189.0,Serbia,SRB,SRB,20210207
0.018702,0.00763,0.013274,0.009031,226.0,Slovakia,SVK,SVK,20210207
0.151842,0.017037,0.146172,0.017306,431.0,South Africa,ZAF,ZAF,20210207
0.134389,0.017705,0.100346,0.020098,289.0,South Korea,KOR,KOR,20210207
0.022456,0.004602,0.022308,0.004617,1031.0,Spain,ESP,ESP,20210207
0.0193,0.004868,0.016997,0.005181,706.0,Sweden,SWE,SWE,20210207
0.035346,0.010077,0.033951,0.010274,324.0,Switzerland,CHE,CHE,20210207
0.117136,0.009968,0.136479,0.009338,1187.0,Taiwan,TWN,TWN,20210207
0.279143,0.016393,0.30102,0.016031,784.0,Thailand,THA,THA,20210207
0.063435,0.016397,0.069959,0.015668,243.0,Tunisia,TUN,TUN,20210207
0.074677,0.009105,0.069975,0.009382,786.0,Turkey,TUR,TUR,20210207
0.133794,0.011463,0.147335,0.01101,957.0,Ukraine,UKR,UKR,20210207
0.014897,0.00483,0.013746,0.005026,582.0,United Kingdom,GBR,GBR,20210207
0.047254,0.013762,0.04878,0.013556,246.0,Uruguay,URY,URY,20210207
0.273297,0.024448,0.282353,0.024205,340.0,Venezuela,VEN,VEN,20210207
0.246523,0.012251,0.280297,0.011756,1345.0,Vietnam,VNM,VNM,20210207
0.090861,0.015144,0.053812,0.01929,223.0,Algeria,DZA,DZA,20210208
0.108897,0.00829,0.092471,0.008915,1222.0,Argentina,ARG,ARG,20210208
0.085488,0.01172,0.084806,0.011763,566.0,Australia,AUS,AUS,20210208
0.013805,0.006561,0.011407,0.007208,263.0,Austria,AUT,AUT,20210208
0.134207,0.020824,0.110132,0.022675,227.0,Bangladesh,BGD,BGD,20210208
0.045611,0.018358,0.049645,0.017633,141.0,Belarus,BLR,BLR,20210208
0.032453,0.009997,0.030405,0.010317,296.0,Belgium,BEL,BEL,20210208
0.171513,0.022799,0.196721,0.02162,305.0,Bolivia,BOL,BOL,20210208
0.052508,0.004241,0.052076,0.004257,2746.0,Brazil,BRA,BRA,20210208
0.032727,0.011314,0.038194,0.010502,288.0,Bulgaria,BGR,BGR,20210208
0.055845,0.007607,0.047375,0.008222,781.0,Canada,CAN,CAN,20210208
0.081384,0.011722,0.066372,0.012875,452.0,Chile,CHL,CHL,20210208
0.131504,0.010568,0.131707,0.010561,1025.0,Colombia,COL,COL,20210208
0.162228,0.036121,0.161905,0.03615,105.0,Costa Rica,CRI,CRI,20210208
0.03075,0.016486,0.041096,0.014337,146.0,Croatia,HRV,HRV,20210208
0.0364,0.009391,0.040632,0.008908,443.0,Czech Republic,CZE,CZE,20210208
0.016466,0.006882,0.009756,0.00891,205.0,Denmark,DNK,DNK,20210208
0.114915,0.025131,0.10596,0.02604,151.0,Dominican Republic,DOM,DOM,20210208
0.229194,0.020456,0.230588,0.020412,425.0,Ecuador,ECU,ECU,20210208
0.204288,0.018166,0.205645,0.018122,496.0,Egypt,EGY,EGY,20210208
0.119066,0.026163,0.149733,0.023747,187.0,El Salvador,SLV,SLV,20210208
0.022956,0.003344,0.025114,0.003201,2190.0,France,FRA,FRA,20210208
0.027254,0.003866,0.025061,0.004027,1636.0,Germany,DEU,DEU,20210208
0.153026,0.028631,0.168605,0.027531,172.0,Ghana,GHA,GHA,20210208
0.042517,0.010507,0.04557,0.010165,395.0,Greece,GRC,GRC,20210208
0.227212,0.033195,0.18705,0.03567,139.0,Guatemala,GTM,GTM,20210208
0.2861,0.034411,0.246835,0.036068,158.0,Honduras,HND,HND,20210208
0.033143,0.006727,0.027257,0.007395,587.0,Hungary,HUN,HUN,20210208
0.060356,0.007116,0.070379,0.006625,1293.0,India,IND,IND,20210208
0.210246,0.014123,0.210084,0.014127,833.0,Indonesia,IDN,IDN,20210208
0.130852,0.021094,0.12749,0.021329,251.0,Iraq,IRQ,IRQ,20210208
0.052277,0.01574,0.035714,0.018879,140.0,Ireland,IRL,IRL,20210208
0.008863,0.009259,0.009259,0.009061,108.0,Israel,ISR,ISR,20210208
0.01585,0.003521,0.017024,0.003399,1351.0,Italy,ITA,ITA,20210208
0.109936,0.004481,0.106176,0.00455,4728.0,Japan,JPN,JPN,20210208
0.060154,0.021095,0.065217,0.020314,138.0,Jordan,JOR,JOR,20210208
0.039747,0.019775,0.045045,0.018627,111.0,Kazakhstan,KAZ,KAZ,20210208
0.237745,0.034168,0.20979,0.035724,143.0,Kenya,KEN,KEN,20210208
0.23382,0.022431,0.24933,0.021945,373.0,Malaysia,MYS,MYS,20210208
0.15601,0.007119,0.153125,0.007173,2560.0,Mexico,MEX,MEX,20210208
0.020773,0.012683,0.018018,0.013599,111.0,Morocco,MAR,MAR,20210208
0.121805,0.026879,0.09322,0.030237,118.0,Nepal,NPL,NPL,20210208
0.038322,0.007075,0.024793,0.008735,484.0,Netherlands,NLD,NLD,20210208
0.065899,0.015287,0.060976,0.015851,246.0,New Zealand,NZL,NZL,20210208
0.125667,0.022087,0.142857,0.020922,252.0,Nigeria,NGA,NGA,20210208
0.010919,0.006321,0.010989,0.006301,273.0,Norway,NOR,NOR,20210208
0.123017,0.022388,0.128889,0.021946,225.0,Pakistan,PAK,PAK,20210208
0.200967,0.035122,0.190476,0.035842,126.0,Paraguay,PRY,PRY,20210208
0.168567,0.015061,0.172742,0.014915,631.0,Peru,PER,PER,20210208
0.256553,0.015851,0.276942,0.01547,798.0,Philippines,PHL,PHL,20210208
0.038156,0.009798,0.054206,0.00829,535.0,Poland,POL,POL,20210208
0.031397,0.00701,0.02931,0.007247,580.0,Portugal,PRT,PRT,20210208
0.075959,0.015103,0.034247,0.022001,146.0,"Puerto Rico, U.S.",PRI,PRI,20210208
0.033253,0.009983,0.03662,0.00953,355.0,Romania,ROU,ROU,20210208
0.026255,0.004807,0.017473,0.005866,744.0,Russia,RUS,RUS,20210208
0.127852,0.021818,0.088235,0.025687,170.0,Saudi Arabia,SAU,SAU,20210208
0.00602,0.005236,0.005236,0.005612,191.0,Serbia,SRB,SRB,20210208
0.035507,0.014344,0.043902,0.012957,205.0,Slovakia,SVK,SVK,20210208
0.032513,0.01793,0.036364,0.016988,110.0,Slovenia,SVN,SVN,20210208
0.119018,0.015248,0.123932,0.014984,468.0,South Africa,ZAF,ZAF,20210208
0.077906,0.016843,0.088028,0.015932,284.0,South Korea,KOR,KOR,20210208
0.03254,0.005479,0.028877,0.005806,935.0,Spain,ESP,ESP,20210208
0.015872,0.004522,0.012862,0.005015,622.0,Sweden,SWE,SWE,20210208
0.040305,0.010637,0.0375,0.011012,320.0,Switzerland,CHE,CHE,20210208
0.118549,0.0104,0.13506,0.009836,1081.0,Taiwan,TWN,TWN,20210208
0.268791,0.017264,0.300283,0.016697,706.0,Thailand,THA,THA,20210208
0.062525,0.016351,0.063063,0.016286,222.0,Tunisia,TUN,TUN,20210208
0.064787,0.009032,0.06108,0.009284,704.0,Turkey,TUR,TUR,20210208
0.150719,0.011998,0.156692,0.011808,919.0,Ukraine,UKR,UKR,20210208
0.023012,0.004707,0.012522,0.006348,559.0,United Kingdom,GBR,GBR,20210208
0.029956,0.01071,0.032609,0.010279,276.0,Uruguay,URY,URY,20210208
0.277459,0.022895,0.247191,0.023764,356.0,Venezuela,VEN,VEN,20210208
0.292943,0.011476,0.300125,0.011396,1596.0,Vietnam,VNM,VNM,20210208
0.036706,0.013695,0.046414,0.01224,237.0,Algeria,DZA,DZA,20210209
0.083041,0.008199,0.084348,0.008141,1150.0,Argentina,ARG,ARG,20210209
0.050462,0.009781,0.06136,0.008922,603.0,Australia,AUS,AUS,20210209
0.02323,0.007983,0.016064,0.009565,249.0,Austria,AUT,AUT,20210209
0.130697,0.024901,0.121387,0.025701,173.0,Bangladesh,BGD,BGD,20210209
0.043712,0.018318,0.041667,0.018742,120.0,Belarus,BLR,BLR,20210209
0.024608,0.010081,0.028881,0.009325,277.0,Belgium,BEL,BEL,20210209
0.169485,0.020965,0.154362,0.02177,298.0,Bolivia,BOL,BOL,20210209
0.052737,0.004524,0.057445,0.004346,2646.0,Brazil,BRA,BRA,20210209
0.036132,0.013326,0.040724,0.012582,221.0,Bulgaria,BGR,BGR,20210209
0.036218,0.006273,0.0325,0.00661,800.0,Canada,CAN,CAN,20210209
0.069137,0.012065,0.064748,0.012438,417.0,Chile,CHL,CHL,20210209
0.147835,0.010608,0.134875,0.011022,1038.0,Colombia,COL,COL,20210209
0.122036,0.03272,0.154472,0.029635,123.0,Costa Rica,CRI,CRI,20210209
0.018887,0.013465,0.027211,0.011266,147.0,Croatia,HRV,HRV,20210209
0.042509,0.009408,0.039535,0.00974,430.0,Czech Republic,CZE,CZE,20210209
0.019903,0.011203,0.022599,0.010528,177.0,Denmark,DNK,DNK,20210209
0.089778,0.023533,0.092105,0.023263,152.0,Dominican Republic,DOM,DOM,20210209
0.211242,0.018825,0.226263,0.018365,495.0,Ecuador,ECU,ECU,20210209
0.236123,0.019029,0.227926,0.019265,487.0,Egypt,EGY,EGY,20210209
0.122676,0.02423,0.120879,0.024385,182.0,El Salvador,SLV,SLV,20210209
0.025134,0.003261,0.023091,0.003399,2122.0,France,FRA,FRA,20210209
0.033035,0.003984,0.025835,0.004488,1587.0,Germany,DEU,DEU,20210209
0.13135,0.030076,0.144928,0.028859,138.0,Ghana,GHA,GHA,20210209
0.019539,0.008265,0.026455,0.007129,378.0,Greece,GRC,GRC,20210209
0.255614,0.032009,0.25,0.032245,184.0,Guatemala,GTM,GTM,20210209
0.373199,0.035987,0.296296,0.038117,162.0,Honduras,HND,HND,20210209
0.076993,0.026837,0.088496,0.02519,113.0,Hong Kong,HKG,HKG,20210209
0.029443,0.007186,0.029144,0.007221,549.0,Hungary,HUN,HUN,20210209
0.090558,0.007443,0.083333,0.007728,1380.0,India,IND,IND,20210209
0.240652,0.014862,0.231722,0.015057,807.0,Indonesia,IDN,IDN,20210209
0.151425,0.022868,0.161538,0.022274,260.0,Iraq,IRQ,IRQ,20210209
0.016133,0.011702,0.020408,0.010427,147.0,Ireland,IRL,IRL,20210209
0.006955,0.008696,0.008696,0.007784,115.0,Israel,ISR,ISR,20210209
0.021244,0.004223,0.022998,0.004062,1261.0,Italy,ITA,ITA,20210209
0.105801,0.004378,0.094727,0.004598,4476.0,Japan,JPN,JPN,20210209
0.046093,0.017224,0.052941,0.01613,170.0,Jordan,JOR,JOR,20210209
0.080741,0.020314,0.046296,0.026337,108.0,Kazakhstan,KAZ,KAZ,20210209
0.188052,0.030741,0.175325,0.031591,154.0,Kenya,KEN,KEN,20210209
0.204476,0.020887,0.205333,0.020855,375.0,Malaysia,MYS,MYS,20210209
0.172758,0.007186,0.161781,0.007377,2627.0,Mexico,MEX,MEX,20210209
0.133008,0.032061,0.132743,0.032088,113.0,Nepal,NPL,NPL,20210209
0.022766,0.005177,0.01378,0.006624,508.0,Netherlands,NLD,NLD,20210209
0.045932,0.013093,0.04,0.013987,225.0,New Zealand,NZL,NZL,20210209
0.287661,0.043705,0.269231,0.044603,104.0,Nicaragua,NIC,NIC,20210209
0.096881,0.020648,0.148148,0.017193,297.0,Nigeria,NGA,NGA,20210209
0.021293,0.007763,0.017483,0.008551,286.0,Norway,NOR,NOR,20210209
0.071429,0.020995,0.103774,0.01773,212.0,Pakistan,PAK,PAK,20210209
0.063954,0.023828,0.069565,0.022915,115.0,Paraguay,PRY,PRY,20210209
0.0966,0.012347,0.109375,0.011686,640.0,Peru,PER,PER,20210209
0.263819,0.016333,0.297194,0.015749,784.0,Philippines,PHL,PHL,20210209
0.035657,0.008068,0.035782,0.008055,531.0,Poland,POL,POL,20210209
0.036565,0.007872,0.037607,0.007767,585.0,Portugal,PRT,PRT,20210209
0.046546,0.018425,0.037383,0.020462,107.0,"Puerto Rico, U.S.",PRI,PRI,20210209
0.036107,0.008778,0.034562,0.008965,434.0,Romania,ROU,ROU,20210209
0.021199,0.004757,0.017949,0.005161,780.0,Russia,RUS,RUS,20210209
0.089299,0.024073,0.086957,0.024364,138.0,Saudi Arabia,SAU,SAU,20210209
0.010137,0.008327,0.014493,0.006979,207.0,Serbia,SRB,SRB,20210209
0.009474,0.00849,0.014778,0.006816,203.0,Slovakia,SVK,SVK,20210209
0.006667,0.009434,0.009434,0.007942,106.0,Slovenia,SVN,SVN,20210209
0.122412,0.016263,0.134091,0.015643,440.0,South Africa,ZAF,ZAF,20210209
0.070286,0.0161,0.076642,0.015471,274.0,South Korea,KOR,KOR,20210209
0.029875,0.005721,0.030168,0.005694,895.0,Spain,ESP,ESP,20210209
0.018106,0.003806,0.00936,0.00527,641.0,Sweden,SWE,SWE,20210209
0.037117,0.010132,0.030822,0.011082,292.0,Switzerland,CHE,CHE,20210209
0.11804,0.010349,0.140708,0.009603,1130.0,Taiwan,TWN,TWN,20210209
0.307097,0.016819,0.307692,0.01681,754.0,Thailand,THA,THA,20210209
0.091787,0.019403,0.088372,0.019737,215.0,Tunisia,TUN,TUN,20210209
0.058991,0.00881,0.051118,0.009424,626.0,Turkey,TUR,TUR,20210209
0.14595,0.011951,0.144994,0.011984,869.0,Ukraine,UKR,UKR,20210209
0.016112,0.005535,0.016729,0.005433,538.0,United Kingdom,GBR,GBR,20210209
0.064775,0.015274,0.062992,0.015474,254.0,Uruguay,URY,URY,20210209
0.2441,0.023064,0.244253,0.02306,348.0,Venezuela,VEN,VEN,20210209
0.269743,0.01192,0.272727,0.011879,1397.0,Vietnam,VNM,VNM,20210209
0.043783,0.014202,0.045872,0.01389,218.0,Algeria,DZA,DZA,20210210
0.086418,0.008169,0.078899,0.008515,1090.0,Argentina,ARG,ARG,20210210
0.071891,0.011083,0.072727,0.011024,550.0,Australia,AUS,AUS,20210210
0.022072,0.008837,0.01992,0.009292,251.0,Austria,AUT,AUT,20210210
0.144799,0.02445,0.136364,0.025072,198.0,Bangladesh,BGD,BGD,20210210
0.043304,0.016556,0.037594,0.017716,133.0,Belarus,BLR,BLR,20210210
0.027676,0.010486,0.031915,0.009786,282.0,Belgium,BEL,BEL,20210210
0.204802,0.022129,0.19375,0.022595,320.0,Bolivia,BOL,BOL,20210210
0.056932,0.004321,0.047892,0.004689,2443.0,Brazil,BRA,BRA,20210210
0.043524,0.011189,0.035971,0.012259,278.0,Bulgaria,BGR,BGR,20210210
0.041593,0.007245,0.044444,0.00702,810.0,Canada,CAN,CAN,20210210
0.07844,0.013517,0.079602,0.013426,402.0,Chile,CHL,CHL,20210210
0.117072,0.01069,0.126804,0.010328,970.0,Colombia,COL,COL,20210210
0.187574,0.033781,0.150442,0.036887,113.0,Costa Rica,CRI,CRI,20210210
0.082059,0.016525,0.044586,0.021974,157.0,Croatia,HRV,HRV,20210210
0.049455,0.00956,0.044776,0.010022,469.0,Czech Republic,CZE,CZE,20210210
0.017357,0.008617,0.015,0.009258,200.0,Denmark,DNK,DNK,20210210
0.118243,0.024375,0.118644,0.024339,177.0,Dominican Republic,DOM,DOM,20210210
0.18902,0.019413,0.19715,0.019104,421.0,Ecuador,ECU,ECU,20210210
0.202135,0.017639,0.19883,0.017748,513.0,Egypt,EGY,EGY,20210210
0.213887,0.029074,0.196809,0.029986,188.0,El Salvador,SLV,SLV,20210210
0.024918,0.003483,0.026166,0.003401,2102.0,France,FRA,FRA,20210210
0.022171,0.003659,0.022195,0.003657,1622.0,Germany,DEU,DEU,20210210
0.138789,0.030381,0.180124,0.027332,161.0,Ghana,GHA,GHA,20210210
0.040823,0.008913,0.029973,0.010343,367.0,Greece,GRC,GRC,20210210
0.165925,0.030874,0.193939,0.029049,165.0,Guatemala,GTM,GTM,20210210
0.297536,0.035387,0.243243,0.037707,148.0,Honduras,HND,HND,20210210
0.059305,0.024657,0.072072,0.02252,111.0,Hong Kong,HKG,HKG,20210210
0.042528,0.00782,0.037351,0.008322,589.0,Hungary,HUN,HUN,20210210
0.074534,0.00752,0.083086,0.007156,1348.0,India,IND,IND,20210210
0.234822,0.014397,0.221154,0.014704,832.0,Indonesia,IDN,IDN,20210210
0.146319,0.024011,0.156522,0.023355,230.0,Iraq,IRQ,IRQ,20210210
0.007108,0.008929,0.008929,0.007974,112.0,Ireland,IRL,IRL,20210210
0.050596,0.013154,0.018692,0.021288,107.0,Israel,ISR,ISR,20210210
0.02273,0.003769,0.018634,0.004154,1288.0,Italy,ITA,ITA,20210210
0.100792,0.004234,0.097097,0.004305,4892.0,Japan,JPN,JPN,20210210
0.043531,0.021143,0.075949,0.016285,158.0,Jordan,JOR,JOR,20210210
0.03831,0.018425,0.037383,0.018643,107.0,Kazakhstan,KAZ,KAZ,20210210
0.267863,0.029019,0.174419,0.033865,172.0,Kenya,KEN,KEN,20210210
0.181008,0.035561,0.148515,0.038502,101.0,Lebanon,LBN,LBN,20210210
0.232973,0.022249,0.245333,0.021859,375.0,Malaysia,MYS,MYS,20210210
0.150292,0.006963,0.151732,0.006935,2656.0,Mexico,MEX,MEX,20210210
0.043263,0.02181,0.063492,0.018197,126.0,Nepal,NPL,NPL,20210210
0.022097,0.006147,0.018595,0.006689,484.0,Netherlands,NLD,NLD,20210210
0.050287,0.013534,0.043668,0.014473,229.0,New Zealand,NZL,NZL,20210210
0.141355,0.020684,0.135036,0.021085,274.0,Nigeria,NGA,NGA,20210210
0.026253,0.005932,0.010309,0.009389,291.0,Norway,NOR,NOR,20210210
0.090475,0.025891,0.156566,0.020438,198.0,Pakistan,PAK,PAK,20210210
0.120587,0.030409,0.138462,0.028672,130.0,Paraguay,PRY,PRY,20210210
0.134054,0.014091,0.139073,0.013875,604.0,Peru,PER,PER,20210210
0.239973,0.015724,0.268844,0.015146,796.0,Philippines,PHL,PHL,20210210
0.044394,0.009351,0.046875,0.009112,512.0,Poland,POL,POL,20210210
0.025714,0.006997,0.028369,0.006671,564.0,Portugal,PRT,PRT,20210210
0.096165,0.020143,0.05042,0.02714,119.0,"Puerto Rico, U.S.",PRI,PRI,20210210
0.014825,0.00715,0.019074,0.006317,367.0,Romania,ROU,ROU,20210210
0.037288,0.005587,0.024643,0.006828,771.0,Russia,RUS,RUS,20210210
0.06156,0.015463,0.041667,0.018599,168.0,Saudi Arabia,SAU,SAU,20210210
0.030408,0.014112,0.035088,0.013169,171.0,Serbia,SRB,SRB,20210210
0.049965,0.016196,0.046784,0.01671,171.0,Slovakia,SVK,SVK,20210210
0.124139,0.0152,0.106538,0.016245,413.0,South Africa,ZAF,ZAF,20210210
0.038738,0.014661,0.069536,0.011123,302.0,South Korea,KOR,KOR,20210210
0.03646,0.006163,0.03491,0.006293,888.0,Spain,ESP,ESP,20210210
0.016977,0.004686,0.013333,0.005278,600.0,Sweden,SWE,SWE,20210210
0.022725,0.007548,0.018634,0.008318,322.0,Switzerland,CHE,CHE,20210210
0.118665,0.01015,0.134921,0.009608,1134.0,Taiwan,TWN,TWN,20210210
0.242689,0.016889,0.265693,0.016392,685.0,Thailand,THA,THA,20210210
0.018965,0.013223,0.035533,0.009743,197.0,Tunisia,TUN,TUN,20210210
0.061151,0.010167,0.072308,0.009405,650.0,Turkey,TUR,TUR,20210210
0.132594,0.011021,0.130481,0.011097,935.0,Ukraine,UKR,UKR,20210210
0.036691,0.007822,0.030738,0.008519,488.0,United Kingdom,GBR,GBR,20210210
0.040351,0.013204,0.044715,0.012572,246.0,Uruguay,URY,URY,20210210
0.246973,0.022431,0.24933,0.022359,373.0,Venezuela,VEN,VEN,20210210
0.308936,0.013057,0.323209,0.0129,1284.0,Vietnam,VNM,VNM,20210210
0.03714,0.011916,0.029557,0.013305,203.0,Algeria,DZA,DZA,20210211
0.091283,0.00841,0.07677,0.009099,1003.0,Argentina,ARG,ARG,20210211
0.049373,0.009631,0.051331,0.009455,526.0,Australia,AUS,AUS,20210211
0.013773,0.006819,0.011858,0.007342,253.0,Austria,AUT,AUT,20210211
0.109738,0.028574,0.161677,0.02426,167.0,Bangladesh,BGD,BGD,20210211
0.045296,0.017879,0.04065,0.018827,123.0,Belarus,BLR,BLR,20210211
0.033336,0.010865,0.033088,0.010905,272.0,Belgium,BEL,BEL,20210211
0.134428,0.020709,0.137184,0.020533,277.0,Bolivia,BOL,BOL,20210211
0.048444,0.004327,0.048374,0.00433,2460.0,Brazil,BRA,BRA,20210211
0.025513,0.01098,0.031496,0.009913,254.0,Bulgaria,BGR,BGR,20210211
0.048529,0.006676,0.035294,0.007774,765.0,Canada,CAN,CAN,20210211
0.074032,0.011763,0.046584,0.014614,322.0,Chile,CHL,CHL,20210211
0.117908,0.011051,0.125556,0.010756,900.0,Colombia,COL,COL,20210211
0.127954,0.028169,0.102564,0.031015,117.0,Costa Rica,CRI,CRI,20210211
0.038487,0.015644,0.038961,0.015552,154.0,Croatia,HRV,HRV,20210211
0.04584,0.009002,0.041068,0.009487,487.0,Czech Republic,CZE,CZE,20210211
0.034286,0.01215,0.027473,0.013525,182.0,Denmark,DNK,DNK,20210211
0.097377,0.025036,0.122093,0.022672,172.0,Dominican Republic,DOM,DOM,20210211
0.182842,0.02095,0.225564,0.019375,399.0,Ecuador,ECU,ECU,20210211
0.150986,0.017625,0.175589,0.016586,467.0,Egypt,EGY,EGY,20210211
0.237052,0.031464,0.232044,0.031698,181.0,El Salvador,SLV,SLV,20210211
0.02275,0.003286,0.021783,0.003357,1974.0,France,FRA,FRA,20210211
0.025232,0.003949,0.02431,0.004021,1522.0,Germany,DEU,DEU,20210211
0.175978,0.032917,0.172932,0.033145,133.0,Ghana,GHA,GHA,20210211
0.048643,0.011225,0.04127,0.01214,315.0,Greece,GRC,GRC,20210211
0.207066,0.034894,0.2625,0.032135,160.0,Guatemala,GTM,GTM,20210211
0.300974,0.037622,0.266187,0.039046,139.0,Honduras,HND,HND,20210211
0.024026,0.006626,0.024164,0.006608,538.0,Hungary,HUN,HUN,20210211
0.103143,0.007441,0.084818,0.008123,1403.0,India,IND,IND,20210211
0.216935,0.014897,0.223499,0.014739,783.0,Indonesia,IDN,IDN,20210211
0.103401,0.019078,0.108614,0.018669,267.0,Iraq,IRQ,IRQ,20210211
0.035743,0.018425,0.037383,0.018032,107.0,Ireland,IRL,IRL,20210211
0.023248,0.004181,0.02069,0.004426,1160.0,Italy,ITA,ITA,20210211
0.088736,0.004097,0.084096,0.004198,4590.0,Japan,JPN,JPN,20210211
0.068319,0.019552,0.056738,0.021323,141.0,Jordan,JOR,JOR,20210211
0.083016,0.022551,0.056604,0.026926,106.0,Kazakhstan,KAZ,KAZ,20210211
0.188299,0.033465,0.192857,0.03316,140.0,Kenya,KEN,KEN,20210211
0.175614,0.020745,0.188202,0.020194,356.0,Malaysia,MYS,MYS,20210211
0.137644,0.007025,0.143602,0.006902,2493.0,Mexico,MEX,MEX,20210211
0.024482,0.021484,0.04902,0.015377,102.0,Morocco,MAR,MAR,20210211
0.026578,0.008082,0.028369,0.00783,423.0,Netherlands,NLD,NLD,20210211
0.067202,0.017084,0.060914,0.017884,197.0,New Zealand,NZL,NZL,20210211
0.156643,0.022419,0.153846,0.022585,260.0,Nigeria,NGA,NGA,20210211
0.0118,0.007098,0.012346,0.006941,243.0,Norway,NOR,NOR,20210211
0.111193,0.022908,0.12963,0.02144,216.0,Pakistan,PAK,PAK,20210211
0.214424,0.031763,0.145161,0.037006,124.0,Paraguay,PRY,PRY,20210211
0.140258,0.014882,0.154237,0.014308,590.0,Peru,PER,PER,20210211
0.219852,0.015513,0.253807,0.014763,788.0,Philippines,PHL,PHL,20210211
0.044279,0.009477,0.047525,0.009163,505.0,Poland,POL,POL,20210211
0.028683,0.00671,0.025408,0.007117,551.0,Portugal,PRT,PRT,20210211
0.032157,0.009362,0.035623,0.00891,393.0,Romania,ROU,ROU,20210211
0.036023,0.006481,0.030856,0.006984,713.0,Russia,RUS,RUS,20210211
0.079182,0.02016,0.072289,0.021021,166.0,Saudi Arabia,SAU,SAU,20210211
0.010612,0.008246,0.011696,0.007859,171.0,Serbia,SRB,SRB,20210211
0.014444,0.010957,0.022099,0.008893,181.0,Slovakia,SVK,SVK,20210211
0.138988,0.018066,0.143236,0.01784,377.0,South Africa,ZAF,ZAF,20210211
0.062936,0.016041,0.087097,0.013815,310.0,South Korea,KOR,KOR,20210211
0.04145,0.0069,0.040441,0.006982,816.0,Spain,ESP,ESP,20210211
0.044478,0.006291,0.022928,0.008665,567.0,Sweden,SWE,SWE,20210211
0.01638,0.009585,0.023715,0.007996,253.0,Switzerland,CHE,CHE,20210211
0.114,0.010454,0.119959,0.010225,967.0,Taiwan,TWN,TWN,20210211
0.278564,0.017547,0.291667,0.017306,672.0,Thailand,THA,THA,20210211
0.030995,0.017308,0.05618,0.013026,178.0,Tunisia,TUN,TUN,20210211
0.078636,0.010849,0.07563,0.011044,595.0,Turkey,TUR,TUR,20210211
0.148198,0.011115,0.131094,0.011701,923.0,Ukraine,UKR,UKR,20210211
0.030307,0.00791,0.032129,0.00769,498.0,United Kingdom,GBR,GBR,20210211
0.021676,0.010771,0.030888,0.009066,259.0,Uruguay,URY,URY,20210211
0.203934,0.023929,0.22549,0.023071,306.0,Venezuela,VEN,VEN,20210211
0.213094,0.013495,0.270295,0.012443,1084.0,Vietnam,VNM,VNM,20210211
0.019413,0.009742,0.03125,0.007725,320.0,Algeria,DZA,DZA,20210212
0.096031,0.007312,0.083275,0.007797,1429.0,Argentina,ARG,ARG,20210212
0.048666,0.006876,0.047767,0.006937,963.0,Australia,AUS,AUS,20210212
0.011353,0.005035,0.008746,0.005729,343.0,Austria,AUT,AUT,20210212
0.122921,0.020896,0.136531,0.019983,271.0,Bangladesh,BGD,BGD,20210212
0.027454,0.015205,0.034483,0.013617,145.0,Belarus,BLR,BLR,20210212
0.04723,0.00974,0.035714,0.011134,364.0,Belgium,BEL,BEL,20210212
0.161104,0.018236,0.1575,0.018404,400.0,Bolivia,BOL,BOL,20210212
0.052986,0.003827,0.05229,0.003851,3385.0,Brazil,BRA,BRA,20210212
0.035981,0.009511,0.0375,0.009324,400.0,Bulgaria,BGR,BGR,20210212
0.034124,0.005225,0.034025,0.005232,1205.0,Canada,CAN,CAN,20210212
0.056043,0.009465,0.051376,0.009861,545.0,Chile,CHL,CHL,20210212
0.134139,0.009404,0.129412,0.009548,1275.0,Colombia,COL,COL,20210212
0.196081,0.02883,0.185792,0.02943,183.0,Costa Rica,CRI,CRI,20210212
0.013632,0.008868,0.017857,0.007765,224.0,Croatia,HRV,HRV,20210212
0.041462,0.007533,0.039157,0.007742,664.0,Czech Republic,CZE,CZE,20210212
0.01833,0.0069,0.012,0.008501,250.0,Denmark,DNK,DNK,20210212
0.124239,0.023411,0.132701,0.022762,211.0,Dominican Republic,DOM,DOM,20210212
0.21204,0.01642,0.21978,0.016208,637.0,Ecuador,ECU,ECU,20210212
0.204411,0.014679,0.191667,0.015039,720.0,Egypt,EGY,EGY,20210212
0.212231,0.024489,0.192308,0.025407,260.0,El Salvador,SLV,SLV,20210212
0.067109,0.025398,0.069307,0.025021,101.0,Finland,FIN,FIN,20210212
0.023794,0.00268,0.021502,0.002816,2930.0,France,FRA,FRA,20210212
0.02077,0.003174,0.022696,0.003039,2203.0,Germany,DEU,DEU,20210212
0.129346,0.029498,0.156863,0.027219,153.0,Ghana,GHA,GHA,20210212
0.03298,0.007794,0.034545,0.007622,550.0,Greece,GRC,GRC,20210212
0.221421,0.027155,0.21645,0.027378,231.0,Guatemala,GTM,GTM,20210212
0.336795,0.034678,0.301136,0.035726,176.0,Honduras,HND,HND,20210212
0.089209,0.023107,0.09697,0.022258,165.0,Hong Kong,HKG,HKG,20210212
0.024662,0.005927,0.027523,0.005618,763.0,Hungary,HUN,HUN,20210212
0.071375,0.006595,0.081395,0.006209,1720.0,India,IND,IND,20210212
0.216204,0.011864,0.233909,0.011538,1274.0,Indonesia,IDN,IDN,20210212
0.163324,0.016541,0.136574,0.017806,432.0,Iraq,IRQ,IRQ,20210212
0.027858,0.011583,0.026178,0.011939,191.0,Ireland,IRL,IRL,20210212
0.0,0.0,0.0,0.0,123.0,Israel,ISR,ISR,20210212
0.018114,0.003479,0.021387,0.003207,1730.0,Italy,ITA,ITA,20210212
0.091785,0.003585,0.08531,0.003706,6072.0,Japan,JPN,JPN,20210212
0.102315,0.020209,0.092233,0.021167,206.0,Jordan,JOR,JOR,20210212
0.043757,0.021661,0.058824,0.018831,119.0,Kazakhstan,KAZ,KAZ,20210212
0.177493,0.027283,0.183168,0.02695,202.0,Kenya,KEN,KEN,20210212
0.132456,0.028464,0.125,0.029175,136.0,Lebanon,LBN,LBN,20210212
0.09086,0.023814,0.078125,0.025503,128.0,Libya,LBY,LBY,20210212
0.230467,0.018075,0.225746,0.018207,536.0,Malaysia,MYS,MYS,20210212
0.148195,0.005885,0.146186,0.005918,3605.0,Mexico,MEX,MEX,20210212
0.043227,0.016336,0.028571,0.019942,105.0,Morocco,MAR,MAR,20210212
0.066497,0.020911,0.081395,0.019053,172.0,Nepal,NPL,NPL,20210212
0.025414,0.005768,0.020168,0.006457,595.0,Netherlands,NLD,NLD,20210212
0.057561,0.012951,0.054839,0.01325,310.0,New Zealand,NZL,NZL,20210212
0.266384,0.037622,0.266187,0.037631,139.0,Nicaragua,NIC,NIC,20210212
0.15282,0.01792,0.123894,0.019571,339.0,Nigeria,NGA,NGA,20210212
0.038615,0.008521,0.025862,0.010343,348.0,Norway,NOR,NOR,20210212
0.095538,0.020341,0.132616,0.01763,279.0,Pakistan,PAK,PAK,20210212
0.110511,0.020768,0.083799,0.0235,179.0,Paraguay,PRY,PRY,20210212
0.115426,0.011396,0.121507,0.011145,823.0,Peru,PER,PER,20210212
0.239168,0.01258,0.28147,0.011932,1279.0,Philippines,PHL,PHL,20210212
0.032244,0.007197,0.041558,0.00637,770.0,Poland,POL,POL,20210212
0.027381,0.005989,0.027137,0.006015,737.0,Portugal,PRT,PRT,20210212
0.086112,0.017607,0.050955,0.02246,157.0,"Puerto Rico, U.S.",PRI,PRI,20210212
0.055739,0.008893,0.049069,0.009445,591.0,Romania,ROU,ROU,20210212
0.027156,0.005011,0.02148,0.005618,838.0,Russia,RUS,RUS,20210212
0.065059,0.015764,0.056075,0.016899,214.0,Saudi Arabia,SAU,SAU,20210212
0.021201,0.007929,0.017857,0.008624,280.0,Serbia,SRB,SRB,20210212
0.012407,0.006846,0.011905,0.006987,252.0,Slovakia,SVK,SVK,20210212
0.029542,0.013425,0.023438,0.015025,128.0,Slovenia,SVN,SVN,20210212
0.108928,0.013727,0.112782,0.01352,532.0,South Africa,ZAF,ZAF,20210212
0.106232,0.014815,0.097257,0.015407,401.0,South Korea,KOR,KOR,20210212
0.028877,0.005129,0.03081,0.004971,1136.0,Spain,ESP,ESP,20210212
0.018839,0.004263,0.01487,0.004789,807.0,Sweden,SWE,SWE,20210212
0.02361,0.008823,0.031008,0.007728,387.0,Switzerland,CHE,CHE,20210212
0.121924,0.008621,0.141018,0.008104,1631.0,Taiwan,TWN,TWN,20210212
0.26027,0.013438,0.28228,0.013099,1123.0,Thailand,THA,THA,20210212
0.073664,0.014992,0.059761,0.016521,251.0,Tunisia,TUN,TUN,20210212
0.071666,0.009004,0.067183,0.009277,774.0,Turkey,TUR,TUR,20210212
0.113825,0.009396,0.114683,0.009365,1151.0,Ukraine,UKR,UKR,20210212
0.186311,0.020689,0.04717,0.037997,106.0,United Arab Emirates,ARE,ARE,20210212
0.037963,0.006078,0.026836,0.007187,708.0,United Kingdom,GBR,GBR,20210212
0.058106,0.012265,0.054913,0.012595,346.0,Uruguay,URY,URY,20210212
0.297052,0.021287,0.276018,0.02176,442.0,Venezuela,VEN,VEN,20210212
0.252838,0.010854,0.289233,0.010405,1746.0,Vietnam,VNM,VNM,20210212
0.117655,0.013209,0.054237,0.018791,295.0,Algeria,DZA,DZA,20210213
0.079912,0.006956,0.068731,0.007455,1324.0,Argentina,ARG,ARG,20210213
0.053721,0.008406,0.058065,0.008104,775.0,Australia,AUS,AUS,20210213
0.015483,0.006674,0.015015,0.006776,333.0,Austria,AUT,AUT,20210213
0.134327,0.023587,0.123077,0.024483,195.0,Bangladesh,BGD,BGD,20210213
0.025108,0.01078,0.021739,0.011565,184.0,Belarus,BLR,BLR,20210213
0.047182,0.011199,0.048649,0.011038,370.0,Belgium,BEL,BEL,20210213
0.15502,0.022054,0.172881,0.021108,295.0,Bolivia,BOL,BOL,20210213
0.047958,0.003603,0.043587,0.003771,3212.0,Brazil,BRA,BRA,20210213
0.029916,0.008868,0.028409,0.009093,352.0,Bulgaria,BGR,BGR,20210213
0.036724,0.006008,0.037223,0.005969,994.0,Canada,CAN,CAN,20210213
0.044372,0.009288,0.041304,0.009612,460.0,Chile,CHL,CHL,20210213
0.121346,0.010209,0.131387,0.009868,1096.0,Colombia,COL,COL,20210213
0.129849,0.02878,0.141892,0.027724,148.0,Costa Rica,CRI,CRI,20210213
0.019667,0.010533,0.026087,0.009176,230.0,Croatia,HRV,HRV,20210213
0.023591,0.006602,0.029186,0.005953,651.0,Czech Republic,CZE,CZE,20210213
0.007766,0.004016,0.004016,0.005574,249.0,Denmark,DNK,DNK,20210213
0.134233,0.024621,0.142857,0.023986,203.0,Dominican Republic,DOM,DOM,20210213
0.182475,0.017802,0.196393,0.017308,499.0,Ecuador,ECU,ECU,20210213
0.282864,0.015367,0.208571,0.017035,700.0,Egypt,EGY,EGY,20210213
0.175931,0.027129,0.1875,0.026465,208.0,El Salvador,SLV,SLV,20210213
0.050326,0.018092,0.036697,0.021036,109.0,Finland,FIN,FIN,20210213
0.018992,0.002529,0.017857,0.002606,2744.0,France,FRA,FRA,20210213
0.018067,0.002824,0.017792,0.002846,2192.0,Germany,DEU,DEU,20210213
0.160784,0.028574,0.161677,0.02851,167.0,Ghana,GHA,GHA,20210213
0.018862,0.005837,0.016632,0.006209,481.0,Greece,GRC,GRC,20210213
0.294336,0.032675,0.266304,0.03369,184.0,Guatemala,GTM,GTM,20210213
0.285382,0.032577,0.284974,0.032591,193.0,Honduras,HND,HND,20210213
0.065443,0.023814,0.078125,0.021945,128.0,Hong Kong,HKG,HKG,20210213
0.032313,0.006232,0.031646,0.006295,790.0,Hungary,HUN,HUN,20210213
0.086655,0.006567,0.079812,0.006817,1704.0,India,IND,IND,20210213
0.20458,0.012795,0.216763,0.012527,1038.0,Indonesia,IDN,IDN,20210213
0.093647,0.015097,0.109557,0.014082,429.0,Iraq,IRQ,IRQ,20210213
0.023371,0.013717,0.034091,0.01142,176.0,Ireland,IRL,IRL,20210213
0.018283,0.006211,0.006211,0.010592,161.0,Israel,ISR,ISR,20210213
0.029813,0.003888,0.026424,0.004122,1703.0,Italy,ITA,ITA,20210213
0.099517,0.003433,0.08775,0.003633,6792.0,Japan,JPN,JPN,20210213
0.089013,0.020384,0.090452,0.020237,199.0,Jordan,JOR,JOR,20210213
0.071277,0.022212,0.076389,0.021515,144.0,Kazakhstan,KAZ,KAZ,20210213
0.210633,0.02751,0.193237,0.02841,207.0,Kenya,KEN,KEN,20210213
0.106034,0.02732,0.094828,0.02871,116.0,Lebanon,LBN,LBN,20210213
0.071721,0.027066,0.089286,0.024491,112.0,Libya,LBY,LBY,20210213
0.219621,0.018312,0.221359,0.01826,515.0,Malaysia,MYS,MYS,20210213
0.137181,0.006474,0.140327,0.006413,2879.0,Mexico,MEX,MEX,20210213
0.096755,0.031153,0.108911,0.029562,101.0,Moldova,MDA,MDA,20210213
0.042799,0.018257,0.037037,0.019567,108.0,Morocco,MAR,MAR,20210213
0.044591,0.021403,0.076923,0.016579,156.0,Nepal,NPL,NPL,20210213
0.024133,0.005739,0.020067,0.006281,598.0,Netherlands,NLD,NLD,20210213
0.058559,0.013165,0.054054,0.01367,296.0,New Zealand,NZL,NZL,20210213
0.272848,0.041678,0.275862,0.041536,116.0,Nicaragua,NIC,NIC,20210213
0.138729,0.020379,0.142373,0.02016,295.0,Nigeria,NGA,NGA,20210213
0.015865,0.005362,0.009317,0.006974,322.0,Norway,NOR,NOR,20210213
0.116917,0.017798,0.093284,0.019665,268.0,Pakistan,PAK,PAK,20210213
0.069974,0.02156,0.054054,0.024323,111.0,Panama,PAN,PAN,20210213
0.1273,0.02487,0.085938,0.029576,128.0,Paraguay,PRY,PRY,20210213
0.138833,0.013273,0.14408,0.013069,701.0,Peru,PER,PER,20210213
0.242778,0.014988,0.257913,0.014689,853.0,Philippines,PHL,PHL,20210213
0.041257,0.007625,0.041176,0.007632,680.0,Poland,POL,POL,20210213
0.031245,0.006667,0.033195,0.006475,723.0,Portugal,PRT,PRT,20210213
0.056707,0.019294,0.052239,0.020055,134.0,"Puerto Rico, U.S.",PRI,PRI,20210213
0.056194,0.010012,0.059246,0.009767,557.0,Romania,ROU,ROU,20210213
0.036226,0.004882,0.023158,0.006065,950.0,Russia,RUS,RUS,20210213
0.051125,0.012301,0.033019,0.015163,212.0,Saudi Arabia,SAU,SAU,20210213
0.020666,0.008632,0.019455,0.008891,257.0,Serbia,SRB,SRB,20210213
0.013022,0.007393,0.01487,0.006925,269.0,Slovakia,SVK,SVK,20210213
0.025558,0.016184,0.028302,0.015401,106.0,Slovenia,SVN,SVN,20210213
0.129021,0.01516,0.126556,0.015285,482.0,South Africa,ZAF,ZAF,20210213
0.069862,0.012833,0.084746,0.011746,472.0,South Korea,KOR,KOR,20210213
0.030086,0.005006,0.028259,0.00516,1097.0,Spain,ESP,ESP,20210213
0.027244,0.003851,0.010944,0.006025,731.0,Sweden,SWE,SWE,20210213
0.029802,0.007665,0.02451,0.008429,408.0,Switzerland,CHE,CHE,20210213
0.112565,0.008482,0.128452,0.008012,1557.0,Taiwan,TWN,TWN,20210213
0.281248,0.015455,0.318681,0.014913,910.0,Thailand,THA,THA,20210213
0.067216,0.01536,0.065385,0.015559,260.0,Tunisia,TUN,TUN,20210213
0.062601,0.008135,0.066808,0.007893,943.0,Turkey,TUR,TUR,20210213
0.117887,0.009876,0.126761,0.009572,1136.0,Ukraine,UKR,UKR,20210213
0.029181,0.005982,0.024206,0.006552,661.0,United Kingdom,GBR,GBR,20210213
0.0358,0.011333,0.04,0.010745,300.0,Uruguay,URY,URY,20210213
0.228097,0.022205,0.233516,0.022024,364.0,Venezuela,VEN,VEN,20210213
0.263454,0.010936,0.276583,0.01077,1674.0,Vietnam,VNM,VNM,20210213
0.04872,0.013962,0.051587,0.013589,252.0,Algeria,DZA,DZA,20210214
0.082508,0.008067,0.074004,0.008479,1054.0,Argentina,ARG,ARG,20210214
0.054796,0.008395,0.050946,0.008689,687.0,Australia,AUS,AUS,20210214
0.018231,0.007714,0.019048,0.00755,315.0,Austria,AUT,AUT,20210214
0.112707,0.023444,0.125,0.022417,200.0,Bangladesh,BGD,BGD,20210214
0.019764,0.012351,0.027933,0.010433,179.0,Belarus,BLR,BLR,20210214
0.037387,0.010066,0.036932,0.010126,352.0,Belgium,BEL,BEL,20210214
0.225172,0.023745,0.202091,0.024699,287.0,Bolivia,BOL,BOL,20210214
0.045593,0.003755,0.042911,0.003866,2913.0,Brazil,BRA,BRA,20210214
0.029724,0.009582,0.029126,0.009677,309.0,Bulgaria,BGR,BGR,20210214
0.043976,0.006455,0.038932,0.006842,899.0,Canada,CAN,CAN,20210214
0.056301,0.010887,0.054795,0.011026,438.0,Chile,CHL,CHL,20210214
0.128425,0.010776,0.127349,0.010815,958.0,Colombia,COL,COL,20210214
0.124778,0.027943,0.101695,0.030552,118.0,Costa Rica,CRI,CRI,20210214
0.00998,0.008343,0.011834,0.007669,169.0,Croatia,HRV,HRV,20210214
0.033595,0.007549,0.036859,0.007219,624.0,Czech Republic,CZE,CZE,20210214
0.02179,0.008492,0.017094,0.009564,234.0,Denmark,DNK,DNK,20210214
0.098284,0.023513,0.098765,0.023462,162.0,Dominican Republic,DOM,DOM,20210214
0.210845,0.02017,0.215827,0.019999,417.0,Ecuador,ECU,ECU,20210214
0.175734,0.015703,0.182867,0.015461,607.0,Egypt,EGY,EGY,20210214
0.215975,0.032267,0.21118,0.032532,161.0,El Salvador,SLV,SLV,20210214
0.013724,0.008929,0.008929,0.011043,112.0,Finland,FIN,FIN,20210214
0.020565,0.002628,0.018755,0.002749,2666.0,France,FRA,FRA,20210214
0.022294,0.003395,0.023798,0.003288,2017.0,Germany,DEU,DEU,20210214
0.174644,0.031561,0.169014,0.031973,142.0,Ghana,GHA,GHA,20210214
0.022243,0.007605,0.027778,0.006824,468.0,Greece,GRC,GRC,20210214
0.193405,0.032173,0.241573,0.029688,178.0,Guatemala,GTM,GTM,20210214
0.255505,0.038969,0.239669,0.039814,121.0,Honduras,HND,HND,20210214
0.080177,0.025836,0.089431,0.024586,123.0,Hong Kong,HKG,HKG,20210214
0.023177,0.006188,0.02805,0.005639,713.0,Hungary,HUN,HUN,20210214
0.089914,0.007427,0.086134,0.007573,1428.0,India,IND,IND,20210214
0.184748,0.012905,0.222863,0.012034,1041.0,Indonesia,IDN,IDN,20210214
0.120646,0.018279,0.132948,0.017536,346.0,Iraq,IRQ,IRQ,20210214
0.040066,0.011394,0.019868,0.016013,151.0,Ireland,IRL,IRL,20210214
0.076175,0.019602,0.044643,0.025179,112.0,Israel,ISR,ISR,20210214
0.035373,0.004079,0.025119,0.004815,1473.0,Italy,ITA,ITA,20210214
0.107874,0.003781,0.091767,0.004063,5830.0,Japan,JPN,JPN,20210214
0.090851,0.021387,0.083333,0.022239,168.0,Jordan,JOR,JOR,20210214
0.055024,0.022683,0.066116,0.020816,121.0,Kazakhstan,KAZ,KAZ,20210214
0.167866,0.028267,0.159763,0.028835,169.0,Kenya,KEN,KEN,20210214
0.096189,0.028632,0.104348,0.027615,115.0,Libya,LBY,LBY,20210214
0.222644,0.020863,0.231707,0.020571,410.0,Malaysia,MYS,MYS,20210214
0.143,0.007211,0.145485,0.007159,2392.0,Mexico,MEX,MEX,20210214
0.070831,0.024504,0.084615,0.022587,130.0,Nepal,NPL,NPL,20210214
0.016095,0.005419,0.017271,0.005234,579.0,Netherlands,NLD,NLD,20210214
0.072657,0.011369,0.071705,0.011438,516.0,New Zealand,NZL,NZL,20210214
0.124683,0.024419,0.144231,0.022962,208.0,Nigeria,NGA,NGA,20210214
0.020821,0.007031,0.015823,0.008045,316.0,Norway,NOR,NOR,20210214
0.123736,0.021784,0.122807,0.021855,228.0,Pakistan,PAK,PAK,20210214
0.03526,0.023638,0.059406,0.018444,101.0,Paraguay,PRY,PRY,20210214
0.131732,0.014671,0.136612,0.014447,549.0,Peru,PER,PER,20210214
0.249559,0.014868,0.263098,0.014613,878.0,Philippines,PHL,PHL,20210214
0.049088,0.008974,0.056146,0.008423,659.0,Poland,POL,POL,20210214
0.05571,0.008257,0.047833,0.008874,669.0,Portugal,PRT,PRT,20210214
0.025112,0.013278,0.018868,0.015269,106.0,"Puerto Rico, U.S.",PRI,PRI,20210214
0.036638,0.008575,0.037037,0.008531,486.0,Romania,ROU,ROU,20210214
0.041178,0.004605,0.018583,0.006776,861.0,Russia,RUS,RUS,20210214
0.090508,0.018847,0.067416,0.021565,178.0,Saudi Arabia,SAU,SAU,20210214
0.008695,0.008131,0.014151,0.006392,212.0,Serbia,SRB,SRB,20210214
0.023919,0.011259,0.027907,0.010445,215.0,Slovakia,SVK,SVK,20210214
0.014388,0.009804,0.009804,0.011849,102.0,Slovenia,SVN,SVN,20210214
0.138516,0.016817,0.131188,0.017208,404.0,South Africa,ZAF,ZAF,20210214
0.058179,0.012163,0.068966,0.011236,435.0,South Korea,KOR,KOR,20210214
0.028399,0.005007,0.027804,0.005059,1079.0,Spain,ESP,ESP,20210214
0.020332,0.004201,0.012676,0.0053,710.0,Sweden,SWE,SWE,20210214
0.013248,0.006182,0.012422,0.006382,322.0,Switzerland,CHE,CHE,20210214
0.127732,0.0091,0.14011,0.008751,1456.0,Taiwan,TWN,TWN,20210214
0.258989,0.015591,0.270603,0.015374,813.0,Thailand,THA,THA,20210214
0.082916,0.019198,0.074468,0.020165,188.0,Tunisia,TUN,TUN,20210214
0.056096,0.007864,0.054827,0.007949,839.0,Turkey,TUR,TUR,20210214
0.107115,0.010169,0.117,0.009785,1000.0,Ukraine,UKR,UKR,20210214
0.022105,0.006048,0.022876,0.005948,612.0,United Kingdom,GBR,GBR,20210214
0.055681,0.014293,0.054902,0.014388,255.0,Uruguay,URY,URY,20210214
0.252205,0.023561,0.236196,0.024089,326.0,Venezuela,VEN,VEN,20210214
0.262625,0.01098,0.264851,0.01095,1616.0,Vietnam,VNM,VNM,20210214
0.055763,0.012821,0.041322,0.014781,242.0,Algeria,DZA,DZA,20210215
0.089405,0.007819,0.084906,0.008003,1272.0,Argentina,ARG,ARG,20210215
0.064946,0.009015,0.062413,0.009184,721.0,Australia,AUS,AUS,20210215
0.007056,0.005233,0.009091,0.004615,330.0,Austria,AUT,AUT,20210215
0.107697,0.022598,0.137339,0.020352,233.0,Bangladesh,BGD,BGD,20210215
0.026421,0.013971,0.031646,0.0128,158.0,Belarus,BLR,BLR,20210215
0.023214,0.009287,0.03125,0.008037,352.0,Belgium,BEL,BEL,20210215
0.162028,0.020045,0.146965,0.020861,313.0,Bolivia,BOL,BOL,20210215
0.055647,0.003722,0.048561,0.00397,3336.0,Brazil,BRA,BRA,20210215
0.04449,0.010728,0.036184,0.011845,304.0,Bulgaria,BGR,BGR,20210215
0.050308,0.006783,0.048144,0.006926,997.0,Canada,CAN,CAN,20210215
0.052943,0.009093,0.041494,0.01021,482.0,Chile,CHL,CHL,20210215
0.119124,0.010069,0.123005,0.009931,1065.0,Colombia,COL,COL,20210215
0.114346,0.028081,0.138158,0.025897,152.0,Costa Rica,CRI,CRI,20210215
0.004188,0.006135,0.006135,0.005074,163.0,Croatia,HRV,HRV,20210215
0.02927,0.007346,0.033389,0.006893,599.0,Czech Republic,CZE,CZE,20210215
0.042459,0.008312,0.018727,0.012363,267.0,Denmark,DNK,DNK,20210215
0.138631,0.025546,0.151515,0.02462,198.0,Dominican Republic,DOM,DOM,20210215
0.201944,0.017838,0.211429,0.017537,525.0,Ecuador,ECU,ECU,20210215
0.186708,0.015623,0.200608,0.015203,658.0,Egypt,EGY,EGY,20210215
0.202787,0.028247,0.20197,0.02829,203.0,El Salvador,SLV,SLV,20210215
0.040146,0.019817,0.049587,0.01792,121.0,Finland,FIN,FIN,20210215
0.020042,0.00277,0.021135,0.002699,2697.0,France,FRA,FRA,20210215
0.029288,0.003657,0.026721,0.003823,1946.0,Germany,DEU,DEU,20210215
0.151964,0.02754,0.14881,0.027779,168.0,Ghana,GHA,GHA,20210215
0.025187,0.008685,0.031785,0.007757,409.0,Greece,GRC,GRC,20210215
0.211376,0.030283,0.3,0.02698,230.0,Guatemala,GTM,GTM,20210215
0.156921,0.032837,0.233533,0.028231,167.0,Honduras,HND,HND,20210215
0.041679,0.019873,0.053846,0.017596,130.0,Hong Kong,HKG,HKG,20210215
0.031351,0.005957,0.024854,0.006668,684.0,Hungary,HUN,HUN,20210215
0.090519,0.00739,0.089632,0.007423,1495.0,India,IND,IND,20210215
0.197005,0.012415,0.20229,0.012292,1048.0,Indonesia,IDN,IDN,20210215
0.107743,0.015905,0.104839,0.016097,372.0,Iraq,IRQ,IRQ,20210215
0.071396,0.0181,0.058824,0.019807,170.0,Ireland,IRL,IRL,20210215
0.026818,0.004026,0.02579,0.004103,1551.0,Italy,ITA,ITA,20210215
0.109591,0.003966,0.09023,0.004324,5220.0,Japan,JPN,JPN,20210215
0.09245,0.019664,0.089623,0.019941,212.0,Jordan,JOR,JOR,20210215
0.060142,0.024236,0.066038,0.023202,106.0,Kazakhstan,KAZ,KAZ,20210215
0.164084,0.025312,0.15,0.026254,200.0,Kenya,KEN,KEN,20210215
0.168326,0.019034,0.217021,0.017277,470.0,Malaysia,MYS,MYS,20210215
0.152211,0.006747,0.1448,0.006888,2721.0,Mexico,MEX,MEX,20210215
0.035169,0.023994,0.07874,0.01641,127.0,Nepal,NPL,NPL,20210215
0.022755,0.006817,0.026738,0.006301,561.0,Netherlands,NLD,NLD,20210215
0.054185,0.010764,0.05531,0.01066,452.0,New Zealand,NZL,NZL,20210215
0.324585,0.046221,0.326923,0.046135,104.0,Nicaragua,NIC,NIC,20210215
0.189256,0.021507,0.144981,0.023928,269.0,Nigeria,NGA,NGA,20210215
0.019253,0.007143,0.016077,0.007804,311.0,Norway,NOR,NOR,20210215
0.104942,0.019499,0.119134,0.018448,277.0,Pakistan,PAK,PAK,20210215
0.083866,0.027451,0.085714,0.02718,105.0,Panama,PAN,PAN,20210215
0.128067,0.024879,0.10828,0.026755,157.0,Paraguay,PRY,PRY,20210215
0.13871,0.013727,0.139498,0.013695,638.0,Peru,PER,PER,20210215
0.259041,0.014723,0.292147,0.014184,955.0,Philippines,PHL,PHL,20210215
0.059263,0.009094,0.054487,0.00946,624.0,Poland,POL,POL,20210215
0.060905,0.008006,0.041667,0.009582,624.0,Portugal,PRT,PRT,20210215
0.071145,0.018486,0.05,0.021804,140.0,"Puerto Rico, U.S.",PRI,PRI,20210215
0.029676,0.008145,0.034137,0.007612,498.0,Romania,ROU,ROU,20210215
0.052684,0.006044,0.034783,0.007369,920.0,Russia,RUS,RUS,20210215
0.068022,0.015864,0.058824,0.016975,221.0,Saudi Arabia,SAU,SAU,20210215
0.009941,0.006984,0.012146,0.006325,247.0,Serbia,SRB,SRB,20210215
0.00701,0.007277,0.012658,0.005431,237.0,Slovakia,SVK,SVK,20210215
0.109746,0.014413,0.113402,0.014208,485.0,South Africa,ZAF,ZAF,20210215
0.073764,0.014008,0.083969,0.013202,393.0,South Korea,KOR,KOR,20210215
0.035219,0.006377,0.043222,0.00578,1018.0,Spain,ESP,ESP,20210215
0.013338,0.003958,0.011252,0.004305,711.0,Sweden,SWE,SWE,20210215
0.023138,0.007432,0.02122,0.007753,377.0,Switzerland,CHE,CHE,20210215
0.123036,0.009101,0.144578,0.008501,1494.0,Taiwan,TWN,TWN,20210215
0.304364,0.015882,0.30605,0.015857,843.0,Thailand,THA,THA,20210215
0.111441,0.017986,0.096296,0.019186,270.0,Tunisia,TUN,TUN,20210215
0.067041,0.008919,0.065189,0.009036,767.0,Turkey,TUR,TUR,20210215
0.127357,0.010406,0.139115,0.010024,1107.0,Ukraine,UKR,UKR,20210215
0.107997,0.028223,0.088235,0.030884,102.0,United Arab Emirates,ARE,ARE,20210215
0.01919,0.006188,0.023411,0.005615,598.0,United Kingdom,GBR,GBR,20210215
0.051399,0.012869,0.052805,0.012706,303.0,Uruguay,URY,URY,20210215
0.205929,0.019941,0.222477,0.019388,436.0,Venezuela,VEN,VEN,20210215
0.249618,0.009862,0.289026,0.009415,2114.0,Vietnam,VNM,VNM,20210215
0.070627,0.015284,0.058824,0.016642,238.0,Algeria,DZA,DZA,20210216
0.1003,0.007753,0.09011,0.008134,1365.0,Argentina,ARG,ARG,20210216
0.053398,0.008301,0.05599,0.008118,768.0,Australia,AUS,AUS,20210216
0.011671,0.007076,0.015924,0.006071,314.0,Austria,AUT,AUT,20210216
0.117833,0.022306,0.115942,0.022463,207.0,Bangladesh,BGD,BGD,20210216
0.058301,0.01516,0.037736,0.018641,159.0,Belarus,BLR,BLR,20210216
0.032815,0.010382,0.036585,0.009852,328.0,Belgium,BEL,BEL,20210216
0.180961,0.021617,0.167224,0.022302,299.0,Bolivia,BOL,BOL,20210216
0.051754,0.003745,0.048402,0.003866,3285.0,Brazil,BRA,BRA,20210216
0.026497,0.009505,0.027211,0.009383,294.0,Bulgaria,BGR,BGR,20210216
0.048178,0.006714,0.044492,0.006973,944.0,Canada,CAN,CAN,20210216
0.047913,0.009858,0.041463,0.010561,410.0,Chile,CHL,CHL,20210216
0.105342,0.010272,0.124638,0.009547,1035.0,Colombia,COL,COL,20210216
0.135917,0.030066,0.156463,0.028362,147.0,Costa Rica,CRI,CRI,20210216
0.020995,0.011728,0.023669,0.011061,169.0,Croatia,HRV,HRV,20210216
0.049283,0.008589,0.042048,0.009264,547.0,Czech Republic,CZE,CZE,20210216
0.02778,0.009678,0.021834,0.010884,229.0,Denmark,DNK,DNK,20210216
0.135262,0.023829,0.135266,0.023828,207.0,Dominican Republic,DOM,DOM,20210216
0.192073,0.016837,0.210884,0.016259,588.0,Ecuador,ECU,ECU,20210216
0.206695,0.016096,0.21028,0.015994,642.0,Egypt,EGY,EGY,20210216
0.1698,0.026509,0.169154,0.026549,201.0,El Salvador,SLV,SLV,20210216
0.123142,0.023868,0.06,0.033026,100.0,Finland,FIN,FIN,20210216
0.026296,0.003143,0.025468,0.003193,2513.0,France,FRA,FRA,20210216
0.017915,0.003112,0.018848,0.003036,1910.0,Germany,DEU,DEU,20210216
0.142076,0.031763,0.170213,0.029507,141.0,Ghana,GHA,GHA,20210216
0.03207,0.007811,0.023684,0.00905,380.0,Greece,GRC,GRC,20210216
0.268435,0.03314,0.281081,0.032669,185.0,Guatemala,GTM,GTM,20210216
0.188216,0.035914,0.222222,0.033767,135.0,Honduras,HND,HND,20210216
0.09883,0.024452,0.09589,0.024784,146.0,Hong Kong,HKG,HKG,20210216
0.031817,0.006222,0.028209,0.006596,709.0,Hungary,HUN,HUN,20210216
0.088312,0.007075,0.08393,0.00724,1537.0,India,IND,IND,20210216
0.209601,0.013449,0.233333,0.012943,990.0,Indonesia,IDN,IDN,20210216
0.122905,0.016617,0.122762,0.016626,391.0,Iraq,IRQ,IRQ,20210216
0.015576,0.007246,0.007246,0.010579,138.0,Ireland,IRL,IRL,20210216
0.041643,0.015321,0.031008,0.017657,129.0,Israel,ISR,ISR,20210216
0.019022,0.00367,0.022878,0.003353,1661.0,Italy,ITA,ITA,20210216
0.099128,0.003916,0.086109,0.004171,5133.0,Japan,JPN,JPN,20210216
0.13559,0.020474,0.098592,0.023513,213.0,Jordan,JOR,JOR,20210216
0.053041,0.018065,0.045113,0.019507,133.0,Kazakhstan,KAZ,KAZ,20210216
0.220185,0.029874,0.196629,0.031146,178.0,Kenya,KEN,KEN,20210216
0.168261,0.019664,0.201439,0.018342,417.0,Malaysia,MYS,MYS,20210216
0.139093,0.006617,0.138184,0.006635,2721.0,Mexico,MEX,MEX,20210216
0.110732,0.023807,0.089655,0.02615,145.0,Nepal,NPL,NPL,20210216
0.01646,0.005096,0.016234,0.005131,616.0,Netherlands,NLD,NLD,20210216
0.063252,0.012242,0.066986,0.01192,418.0,New Zealand,NZL,NZL,20210216
0.325562,0.04586,0.317308,0.046171,104.0,Nicaragua,NIC,NIC,20210216
0.132199,0.022291,0.176871,0.019788,294.0,Nigeria,NGA,NGA,20210216
0.02707,0.007307,0.016447,0.009323,304.0,Norway,NOR,NOR,20210216
0.128972,0.01962,0.121864,0.020102,279.0,Pakistan,PAK,PAK,20210216
0.114376,0.029868,0.09901,0.031827,101.0,Panama,PAN,PAN,20210216
0.076345,0.023533,0.092105,0.02161,152.0,Paraguay,PRY,PRY,20210216
0.139687,0.013232,0.148199,0.01291,722.0,Peru,PER,PER,20210216
0.227612,0.01397,0.262097,0.013319,992.0,Philippines,PHL,PHL,20210216
0.033961,0.007413,0.03698,0.007115,649.0,Poland,POL,POL,20210216
0.030285,0.005733,0.02391,0.006431,711.0,Portugal,PRT,PRT,20210216
0.078534,0.02215,0.072464,0.022983,138.0,"Puerto Rico, U.S.",PRI,PRI,20210216
0.032667,0.007883,0.029915,0.008226,468.0,Romania,ROU,ROU,20210216
0.020489,0.005406,0.025671,0.004842,857.0,Russia,RUS,RUS,20210216
0.088215,0.021576,0.087209,0.021688,172.0,Saudi Arabia,SAU,SAU,20210216
0.019257,0.007945,0.013825,0.009351,217.0,Serbia,SRB,SRB,20210216
0.00543,0.006005,0.008511,0.004804,235.0,Slovakia,SVK,SVK,20210216
0.10804,0.013949,0.11575,0.013535,527.0,South Africa,ZAF,ZAF,20210216
0.064242,0.014941,0.088398,0.012904,362.0,South Korea,KOR,KOR,20210216
0.044655,0.005843,0.03668,0.00642,1036.0,Spain,ESP,ESP,20210216
0.023389,0.005092,0.018519,0.005708,702.0,Sweden,SWE,SWE,20210216
0.027505,0.0079,0.017794,0.009774,281.0,Switzerland,CHE,CHE,20210216
0.14274,0.008584,0.137352,0.008723,1609.0,Taiwan,TWN,TWN,20210216
0.247833,0.015943,0.299879,0.015023,827.0,Thailand,THA,THA,20210216
0.089947,0.019038,0.076531,0.020488,196.0,Tunisia,TUN,TUN,20210216
0.063902,0.008205,0.05598,0.008729,786.0,Turkey,TUR,TUR,20210216
0.129933,0.010533,0.139963,0.010208,1086.0,Ukraine,UKR,UKR,20210216
0.039804,0.007134,0.030717,0.008083,586.0,United Kingdom,GBR,GBR,20210216
0.0431,0.011124,0.037543,0.011884,293.0,Uruguay,URY,URY,20210216
0.262214,0.020946,0.247059,0.02136,425.0,Venezuela,VEN,VEN,20210216
0.273645,0.009514,0.283934,0.009407,2247.0,Vietnam,VNM,VNM,20210216
0.021305,0.010399,0.025751,0.00948,233.0,Algeria,DZA,DZA,20210217
0.079758,0.007329,0.079353,0.007346,1361.0,Argentina,ARG,ARG,20210217
0.045438,0.008568,0.045531,0.00856,593.0,Australia,AUS,AUS,20210217
0.010518,0.005871,0.010204,0.00596,294.0,Austria,AUT,AUT,20210217
0.082205,0.023587,0.123077,0.019721,195.0,Bangladesh,BGD,BGD,20210217
0.031407,0.014617,0.036364,0.01362,165.0,Belarus,BLR,BLR,20210217
0.047791,0.011079,0.042296,0.011743,331.0,Belgium,BEL,BEL,20210217
0.183182,0.020411,0.175287,0.020765,348.0,Bolivia,BOL,BOL,20210217
0.037685,0.003521,0.041949,0.003345,3242.0,Brazil,BRA,BRA,20210217
0.041098,0.01145,0.045317,0.010928,331.0,Bulgaria,BGR,BGR,20210217
0.045184,0.005927,0.03355,0.006837,924.0,Canada,CAN,CAN,20210217
0.05733,0.010597,0.047264,0.011609,402.0,Chile,CHL,CHL,20210217
0.106319,0.009899,0.11,0.009752,1000.0,Colombia,COL,COL,20210217
0.156368,0.028736,0.137931,0.030267,145.0,Costa Rica,CRI,CRI,20210217
0.050204,0.015646,0.042169,0.017,166.0,Croatia,HRV,HRV,20210217
0.027161,0.006746,0.028192,0.006625,603.0,Czech Republic,CZE,CZE,20210217
0.006812,0.006502,0.009217,0.005597,217.0,Denmark,DNK,DNK,20210217
0.132367,0.025734,0.125749,0.026303,167.0,Dominican Republic,DOM,DOM,20210217
0.223151,0.01652,0.25,0.015885,688.0,Ecuador,ECU,ECU,20210217
0.211386,0.016962,0.224422,0.016599,606.0,Egypt,EGY,EGY,20210217
0.15605,0.024397,0.159292,0.024194,226.0,El Salvador,SLV,SLV,20210217
0.024974,0.003058,0.024371,0.003094,2544.0,France,FRA,FRA,20210217
0.027405,0.003253,0.021815,0.003636,2017.0,Germany,DEU,DEU,20210217
0.139208,0.025212,0.116564,0.027197,163.0,Ghana,GHA,GHA,20210217
0.016226,0.007176,0.021739,0.006217,414.0,Greece,GRC,GRC,20210217
0.336913,0.032295,0.291457,0.03359,199.0,Guatemala,GTM,GTM,20210217
0.298765,0.039831,0.323741,0.038963,139.0,Honduras,HND,HND,20210217
0.03634,0.017423,0.043478,0.015988,138.0,Hong Kong,HKG,HKG,20210217
0.043419,0.006686,0.032578,0.007676,706.0,Hungary,HUN,HUN,20210217
0.079433,0.006496,0.076139,0.006623,1668.0,India,IND,IND,20210217
0.25004,0.013496,0.228866,0.013911,970.0,Indonesia,IDN,IDN,20210217
0.13418,0.017614,0.142132,0.017193,394.0,Iraq,IRQ,IRQ,20210217
0.024996,0.012696,0.025641,0.012539,156.0,Ireland,IRL,IRL,20210217
0.03207,0.013033,0.018519,0.017033,108.0,Israel,ISR,ISR,20210217
0.025313,0.00369,0.022388,0.003918,1608.0,Italy,ITA,ITA,20210217
0.095263,0.004037,0.08601,0.004227,4825.0,Japan,JPN,JPN,20210217
0.119453,0.02328,0.104046,0.024729,173.0,Jordan,JOR,JOR,20210217
0.043704,0.018614,0.046512,0.01807,129.0,Kazakhstan,KAZ,KAZ,20210217
0.177118,0.026674,0.167513,0.027269,197.0,Kenya,KEN,KEN,20210217
0.204935,0.020259,0.214112,0.019935,411.0,Malaysia,MYS,MYS,20210217
0.152201,0.00663,0.139883,0.006866,2738.0,Mexico,MEX,MEX,20210217
0.036505,0.019314,0.039216,0.018661,102.0,Morocco,MAR,MAR,20210217
0.0565,0.024177,0.079365,0.020651,126.0,Nepal,NPL,NPL,20210217
0.004083,0.002711,0.004702,0.002527,638.0,Netherlands,NLD,NLD,20210217
0.042526,0.011307,0.046243,0.010864,346.0,New Zealand,NZL,NZL,20210217
0.322046,0.044943,0.327273,0.044755,110.0,Nicaragua,NIC,NIC,20210217
0.126403,0.018859,0.118644,0.01938,295.0,Nigeria,NGA,NGA,20210217
0.011953,0.006275,0.010909,0.006565,275.0,Norway,NOR,NOR,20210217
0.113549,0.020582,0.128302,0.019526,265.0,Pakistan,PAK,PAK,20210217
0.064991,0.025379,0.103448,0.020542,145.0,Paraguay,PRY,PRY,20210217
0.140226,0.013227,0.135618,0.013414,671.0,Peru,PER,PER,20210217
0.250896,0.014144,0.288911,0.013528,1028.0,Philippines,PHL,PHL,20210217
0.04607,0.007803,0.044413,0.007941,698.0,Poland,POL,POL,20210217
0.02241,0.005973,0.024169,0.005757,662.0,Portugal,PRT,PRT,20210217
0.033057,0.014329,0.032468,0.014454,154.0,"Puerto Rico, U.S.",PRI,PRI,20210217
0.073093,0.010964,0.057522,0.012257,452.0,Romania,ROU,ROU,20210217
0.026918,0.004321,0.01797,0.005265,946.0,Russia,RUS,RUS,20210217
0.079436,0.018847,0.067416,0.020326,178.0,Saudi Arabia,SAU,SAU,20210217
0.007974,0.006655,0.009434,0.006123,212.0,Serbia,SRB,SRB,20210217
0.006389,0.003676,0.003676,0.00484,272.0,Slovakia,SVK,SVK,20210217
0.022673,0.013321,0.023256,0.013157,129.0,Slovenia,SVN,SVN,20210217
0.105406,0.014153,0.103448,0.014271,464.0,South Africa,ZAF,ZAF,20210217
0.085172,0.015476,0.094708,0.014753,359.0,South Korea,KOR,KOR,20210217
0.030248,0.00555,0.030335,0.005542,956.0,Spain,ESP,ESP,20210217
0.017658,0.004419,0.014065,0.004943,711.0,Sweden,SWE,SWE,20210217
0.030602,0.009632,0.033898,0.009167,354.0,Switzerland,CHE,CHE,20210217
0.134951,0.009555,0.155184,0.009016,1437.0,Taiwan,TWN,TWN,20210217
0.276408,0.01541,0.284382,0.015277,858.0,Thailand,THA,THA,20210217
0.073446,0.019864,0.085427,0.018539,199.0,Tunisia,TUN,TUN,20210217
0.067512,0.009292,0.070106,0.009131,756.0,Turkey,TUR,TUR,20210217
0.131277,0.009787,0.129252,0.009852,1176.0,Ukraine,UKR,UKR,20210217
0.020044,0.005659,0.020602,0.005584,631.0,United Kingdom,GBR,GBR,20210217
0.020821,0.009226,0.026403,0.008216,303.0,Uruguay,URY,URY,20210217
0.218617,0.020047,0.226545,0.019794,437.0,Venezuela,VEN,VEN,20210217
0.26457,0.009914,0.298122,0.00956,2130.0,Vietnam,VNM,VNM,20210217
0.088704,0.015817,0.065306,0.018201,245.0,Algeria,DZA,DZA,20210218
0.073603,0.007546,0.07438,0.00751,1210.0,Argentina,ARG,ARG,20210218
0.044368,0.008492,0.042478,0.00867,565.0,Australia,AUS,AUS,20210218
0.008071,0.004977,0.008646,0.00481,347.0,Austria,AUT,AUT,20210218
0.106088,0.023972,0.110465,0.02355,172.0,Bangladesh,BGD,BGD,20210218
0.014509,0.008811,0.0125,0.009483,160.0,Belarus,BLR,BLR,20210218
0.035701,0.01102,0.040498,0.010372,321.0,Belgium,BEL,BEL,20210218
0.133945,0.021831,0.161404,0.02021,285.0,Bolivia,BOL,BOL,20210218
0.051121,0.004057,0.055046,0.003918,3161.0,Brazil,BRA,BRA,20210218
0.023957,0.008123,0.020067,0.008858,299.0,Bulgaria,BGR,BGR,20210218
0.046133,0.007048,0.048439,0.006886,929.0,Canada,CAN,CAN,20210218
0.076599,0.012957,0.065574,0.013921,366.0,Chile,CHL,CHL,20210218
0.111241,0.010013,0.107516,0.010164,958.0,Colombia,COL,COL,20210218
0.138139,0.031165,0.166667,0.028854,144.0,Costa Rica,CRI,CRI,20210218
0.019488,0.013027,0.026316,0.011249,152.0,Croatia,HRV,HRV,20210218
0.040077,0.007412,0.034539,0.007961,608.0,Czech Republic,CZE,CZE,20210218
0.029067,0.009661,0.023904,0.010625,251.0,Denmark,DNK,DNK,20210218
0.095765,0.022448,0.090909,0.022978,165.0,Dominican Republic,DOM,DOM,20210218
0.201684,0.017402,0.245098,0.016233,612.0,Ecuador,ECU,ECU,20210218
0.254778,0.016675,0.227488,0.017333,633.0,Egypt,EGY,EGY,20210218
0.134141,0.025,0.125,0.025762,176.0,El Salvador,SLV,SLV,20210218
0.106344,0.023589,0.06422,0.029664,109.0,Finland,FIN,FIN,20210218
0.022025,0.002919,0.022283,0.002902,2558.0,France,FRA,FRA,20210218
0.015217,0.002968,0.017454,0.002774,1948.0,Germany,DEU,DEU,20210218
0.125681,0.02759,0.128378,0.027341,148.0,Ghana,GHA,GHA,20210218
0.023429,0.007298,0.022113,0.007507,407.0,Greece,GRC,GRC,20210218
0.217457,0.037245,0.288591,0.033909,149.0,Guatemala,GTM,GTM,20210218
0.289056,0.036958,0.294118,0.036769,153.0,Honduras,HND,HND,20210218
0.047452,0.02235,0.069231,0.018719,130.0,Hong Kong,HKG,HKG,20210218
0.03972,0.007017,0.038513,0.007122,753.0,Hungary,HUN,HUN,20210218
0.059001,0.006913,0.077844,0.00608,1503.0,India,IND,IND,20210218
0.258287,0.014311,0.256438,0.014345,932.0,Indonesia,IDN,IDN,20210218
0.122852,0.0176,0.129121,0.01723,364.0,Iraq,IRQ,IRQ,20210218
0.034536,0.015644,0.038961,0.014763,154.0,Ireland,IRL,IRL,20210218
0.032102,0.004298,0.030227,0.004425,1588.0,Italy,ITA,ITA,20210218
0.094931,0.003975,0.080026,0.004294,4661.0,Japan,JPN,JPN,20210218
0.092808,0.022809,0.082192,0.024097,146.0,Jordan,JOR,JOR,20210218
0.077581,0.025248,0.087302,0.023927,126.0,Kazakhstan,KAZ,KAZ,20210218
0.150141,0.030381,0.180124,0.02824,161.0,Kenya,KEN,KEN,20210218
0.120218,0.034874,0.14,0.032686,100.0,Lebanon,LBN,LBN,20210218
0.074103,0.030151,0.1,0.026326,100.0,Libya,LBY,LBY,20210218
0.199681,0.021181,0.214854,0.020616,377.0,Malaysia,MYS,MYS,20210218
0.130522,0.006719,0.135135,0.006621,2590.0,Mexico,MEX,MEX,20210218
0.071956,0.02492,0.067961,0.025587,103.0,Nepal,NPL,NPL,20210218
0.012182,0.004837,0.012868,0.004708,544.0,Netherlands,NLD,NLD,20210218
0.071078,0.013473,0.058824,0.014713,306.0,New Zealand,NZL,NZL,20210218
0.254074,0.042202,0.263636,0.041698,110.0,Nicaragua,NIC,NIC,20210218
0.123277,0.020701,0.155844,0.018763,308.0,Nigeria,NGA,NGA,20210218
0.016419,0.006391,0.011111,0.007748,270.0,Norway,NOR,NOR,20210218
0.104653,0.02247,0.141079,0.019759,241.0,Pakistan,PAK,PAK,20210218
0.122279,0.031099,0.154412,0.028196,136.0,Paraguay,PRY,PRY,20210218
0.139527,0.014838,0.166403,0.013805,631.0,Peru,PER,PER,20210218
0.257164,0.014729,0.293626,0.014136,957.0,Philippines,PHL,PHL,20210218
0.038063,0.008051,0.045858,0.007365,676.0,Poland,POL,POL,20210218
0.055699,0.008243,0.044586,0.009159,628.0,Portugal,PRT,PRT,20210218
0.040274,0.02048,0.051282,0.018254,117.0,"Puerto Rico, U.S.",PRI,PRI,20210218
0.036327,0.00868,0.034169,0.00894,439.0,Romania,ROU,ROU,20210218
0.046391,0.00617,0.034949,0.007066,887.0,Russia,RUS,RUS,20210218
0.054401,0.021776,0.07483,0.018771,147.0,Saudi Arabia,SAU,SAU,20210218
0.017266,0.008179,0.016461,0.008374,243.0,Serbia,SRB,SRB,20210218
0.014762,0.007983,0.016064,0.007658,249.0,Slovakia,SVK,SVK,20210218
0.147952,0.015181,0.132265,0.01591,499.0,South Africa,ZAF,ZAF,20210218
0.081438,0.015301,0.079618,0.01546,314.0,South Korea,KOR,KOR,20210218
0.030061,0.006211,0.035187,0.005756,881.0,Spain,ESP,ESP,20210218
0.015149,0.004606,0.014663,0.004681,682.0,Sweden,SWE,SWE,20210218
0.029774,0.010792,0.041176,0.009231,340.0,Switzerland,CHE,CHE,20210218
0.142805,0.009935,0.150039,0.009734,1293.0,Taiwan,TWN,TWN,20210218
0.254642,0.016724,0.295302,0.015972,745.0,Thailand,THA,THA,20210218
0.064992,0.018127,0.08,0.016471,225.0,Tunisia,TUN,TUN,20210218
0.045892,0.007825,0.050761,0.007459,788.0,Turkey,TUR,TUR,20210218
0.137105,0.010123,0.129208,0.01038,1099.0,Ukraine,UKR,UKR,20210218
0.043235,0.006433,0.024348,0.008489,575.0,United Kingdom,GBR,GBR,20210218
0.054164,0.012844,0.045455,0.013957,264.0,Uruguay,URY,URY,20210218
0.259323,0.022229,0.254545,0.022365,385.0,Venezuela,VEN,VEN,20210218
0.28072,0.010366,0.288703,0.010279,1912.0,Vietnam,VNM,VNM,20210218
0.066754,0.013196,0.048689,0.015304,267.0,Algeria,DZA,DZA,20210219
0.088663,0.008678,0.087571,0.008727,1062.0,Argentina,ARG,ARG,20210219
0.05122,0.009739,0.051923,0.009676,520.0,Australia,AUS,AUS,20210219
0.018944,0.00816,0.018382,0.008281,272.0,Austria,AUT,AUT,20210219
0.112838,0.024355,0.121547,0.023583,181.0,Bangladesh,BGD,BGD,20210219
0.1055,0.018845,0.058065,0.024755,155.0,Belarus,BLR,BLR,20210219
0.050671,0.013801,0.05098,0.013762,255.0,Belgium,BEL,BEL,20210219
0.196335,0.02392,0.176471,0.024924,255.0,Bolivia,BOL,BOL,20210219
0.052478,0.003883,0.047572,0.004068,3006.0,Brazil,BRA,BRA,20210219
0.062921,0.012168,0.043011,0.014563,279.0,Bulgaria,BGR,BGR,20210219
0.046952,0.006796,0.041032,0.007247,853.0,Canada,CAN,CAN,20210219
0.055873,0.011597,0.05042,0.012173,357.0,Chile,CHL,CHL,20210219
0.102894,0.011044,0.113664,0.010571,827.0,Colombia,COL,COL,20210219
0.084195,0.025106,0.098592,0.023385,142.0,Costa Rica,CRI,CRI,20210219
0.020636,0.012537,0.025316,0.011346,158.0,Croatia,HRV,HRV,20210219
0.023339,0.006642,0.026042,0.006296,576.0,Czech Republic,CZE,CZE,20210219
0.051097,0.010209,0.023041,0.014982,217.0,Denmark,DNK,DNK,20210219
0.090898,0.02427,0.098684,0.023394,152.0,Dominican Republic,DOM,DOM,20210219
0.181716,0.017416,0.199241,0.016813,527.0,Ecuador,ECU,ECU,20210219
0.175968,0.015762,0.2,0.015005,645.0,Egypt,EGY,EGY,20210219
0.204847,0.028231,0.162791,0.030863,172.0,El Salvador,SLV,SLV,20210219
0.021995,0.003017,0.021776,0.003031,2342.0,France,FRA,FRA,20210219
0.031098,0.00369,0.026702,0.003973,1910.0,Germany,DEU,DEU,20210219
0.191766,0.030041,0.140741,0.03401,135.0,Ghana,GHA,GHA,20210219
0.024924,0.00663,0.017677,0.007844,396.0,Greece,GRC,GRC,20210219
0.158149,0.029153,0.191257,0.027047,183.0,Guatemala,GTM,GTM,20210219
0.201642,0.035716,0.207692,0.035326,130.0,Honduras,HND,HND,20210219
0.046477,0.022326,0.065041,0.019059,123.0,Hong Kong,HKG,HKG,20210219
0.034682,0.006553,0.028963,0.007149,656.0,Hungary,HUN,HUN,20210219
0.069038,0.006538,0.074097,0.006328,1606.0,India,IND,IND,20210219
0.202677,0.014104,0.21729,0.013748,856.0,Indonesia,IDN,IDN,20210219
0.134593,0.016528,0.138952,0.016307,439.0,Iraq,IRQ,IRQ,20210219
0.045016,0.016556,0.037594,0.018047,133.0,Ireland,IRL,IRL,20210219
0.022111,0.003746,0.021074,0.003835,1471.0,Italy,ITA,ITA,20210219
0.089433,0.004049,0.081824,0.004216,4583.0,Japan,JPN,JPN,20210219
0.068812,0.021048,0.087912,0.018815,182.0,Jordan,JOR,JOR,20210219
0.053829,0.019817,0.049587,0.020602,121.0,Kazakhstan,KAZ,KAZ,20210219
0.229415,0.029766,0.220513,0.030187,195.0,Kenya,KEN,KEN,20210219
0.199015,0.020428,0.217604,0.019766,409.0,Malaysia,MYS,MYS,20210219
0.130379,0.006833,0.13395,0.006755,2486.0,Mexico,MEX,MEX,20210219
0.017778,0.015887,0.027778,0.012775,108.0,Morocco,MAR,MAR,20210219
0.149338,0.032155,0.137931,0.033236,116.0,Nepal,NPL,NPL,20210219
0.011912,0.004872,0.013865,0.00452,577.0,Netherlands,NLD,NLD,20210219
0.085629,0.016154,0.082474,0.016431,291.0,New Zealand,NZL,NZL,20210219
0.104039,0.021239,0.150877,0.018117,285.0,Nigeria,NGA,NGA,20210219
0.044852,0.011148,0.033962,0.012739,265.0,Norway,NOR,NOR,20210219
0.102924,0.02037,0.116466,0.019295,249.0,Pakistan,PAK,PAK,20210219
0.133907,0.030277,0.145985,0.029202,137.0,Paraguay,PRY,PRY,20210219
0.181342,0.015486,0.180937,0.015499,619.0,Peru,PER,PER,20210219
0.252965,0.01386,0.244283,0.014023,962.0,Philippines,PHL,PHL,20210219
0.042037,0.008104,0.043818,0.007945,639.0,Poland,POL,POL,20210219
0.036433,0.007671,0.033989,0.007932,559.0,Portugal,PRT,PRT,20210219
0.029905,0.020652,0.051724,0.015883,116.0,"Puerto Rico, U.S.",PRI,PRI,20210219
0.039665,0.010153,0.045238,0.009535,420.0,Romania,ROU,ROU,20210219
0.034805,0.004605,0.018583,0.00625,861.0,Russia,RUS,RUS,20210219
0.067056,0.018446,0.065934,0.018591,182.0,Saudi Arabia,SAU,SAU,20210219
0.032895,0.010496,0.023697,0.012308,211.0,Serbia,SRB,SRB,20210219
0.026191,0.008802,0.019841,0.01008,252.0,Slovakia,SVK,SVK,20210219
0.025248,0.013663,0.019417,0.015533,103.0,Slovenia,SVN,SVN,20210219
0.144391,0.016614,0.163306,0.015798,496.0,South Africa,ZAF,ZAF,20210219
0.073339,0.015883,0.082781,0.015026,302.0,South Korea,KOR,KOR,20210219
0.039217,0.005928,0.032438,0.006496,894.0,Spain,ESP,ESP,20210219
0.007018,0.002593,0.004498,0.003235,667.0,Sweden,SWE,SWE,20210219
0.034121,0.009153,0.024476,0.010753,286.0,Switzerland,CHE,CHE,20210219
0.13118,0.00996,0.154255,0.00931,1316.0,Taiwan,TWN,TWN,20210219
0.273535,0.016833,0.302013,0.016343,745.0,Thailand,THA,THA,20210219
0.04929,0.017099,0.070796,0.014432,226.0,Tunisia,TUN,TUN,20210219
0.073844,0.00928,0.067215,0.009692,729.0,Turkey,TUR,TUR,20210219
0.119628,0.010188,0.117764,0.010257,1002.0,Ukraine,UKR,UKR,20210219
0.032749,0.007214,0.027344,0.007873,512.0,United Kingdom,GBR,GBR,20210219
0.035345,0.012718,0.040984,0.011845,244.0,Uruguay,URY,URY,20210219
0.269169,0.023788,0.258824,0.024089,340.0,Venezuela,VEN,VEN,20210219
0.299587,0.011042,0.307384,0.010963,1747.0,Vietnam,VNM,VNM,20210219
0.075503,0.018042,0.090551,0.01661,254.0,Algeria,DZA,DZA,20210220
0.078316,0.008315,0.075862,0.008437,1015.0,Argentina,ARG,ARG,20210220
0.069111,0.010603,0.062857,0.01108,525.0,Australia,AUS,AUS,20210220
0.024499,0.00642,0.012903,0.008794,310.0,Austria,AUT,AUT,20210220
0.086597,0.024206,0.108434,0.021895,166.0,Bangladesh,BGD,BGD,20210220
0.094815,0.01563,0.035461,0.02476,141.0,Belarus,BLR,BLR,20210220
0.049122,0.01325,0.052632,0.012825,285.0,Belgium,BEL,BEL,20210220
0.129296,0.020241,0.129964,0.020196,277.0,Bolivia,BOL,BOL,20210220
0.053801,0.004025,0.049536,0.004185,2907.0,Brazil,BRA,BRA,20210220
0.036059,0.010045,0.028777,0.011202,278.0,Bulgaria,BGR,BGR,20210220
0.038089,0.006832,0.039409,0.006721,812.0,Canada,CAN,CAN,20210220
0.04526,0.010702,0.043716,0.010881,366.0,Chile,CHL,CHL,20210220
0.088245,0.010661,0.098465,0.01015,782.0,Colombia,COL,COL,20210220
0.092033,0.026864,0.097561,0.026171,123.0,Costa Rica,CRI,CRI,20210220
0.040735,0.017933,0.044776,0.017141,134.0,Croatia,HRV,HRV,20210220
0.023401,0.00683,0.027682,0.006293,578.0,Czech Republic,CZE,CZE,20210220
0.018636,0.007424,0.010526,0.009837,190.0,Denmark,DNK,DNK,20210220
0.083138,0.019827,0.067901,0.021759,162.0,Dominican Republic,DOM,DOM,20210220
0.201002,0.018509,0.201699,0.018485,471.0,Ecuador,ECU,ECU,20210220
0.136497,0.015574,0.158182,0.014652,550.0,Egypt,EGY,EGY,20210220
0.176077,0.026389,0.142045,0.028792,176.0,El Salvador,SLV,SLV,20210220
0.024937,0.003213,0.024776,0.003224,2341.0,France,FRA,FRA,20210220
0.022724,0.003261,0.019477,0.003516,1797.0,Germany,DEU,DEU,20210220
0.211273,0.035253,0.208955,0.035396,134.0,Ghana,GHA,GHA,20210220
0.029257,0.00948,0.036082,0.008567,388.0,Greece,GRC,GRC,20210220
0.145331,0.03494,0.227586,0.02937,145.0,Guatemala,GTM,GTM,20210220
0.235414,0.035557,0.188525,0.038569,122.0,Honduras,HND,HND,20210220
0.066603,0.022687,0.070313,0.022125,128.0,Hong Kong,HKG,HKG,20210220
0.028497,0.005741,0.02665,0.005931,788.0,Hungary,HUN,HUN,20210220
0.069122,0.006472,0.071698,0.006363,1590.0,India,IND,IND,20210220
0.193216,0.014857,0.238153,0.013771,823.0,Indonesia,IDN,IDN,20210220
0.093758,0.016719,0.138173,0.014123,427.0,Iraq,IRQ,IRQ,20210220
0.039027,0.015067,0.0375,0.015358,160.0,Ireland,IRL,IRL,20210220
0.019405,0.003559,0.019009,0.003595,1473.0,Italy,ITA,ITA,20210220
0.086423,0.003868,0.079608,0.004015,4899.0,Japan,JPN,JPN,20210220
0.105295,0.019308,0.082927,0.02149,205.0,Jordan,JOR,JOR,20210220
0.035165,0.02048,0.051282,0.017102,117.0,Kazakhstan,KAZ,KAZ,20210220
0.139829,0.022956,0.13242,0.023489,219.0,Kenya,KEN,KEN,20210220
0.188464,0.020659,0.184136,0.020845,353.0,Malaysia,MYS,MYS,20210220
0.145471,0.007031,0.134998,0.007255,2363.0,Mexico,MEX,MEX,20210220
0.075135,0.029657,0.113043,0.024689,115.0,Nepal,NPL,NPL,20210220
0.016224,0.004932,0.014035,0.005296,570.0,Netherlands,NLD,NLD,20210220
0.055762,0.012231,0.041353,0.014096,266.0,New Zealand,NZL,NZL,20210220
0.054508,0.019095,0.110701,0.013816,271.0,Nigeria,NGA,NGA,20210220
0.007767,0.006099,0.010601,0.005228,283.0,Norway,NOR,NOR,20210220
0.193147,0.021608,0.121739,0.026087,230.0,Pakistan,PAK,PAK,20210220
0.141372,0.032326,0.133929,0.033069,112.0,Paraguay,PRY,PRY,20210220
0.176286,0.015566,0.166957,0.015905,575.0,Peru,PER,PER,20210220
0.243603,0.014431,0.284254,0.013733,978.0,Philippines,PHL,PHL,20210220
0.03907,0.008268,0.043902,0.00782,615.0,Poland,POL,POL,20210220
0.034062,0.006857,0.029508,0.00735,610.0,Portugal,PRT,PRT,20210220
0.058472,0.015002,0.034014,0.019418,147.0,"Puerto Rico, U.S.",PRI,PRI,20210220
0.053021,0.009745,0.043379,0.010719,438.0,Romania,ROU,ROU,20210220
0.040452,0.006081,0.030864,0.006927,810.0,Russia,RUS,RUS,20210220
0.021976,0.014294,0.038462,0.010897,182.0,Saudi Arabia,SAU,SAU,20210220
0.02625,0.009974,0.020101,0.011362,199.0,Serbia,SRB,SRB,20210220
0.010892,0.006586,0.01145,0.006425,262.0,Slovakia,SVK,SVK,20210220
0.019597,0.012797,0.018182,0.013277,110.0,Slovenia,SVN,SVN,20210220
0.095564,0.015957,0.110825,0.014944,388.0,South Africa,ZAF,ZAF,20210220
0.09985,0.01763,0.11041,0.016865,317.0,South Korea,KOR,KOR,20210220
0.052581,0.006618,0.039352,0.007598,864.0,Spain,ESP,ESP,20210220
0.009154,0.003137,0.006289,0.003779,636.0,Sweden,SWE,SWE,20210220
0.051688,0.00987,0.028269,0.013184,283.0,Switzerland,CHE,CHE,20210220
0.134391,0.009998,0.149371,0.009567,1272.0,Taiwan,TWN,TWN,20210220
0.255087,0.01628,0.295165,0.015558,786.0,Thailand,THA,THA,20210220
0.11522,0.023738,0.11236,0.023999,178.0,Tunisia,TUN,TUN,20210220
0.052041,0.007782,0.048493,0.008046,763.0,Turkey,TUR,TUR,20210220
0.119087,0.010458,0.117771,0.010508,951.0,Ukraine,UKR,UKR,20210220
0.032631,0.013663,0.019417,0.017592,103.0,United Arab Emirates,ARE,ARE,20210220
0.023591,0.006464,0.021654,0.00674,508.0,United Kingdom,GBR,GBR,20210220
0.064119,0.01201,0.04059,0.014908,271.0,Uruguay,URY,URY,20210220
0.219889,0.021324,0.218085,0.021388,376.0,Venezuela,VEN,VEN,20210220
0.305067,0.011488,0.29893,0.011554,1589.0,Vietnam,VNM,VNM,20210220
0.042211,0.01234,0.037657,0.013034,239.0,Algeria,DZA,DZA,20210221
0.070291,0.008011,0.074931,0.007779,1081.0,Argentina,ARG,ARG,20210221
0.08143,0.011595,0.077213,0.01188,531.0,Australia,AUS,AUS,20210221
0.011658,0.005873,0.011799,0.005839,339.0,Austria,AUT,AUT,20210221
0.05495,0.022823,0.098837,0.017427,172.0,Bangladesh,BGD,BGD,20210221
0.015909,0.010625,0.018519,0.009861,162.0,Belarus,BLR,BLR,20210221
0.038762,0.010833,0.036545,0.011144,301.0,Belgium,BEL,BEL,20210221
0.158254,0.022819,0.156863,0.022901,255.0,Bolivia,BOL,BOL,20210221
0.044023,0.003579,0.042325,0.003647,3166.0,Brazil,BRA,BRA,20210221
0.033277,0.008267,0.022082,0.01009,317.0,Bulgaria,BGR,BGR,20210221
0.064022,0.007436,0.052339,0.008173,898.0,Canada,CAN,CAN,20210221
0.059795,0.012783,0.060345,0.012729,348.0,Chile,CHL,CHL,20210221
0.109781,0.011166,0.11236,0.011053,801.0,Colombia,COL,COL,20210221
0.148236,0.032943,0.141593,0.033576,113.0,Costa Rica,CRI,CRI,20210221
0.030346,0.016525,0.044586,0.013734,157.0,Croatia,HRV,HRV,20210221
0.031009,0.007282,0.033926,0.006973,619.0,Czech Republic,CZE,CZE,20210221
0.006361,0.005954,0.008439,0.005175,237.0,Denmark,DNK,DNK,20210221
0.103364,0.024786,0.093525,0.025915,139.0,Dominican Republic,DOM,DOM,20210221
0.226041,0.018658,0.210856,0.019131,479.0,Ecuador,ECU,ECU,20210221
0.20129,0.015839,0.198425,0.015924,635.0,Egypt,EGY,EGY,20210221
0.095265,0.021974,0.094972,0.022005,179.0,El Salvador,SLV,SLV,20210221
0.024061,0.003136,0.023534,0.003171,2337.0,France,FRA,FRA,20210221
0.026774,0.003772,0.02889,0.003635,1973.0,Germany,DEU,DEU,20210221
0.16722,0.030627,0.139535,0.032984,129.0,Ghana,GHA,GHA,20210221
0.023345,0.007393,0.021108,0.007766,379.0,Greece,GRC,GRC,20210221
0.310384,0.030996,0.231183,0.034015,186.0,Guatemala,GTM,GTM,20210221
0.190735,0.035479,0.214815,0.03394,135.0,Honduras,HND,HND,20210221
0.031024,0.018596,0.037736,0.01692,106.0,Hong Kong,HKG,HKG,20210221
0.036285,0.006375,0.033037,0.00667,787.0,Hungary,HUN,HUN,20210221
0.098619,0.006885,0.089213,0.007202,1715.0,India,IND,IND,20210221
0.219409,0.014309,0.231917,0.014031,871.0,Indonesia,IDN,IDN,20210221
0.099505,0.015754,0.115942,0.014729,414.0,Iraq,IRQ,IRQ,20210221
0.026737,0.013548,0.030675,0.012674,163.0,Ireland,IRL,IRL,20210221
0.01624,0.003475,0.019534,0.003174,1587.0,Italy,ITA,ITA,20210221
0.088192,0.00383,0.077741,0.004056,4888.0,Japan,JPN,JPN,20210221
0.06208,0.016884,0.067568,0.016232,222.0,Jordan,JOR,JOR,20210221
0.068795,0.019965,0.057971,0.021624,138.0,Kazakhstan,KAZ,KAZ,20210221
0.127183,0.027758,0.162921,0.025043,178.0,Kenya,KEN,KEN,20210221
0.201997,0.019576,0.192118,0.01995,406.0,Malaysia,MYS,MYS,20210221
0.121693,0.006664,0.123462,0.006623,2438.0,Mexico,MEX,MEX,20210221
0.039379,0.018779,0.042735,0.018058,117.0,Nepal,NPL,NPL,20210221
0.029611,0.006642,0.026042,0.007069,576.0,Netherlands,NLD,NLD,20210221
0.045857,0.011852,0.043624,0.012138,298.0,New Zealand,NZL,NZL,20210221
0.18005,0.02043,0.121094,0.024061,256.0,Nigeria,NGA,NGA,20210221
0.019764,0.007478,0.016835,0.00809,297.0,Norway,NOR,NOR,20210221
0.116256,0.020827,0.121457,0.020436,247.0,Pakistan,PAK,PAK,20210221
0.085738,0.024775,0.097222,0.023413,144.0,Paraguay,PRY,PRY,20210221
0.149927,0.014856,0.14539,0.015046,564.0,Peru,PER,PER,20210221
0.292513,0.015005,0.287596,0.01508,911.0,Philippines,PHL,PHL,20210221
0.053423,0.008631,0.053936,0.008592,686.0,Poland,POL,POL,20210221
0.030391,0.005564,0.021771,0.006545,689.0,Portugal,PRT,PRT,20210221
0.067261,0.016556,0.037594,0.021801,133.0,"Puerto Rico, U.S.",PRI,PRI,20210221
0.021646,0.00744,0.026087,0.006792,460.0,Romania,ROU,ROU,20210221
0.039716,0.005608,0.027251,0.006726,844.0,Russia,RUS,RUS,20210221
0.145689,0.02268,0.088608,0.028156,158.0,Saudi Arabia,SAU,SAU,20210221
0.020711,0.009893,0.022321,0.009537,224.0,Serbia,SRB,SRB,20210221
0.02278,0.008987,0.022222,0.009097,270.0,Slovakia,SVK,SVK,20210221
0.024225,0.013404,0.019048,0.015076,105.0,Slovenia,SVN,SVN,20210221
0.151307,0.015421,0.135628,0.016139,494.0,South Africa,ZAF,ZAF,20210221
0.05158,0.014034,0.066456,0.012462,316.0,South Korea,KOR,KOR,20210221
0.045315,0.006283,0.037322,0.006895,911.0,Spain,ESP,ESP,20210221
0.016401,0.0036,0.009563,0.004698,732.0,Sweden,SWE,SWE,20210221
0.031672,0.009551,0.029032,0.009963,310.0,Switzerland,CHE,CHE,20210221
0.129809,0.009453,0.141703,0.00911,1362.0,Taiwan,TWN,TWN,20210221
0.277303,0.016068,0.303659,0.015643,820.0,Thailand,THA,THA,20210221
0.042528,0.01895,0.067797,0.01521,177.0,Tunisia,TUN,TUN,20210221
0.055438,0.008399,0.061893,0.007977,824.0,Turkey,TUR,TUR,20210221
0.110035,0.009876,0.114943,0.00969,1044.0,Ukraine,UKR,UKR,20210221
0.040998,0.006746,0.028192,0.008081,603.0,United Kingdom,GBR,GBR,20210221
0.032914,0.012844,0.045455,0.011001,264.0,Uruguay,URY,URY,20210221
0.23463,0.022001,0.221289,0.02246,357.0,Venezuela,VEN,VEN,20210221
0.276247,0.011227,0.285361,0.011116,1619.0,Vietnam,VNM,VNM,20210221
0.053461,0.014662,0.047393,0.015523,211.0,Algeria,DZA,DZA,20210222
0.083831,0.007413,0.07131,0.007984,1206.0,Argentina,ARG,ARG,20210222
0.038074,0.00869,0.040619,0.008425,517.0,Australia,AUS,AUS,20210222
0.01915,0.009314,0.028302,0.007698,318.0,Austria,AUT,AUT,20210222
0.122822,0.023154,0.103448,0.024955,174.0,Bangladesh,BGD,BGD,20210222
0.037913,0.015928,0.042945,0.015005,163.0,Belarus,BLR,BLR,20210222
0.020282,0.008233,0.023529,0.007656,340.0,Belgium,BEL,BEL,20210222
0.128637,0.02193,0.16609,0.019728,289.0,Bolivia,BOL,BOL,20210222
0.05323,0.00369,0.049479,0.003819,3456.0,Brazil,BRA,BRA,20210222
0.017778,0.007213,0.016234,0.007542,308.0,Bulgaria,BGR,BGR,20210222
0.049612,0.007677,0.05467,0.007332,878.0,Canada,CAN,CAN,20210222
0.063035,0.010759,0.051765,0.011802,425.0,Chile,CHL,CHL,20210222
0.094419,0.00995,0.101732,0.009625,924.0,Colombia,COL,COL,20210222
0.103236,0.025289,0.106667,0.024926,150.0,Costa Rica,CRI,CRI,20210222
0.038727,0.014975,0.037267,0.015254,161.0,Croatia,HRV,HRV,20210222
0.032732,0.007147,0.032468,0.007175,616.0,Czech Republic,CZE,CZE,20210222
0.013438,0.00753,0.0131,0.007625,229.0,Denmark,DNK,DNK,20210222
0.084651,0.024138,0.094595,0.022959,148.0,Dominican Republic,DOM,DOM,20210222
0.206699,0.017687,0.216912,0.017378,544.0,Ecuador,ECU,ECU,20210222
0.19953,0.017328,0.238017,0.016261,605.0,Egypt,EGY,EGY,20210222
0.118982,0.022829,0.116162,0.023067,198.0,El Salvador,SLV,SLV,20210222
0.001888,0.009901,0.009901,0.004341,101.0,Finland,FIN,FIN,20210222
0.020176,0.002796,0.019766,0.002824,2479.0,France,FRA,FRA,20210222
0.028519,0.003644,0.026626,0.003767,1953.0,Germany,DEU,DEU,20210222
0.142407,0.030066,0.156463,0.028922,147.0,Ghana,GHA,GHA,20210222
0.019838,0.006471,0.015957,0.007201,376.0,Greece,GRC,GRC,20210222
0.227906,0.032637,0.245714,0.031801,175.0,Guatemala,GTM,GTM,20210222
0.219788,0.036966,0.260563,0.034874,142.0,Honduras,HND,HND,20210222
0.069181,0.025135,0.082645,0.023165,121.0,Hong Kong,HKG,HKG,20210222
0.039537,0.006624,0.034346,0.007087,757.0,Hungary,HUN,HUN,20210222
0.093174,0.006568,0.083145,0.006915,1768.0,India,IND,IND,20210222
0.218791,0.014372,0.234483,0.014025,870.0,Indonesia,IDN,IDN,20210222
0.130938,0.017206,0.120112,0.017854,358.0,Iraq,IRQ,IRQ,20210222
0.027654,0.014866,0.030075,0.014272,133.0,Ireland,IRL,IRL,20210222
0.016341,0.014071,0.02,0.012742,100.0,Israel,ISR,ISR,20210222
0.020908,0.003906,0.023035,0.003725,1476.0,Italy,ITA,ITA,20210222
0.100374,0.003803,0.080298,0.004206,5106.0,Japan,JPN,JPN,20210222
0.090915,0.017246,0.071429,0.019252,224.0,Jordan,JOR,JOR,20210222
0.088961,0.025135,0.082645,0.025988,121.0,Kazakhstan,KAZ,KAZ,20210222
0.172314,0.026756,0.176471,0.026506,204.0,Kenya,KEN,KEN,20210222
0.066263,0.029868,0.09901,0.024874,101.0,Libya,LBY,LBY,20210222
0.214848,0.021543,0.226913,0.021125,379.0,Malaysia,MYS,MYS,20210222
0.141274,0.006849,0.138419,0.006908,2543.0,Mexico,MEX,MEX,20210222
0.016733,0.015325,0.026786,0.012175,112.0,Morocco,MAR,MAR,20210222
0.104431,0.027776,0.096491,0.028769,114.0,Nepal,NPL,NPL,20210222
0.034291,0.006925,0.029801,0.007411,604.0,Netherlands,NLD,NLD,20210222
0.068202,0.015313,0.070922,0.015039,282.0,New Zealand,NZL,NZL,20210222
0.122024,0.019711,0.116541,0.020107,266.0,Nigeria,NGA,NGA,20210222
0.012259,0.006814,0.013699,0.006451,292.0,Norway,NOR,NOR,20210222
0.084056,0.018891,0.095041,0.017874,242.0,Pakistan,PAK,PAK,20210222
0.033667,0.019695,0.04,0.018128,100.0,Panama,PAN,PAN,20210222
0.07735,0.024584,0.088889,0.023078,135.0,Paraguay,PRY,PRY,20210222
0.151605,0.014563,0.174743,0.013753,681.0,Peru,PER,PER,20210222
0.25197,0.014347,0.278403,0.013897,977.0,Philippines,PHL,PHL,20210222
0.044173,0.008246,0.049275,0.007828,690.0,Poland,POL,POL,20210222
0.030899,0.006725,0.024528,0.007524,530.0,Portugal,PRT,PRT,20210222
0.075639,0.01684,0.045455,0.021377,154.0,"Puerto Rico, U.S.",PRI,PRI,20210222
0.034667,0.008645,0.035165,0.008586,455.0,Romania,ROU,ROU,20210222
0.070067,0.006154,0.033097,0.008781,846.0,Russia,RUS,RUS,20210222
0.109925,0.020437,0.070064,0.025044,157.0,Saudi Arabia,SAU,SAU,20210222
0.017799,0.009827,0.019802,0.009326,202.0,Serbia,SRB,SRB,20210222
0.01798,0.007827,0.015748,0.008354,254.0,Slovakia,SVK,SVK,20210222
0.117964,0.016008,0.128146,0.015448,437.0,South Africa,ZAF,ZAF,20210222
0.052382,0.014767,0.078313,0.012246,332.0,South Korea,KOR,KOR,20210222
0.030901,0.005628,0.02967,0.00574,910.0,Spain,ESP,ESP,20210222
0.303537,0.041277,0.217822,0.045979,101.0,Sudan,SDN,SDN,20210222
0.032458,0.004501,0.014327,0.006712,698.0,Sweden,SWE,SWE,20210222
0.018676,0.00769,0.018987,0.007628,316.0,Switzerland,CHE,CHE,20210222
0.112649,0.009286,0.123003,0.008939,1252.0,Taiwan,TWN,TWN,20210222
0.244604,0.016586,0.303896,0.015501,770.0,Thailand,THA,THA,20210222
0.100769,0.021606,0.098958,0.021781,192.0,Tunisia,TUN,TUN,20210222
0.075133,0.009173,0.067114,0.009664,745.0,Turkey,TUR,TUR,20210222
0.138533,0.010132,0.12127,0.010723,1039.0,Ukraine,UKR,UKR,20210222
0.015621,0.005424,0.016393,0.005297,549.0,United Kingdom,GBR,GBR,20210222
0.05584,0.01197,0.044068,0.013391,295.0,Uruguay,URY,URY,20210222
0.234875,0.021573,0.236504,0.021521,389.0,Venezuela,VEN,VEN,20210222
0.305729,0.011797,0.306736,0.011786,1529.0,Vietnam,VNM,VNM,20210222
