pct_hes_dontbelieve,hes_dontbelieve_se,pct_hes_dontbelieve_unw,hes_dontbelieve_se_unw,sample_size,country,iso_code,gid_0,survey_date
0.16726,0.025367,0.190871,0.02409,241.0,Algeria,DZA,DZA,20210206
0.093039,0.008299,0.077735,0.009003,1042.0,Argentina,ARG,ARG,20210206
0.091566,0.012018,0.095318,0.011804,598.0,Australia,AUS,AUS,20210206
0.23505,0.027745,0.227074,0.028082,229.0,Austria,AUT,AUT,20210206
0.062586,0.021938,0.106061,0.017257,198.0,Bangladesh,BGD,BGD,20210206
0.189665,0.029838,0.139706,0.033741,136.0,Belarus,BLR,BLR,20210206
0.179222,0.023677,0.191336,0.023086,277.0,Belgium,BEL,BEL,20210206
0.031161,0.011661,0.042904,0.009998,303.0,Bolivia,BOL,BOL,20210206
0.073244,0.004717,0.062571,0.005075,2637.0,Brazil,BRA,BRA,20210206
0.205094,0.025989,0.215139,0.025537,251.0,Bulgaria,BGR,BGR,20210206
0.160464,0.012638,0.144516,0.013193,775.0,Canada,CAN,CAN,20210206
0.09229,0.012717,0.077098,0.013798,441.0,Chile,CHL,CHL,20210206
0.07619,0.008096,0.070211,0.008406,997.0,Colombia,COL,COL,20210206
0.067775,0.025398,0.069307,0.025136,101.0,Costa Rica,CRI,CRI,20210206
0.143636,0.02867,0.133803,0.029536,142.0,Croatia,HRV,HRV,20210206
0.202654,0.019242,0.22103,0.018641,466.0,Czech Republic,CZE,CZE,20210206
0.247751,0.03074,0.225806,0.03174,186.0,Denmark,DNK,DNK,20210206
0.144578,0.027792,0.140127,0.028157,157.0,Dominican Republic,DOM,DOM,20210206
0.07445,0.012118,0.0625,0.013142,400.0,Ecuador,ECU,ECU,20210206
0.124434,0.015324,0.146341,0.014311,533.0,Egypt,EGY,EGY,20210206
0.059494,0.018298,0.0625,0.017881,176.0,El Salvador,SLV,SLV,20210206
0.142148,0.007465,0.137559,0.007568,2130.0,France,FRA,FRA,20210206
0.168063,0.009144,0.168653,0.009131,1678.0,Germany,DEU,DEU,20210206
0.152367,0.031662,0.181208,0.029541,149.0,Ghana,GHA,GHA,20210206
0.101383,0.014679,0.093671,0.015206,395.0,Greece,GRC,GRC,20210206
0.213334,0.02625,0.131737,0.031796,167.0,Guatemala,GTM,GTM,20210206
0.090989,0.0173,0.043165,0.024482,139.0,Honduras,HND,HND,20210206
0.074767,0.025583,0.079646,0.024853,113.0,Hong Kong,HKG,HKG,20210206
0.250998,0.01854,0.233716,0.018996,522.0,Hungary,HUN,HUN,20210206
0.150218,0.009442,0.153159,0.009367,1456.0,India,IND,IND,20210206
0.158789,0.012274,0.149289,0.012588,844.0,Indonesia,IDN,IDN,20210206
0.309394,0.024957,0.216117,0.028028,273.0,Iraq,IRQ,IRQ,20210206
0.123878,0.030456,0.130081,0.029826,123.0,Ireland,IRL,IRL,20210206
0.167652,0.032383,0.173913,0.031915,138.0,Israel,ISR,ISR,20210206
0.099398,0.00802,0.08678,0.008524,1233.0,Italy,ITA,ITA,20210206
0.033592,0.002432,0.034556,0.002399,5643.0,Japan,JPN,JPN,20210206
0.204232,0.035879,0.226277,0.034569,137.0,Jordan,JOR,JOR,20210206
0.222623,0.037774,0.206897,0.038793,116.0,Kazakhstan,KAZ,KAZ,20210206
0.084407,0.022711,0.092025,0.021841,163.0,Kenya,KEN,KEN,20210206
0.129764,0.031542,0.130435,0.031473,115.0,Lebanon,LBN,LBN,20210206
0.053799,0.011976,0.060453,0.011338,397.0,Malaysia,MYS,MYS,20210206
0.050306,0.004193,0.04704,0.004328,2551.0,Mexico,MEX,MEX,20210206
0.248937,0.044084,0.26,0.043458,100.0,Morocco,MAR,MAR,20210206
0.06022,0.02403,0.070175,0.022379,114.0,Nepal,NPL,NPL,20210206
0.249359,0.019809,0.224719,0.020532,445.0,Netherlands,NLD,NLD,20210206
0.166515,0.023337,0.142222,0.024892,225.0,New Zealand,NZL,NZL,20210206
0.181917,0.021726,0.154676,0.023179,278.0,Nigeria,NGA,NGA,20210206
0.159624,0.018869,0.099206,0.023118,252.0,Norway,NOR,NOR,20210206
0.165805,0.027807,0.181347,0.02684,193.0,Pakistan,PAK,PAK,20210206
0.13291,0.031966,0.141667,0.03112,120.0,Paraguay,PRY,PRY,20210206
0.048789,0.007915,0.044313,0.008286,677.0,Peru,PER,PER,20210206
0.089035,0.009492,0.077118,0.010133,791.0,Philippines,PHL,PHL,20210206
0.23195,0.018327,0.214712,0.018838,503.0,Poland,POL,POL,20210206
0.030776,0.007323,0.032423,0.007141,586.0,Portugal,PRT,PRT,20210206
0.040699,0.016189,0.032787,0.017963,122.0,"Puerto Rico, U.S.",PRI,PRI,20210206
0.242994,0.019841,0.209026,0.020928,421.0,Romania,ROU,ROU,20210206
0.184762,0.014,0.198276,0.013628,812.0,Russia,RUS,RUS,20210206
0.15827,0.027952,0.176471,0.026763,187.0,Saudi Arabia,SAU,SAU,20210206
0.235449,0.027372,0.213333,0.028348,225.0,Serbia,SRB,SRB,20210206
0.184477,0.027129,0.1875,0.026959,208.0,Slovakia,SVK,SVK,20210206
0.224527,0.040202,0.2,0.041937,100.0,Slovenia,SVN,SVN,20210206
0.104525,0.015571,0.103896,0.015612,385.0,South Africa,ZAF,ZAF,20210206
0.073414,0.011889,0.051724,0.014001,348.0,South Korea,KOR,KOR,20210206
0.06585,0.007822,0.063082,0.00798,967.0,Spain,ESP,ESP,20210206
0.119527,0.01141,0.088567,0.013029,621.0,Sweden,SWE,SWE,20210206
0.232997,0.022535,0.20679,0.023522,324.0,Switzerland,CHE,CHE,20210206
0.090024,0.008515,0.098615,0.008174,1227.0,Taiwan,TWN,TWN,20210206
0.088514,0.008804,0.068841,0.009877,828.0,Thailand,THA,THA,20210206
0.109032,0.026163,0.149733,0.022853,187.0,Tunisia,TUN,TUN,20210206
0.159051,0.013574,0.181141,0.01289,806.0,Turkey,TUR,TUR,20210206
0.197927,0.01277,0.184865,0.013108,925.0,Ukraine,UKR,UKR,20210206
0.118904,0.013603,0.110694,0.014033,533.0,United Kingdom,GBR,GBR,20210206
0.17377,0.019775,0.11284,0.023682,257.0,Uruguay,URY,URY,20210206
0.090085,0.014051,0.075843,0.015195,356.0,Venezuela,VEN,VEN,20210206
0.069141,0.006623,0.066431,0.006747,1415.0,Vietnam,VNM,VNM,20210206
0.236874,0.02743,0.236515,0.027444,241.0,Algeria,DZA,DZA,20210207
0.085289,0.007729,0.07078,0.008418,1102.0,Argentina,ARG,ARG,20210207
0.082799,0.011311,0.083472,0.011269,599.0,Australia,AUS,AUS,20210207
0.216956,0.023418,0.192982,0.024458,285.0,Austria,AUT,AUT,20210207
0.087955,0.019405,0.1,0.018321,240.0,Bangladesh,BGD,BGD,20210207
0.142736,0.026027,0.133721,0.02675,172.0,Belarus,BLR,BLR,20210207
0.212261,0.022786,0.194719,0.02353,303.0,Belgium,BEL,BEL,20210207
0.07225,0.015933,0.075812,0.015584,277.0,Bolivia,BOL,BOL,20210207
0.078594,0.004906,0.066382,0.005303,2576.0,Brazil,BRA,BRA,20210207
0.17463,0.022284,0.180602,0.021993,299.0,Bulgaria,BGR,BGR,20210207
0.173611,0.012282,0.159551,0.012704,890.0,Canada,CAN,CAN,20210207
0.089257,0.012721,0.0783,0.013501,447.0,Chile,CHL,CHL,20210207
0.091268,0.00845,0.075026,0.009237,973.0,Colombia,COL,COL,20210207
0.26345,0.034521,0.251572,0.035045,159.0,Croatia,HRV,HRV,20210207
0.237162,0.020082,0.242888,0.019918,457.0,Czech Republic,CZE,CZE,20210207
0.115147,0.020687,0.094527,0.022571,201.0,Denmark,DNK,DNK,20210207
0.111444,0.024222,0.101911,0.025195,157.0,Dominican Republic,DOM,DOM,20210207
0.068513,0.011128,0.05102,0.012776,392.0,Ecuador,ECU,ECU,20210207
0.1847,0.017088,0.170782,0.017621,486.0,Egypt,EGY,EGY,20210207
0.064923,0.015373,0.04712,0.017875,191.0,El Salvador,SLV,SLV,20210207
0.137323,0.00695,0.128028,0.00716,2312.0,France,FRA,FRA,20210207
0.157314,0.008671,0.153356,0.008761,1728.0,Germany,DEU,DEU,20210207
0.163397,0.032174,0.172662,0.031473,139.0,Ghana,GHA,GHA,20210207
0.105778,0.015291,0.105911,0.015282,406.0,Greece,GRC,GRC,20210207
0.1556,0.02611,0.110345,0.030206,145.0,Guatemala,GTM,GTM,20210207
0.095932,0.01739,0.050314,0.023429,159.0,Honduras,HND,HND,20210207
0.183818,0.03578,0.175439,0.036437,114.0,Hong Kong,HKG,HKG,20210207
0.236764,0.016547,0.211475,0.017226,610.0,Hungary,HUN,HUN,20210207
0.129661,0.009555,0.145788,0.009096,1365.0,India,IND,IND,20210207
0.146111,0.012671,0.154601,0.01238,815.0,Indonesia,IDN,IDN,20210207
0.25397,0.025181,0.182203,0.028395,236.0,Iraq,IRQ,IRQ,20210207
0.079195,0.020847,0.060606,0.023594,132.0,Ireland,IRL,IRL,20210207
0.228976,0.037968,0.255639,0.036571,133.0,Israel,ISR,ISR,20210207
0.081103,0.007274,0.076808,0.007458,1341.0,Italy,ITA,ITA,20210207
0.03835,0.002653,0.03727,0.00269,5098.0,Japan,JPN,JPN,20210207
0.179884,0.033355,0.204082,0.031788,147.0,Jordan,JOR,JOR,20210207
0.21794,0.041657,0.242991,0.040099,107.0,Kazakhstan,KAZ,KAZ,20210207
0.102936,0.025777,0.122699,0.023875,163.0,Kenya,KEN,KEN,20210207
0.09232,0.027776,0.096491,0.027232,114.0,Lebanon,LBN,LBN,20210207
0.046778,0.011499,0.05277,0.010861,379.0,Malaysia,MYS,MYS,20210207
0.049256,0.004206,0.045137,0.004385,2437.0,Mexico,MEX,MEX,20210207
0.065852,0.031732,0.121495,0.02409,107.0,Nepal,NPL,NPL,20210207
0.302598,0.021374,0.258907,0.022416,421.0,Netherlands,NLD,NLD,20210207
0.120688,0.01812,0.095057,0.020126,263.0,New Zealand,NZL,NZL,20210207
0.20546,0.023039,0.1875,0.02385,288.0,Nigeria,NGA,NGA,20210207
0.083374,0.015661,0.074468,0.016491,282.0,Norway,NOR,NOR,20210207
0.152248,0.023863,0.1625,0.023239,240.0,Pakistan,PAK,PAK,20210207
0.068718,0.020023,0.054264,0.02236,129.0,Paraguay,PRY,PRY,20210207
0.064474,0.009448,0.063988,0.009481,672.0,Peru,PER,PER,20210207
0.058123,0.008186,0.057143,0.008252,805.0,Philippines,PHL,PHL,20210207
0.222754,0.017403,0.242175,0.016903,607.0,Poland,POL,POL,20210207
0.026936,0.006581,0.028302,0.006425,636.0,Portugal,PRT,PRT,20210207
0.095811,0.021095,0.065217,0.025146,138.0,"Puerto Rico, U.S.",PRI,PRI,20210207
0.195833,0.019759,0.189873,0.019993,395.0,Romania,ROU,ROU,20210207
0.202778,0.013632,0.192354,0.013906,837.0,Russia,RUS,RUS,20210207
0.107404,0.023424,0.084507,0.026075,142.0,Saudi Arabia,SAU,SAU,20210207
0.196223,0.028939,0.195767,0.028964,189.0,Serbia,SRB,SRB,20210207
0.143391,0.024119,0.154867,0.023365,226.0,Slovakia,SVK,SVK,20210207
0.114633,0.015032,0.109049,0.015363,431.0,South Africa,ZAF,ZAF,20210207
0.014335,0.007683,0.017301,0.007004,289.0,South Korea,KOR,KOR,20210207
0.070487,0.007681,0.064985,0.007976,1031.0,Spain,ESP,ESP,20210207
0.134586,0.010889,0.092068,0.012853,706.0,Sweden,SWE,SWE,20210207
0.189413,0.021888,0.191358,0.021802,324.0,Switzerland,CHE,CHE,20210207
0.086721,0.00821,0.087616,0.008172,1187.0,Taiwan,TWN,TWN,20210207
0.059082,0.008813,0.065051,0.008426,784.0,Thailand,THA,THA,20210207
0.167514,0.02539,0.193416,0.024005,243.0,Tunisia,TUN,TUN,20210207
0.15227,0.013881,0.185751,0.012823,786.0,Turkey,TUR,TUR,20210207
0.184651,0.012474,0.181818,0.012549,957.0,Ukraine,UKR,UKR,20210207
0.151711,0.013741,0.12543,0.014883,582.0,United Kingdom,GBR,GBR,20210207
0.066811,0.016204,0.069106,0.015952,246.0,Uruguay,URY,URY,20210207
0.09478,0.015859,0.094118,0.015909,340.0,Venezuela,VEN,VEN,20210207
0.054122,0.006414,0.058736,0.006172,1345.0,Vietnam,VNM,VNM,20210207
0.218982,0.025998,0.183857,0.027756,223.0,Algeria,DZA,DZA,20210208
0.083544,0.007513,0.074468,0.007919,1222.0,Argentina,ARG,ARG,20210208
0.098372,0.013046,0.107774,0.012529,566.0,Australia,AUS,AUS,20210208
0.215747,0.025771,0.224335,0.025413,263.0,Austria,AUT,AUT,20210208
0.096758,0.019274,0.092511,0.019665,227.0,Bangladesh,BGD,BGD,20210208
0.110374,0.03009,0.148936,0.026483,141.0,Belarus,BLR,BLR,20210208
0.174039,0.021279,0.158784,0.022075,296.0,Belgium,BEL,BEL,20210208
0.073016,0.013862,0.062295,0.014921,305.0,Bolivia,BOL,BOL,20210208
0.081528,0.004948,0.072469,0.005223,2746.0,Brazil,BRA,BRA,20210208
0.185836,0.023362,0.194444,0.02296,288.0,Bulgaria,BGR,BGR,20210208
0.139431,0.011543,0.117798,0.012403,781.0,Canada,CAN,CAN,20210208
0.091193,0.012749,0.079646,0.013556,452.0,Chile,CHL,CHL,20210208
0.085208,0.008286,0.076098,0.008725,1025.0,Colombia,COL,COL,20210208
0.071345,0.026015,0.07619,0.02524,105.0,Costa Rica,CRI,CRI,20210208
0.243712,0.033962,0.212329,0.035653,146.0,Croatia,HRV,HRV,20210208
0.249892,0.02055,0.248307,0.020593,443.0,Czech Republic,CZE,CZE,20210208
0.157121,0.02251,0.117073,0.025479,205.0,Denmark,DNK,DNK,20210208
0.165337,0.029339,0.152318,0.030332,151.0,Dominican Republic,DOM,DOM,20210208
0.067582,0.010988,0.054118,0.012191,425.0,Ecuador,ECU,ECU,20210208
0.172482,0.016363,0.157258,0.016981,496.0,Egypt,EGY,EGY,20210208
0.052671,0.017253,0.058824,0.016379,187.0,El Salvador,SLV,SLV,20210208
0.133721,0.006993,0.121918,0.007275,2190.0,France,FRA,FRA,20210208
0.164538,0.009153,0.163814,0.009169,1636.0,Germany,DEU,DEU,20210208
0.144318,0.027819,0.156977,0.026873,172.0,Ghana,GHA,GHA,20210208
0.110937,0.016311,0.118987,0.015822,395.0,Greece,GRC,GRC,20210208
0.069546,0.02298,0.079137,0.021654,139.0,Guatemala,GTM,GTM,20210208
0.101452,0.021931,0.082278,0.024096,158.0,Honduras,HND,HND,20210208
0.241272,0.016862,0.211244,0.017675,587.0,Hungary,HUN,HUN,20210208
0.14749,0.009378,0.130704,0.009865,1293.0,India,IND,IND,20210208
0.133179,0.012089,0.141657,0.011779,833.0,Indonesia,IDN,IDN,20210208
0.222895,0.025632,0.207171,0.026322,251.0,Iraq,IRQ,IRQ,20210208
0.146467,0.028391,0.128571,0.02999,140.0,Ireland,IRL,IRL,20210208
0.370337,0.044899,0.314815,0.046683,108.0,Israel,ISR,ISR,20210208
0.095744,0.007801,0.090303,0.008008,1351.0,Italy,ITA,ITA,20210208
0.028565,0.002457,0.029399,0.002423,4728.0,Japan,JPN,JPN,20210208
0.299552,0.037846,0.268116,0.039135,138.0,Jordan,JOR,JOR,20210208
0.239331,0.039829,0.225225,0.040682,111.0,Kazakhstan,KAZ,KAZ,20210208
0.101644,0.02716,0.118881,0.025358,143.0,Kenya,KEN,KEN,20210208
0.064678,0.011111,0.048257,0.012752,373.0,Malaysia,MYS,MYS,20210208
0.045177,0.004043,0.04375,0.004106,2560.0,Mexico,MEX,MEX,20210208
0.188091,0.040907,0.243243,0.03726,111.0,Morocco,MAR,MAR,20210208
0.152595,0.025748,0.084746,0.033245,118.0,Nepal,NPL,NPL,20210208
0.299274,0.019648,0.247934,0.020837,484.0,Netherlands,NLD,NLD,20210208
0.105171,0.019304,0.101626,0.019599,246.0,New Zealand,NZL,NZL,20210208
0.183974,0.026407,0.22619,0.024456,252.0,Nigeria,NGA,NGA,20210208
0.076941,0.015429,0.069597,0.016159,273.0,Norway,NOR,NOR,20210208
0.117355,0.022388,0.128889,0.021504,225.0,Pakistan,PAK,PAK,20210208
0.119659,0.026255,0.095238,0.02903,126.0,Paraguay,PRY,PRY,20210208
0.108342,0.011051,0.083994,0.012383,631.0,Peru,PER,PER,20210208
0.08563,0.00989,0.085213,0.009912,798.0,Philippines,PHL,PHL,20210208
0.180856,0.016739,0.183178,0.016656,535.0,Poland,POL,POL,20210208
0.03602,0.007939,0.037931,0.007744,580.0,Portugal,PRT,PRT,20210208
0.069558,0.018899,0.054795,0.021127,146.0,"Puerto Rico, U.S.",PRI,PRI,20210208
0.227551,0.021801,0.214085,0.022283,355.0,Romania,ROU,ROU,20210208
0.199196,0.014339,0.188172,0.014652,744.0,Russia,RUS,RUS,20210208
0.118333,0.02582,0.129412,0.024846,170.0,Saudi Arabia,SAU,SAU,20210208
0.127696,0.024878,0.136126,0.024213,191.0,Serbia,SRB,SRB,20210208
0.180661,0.026639,0.17561,0.026937,205.0,Slovakia,SVK,SVK,20210208
0.29605,0.042202,0.263636,0.043726,110.0,Slovenia,SVN,SVN,20210208
0.107428,0.013505,0.094017,0.014329,468.0,South Africa,ZAF,ZAF,20210208
0.023531,0.010956,0.035211,0.009011,284.0,South Korea,KOR,KOR,20210208
0.04276,0.006777,0.04492,0.00662,935.0,Spain,ESP,ESP,20210208
0.116323,0.012192,0.102894,0.012866,622.0,Sweden,SWE,SWE,20210208
0.169112,0.021422,0.178125,0.020988,320.0,Switzerland,CHE,CHE,20210208
0.114083,0.009559,0.111008,0.009674,1081.0,Taiwan,TWN,TWN,20210208
0.091304,0.01066,0.087819,0.010848,706.0,Thailand,THA,THA,20210208
0.195373,0.024514,0.157658,0.026671,222.0,Tunisia,TUN,TUN,20210208
0.171269,0.014322,0.174716,0.014209,704.0,Turkey,TUR,TUR,20210208
0.177032,0.012422,0.170838,0.012598,919.0,Ukraine,UKR,UKR,20210208
0.14661,0.013925,0.123435,0.014974,559.0,United Kingdom,GBR,GBR,20210208
0.053523,0.012775,0.047101,0.013572,276.0,Uruguay,URY,URY,20210208
0.079278,0.014744,0.08427,0.014339,356.0,Venezuela,VEN,VEN,20210208
0.075931,0.006152,0.064536,0.006633,1596.0,Vietnam,VNM,VNM,20210208
0.270288,0.028459,0.257384,0.028909,237.0,Algeria,DZA,DZA,20210209
0.074016,0.0071,0.061739,0.007723,1150.0,Argentina,ARG,ARG,20210209
0.108551,0.012554,0.106136,0.012678,603.0,Australia,AUS,AUS,20210209
0.212285,0.025992,0.212851,0.025967,249.0,Austria,AUT,AUT,20210209
0.105787,0.025403,0.127168,0.023452,173.0,Bangladesh,BGD,BGD,20210209
0.172602,0.032733,0.15,0.034642,120.0,Belarus,BLR,BLR,20210209
0.138384,0.020709,0.137184,0.020785,277.0,Belgium,BEL,BEL,20210209
0.041464,0.013079,0.053691,0.011568,298.0,Bolivia,BOL,BOL,20210209
0.064945,0.004607,0.059713,0.004792,2646.0,Brazil,BRA,BRA,20210209
0.272809,0.028406,0.230769,0.030029,221.0,Bulgaria,BGR,BGR,20210209
0.15065,0.012718,0.1525,0.012655,800.0,Canada,CAN,CAN,20210209
0.105216,0.013595,0.083933,0.015044,417.0,Chile,CHL,CHL,20210209
0.093283,0.00804,0.072254,0.009031,1038.0,Colombia,COL,COL,20210209
0.077455,0.027834,0.105691,0.024201,123.0,Costa Rica,CRI,CRI,20210209
0.306532,0.036538,0.265306,0.038157,147.0,Croatia,HRV,HRV,20210209
0.24605,0.020606,0.239535,0.020795,430.0,Czech Republic,CZE,CZE,20210209
0.194906,0.024868,0.124294,0.029859,177.0,Denmark,DNK,DNK,20210209
0.083241,0.023533,0.092105,0.022481,152.0,Dominican Republic,DOM,DOM,20210209
0.085985,0.011978,0.076768,0.012613,495.0,Ecuador,ECU,ECU,20210209
0.169352,0.016891,0.166324,0.017013,487.0,Egypt,EGY,EGY,20210209
0.063806,0.017713,0.06044,0.018167,182.0,El Salvador,SLV,SLV,20210209
0.138844,0.007544,0.140434,0.007508,2122.0,France,FRA,FRA,20210209
0.169306,0.009207,0.16005,0.009417,1587.0,Germany,DEU,DEU,20210209
0.164026,0.030688,0.152174,0.031637,138.0,Ghana,GHA,GHA,20210209
0.07471,0.013922,0.079365,0.013541,378.0,Greece,GRC,GRC,20210209
0.090428,0.023009,0.108696,0.0212,184.0,Guatemala,GTM,GTM,20210209
0.04979,0.017076,0.049383,0.017142,162.0,Honduras,HND,HND,20210209
0.058481,0.024236,0.070796,0.022172,113.0,Hong Kong,HKG,HKG,20210209
0.234789,0.017214,0.204007,0.018107,549.0,Hungary,HUN,HUN,20210209
0.10815,0.009048,0.12971,0.008363,1380.0,India,IND,IND,20210209
0.186179,0.013107,0.166047,0.013711,807.0,Indonesia,IDN,IDN,20210209
0.160469,0.024855,0.2,0.022807,260.0,Iraq,IRQ,IRQ,20210209
0.136615,0.027129,0.122449,0.028423,147.0,Ireland,IRL,IRL,20210209
0.211521,0.037463,0.2,0.038249,115.0,Israel,ISR,ISR,20210209
0.091039,0.008014,0.088818,0.008104,1261.0,Italy,ITA,ITA,20210209
0.037716,0.002937,0.040214,0.002848,4476.0,Japan,JPN,JPN,20210209
0.195606,0.032343,0.229412,0.030513,170.0,Jordan,JOR,JOR,20210209
0.209633,0.040191,0.222222,0.039351,108.0,Kazakhstan,KAZ,KAZ,20210209
0.15403,0.030285,0.168831,0.029183,154.0,Kenya,KEN,KEN,20210209
0.087095,0.014239,0.082667,0.014581,375.0,Malaysia,MYS,MYS,20210209
0.049484,0.004138,0.047202,0.004232,2627.0,Mexico,MEX,MEX,20210209
0.152517,0.033781,0.150442,0.033972,113.0,Nepal,NPL,NPL,20210209
0.281307,0.018972,0.240157,0.019969,508.0,Netherlands,NLD,NLD,20210209
0.108129,0.02136,0.115556,0.020749,225.0,New Zealand,NZL,NZL,20210209
0.062454,0.024688,0.067308,0.023843,104.0,Nicaragua,NIC,NIC,20210209
0.246303,0.023337,0.20202,0.025043,297.0,Nigeria,NGA,NGA,20210209
0.104785,0.016424,0.083916,0.018142,286.0,Norway,NOR,NOR,20210209
0.181715,0.026673,0.183962,0.026546,212.0,Pakistan,PAK,PAK,20210209
0.114585,0.025155,0.078261,0.029832,115.0,Paraguay,PRY,PRY,20210209
0.082815,0.010319,0.073438,0.010903,640.0,Peru,PER,PER,20210209
0.086413,0.009279,0.072704,0.010041,784.0,Philippines,PHL,PHL,20210209
0.221594,0.018273,0.229755,0.01804,531.0,Poland,POL,POL,20210209
0.0368,0.008042,0.039316,0.007791,585.0,Portugal,PRT,PRT,20210209
0.056567,0.022346,0.056075,0.022438,107.0,"Puerto Rico, U.S.",PRI,PRI,20210209
0.240793,0.02002,0.223502,0.020547,434.0,Romania,ROU,ROU,20210209
0.180273,0.014048,0.189744,0.013773,780.0,Russia,RUS,RUS,20210209
0.193024,0.035656,0.224638,0.033719,138.0,Saudi Arabia,SAU,SAU,20210209
0.188054,0.026694,0.178744,0.027225,207.0,Serbia,SRB,SRB,20210209
0.167424,0.02497,0.147783,0.026269,203.0,Slovakia,SVK,SVK,20210209
0.209671,0.04143,0.235849,0.039726,106.0,Slovenia,SVN,SVN,20210209
0.125699,0.016146,0.131818,0.015822,440.0,South Africa,ZAF,ZAF,20210209
0.049409,0.012866,0.047445,0.013117,274.0,South Korea,KOR,KOR,20210209
0.064059,0.007753,0.056983,0.008189,895.0,Spain,ESP,ESP,20210209
0.1261,0.011768,0.098284,0.013122,641.0,Sweden,SWE,SWE,20210209
0.225301,0.022759,0.184932,0.024491,292.0,Switzerland,CHE,CHE,20210209
0.090646,0.008376,0.086726,0.008545,1130.0,Taiwan,TWN,TWN,20210209
0.094795,0.010369,0.088859,0.010675,754.0,Thailand,THA,THA,20210209
0.212177,0.026342,0.181395,0.027948,215.0,Tunisia,TUN,TUN,20210209
0.167086,0.014714,0.161342,0.014922,626.0,Turkey,TUR,TUR,20210209
0.1629,0.012655,0.166858,0.012534,869.0,Ukraine,UKR,UKR,20210209
0.121158,0.01397,0.118959,0.014081,538.0,United Kingdom,GBR,GBR,20210209
0.088557,0.016933,0.07874,0.017861,254.0,Uruguay,URY,URY,20210209
0.106152,0.015728,0.094828,0.016536,348.0,Venezuela,VEN,VEN,20210209
0.073306,0.006771,0.068719,0.006976,1397.0,Vietnam,VNM,VNM,20210209
0.19632,0.028337,0.224771,0.026965,218.0,Algeria,DZA,DZA,20210210
0.077255,0.007478,0.065138,0.008091,1090.0,Argentina,ARG,ARG,20210210
0.119197,0.013402,0.110909,0.013829,550.0,Australia,AUS,AUS,20210210
0.229735,0.026659,0.231076,0.026605,251.0,Austria,AUT,AUT,20210210
0.039948,0.01996,0.085859,0.013953,198.0,Bangladesh,BGD,BGD,20210210
0.152775,0.031738,0.157895,0.031314,133.0,Belarus,BLR,BLR,20210210
0.141123,0.021239,0.148936,0.020769,282.0,Belgium,BEL,BEL,20210210
0.09407,0.015297,0.08125,0.016345,320.0,Bolivia,BOL,BOL,20210210
0.079201,0.005078,0.06754,0.005465,2443.0,Brazil,BRA,BRA,20210210
0.267478,0.025955,0.248201,0.026596,278.0,Bulgaria,BGR,BGR,20210210
0.15218,0.012315,0.14321,0.012629,810.0,Canada,CAN,CAN,20210210
0.025829,0.008834,0.032338,0.007921,402.0,Chile,CHL,CHL,20210210
0.091692,0.009179,0.089691,0.009271,970.0,Colombia,COL,COL,20210210
0.077716,0.03015,0.115044,0.025298,113.0,Costa Rica,CRI,CRI,20210210
0.190361,0.032622,0.210191,0.031432,157.0,Croatia,HRV,HRV,20210210
0.216752,0.019398,0.228145,0.019046,469.0,Czech Republic,CZE,CZE,20210210
0.133293,0.02384,0.13,0.024094,200.0,Denmark,DNK,DNK,20210210
0.146915,0.025806,0.135593,0.026685,177.0,Dominican Republic,DOM,DOM,20210210
0.069295,0.011746,0.061758,0.012392,421.0,Ecuador,ECU,ECU,20210210
0.167816,0.015952,0.153996,0.016515,513.0,Egypt,EGY,EGY,20210210
0.084228,0.020405,0.085106,0.02031,188.0,El Salvador,SLV,SLV,20210210
0.155601,0.007599,0.141294,0.007908,2102.0,France,FRA,FRA,20210210
0.180022,0.009279,0.167694,0.009543,1622.0,Germany,DEU,DEU,20210210
0.134152,0.029965,0.173913,0.026944,161.0,Ghana,GHA,GHA,20210210
0.146785,0.017624,0.13079,0.018498,367.0,Greece,GRC,GRC,20210210
0.208834,0.02753,0.145455,0.03174,165.0,Guatemala,GTM,GTM,20210210
0.038692,0.014902,0.033784,0.015907,148.0,Honduras,HND,HND,20210210
0.124163,0.032596,0.135135,0.031442,111.0,Hong Kong,HKG,HKG,20210210
0.245441,0.01696,0.21562,0.017747,589.0,Hungary,HUN,HUN,20210210
0.123535,0.009397,0.137982,0.008966,1348.0,India,IND,IND,20210210
0.118,0.012229,0.145433,0.011191,832.0,Indonesia,IDN,IDN,20210210
0.221375,0.027257,0.217391,0.027435,230.0,Iraq,IRQ,IRQ,20210210
0.125865,0.03139,0.125,0.031483,112.0,Ireland,IRL,IRL,20210210
0.270271,0.0411,0.233645,0.043135,107.0,Israel,ISR,ISR,20210210
0.063107,0.007179,0.071429,0.006778,1288.0,Italy,ITA,ITA,20210210
0.031137,0.002735,0.038021,0.002484,4892.0,Japan,JPN,JPN,20210210
0.299429,0.036704,0.303797,0.036553,158.0,Jordan,JOR,JOR,20210210
0.168076,0.036332,0.168224,0.03632,107.0,Kazakhstan,KAZ,KAZ,20210210
0.132213,0.026027,0.133721,0.025903,172.0,Kenya,KEN,KEN,20210210
0.052694,0.027006,0.079208,0.022342,101.0,Lebanon,LBN,LBN,20210210
0.068006,0.012152,0.058667,0.013018,375.0,Malaysia,MYS,MYS,20210210
0.056088,0.004031,0.045181,0.004465,2656.0,Mexico,MEX,MEX,20210210
0.070767,0.02978,0.126984,0.022936,126.0,Nepal,NPL,NPL,20210210
0.245212,0.018882,0.221074,0.019575,484.0,Netherlands,NLD,NLD,20210210
0.083308,0.018268,0.082969,0.018302,229.0,New Zealand,NZL,NZL,20210210
0.136445,0.023556,0.186131,0.020775,274.0,Nigeria,NGA,NGA,20210210
0.057586,0.015524,0.075601,0.01368,291.0,Norway,NOR,NOR,20210210
0.115825,0.025546,0.151515,0.0228,198.0,Pakistan,PAK,PAK,20210210
0.099255,0.024504,0.084615,0.026326,130.0,Paraguay,PRY,PRY,20210210
0.08581,0.010693,0.074503,0.011406,604.0,Peru,PER,PER,20210210
0.06864,0.008919,0.067839,0.008967,796.0,Philippines,PHL,PHL,20210210
0.261589,0.018793,0.236328,0.019442,512.0,Poland,POL,POL,20210210
0.059262,0.00975,0.056738,0.009951,564.0,Portugal,PRT,PRT,20210210
0.140038,0.02772,0.10084,0.031946,119.0,"Puerto Rico, U.S.",PRI,PRI,20210210
0.185896,0.020536,0.190736,0.020335,367.0,Romania,ROU,ROU,20210210
0.216567,0.014581,0.206226,0.014844,771.0,Russia,RUS,RUS,20210210
0.201769,0.032374,0.22619,0.031055,168.0,Saudi Arabia,SAU,SAU,20210210
0.18615,0.027967,0.157895,0.029852,171.0,Serbia,SRB,SRB,20210210
0.138781,0.026168,0.134503,0.026515,171.0,Slovakia,SVK,SVK,20210210
0.110631,0.015646,0.113801,0.015454,413.0,South Africa,ZAF,ZAF,20210210
0.070726,0.012119,0.046358,0.014777,302.0,South Korea,KOR,KOR,20210210
0.054744,0.007517,0.052928,0.007638,888.0,Spain,ESP,ESP,20210210
0.158379,0.013035,0.115,0.014917,600.0,Sweden,SWE,SWE,20210210
0.210904,0.022657,0.208075,0.02277,322.0,Switzerland,CHE,CHE,20210210
0.097106,0.008231,0.083774,0.008797,1134.0,Taiwan,TWN,TWN,20210210
0.070642,0.010127,0.075912,0.009797,685.0,Thailand,THA,THA,20210210
0.149402,0.027302,0.177665,0.025463,197.0,Tunisia,TUN,TUN,20210210
0.195761,0.015564,0.195385,0.015575,650.0,Turkey,TUR,TUR,20210210
0.158647,0.012323,0.171123,0.011954,935.0,Ukraine,UKR,UKR,20210210
0.139303,0.015091,0.127049,0.015691,488.0,United Kingdom,GBR,GBR,20210210
0.099422,0.016637,0.073171,0.019117,246.0,Uruguay,URY,URY,20210210
0.063653,0.014724,0.088472,0.012658,373.0,Venezuela,VEN,VEN,20210210
0.060382,0.006423,0.056075,0.00665,1284.0,Vietnam,VNM,VNM,20210210
0.110927,0.027719,0.192118,0.022096,203.0,Algeria,DZA,DZA,20210211
0.090356,0.00846,0.077767,0.009057,1003.0,Argentina,ARG,ARG,20210211
0.117761,0.014073,0.117871,0.014067,526.0,Australia,AUS,AUS,20210211
0.213718,0.025455,0.205534,0.025823,253.0,Austria,AUT,AUT,20210211
0.100292,0.024645,0.113772,0.023315,167.0,Bangladesh,BGD,BGD,20210211
0.154507,0.030456,0.130081,0.032723,123.0,Belarus,BLR,BLR,20210211
0.163877,0.022572,0.165441,0.022486,272.0,Belgium,BEL,BEL,20210211
0.090649,0.015933,0.075812,0.017282,277.0,Bolivia,BOL,BOL,20210211
0.084064,0.005016,0.06626,0.005596,2460.0,Brazil,BRA,BRA,20210211
0.179175,0.025547,0.208661,0.02411,254.0,Bulgaria,BGR,BGR,20210211
0.162193,0.012598,0.141176,0.013336,765.0,Canada,CAN,CAN,20210211
0.097186,0.015978,0.090062,0.016533,322.0,Chile,CHL,CHL,20210211
0.088659,0.008874,0.076667,0.00948,900.0,Colombia,COL,COL,20210211
0.091325,0.025958,0.08547,0.026747,117.0,Costa Rica,CRI,CRI,20210211
0.150651,0.029813,0.162338,0.028919,154.0,Croatia,HRV,HRV,20210211
0.219097,0.018718,0.217659,0.018763,487.0,Czech Republic,CZE,CZE,20210211
0.215598,0.028971,0.186813,0.030567,182.0,Denmark,DNK,DNK,20210211
0.103548,0.026498,0.139535,0.023299,172.0,Dominican Republic,DOM,DOM,20210211
0.05483,0.011193,0.052632,0.011411,399.0,Ecuador,ECU,ECU,20210211
0.133425,0.016823,0.156317,0.015752,467.0,Egypt,EGY,EGY,20210211
0.125437,0.017808,0.060773,0.024687,181.0,El Salvador,SLV,SLV,20210211
0.151359,0.008038,0.149949,0.008069,1974.0,France,FRA,FRA,20210211
0.141256,0.009101,0.147832,0.00893,1522.0,Germany,DEU,DEU,20210211
0.112712,0.031111,0.150376,0.027525,133.0,Ghana,GHA,GHA,20210211
0.07422,0.013761,0.063492,0.014793,315.0,Greece,GRC,GRC,20210211
0.045461,0.020066,0.06875,0.01652,160.0,Guatemala,GTM,GTM,20210211
0.072488,0.021996,0.071942,0.022073,139.0,Honduras,HND,HND,20210211
0.240671,0.017691,0.213755,0.018448,538.0,Hungary,HUN,HUN,20210211
0.113554,0.009057,0.132573,0.008473,1403.0,India,IND,IND,20210211
0.168883,0.012749,0.149425,0.013397,783.0,Indonesia,IDN,IDN,20210211
0.141626,0.023734,0.183521,0.021378,267.0,Iraq,IRQ,IRQ,20210211
0.145195,0.026959,0.084112,0.034218,107.0,Ireland,IRL,IRL,20210211
0.097002,0.008464,0.091379,0.008693,1160.0,Italy,ITA,ITA,20210211
0.039535,0.002873,0.039434,0.002877,4590.0,Japan,JPN,JPN,20210211
0.257236,0.035784,0.234043,0.036943,141.0,Jordan,JOR,JOR,20210211
0.211065,0.040842,0.226415,0.039823,106.0,Kazakhstan,KAZ,KAZ,20210211
0.141043,0.031428,0.164286,0.029523,140.0,Kenya,KEN,KEN,20210211
0.084537,0.01381,0.073034,0.014765,356.0,Malaysia,MYS,MYS,20210211
0.055992,0.004254,0.047333,0.004605,2493.0,Mexico,MEX,MEX,20210211
0.135395,0.033182,0.127451,0.034045,102.0,Morocco,MAR,MAR,20210211
0.255382,0.020893,0.243499,0.021228,423.0,Netherlands,NLD,NLD,20210211
0.14038,0.023776,0.126904,0.024813,197.0,New Zealand,NZL,NZL,20210211
0.169735,0.024674,0.196154,0.023326,260.0,Nigeria,NGA,NGA,20210211
0.124567,0.018817,0.09465,0.021228,243.0,Norway,NOR,NOR,20210211
0.131259,0.026233,0.180556,0.02303,216.0,Pakistan,PAK,PAK,20210211
0.034747,0.017737,0.040323,0.016513,124.0,Paraguay,PRY,PRY,20210211
0.083452,0.011157,0.079661,0.011396,590.0,Peru,PER,PER,20210211
0.091979,0.009159,0.071066,0.010302,788.0,Philippines,PHL,PHL,20210211
0.248924,0.019426,0.255446,0.01926,505.0,Poland,POL,POL,20210211
0.049606,0.009041,0.047187,0.009258,551.0,Portugal,PRT,PRT,20210211
0.255571,0.021999,0.254453,0.022031,393.0,Romania,ROU,ROU,20210211
0.229171,0.015275,0.210379,0.015751,713.0,Russia,RUS,RUS,20210211
0.197257,0.031069,0.198795,0.030979,166.0,Saudi Arabia,SAU,SAU,20210211
0.140379,0.026641,0.140351,0.026643,171.0,Serbia,SRB,SRB,20210211
0.188439,0.029113,0.187845,0.029148,181.0,Slovakia,SVK,SVK,20210211
0.118132,0.015706,0.103448,0.016645,377.0,South Africa,ZAF,ZAF,20210211
0.0426,0.012207,0.048387,0.011489,310.0,South Korea,KOR,KOR,20210211
0.065498,0.008079,0.056373,0.008666,816.0,Spain,ESP,ESP,20210211
0.118122,0.012737,0.102293,0.013566,567.0,Sweden,SWE,SWE,20210211
0.251849,0.026638,0.233202,0.027344,253.0,Switzerland,CHE,CHE,20210211
0.093329,0.008813,0.081696,0.009359,967.0,Taiwan,TWN,TWN,20210211
0.090384,0.011172,0.092262,0.011069,672.0,Thailand,THA,THA,20210211
0.138973,0.027366,0.157303,0.026001,178.0,Tunisia,TUN,TUN,20210211
0.17293,0.015984,0.186555,0.015517,595.0,Turkey,TUR,TUR,20210211
0.174586,0.012405,0.171181,0.012502,923.0,Ukraine,UKR,UKR,20210211
0.136503,0.014706,0.12249,0.0154,498.0,United Kingdom,GBR,GBR,20210211
0.055924,0.013593,0.050193,0.014305,259.0,Uruguay,URY,URY,20210211
0.040491,0.012746,0.052288,0.011286,306.0,Venezuela,VEN,VEN,20210211
0.065302,0.007317,0.061808,0.007507,1084.0,Vietnam,VNM,VNM,20210211
0.203762,0.022396,0.2,0.022552,320.0,Algeria,DZA,DZA,20210212
0.075053,0.006462,0.063681,0.006972,1429.0,Argentina,ARG,ARG,20210212
0.097289,0.008534,0.075805,0.009555,963.0,Australia,AUS,AUS,20210212
0.202801,0.022133,0.212828,0.021742,343.0,Austria,AUT,AUT,20210212
0.10688,0.019639,0.118081,0.018803,271.0,Bangladesh,BGD,BGD,20210212
0.139488,0.029327,0.144828,0.028871,145.0,Belarus,BLR,BLR,20210212
0.189081,0.021016,0.200549,0.020552,364.0,Belgium,BEL,BEL,20210212
0.08339,0.013962,0.085,0.013841,400.0,Bolivia,BOL,BOL,20210212
0.055256,0.003927,0.055244,0.003928,3385.0,Brazil,BRA,BRA,20210212
0.271513,0.021226,0.235,0.022265,400.0,Bulgaria,BGR,BGR,20210212
0.138224,0.009907,0.136929,0.009947,1205.0,Canada,CAN,CAN,20210212
0.0752,0.010785,0.06789,0.011307,545.0,Chile,CHL,CHL,20210212
0.075066,0.007213,0.071373,0.007382,1275.0,Colombia,COL,COL,20210212
0.084768,0.021517,0.092896,0.020646,183.0,Costa Rica,CRI,CRI,20210212
0.174441,0.025133,0.169643,0.025412,224.0,Croatia,HRV,HRV,20210212
0.224808,0.016354,0.230422,0.016213,664.0,Czech Republic,CZE,CZE,20210212
0.186736,0.021989,0.14,0.024696,250.0,Denmark,DNK,DNK,20210212
0.145468,0.024099,0.14218,0.02433,211.0,Dominican Republic,DOM,DOM,20210212
0.06978,0.009036,0.054945,0.010103,637.0,Ecuador,ECU,ECU,20210212
0.165489,0.013162,0.145833,0.013859,720.0,Egypt,EGY,EGY,20210212
0.094648,0.017986,0.092308,0.018189,260.0,El Salvador,SLV,SLV,20210212
0.143622,0.033488,0.128713,0.035071,101.0,Finland,FIN,FIN,20210212
0.140582,0.00631,0.134812,0.006423,2930.0,France,FRA,FRA,20210212
0.155626,0.00794,0.166591,0.007725,2203.0,Germany,DEU,DEU,20210212
0.161561,0.027912,0.137255,0.029853,153.0,Ghana,GHA,GHA,20210212
0.110796,0.013108,0.105455,0.013396,550.0,Greece,GRC,GRC,20210212
0.110798,0.017217,0.073593,0.020697,231.0,Guatemala,GTM,GTM,20210212
0.103836,0.019054,0.068182,0.023059,176.0,Honduras,HND,HND,20210212
0.096738,0.025485,0.121212,0.023083,165.0,Hong Kong,HKG,HKG,20210212
0.244584,0.0152,0.228047,0.015571,763.0,Hungary,HUN,HUN,20210212
0.134862,0.008458,0.143605,0.008239,1720.0,India,IND,IND,20210212
0.153462,0.010379,0.16405,0.010102,1274.0,Indonesia,IDN,IDN,20210212
0.173484,0.018435,0.178241,0.01824,432.0,Iraq,IRQ,IRQ,20210212
0.13671,0.021714,0.099476,0.024923,191.0,Ireland,IRL,IRL,20210212
0.34264,0.035879,0.195122,0.042968,123.0,Israel,ISR,ISR,20210212
0.080116,0.006516,0.079769,0.006529,1730.0,Italy,ITA,ITA,20210212
0.036288,0.002525,0.040349,0.0024,6072.0,Japan,JPN,JPN,20210212
0.193596,0.027627,0.194175,0.027596,206.0,Jordan,JOR,JOR,20210212
0.185233,0.034423,0.168067,0.035763,119.0,Kazakhstan,KAZ,KAZ,20210212
0.123525,0.023621,0.128713,0.023209,202.0,Kenya,KEN,KEN,20210212
0.157397,0.02773,0.117647,0.031343,136.0,Lebanon,LBN,LBN,20210212
0.242019,0.037145,0.226563,0.038006,128.0,Libya,LBY,LBY,20210212
0.060358,0.00962,0.052239,0.010296,536.0,Malaysia,MYS,MYS,20210212
0.055306,0.003675,0.051318,0.003807,3605.0,Mexico,MEX,MEX,20210212
0.21112,0.038505,0.190476,0.040018,105.0,Morocco,MAR,MAR,20210212
0.096245,0.026027,0.133721,0.022554,172.0,Nepal,NPL,NPL,20210212
0.195283,0.016308,0.196639,0.016265,595.0,Netherlands,NLD,NLD,20210212
0.150012,0.019272,0.132258,0.020314,310.0,New Zealand,NZL,NZL,20210212
0.077492,0.02298,0.079137,0.02276,139.0,Nicaragua,NIC,NIC,20210212
0.227997,0.022893,0.230088,0.02282,339.0,Nigeria,NGA,NGA,20210212
0.097053,0.014602,0.08046,0.015892,348.0,Norway,NOR,NOR,20210212
0.1362,0.022255,0.164875,0.020572,279.0,Pakistan,PAK,PAK,20210212
0.095462,0.021974,0.094972,0.022025,179.0,Paraguay,PRY,PRY,20210212
0.074502,0.008636,0.065614,0.009159,823.0,Peru,PER,PER,20210212
0.091092,0.007005,0.06724,0.008049,1279.0,Philippines,PHL,PHL,20210212
0.210757,0.014797,0.214286,0.014707,770.0,Poland,POL,POL,20210212
0.053857,0.008449,0.055631,0.008321,737.0,Portugal,PRT,PRT,20210212
0.099658,0.020437,0.070064,0.023983,157.0,"Puerto Rico, U.S.",PRI,PRI,20210212
0.219256,0.016244,0.192893,0.017034,591.0,Romania,ROU,ROU,20210212
0.212176,0.0139,0.202864,0.014132,838.0,Russia,RUS,RUS,20210212
0.141311,0.025343,0.163551,0.023868,214.0,Saudi Arabia,SAU,SAU,20210212
0.1987,0.023621,0.192857,0.023889,280.0,Serbia,SRB,SRB,20210212
0.234521,0.026407,0.22619,0.026744,252.0,Slovakia,SVK,SVK,20210212
0.2172,0.034635,0.1875,0.036589,128.0,Slovenia,SVN,SVN,20210212
0.097402,0.012549,0.092105,0.012867,532.0,South Africa,ZAF,ZAF,20210212
0.05181,0.011139,0.052369,0.011082,401.0,South Korea,KOR,KOR,20210212
0.078028,0.007325,0.065141,0.007961,1136.0,Spain,ESP,ESP,20210212
0.123681,0.010467,0.097893,0.011596,807.0,Sweden,SWE,SWE,20210212
0.237098,0.020892,0.21447,0.021647,387.0,Switzerland,CHE,CHE,20210212
0.08239,0.006961,0.08645,0.00681,1631.0,Taiwan,TWN,TWN,20210212
0.063326,0.00759,0.069457,0.007271,1123.0,Thailand,THA,THA,20210212
0.125367,0.022669,0.151394,0.020943,251.0,Tunisia,TUN,TUN,20210212
0.172307,0.013883,0.182171,0.013583,774.0,Turkey,TUR,TUR,20210212
0.207388,0.011595,0.191138,0.011956,1151.0,Ukraine,UKR,UKR,20210212
0.222653,0.032012,0.122642,0.0406,106.0,United Arab Emirates,ARE,ARE,20210212
0.15232,0.01326,0.14548,0.013514,708.0,United Kingdom,GBR,GBR,20210212
0.084178,0.014441,0.078035,0.014948,346.0,Uruguay,URY,URY,20210212
0.076279,0.012858,0.079186,0.01264,442.0,Venezuela,VEN,VEN,20210212
0.063201,0.005938,0.065865,0.005825,1746.0,Vietnam,VNM,VNM,20210212
0.305749,0.025825,0.267797,0.02687,295.0,Algeria,DZA,DZA,20210213
0.074034,0.006848,0.066465,0.007198,1324.0,Argentina,ARG,ARG,20210213
0.119721,0.010996,0.104516,0.011669,775.0,Australia,AUS,AUS,20210213
0.233384,0.022362,0.21021,0.023214,333.0,Austria,AUT,AUT,20210213
0.096074,0.020782,0.092308,0.021158,195.0,Bangladesh,BGD,BGD,20210213
0.113413,0.023009,0.108696,0.02344,184.0,Belarus,BLR,BLR,20210213
0.183413,0.019443,0.167568,0.020147,370.0,Belgium,BEL,BEL,20210213
0.052058,0.013591,0.057627,0.012956,295.0,Bolivia,BOL,BOL,20210213
0.075563,0.004391,0.066314,0.004664,3212.0,Brazil,BRA,BRA,20210213
0.196382,0.021749,0.210227,0.021204,352.0,Bulgaria,BGR,BGR,20210213
0.152862,0.011105,0.142857,0.01142,994.0,Canada,CAN,CAN,20210213
0.085677,0.012045,0.071739,0.013064,460.0,Chile,CHL,CHL,20210213
0.066197,0.007535,0.066606,0.007513,1096.0,Colombia,COL,COL,20210213
0.142798,0.023346,0.087838,0.028857,148.0,Costa Rica,CRI,CRI,20210213
0.28228,0.029017,0.26087,0.029744,230.0,Croatia,HRV,HRV,20210213
0.226149,0.016478,0.228879,0.016409,651.0,Czech Republic,CZE,CZE,20210213
0.211431,0.023779,0.168675,0.025929,249.0,Denmark,DNK,DNK,20210213
0.143686,0.023513,0.128079,0.02468,203.0,Dominican Republic,DOM,DOM,20210213
0.082263,0.011291,0.068136,0.012313,499.0,Ecuador,ECU,ECU,20210213
0.152076,0.014015,0.164286,0.013582,700.0,Egypt,EGY,EGY,20210213
0.042069,0.016206,0.057692,0.013953,208.0,El Salvador,SLV,SLV,20210213
0.142518,0.033149,0.137615,0.033638,109.0,Finland,FIN,FIN,20210213
0.147912,0.00658,0.137755,0.006778,2744.0,France,FRA,FRA,20210213
0.16833,0.007959,0.166515,0.007993,2192.0,Germany,DEU,DEU,20210213
0.136906,0.02625,0.131737,0.02668,167.0,Ghana,GHA,GHA,20210213
0.107899,0.01368,0.099792,0.014161,481.0,Greece,GRC,GRC,20210213
0.189814,0.02575,0.141304,0.028989,184.0,Guatemala,GTM,GTM,20210213
0.038769,0.014385,0.041451,0.013932,193.0,Honduras,HND,HND,20210213
0.089057,0.023814,0.078125,0.025274,128.0,Hong Kong,HKG,HKG,20210213
0.197429,0.013518,0.174684,0.014171,790.0,Hungary,HUN,HUN,20210213
0.117922,0.00828,0.134977,0.007815,1704.0,India,IND,IND,20210213
0.157794,0.01127,0.156069,0.01132,1038.0,Indonesia,IDN,IDN,20210213
0.151056,0.018643,0.181818,0.01731,429.0,Iraq,IRQ,IRQ,20210213
0.144092,0.023991,0.113636,0.026547,176.0,Ireland,IRL,IRL,20210213
0.255182,0.03326,0.229814,0.034466,161.0,Israel,ISR,ISR,20210213
0.081944,0.006615,0.081033,0.006648,1703.0,Italy,ITA,ITA,20210213
0.040042,0.00235,0.039016,0.002379,6792.0,Japan,JPN,JPN,20210213
0.338179,0.032613,0.301508,0.033621,199.0,Jordan,JOR,JOR,20210213
0.182286,0.03264,0.1875,0.032286,144.0,Kazakhstan,KAZ,KAZ,20210213
0.117673,0.023465,0.130435,0.02245,207.0,Kenya,KEN,KEN,20210213
0.090632,0.026173,0.086207,0.026771,116.0,Lebanon,LBN,LBN,20210213
0.116383,0.03139,0.125,0.030438,112.0,Libya,LBY,LBY,20210213
0.063003,0.011101,0.067961,0.010717,515.0,Malaysia,MYS,MYS,20210213
0.0541,0.003871,0.045155,0.004217,2879.0,Mexico,MEX,MEX,20210213
0.128019,0.035561,0.148515,0.033411,101.0,Moldova,MDA,MDA,20210213
0.245365,0.042365,0.259259,0.041599,108.0,Morocco,MAR,MAR,20210213
0.096245,0.026269,0.121795,0.023689,156.0,Nepal,NPL,NPL,20210213
0.260858,0.017373,0.235786,0.017971,598.0,Netherlands,NLD,NLD,20210213
0.107017,0.017828,0.10473,0.017999,296.0,New Zealand,NZL,NZL,20210213
0.074068,0.024946,0.077586,0.024421,116.0,Nicaragua,NIC,NIC,20210213
0.245072,0.024038,0.216949,0.025086,295.0,Nigeria,NGA,NGA,20210213
0.065697,0.013781,0.065217,0.013828,322.0,Norway,NOR,NOR,20210213
0.180779,0.022875,0.16791,0.023552,268.0,Pakistan,PAK,PAK,20210213
0.097525,0.028489,0.099099,0.028287,111.0,Panama,PAN,PAN,20210213
0.20575,0.030848,0.140625,0.035871,128.0,Paraguay,PRY,PRY,20210213
0.066436,0.010163,0.078459,0.009413,701.0,Peru,PER,PER,20210213
0.088278,0.00896,0.073857,0.009719,853.0,Philippines,PHL,PHL,20210213
0.220256,0.016136,0.229412,0.015904,680.0,Poland,POL,POL,20210213
0.068228,0.008508,0.055325,0.009384,723.0,Portugal,PRT,PRT,20210213
0.043251,0.016434,0.037313,0.017639,134.0,"Puerto Rico, U.S.",PRI,PRI,20210213
0.264196,0.018353,0.249551,0.018698,557.0,Romania,ROU,ROU,20210213
0.224609,0.013672,0.230526,0.013547,950.0,Russia,RUS,RUS,20210213
0.229097,0.027919,0.207547,0.028931,212.0,Saudi Arabia,SAU,SAU,20210213
0.207411,0.025109,0.202335,0.025341,257.0,Serbia,SRB,SRB,20210213
0.16195,0.022594,0.163569,0.022504,269.0,Slovakia,SVK,SVK,20210213
0.235903,0.040842,0.226415,0.041433,106.0,Slovenia,SVN,SVN,20210213
0.103909,0.013526,0.09751,0.013913,482.0,South Africa,ZAF,ZAF,20210213
0.019114,0.006635,0.021186,0.006309,472.0,South Korea,KOR,KOR,20210213
0.065508,0.007383,0.06381,0.007474,1097.0,Spain,ESP,ESP,20210213
0.166031,0.012103,0.121751,0.013772,731.0,Sweden,SWE,SWE,20210213
0.258561,0.020794,0.227941,0.021703,408.0,Switzerland,CHE,CHE,20210213
0.083053,0.007367,0.093128,0.006996,1557.0,Taiwan,TWN,TWN,20210213
0.091722,0.008953,0.079121,0.009573,910.0,Thailand,THA,THA,20210213
0.18172,0.023712,0.176923,0.023961,260.0,Tunisia,TUN,TUN,20210213
0.172048,0.012938,0.196182,0.012297,943.0,Turkey,TUR,TUR,20210213
0.193289,0.011585,0.1875,0.011721,1136.0,Ukraine,UKR,UKR,20210213
0.179155,0.014445,0.164902,0.014927,661.0,United Kingdom,GBR,GBR,20210213
0.089638,0.015689,0.08,0.01652,300.0,Uruguay,URY,URY,20210213
0.080803,0.013986,0.076923,0.014304,364.0,Venezuela,VEN,VEN,20210213
0.096246,0.006657,0.080645,0.007211,1674.0,Vietnam,VNM,VNM,20210213
0.19045,0.026884,0.238095,0.024784,252.0,Algeria,DZA,DZA,20210214
0.10461,0.008655,0.086338,0.009431,1054.0,Argentina,ARG,ARG,20210214
0.109016,0.011175,0.094614,0.011899,687.0,Australia,AUS,AUS,20210214
0.225882,0.023218,0.215873,0.023598,315.0,Austria,AUT,AUT,20210214
0.097977,0.021266,0.1,0.021074,200.0,Bangladesh,BGD,BGD,20210214
0.146744,0.027996,0.167598,0.026522,179.0,Belarus,BLR,BLR,20210214
0.157728,0.019801,0.164773,0.019455,352.0,Belgium,BEL,BEL,20210214
0.09246,0.016055,0.080139,0.017129,287.0,Bolivia,BOL,BOL,20210214
0.067888,0.004519,0.063508,0.004662,2913.0,Brazil,BRA,BRA,20210214
0.182621,0.021949,0.18123,0.022015,309.0,Bulgaria,BGR,BGR,20210214
0.149999,0.011623,0.141268,0.011916,899.0,Canada,CAN,CAN,20210214
0.092029,0.012449,0.073059,0.013828,438.0,Chile,CHL,CHL,20210214
0.05589,0.00752,0.057411,0.007425,958.0,Colombia,COL,COL,20210214
0.20254,0.03398,0.161017,0.037155,118.0,Costa Rica,CRI,CRI,20210214
0.184855,0.02948,0.177515,0.029949,169.0,Croatia,HRV,HRV,20210214
0.238938,0.017159,0.241987,0.017085,624.0,Czech Republic,CZE,CZE,20210214
0.195067,0.022801,0.141026,0.025959,234.0,Denmark,DNK,DNK,20210214
0.13461,0.027997,0.148148,0.026899,162.0,Dominican Republic,DOM,DOM,20210214
0.039364,0.009964,0.043165,0.009534,417.0,Ecuador,ECU,ECU,20210214
0.131075,0.014696,0.15486,0.013709,607.0,Egypt,EGY,EGY,20210214
0.108006,0.021539,0.080745,0.024538,161.0,El Salvador,SLV,SLV,20210214
0.125026,0.032326,0.133929,0.031393,112.0,Finland,FIN,FIN,20210214
0.140638,0.006651,0.136534,0.006734,2666.0,France,FRA,FRA,20210214
0.169173,0.008289,0.166088,0.00835,2017.0,Germany,DEU,DEU,20210214
0.111426,0.027339,0.119718,0.026499,142.0,Ghana,GHA,GHA,20210214
0.101933,0.013642,0.096154,0.014001,468.0,Greece,GRC,GRC,20210214
0.109008,0.022092,0.095506,0.023425,178.0,Guatemala,GTM,GTM,20210214
0.020682,0.014195,0.024793,0.012992,121.0,Honduras,HND,HND,20210214
0.132254,0.029626,0.121951,0.03067,123.0,Hong Kong,HKG,HKG,20210214
0.213703,0.014887,0.196353,0.015362,713.0,Hungary,HUN,HUN,20210214
0.135657,0.009225,0.141457,0.009065,1428.0,India,IND,IND,20210214
0.176031,0.011489,0.164265,0.01181,1041.0,Indonesia,IDN,IDN,20210214
0.215108,0.020648,0.179191,0.022122,346.0,Iraq,IRQ,IRQ,20210214
0.119046,0.025131,0.10596,0.026442,151.0,Ireland,IRL,IRL,20210214
0.21787,0.039523,0.223214,0.039181,112.0,Israel,ISR,ISR,20210214
0.099221,0.007693,0.096402,0.007792,1473.0,Italy,ITA,ITA,20210214
0.038638,0.00255,0.039451,0.002524,5830.0,Japan,JPN,JPN,20210214
0.162692,0.032068,0.220238,0.028561,168.0,Jordan,JOR,JOR,20210214
0.165002,0.032485,0.14876,0.033884,121.0,Kazakhstan,KAZ,KAZ,20210214
0.125014,0.027391,0.147929,0.025517,169.0,Kenya,KEN,KEN,20210214
0.148184,0.030625,0.121739,0.033275,115.0,Libya,LBY,LBY,20210214
0.05259,0.012473,0.068293,0.011037,410.0,Malaysia,MYS,MYS,20210214
0.049881,0.004534,0.051839,0.004452,2392.0,Mexico,MEX,MEX,20210214
0.044353,0.023461,0.076923,0.018127,130.0,Nepal,NPL,NPL,20210214
0.245545,0.01745,0.227979,0.017903,579.0,Netherlands,NLD,NLD,20210214
0.069646,0.011369,0.071705,0.011217,516.0,New Zealand,NZL,NZL,20210214
0.125523,0.028147,0.206731,0.023028,208.0,Nigeria,NGA,NGA,20210214
0.123117,0.017459,0.107595,0.018513,316.0,Norway,NOR,NOR,20210214
0.16184,0.027059,0.210526,0.024445,228.0,Pakistan,PAK,PAK,20210214
0.105524,0.025398,0.069307,0.030723,101.0,Paraguay,PRY,PRY,20210214
0.092859,0.01071,0.067395,0.012398,549.0,Peru,PER,PER,20210214
0.10713,0.009381,0.084282,0.010444,878.0,Philippines,PHL,PHL,20210214
0.237321,0.016644,0.239757,0.016585,659.0,Poland,POL,POL,20210214
0.067522,0.00873,0.053812,0.009709,669.0,Portugal,PRT,PRT,20210214
0.109828,0.025778,0.075472,0.030514,106.0,"Puerto Rico, U.S.",PRI,PRI,20210214
0.245232,0.019356,0.238683,0.019536,486.0,Romania,ROU,ROU,20210214
0.183888,0.013232,0.184669,0.01321,861.0,Russia,RUS,RUS,20210214
0.181715,0.026963,0.151685,0.028984,178.0,Saudi Arabia,SAU,SAU,20210214
0.276001,0.030523,0.268868,0.030774,212.0,Serbia,SRB,SRB,20210214
0.152689,0.025803,0.172093,0.024588,215.0,Slovakia,SVK,SVK,20210214
0.163009,0.033182,0.127451,0.036754,102.0,Slovenia,SVN,SVN,20210214
0.123354,0.015672,0.111386,0.016381,404.0,South Africa,ZAF,ZAF,20210214
0.042379,0.009035,0.036782,0.00967,435.0,South Korea,KOR,KOR,20210214
0.067044,0.007452,0.063948,0.007617,1079.0,Spain,ESP,ESP,20210214
0.115901,0.012067,0.116901,0.012022,710.0,Sweden,SWE,SWE,20210214
0.234416,0.022274,0.198758,0.023645,322.0,Switzerland,CHE,CHE,20210214
0.11457,0.008039,0.105082,0.00835,1456.0,Taiwan,TWN,TWN,20210214
0.089876,0.009314,0.076261,0.010037,813.0,Thailand,THA,THA,20210214
0.165569,0.027819,0.175532,0.027181,188.0,Tunisia,TUN,TUN,20210214
0.176819,0.012989,0.170441,0.013179,839.0,Turkey,TUR,TUR,20210214
0.202134,0.012773,0.205,0.012706,1000.0,Ukraine,UKR,UKR,20210214
0.168708,0.014262,0.145425,0.01515,612.0,United Kingdom,GBR,GBR,20210214
0.07302,0.017249,0.082353,0.016324,255.0,Uruguay,URY,URY,20210214
0.103035,0.016034,0.092025,0.016863,326.0,Venezuela,VEN,VEN,20210214
0.05902,0.006023,0.0625,0.005864,1616.0,Vietnam,VNM,VNM,20210214
0.237805,0.02841,0.264463,0.027424,242.0,Algeria,DZA,DZA,20210215
0.072258,0.006888,0.064465,0.007262,1272.0,Argentina,ARG,ARG,20210215
0.105764,0.01151,0.106796,0.011461,721.0,Australia,AUS,AUS,20210215
0.173956,0.021264,0.181818,0.020899,330.0,Austria,AUT,AUT,20210215
0.106456,0.020319,0.107296,0.020249,233.0,Bangladesh,BGD,BGD,20210215
0.14887,0.028146,0.14557,0.028409,158.0,Belarus,BLR,BLR,20210215
0.131679,0.018633,0.142045,0.018049,352.0,Belgium,BEL,BEL,20210215
0.058843,0.012469,0.051118,0.013323,313.0,Bolivia,BOL,BOL,20210215
0.067751,0.004101,0.059652,0.004352,3336.0,Brazil,BRA,BRA,20210215
0.26322,0.024064,0.226974,0.025299,304.0,Bulgaria,BGR,BGR,20210215
0.16913,0.011944,0.171515,0.011878,997.0,Canada,CAN,CAN,20210215
0.100547,0.012138,0.076763,0.013712,482.0,Chile,CHL,CHL,20210215
0.077677,0.007892,0.071362,0.008206,1065.0,Colombia,COL,COL,20210215
0.123252,0.026294,0.118421,0.026751,152.0,Costa Rica,CRI,CRI,20210215
0.254766,0.034362,0.257669,0.034234,163.0,Croatia,HRV,HRV,20210215
0.20789,0.01695,0.220367,0.016594,599.0,Czech Republic,CZE,CZE,20210215
0.17288,0.022538,0.161049,0.023185,267.0,Denmark,DNK,DNK,20210215
0.167619,0.026226,0.161616,0.026613,198.0,Dominican Republic,DOM,DOM,20210215
0.052591,0.008941,0.04381,0.009751,525.0,Ecuador,ECU,ECU,20210215
0.171916,0.014063,0.153495,0.01472,658.0,Egypt,EGY,EGY,20210215
0.035489,0.015929,0.054187,0.013017,203.0,El Salvador,SLV,SLV,20210215
0.117258,0.030083,0.123967,0.02937,121.0,Finland,FIN,FIN,20210215
0.151416,0.006788,0.145347,0.006904,2697.0,France,FRA,FRA,20210215
0.164089,0.008254,0.157246,0.008398,1946.0,Germany,DEU,DEU,20210215
0.141578,0.02842,0.160714,0.026977,168.0,Ghana,GHA,GHA,20210215
0.076957,0.014027,0.08802,0.013195,409.0,Greece,GRC,GRC,20210215
0.101079,0.018192,0.082609,0.019919,230.0,Guatemala,GTM,GTM,20210215
0.074085,0.018415,0.05988,0.020328,167.0,Honduras,HND,HND,20210215
0.06612,0.024504,0.084615,0.021878,130.0,Hong Kong,HKG,HKG,20210215
0.240729,0.015833,0.219298,0.016359,684.0,Hungary,HUN,HUN,20210215
0.115844,0.008826,0.134448,0.00828,1495.0,India,IND,IND,20210215
0.133459,0.010793,0.142176,0.01051,1048.0,Indonesia,IDN,IDN,20210215
0.223895,0.019348,0.166667,0.021642,372.0,Iraq,IRQ,IRQ,20210215
0.135142,0.026311,0.135294,0.026298,170.0,Ireland,IRL,IRL,20210215
0.071376,0.006682,0.07479,0.006539,1551.0,Italy,ITA,ITA,20210215
0.041401,0.002751,0.041188,0.002758,5220.0,Japan,JPN,JPN,20210215
0.194701,0.027682,0.20283,0.02726,212.0,Jordan,JOR,JOR,20210215
0.303789,0.040226,0.216981,0.044881,106.0,Kazakhstan,KAZ,KAZ,20210215
0.171927,0.025988,0.16,0.026747,200.0,Kenya,KEN,KEN,20210215
0.062034,0.011461,0.065957,0.011138,470.0,Malaysia,MYS,MYS,20210215
0.05331,0.004029,0.046307,0.004307,2721.0,Mexico,MEX,MEX,20210215
0.190026,0.031776,0.149606,0.034951,127.0,Nepal,NPL,NPL,20210215
0.265042,0.01811,0.242424,0.018651,561.0,Netherlands,NLD,NLD,20210215
0.095962,0.012909,0.081858,0.013869,452.0,New Zealand,NZL,NZL,20210215
0.067207,0.024688,0.067308,0.024671,104.0,Nicaragua,NIC,NIC,20210215
0.209273,0.025725,0.230483,0.024849,269.0,Nigeria,NGA,NGA,20210215
0.141299,0.019014,0.128617,0.019784,311.0,Norway,NOR,NOR,20210215
0.153031,0.021798,0.155235,0.021671,277.0,Pakistan,PAK,PAK,20210215
0.074351,0.027451,0.085714,0.025725,105.0,Panama,PAN,PAN,20210215
0.054464,0.019552,0.063694,0.018169,157.0,Paraguay,PRY,PRY,20210215
0.070474,0.01035,0.073668,0.010141,638.0,Peru,PER,PER,20210215
0.090653,0.008867,0.081675,0.009296,955.0,Philippines,PHL,PHL,20210215
0.192788,0.016035,0.200321,0.015805,624.0,Poland,POL,POL,20210215
0.047845,0.008006,0.041667,0.008551,624.0,Portugal,PRT,PRT,20210215
0.027831,0.017179,0.042857,0.013952,140.0,"Puerto Rico, U.S.",PRI,PRI,20210215
0.194725,0.017764,0.194779,0.017763,498.0,Romania,ROU,ROU,20210215
0.202869,0.013031,0.193478,0.013265,920.0,Russia,RUS,RUS,20210215
0.173438,0.0278,0.217195,0.025527,221.0,Saudi Arabia,SAU,SAU,20210215
0.205875,0.025026,0.190283,0.02578,247.0,Serbia,SRB,SRB,20210215
0.171108,0.023627,0.156118,0.024515,237.0,Slovakia,SVK,SVK,20210215
0.103813,0.013822,0.103093,0.013864,485.0,South Africa,ZAF,ZAF,20210215
0.038482,0.008331,0.02799,0.009715,393.0,South Korea,KOR,KOR,20210215
0.059432,0.007028,0.053045,0.007414,1018.0,Spain,ESP,ESP,20210215
0.136538,0.011252,0.099859,0.012886,711.0,Sweden,SWE,SWE,20210215
0.1881,0.020271,0.190981,0.020154,377.0,Switzerland,CHE,CHE,20210215
0.122942,0.007778,0.100402,0.008498,1494.0,Taiwan,TWN,TWN,20210215
0.086948,0.008582,0.066429,0.00971,843.0,Thailand,THA,THA,20210215
0.176641,0.020726,0.133333,0.023252,270.0,Tunisia,TUN,TUN,20210215
0.214142,0.015162,0.228162,0.014822,767.0,Turkey,TUR,TUR,20210215
0.188885,0.011524,0.178862,0.01177,1107.0,Ukraine,UKR,UKR,20210215
0.082349,0.032059,0.117647,0.027353,102.0,United Arab Emirates,ARE,ARE,20210215
0.157606,0.014499,0.147157,0.014913,598.0,United Kingdom,GBR,GBR,20210215
0.075344,0.01524,0.075908,0.015188,303.0,Uruguay,URY,URY,20210215
0.090931,0.012136,0.068807,0.013785,436.0,Venezuela,VEN,VEN,20210215
0.067288,0.005319,0.06386,0.00545,2114.0,Vietnam,VNM,VNM,20210215
0.330214,0.02851,0.260504,0.030549,238.0,Algeria,DZA,DZA,20210216
0.103937,0.007638,0.087179,0.008263,1365.0,Argentina,ARG,ARG,20210216
0.099513,0.010655,0.096354,0.010809,768.0,Australia,AUS,AUS,20210216
0.240246,0.023405,0.219745,0.024149,314.0,Austria,AUT,AUT,20210216
0.096521,0.021896,0.111111,0.020575,207.0,Bangladesh,BGD,BGD,20210216
0.229467,0.030303,0.176101,0.033452,159.0,Belarus,BLR,BLR,20210216
0.178709,0.021098,0.176829,0.021186,328.0,Belgium,BEL,BEL,20210216
0.053349,0.012645,0.050167,0.013018,299.0,Bolivia,BOL,BOL,20210216
0.063983,0.004133,0.059665,0.00427,3285.0,Brazil,BRA,BRA,20210216
0.234977,0.024759,0.234694,0.024769,294.0,Bulgaria,BGR,BGR,20210216
0.180358,0.011775,0.154661,0.012521,944.0,Canada,CAN,CAN,20210216
0.078379,0.013072,0.07561,0.01329,410.0,Chile,CHL,CHL,20210216
0.085891,0.008584,0.083092,0.008714,1035.0,Colombia,COL,COL,20210216
0.121001,0.026467,0.115646,0.026991,147.0,Costa Rica,CRI,CRI,20210216
0.272819,0.034791,0.284024,0.034364,169.0,Croatia,HRV,HRV,20210216
0.240161,0.018069,0.232176,0.018282,547.0,Czech Republic,CZE,CZE,20210216
0.173491,0.02383,0.152838,0.025078,229.0,Denmark,DNK,DNK,20210216
0.221119,0.027768,0.198068,0.028914,207.0,Dominican Republic,DOM,DOM,20210216
0.049743,0.008167,0.040816,0.008974,588.0,Ecuador,ECU,ECU,20210216
0.176213,0.014775,0.168224,0.015049,642.0,Egypt,EGY,EGY,20210216
0.053369,0.01914,0.079602,0.015894,201.0,El Salvador,SLV,SLV,20210216
0.168807,0.038612,0.18,0.037647,100.0,Finland,FIN,FIN,20210216
0.134236,0.006713,0.130123,0.006802,2513.0,France,FRA,FRA,20210216
0.156556,0.008119,0.147644,0.008317,1910.0,Germany,DEU,DEU,20210216
0.204366,0.031226,0.163121,0.03408,141.0,Ghana,GHA,GHA,20210216
0.120166,0.016436,0.115789,0.016702,380.0,Greece,GRC,GRC,20210216
0.105992,0.021848,0.097297,0.022693,185.0,Guatemala,GTM,GTM,20210216
0.066443,0.019154,0.051852,0.021515,135.0,Honduras,HND,HND,20210216
0.059466,0.020976,0.068493,0.01964,146.0,Hong Kong,HKG,HKG,20210216
0.197764,0.014543,0.183357,0.01497,709.0,Hungary,HUN,HUN,20210216
0.149664,0.00871,0.134678,0.009102,1537.0,India,IND,IND,20210216
0.129416,0.011401,0.151515,0.010673,990.0,Indonesia,IDN,IDN,20210216
0.116328,0.017998,0.148338,0.016235,391.0,Iraq,IRQ,IRQ,20210216
0.131228,0.027353,0.115942,0.028847,138.0,Ireland,IRL,IRL,20210216
0.260435,0.038174,0.248062,0.038791,129.0,Israel,ISR,ISR,20210216
0.092419,0.006841,0.084889,0.007108,1661.0,Italy,ITA,ITA,20210216
0.04259,0.002852,0.043639,0.002819,5133.0,Japan,JPN,JPN,20210216
0.199681,0.026823,0.187793,0.027456,213.0,Jordan,JOR,JOR,20210216
0.194947,0.034005,0.18797,0.034481,133.0,Kazakhstan,KAZ,KAZ,20210216
0.102239,0.024738,0.123596,0.022772,178.0,Kenya,KEN,KEN,20210216
0.057266,0.011419,0.057554,0.011392,417.0,Malaysia,MYS,MYS,20210216
0.057495,0.004279,0.052554,0.004463,2721.0,Mexico,MEX,MEX,20210216
0.142155,0.025379,0.103448,0.029101,145.0,Nepal,NPL,NPL,20210216
0.244291,0.016769,0.222403,0.017326,616.0,Netherlands,NLD,NLD,20210216
0.123052,0.016028,0.12201,0.016087,418.0,New Zealand,NZL,NZL,20210216
0.061479,0.022974,0.057692,0.023668,104.0,Nicaragua,NIC,NIC,20210216
0.215399,0.024376,0.22449,0.024017,294.0,Nigeria,NGA,NGA,20210216
0.098433,0.017385,0.101974,0.017114,304.0,Norway,NOR,NOR,20210216
0.151968,0.020798,0.139785,0.021531,279.0,Pakistan,PAK,PAK,20210216
0.092578,0.023638,0.059406,0.028984,101.0,Panama,PAN,PAN,20210216
0.091071,0.021085,0.072368,0.023414,152.0,Paraguay,PRY,PRY,20210216
0.047836,0.007998,0.048476,0.007948,722.0,Peru,PER,PER,20210216
0.077158,0.008346,0.074597,0.008477,992.0,Philippines,PHL,PHL,20210216
0.225165,0.016443,0.226502,0.016408,649.0,Poland,POL,POL,20210216
0.066496,0.008648,0.056259,0.00935,711.0,Portugal,PRT,PRT,20210216
0.066784,0.02215,0.072464,0.021329,138.0,"Puerto Rico, U.S.",PRI,PRI,20210216
0.218905,0.018968,0.213675,0.019135,468.0,Romania,ROU,ROU,20210216
0.197875,0.013569,0.196033,0.013617,857.0,Russia,RUS,RUS,20210216
0.145995,0.029019,0.174419,0.027002,172.0,Saudi Arabia,SAU,SAU,20210216
0.187264,0.026383,0.184332,0.026545,217.0,Serbia,SRB,SRB,20210216
0.187214,0.024809,0.174468,0.025501,235.0,Slovakia,SVK,SVK,20210216
0.115551,0.014338,0.12334,0.013939,527.0,South Africa,ZAF,ZAF,20210216
0.031942,0.009422,0.033149,0.009255,362.0,South Korea,KOR,KOR,20210216
0.066188,0.007146,0.055985,0.007728,1036.0,Spain,ESP,ESP,20210216
0.158372,0.011529,0.103989,0.013789,702.0,Sweden,SWE,SWE,20210216
0.240159,0.024782,0.220641,0.025529,281.0,Switzerland,CHE,CHE,20210216
0.104749,0.007096,0.088875,0.007637,1609.0,Taiwan,TWN,TWN,20210216
0.070845,0.009163,0.07497,0.008927,827.0,Thailand,THA,THA,20210216
0.197338,0.024291,0.132653,0.028501,196.0,Tunisia,TUN,TUN,20210216
0.21799,0.014632,0.21374,0.014736,786.0,Turkey,TUR,TUR,20210216
0.182052,0.011676,0.180479,0.011715,1086.0,Ukraine,UKR,UKR,20210216
0.191591,0.015366,0.165529,0.016271,586.0,United Kingdom,GBR,GBR,20210216
0.114219,0.016641,0.088737,0.018614,293.0,Uruguay,URY,URY,20210216
0.084851,0.014493,0.098824,0.013533,425.0,Venezuela,VEN,VEN,20210216
0.084668,0.005315,0.068091,0.005874,2247.0,Vietnam,VNM,VNM,20210216
0.299239,0.030564,0.317597,0.030064,233.0,Algeria,DZA,DZA,20210217
0.088664,0.00701,0.072006,0.007708,1361.0,Argentina,ARG,ARG,20210217
0.121734,0.013424,0.121417,0.013439,593.0,Australia,AUS,AUS,20210217
0.182313,0.02141,0.159864,0.022556,294.0,Austria,AUT,AUT,20210217
0.116533,0.023158,0.117949,0.023037,195.0,Bangladesh,BGD,BGD,20210217
0.171468,0.029721,0.175758,0.029432,165.0,Belarus,BLR,BLR,20210217
0.142002,0.019383,0.145015,0.019215,331.0,Belgium,BEL,BEL,20210217
0.071723,0.011889,0.051724,0.013852,348.0,Bolivia,BOL,BOL,20210217
0.06229,0.004054,0.056447,0.004245,3242.0,Brazil,BRA,BRA,20210217
0.219355,0.02174,0.193353,0.022779,331.0,Bulgaria,BGR,BGR,20210217
0.16137,0.011871,0.15368,0.012109,924.0,Canada,CAN,CAN,20210217
0.063449,0.01206,0.062189,0.012173,402.0,Chile,CHL,CHL,20210217
0.074251,0.008384,0.076,0.008295,1000.0,Colombia,COL,COL,20210217
0.109633,0.02812,0.131034,0.026036,145.0,Costa Rica,CRI,CRI,20210217
0.244796,0.032083,0.216867,0.033473,166.0,Croatia,HRV,HRV,20210217
0.18512,0.016012,0.190713,0.01583,603.0,Czech Republic,CZE,CZE,20210217
0.164125,0.022458,0.124424,0.025202,217.0,Denmark,DNK,DNK,20210217
0.152273,0.028995,0.167665,0.027886,167.0,Dominican Republic,DOM,DOM,20210217
0.052383,0.007538,0.040698,0.0085,688.0,Ecuador,ECU,ECU,20210217
0.165702,0.015329,0.171617,0.015116,606.0,Egypt,EGY,EGY,20210217
0.077297,0.017583,0.075221,0.017804,226.0,El Salvador,SLV,SLV,20210217
0.159576,0.007114,0.15173,0.007262,2544.0,France,FRA,FRA,20210217
0.164478,0.008219,0.162618,0.008256,2017.0,Germany,DEU,DEU,20210217
0.146656,0.025212,0.116564,0.027794,163.0,Ghana,GHA,GHA,20210217
0.118088,0.015754,0.115942,0.01588,414.0,Greece,GRC,GRC,20210217
0.12167,0.019324,0.080402,0.023232,199.0,Guatemala,GTM,GTM,20210217
0.080012,0.018616,0.05036,0.023096,139.0,Honduras,HND,HND,20210217
0.090498,0.024073,0.086957,0.024511,138.0,Hong Kong,HKG,HKG,20210217
0.228548,0.015517,0.216714,0.015814,706.0,Hungary,HUN,HUN,20210217
0.129084,0.008414,0.136691,0.008212,1668.0,India,IND,IND,20210217
0.151855,0.011678,0.156701,0.011529,970.0,Indonesia,IDN,IDN,20210217
0.174852,0.019172,0.175127,0.01916,394.0,Iraq,IRQ,IRQ,20210217
0.158063,0.02898,0.153846,0.029301,156.0,Ireland,IRL,IRL,20210217
0.245928,0.037553,0.185185,0.041631,108.0,Israel,ISR,ISR,20210217
0.079902,0.006605,0.075871,0.006764,1608.0,Italy,ITA,ITA,20210217
0.038006,0.002863,0.041244,0.002753,4825.0,Japan,JPN,JPN,20210217
0.25596,0.031568,0.219653,0.033275,173.0,Jordan,JOR,JOR,20210217
0.248287,0.038174,0.248062,0.038185,129.0,Kazakhstan,KAZ,KAZ,20210217
0.08606,0.021086,0.096447,0.020032,197.0,Kenya,KEN,KEN,20210217
0.079747,0.012022,0.06326,0.013379,411.0,Malaysia,MYS,MYS,20210217
0.055683,0.00408,0.047845,0.004383,2738.0,Mexico,MEX,MEX,20210217
0.1997,0.041583,0.22549,0.039779,102.0,Morocco,MAR,MAR,20210217
0.071935,0.026255,0.095238,0.02311,126.0,Nepal,NPL,NPL,20210217
0.231912,0.01644,0.221003,0.016722,638.0,Netherlands,NLD,NLD,20210217
0.091344,0.014441,0.078035,0.015511,346.0,New Zealand,NZL,NZL,20210217
0.062096,0.024874,0.072727,0.023115,110.0,Nicaragua,NIC,NIC,20210217
0.166393,0.022054,0.172881,0.021721,295.0,Nigeria,NGA,NGA,20210217
0.0817,0.016389,0.08,0.016547,275.0,Norway,NOR,NOR,20210217
0.145065,0.022691,0.162264,0.021674,265.0,Pakistan,PAK,PAK,20210217
0.108399,0.02611,0.110345,0.025907,145.0,Paraguay,PRY,PRY,20210217
0.078848,0.009956,0.071535,0.010412,671.0,Peru,PER,PER,20210217
0.100046,0.008864,0.088521,0.009363,1028.0,Philippines,PHL,PHL,20210217
0.207179,0.015633,0.217765,0.015351,698.0,Poland,POL,POL,20210217
0.035234,0.007961,0.043807,0.007171,662.0,Portugal,PRT,PRT,20210217
0.034532,0.017941,0.051948,0.014762,154.0,"Puerto Rico, U.S.",PRI,PRI,20210217
0.170971,0.018232,0.183628,0.017728,452.0,Romania,ROU,ROU,20210217
0.228458,0.013542,0.223044,0.013657,946.0,Russia,RUS,RUS,20210217
0.161402,0.027758,0.162921,0.027653,178.0,Saudi Arabia,SAU,SAU,20210217
0.189635,0.025559,0.165094,0.026987,212.0,Serbia,SRB,SRB,20210217
0.136886,0.02034,0.128676,0.02088,272.0,Slovakia,SVK,SVK,20210217
0.204332,0.035458,0.20155,0.035639,129.0,Slovenia,SVN,SVN,20210217
0.106624,0.015022,0.118534,0.014343,464.0,South Africa,ZAF,ZAF,20210217
0.031717,0.010906,0.044568,0.009262,359.0,South Korea,KOR,KOR,20210217
0.061025,0.007136,0.051255,0.007746,956.0,Spain,ESP,ESP,20210217
0.1364,0.011109,0.097046,0.012881,711.0,Sweden,SWE,SWE,20210217
0.21299,0.021958,0.217514,0.021791,354.0,Switzerland,CHE,CHE,20210217
0.111623,0.007596,0.091162,0.00831,1437.0,Taiwan,TWN,TWN,20210217
0.100201,0.009411,0.082751,0.010257,858.0,Thailand,THA,THA,20210217
0.248673,0.027649,0.18593,0.030718,199.0,Tunisia,TUN,TUN,20210217
0.150237,0.013816,0.174603,0.013004,756.0,Turkey,TUR,TUR,20210217
0.180332,0.011337,0.185374,0.011216,1176.0,Ukraine,UKR,UKR,20210217
0.151902,0.013736,0.137876,0.0143,631.0,United Kingdom,GBR,GBR,20210217
0.100539,0.016665,0.092409,0.017304,303.0,Uruguay,URY,URY,20210217
0.097939,0.01381,0.091533,0.014235,437.0,Venezuela,VEN,VEN,20210217
0.075181,0.005729,0.075587,0.005715,2130.0,Vietnam,VNM,VNM,20210217
0.234558,0.028795,0.281633,0.027126,245.0,Algeria,DZA,DZA,20210218
0.080827,0.00731,0.069421,0.007839,1210.0,Argentina,ARG,ARG,20210218
0.118313,0.013435,0.115044,0.0136,565.0,Australia,AUS,AUS,20210218
0.214173,0.022128,0.216138,0.022055,347.0,Austria,AUT,AUT,20210218
0.198841,0.026498,0.139535,0.030522,172.0,Bangladesh,BGD,BGD,20210218
0.157484,0.027311,0.1375,0.028887,160.0,Belarus,BLR,BLR,20210218
0.141848,0.020105,0.152648,0.019504,321.0,Belgium,BEL,BEL,20210218
0.091735,0.014802,0.066667,0.017128,285.0,Bolivia,BOL,BOL,20210218
0.065012,0.004228,0.060108,0.004386,3161.0,Brazil,BRA,BRA,20210218
0.257623,0.024282,0.227425,0.025334,299.0,Bulgaria,BGR,BGR,20210218
0.179546,0.011914,0.156082,0.012599,929.0,Canada,CAN,CAN,20210218
0.081548,0.013446,0.071038,0.014325,366.0,Chile,CHL,CHL,20210218
0.089436,0.009289,0.090814,0.009225,958.0,Colombia,COL,COL,20210218
0.161484,0.025545,0.104167,0.030772,144.0,Costa Rica,CRI,CRI,20210218
0.235934,0.033177,0.210526,0.034552,152.0,Croatia,HRV,HRV,20210218
0.229275,0.017297,0.238487,0.017062,608.0,Czech Republic,CZE,CZE,20210218
0.163606,0.020517,0.119522,0.023396,251.0,Denmark,DNK,DNK,20210218
0.147304,0.025485,0.121212,0.027675,165.0,Dominican Republic,DOM,DOM,20210218
0.081494,0.009882,0.063725,0.011068,612.0,Ecuador,ECU,ECU,20210218
0.154211,0.014389,0.154818,0.014366,633.0,Egypt,EGY,EGY,20210218
0.039736,0.015746,0.045455,0.014766,176.0,El Salvador,SLV,SLV,20210218
0.200211,0.034054,0.146789,0.038505,109.0,Finland,FIN,FIN,20210218
0.160142,0.007003,0.14699,0.007253,2558.0,France,FRA,FRA,20210218
0.170426,0.008622,0.175565,0.008521,1948.0,Germany,DEU,DEU,20210218
0.106571,0.026299,0.114865,0.02545,148.0,Ghana,GHA,GHA,20210218
0.111787,0.016007,0.117936,0.015638,407.0,Greece,GRC,GRC,20210218
0.103474,0.022368,0.080537,0.025036,149.0,Guatemala,GTM,GTM,20210218
0.035375,0.016948,0.045752,0.014983,153.0,Honduras,HND,HND,20210218
0.0663,0.024504,0.084615,0.021906,130.0,Hong Kong,HKG,HKG,20210218
0.235992,0.015371,0.231076,0.015484,753.0,Hungary,HUN,HUN,20210218
0.132709,0.009206,0.149701,0.008754,1503.0,India,IND,IND,20210218
0.139198,0.011427,0.141631,0.011345,932.0,Indonesia,IDN,IDN,20210218
0.1944,0.02034,0.184066,0.020771,364.0,Iraq,IRQ,IRQ,20210218
0.221171,0.027744,0.136364,0.033554,154.0,Ireland,IRL,IRL,20210218
0.089333,0.007253,0.09194,0.00716,1588.0,Italy,ITA,ITA,20210218
0.047074,0.00312,0.047629,0.003103,4661.0,Japan,JPN,JPN,20210218
0.217537,0.034355,0.219178,0.034262,146.0,Jordan,JOR,JOR,20210218
0.176974,0.035122,0.190476,0.034135,126.0,Kazakhstan,KAZ,KAZ,20210218
0.124045,0.028157,0.149068,0.02606,161.0,Kenya,KEN,KEN,20210218
0.111763,0.028762,0.09,0.031666,100.0,Lebanon,LBN,LBN,20210218
0.184899,0.037753,0.17,0.039017,100.0,Libya,LBY,LBY,20210218
0.065653,0.012343,0.061008,0.012773,377.0,Malaysia,MYS,MYS,20210218
0.064444,0.00469,0.060618,0.004826,2590.0,Mexico,MEX,MEX,20210218
0.082303,0.030581,0.106796,0.027212,103.0,Nepal,NPL,NPL,20210218
0.247614,0.017847,0.222426,0.018523,544.0,Netherlands,NLD,NLD,20210218
0.105612,0.017995,0.111111,0.017598,306.0,New Zealand,NZL,NZL,20210218
0.073336,0.024874,0.072727,0.024969,110.0,Nicaragua,NIC,NIC,20210218
0.21518,0.021214,0.165584,0.023454,308.0,Nigeria,NGA,NGA,20210218
0.118429,0.019707,0.118519,0.019701,270.0,Norway,NOR,NOR,20210218
0.175886,0.024487,0.174274,0.024576,241.0,Pakistan,PAK,PAK,20210218
0.108867,0.023466,0.080882,0.026807,136.0,Paraguay,PRY,PRY,20210218
0.091993,0.010859,0.080824,0.011515,631.0,Peru,PER,PER,20210218
0.074365,0.007779,0.061651,0.008485,957.0,Philippines,PHL,PHL,20210218
0.20573,0.01618,0.22929,0.015559,676.0,Poland,POL,POL,20210218
0.0536,0.009037,0.05414,0.008995,628.0,Portugal,PRT,PRT,20210218
0.07212,0.024741,0.076923,0.024018,117.0,"Puerto Rico, U.S.",PRI,PRI,20210218
0.251773,0.020768,0.252847,0.020739,439.0,Romania,ROU,ROU,20210218
0.229461,0.013427,0.199549,0.014127,887.0,Russia,RUS,RUS,20210218
0.230065,0.032498,0.190476,0.034832,147.0,Saudi Arabia,SAU,SAU,20210218
0.198581,0.024532,0.176955,0.025644,243.0,Serbia,SRB,SRB,20210218
0.141137,0.021804,0.136546,0.022108,249.0,Slovakia,SVK,SVK,20210218
0.108884,0.014254,0.114228,0.013958,499.0,South Africa,ZAF,ZAF,20210218
0.058884,0.010837,0.038217,0.013306,314.0,South Korea,KOR,KOR,20210218
0.089345,0.008686,0.07151,0.009615,881.0,Spain,ESP,ESP,20210218
0.142932,0.012397,0.118768,0.013412,682.0,Sweden,SWE,SWE,20210218
0.274669,0.023518,0.25,0.024242,340.0,Switzerland,CHE,CHE,20210218
0.083862,0.007762,0.085073,0.007711,1293.0,Taiwan,TWN,TWN,20210218
0.080527,0.0099,0.079195,0.009976,745.0,Thailand,THA,THA,20210218
0.129239,0.02393,0.151111,0.022414,225.0,Tunisia,TUN,TUN,20210218
0.210762,0.014471,0.208122,0.014538,788.0,Turkey,TUR,TUR,20210218
0.203408,0.011908,0.192903,0.012148,1099.0,Ukraine,UKR,UKR,20210218
0.182428,0.015435,0.163478,0.01612,575.0,United Kingdom,GBR,GBR,20210218
0.109391,0.01739,0.087121,0.019247,264.0,Uruguay,URY,URY,20210218
0.08015,0.013032,0.07013,0.013856,385.0,Venezuela,VEN,VEN,20210218
0.07432,0.005696,0.066423,0.006,1912.0,Vietnam,VNM,VNM,20210218
0.179343,0.026034,0.235955,0.023522,267.0,Algeria,DZA,DZA,20210219
0.090845,0.008102,0.07533,0.008823,1062.0,Argentina,ARG,ARG,20210219
0.114084,0.014125,0.117308,0.013955,520.0,Australia,AUS,AUS,20210219
0.256048,0.026304,0.25,0.026512,272.0,Austria,AUT,AUT,20210219
0.084667,0.024355,0.121547,0.02075,181.0,Bangladesh,BGD,BGD,20210219
0.192469,0.030109,0.167742,0.031769,155.0,Belarus,BLR,BLR,20210219
0.205646,0.025635,0.211765,0.02536,255.0,Belgium,BEL,BEL,20210219
0.058854,0.013801,0.05098,0.014767,255.0,Bolivia,BOL,BOL,20210219
0.069689,0.004578,0.067532,0.004645,3006.0,Brazil,BRA,BRA,20210219
0.201499,0.022255,0.164875,0.024058,279.0,Bulgaria,BGR,BGR,20210219
0.170976,0.012616,0.161782,0.012898,853.0,Canada,CAN,CAN,20210219
0.074186,0.013272,0.067227,0.01389,357.0,Chile,CHL,CHL,20210219
0.083614,0.009685,0.084643,0.009631,827.0,Colombia,COL,COL,20210219
0.112802,0.028019,0.126761,0.026641,142.0,Costa Rica,CRI,CRI,20210219
0.276959,0.035257,0.265823,0.035714,158.0,Croatia,HRV,HRV,20210219
0.235964,0.017528,0.229167,0.017707,576.0,Czech Republic,CZE,CZE,20210219
0.191257,0.024433,0.152074,0.02676,217.0,Denmark,DNK,DNK,20210219
0.154284,0.028081,0.138158,0.029396,152.0,Dominican Republic,DOM,DOM,20210219
0.056699,0.009943,0.055028,0.010084,527.0,Ecuador,ECU,ECU,20210219
0.177947,0.014979,0.175194,0.015071,645.0,Egypt,EGY,EGY,20210219
0.114634,0.022212,0.093023,0.024362,172.0,El Salvador,SLV,SLV,20210219
0.156061,0.007395,0.150726,0.007501,2342.0,France,FRA,FRA,20210219
0.167314,0.008395,0.160209,0.008543,1910.0,Germany,DEU,DEU,20210219
0.194595,0.032478,0.17037,0.0342,135.0,Ghana,GHA,GHA,20210219
0.116284,0.016122,0.116162,0.016129,396.0,Greece,GRC,GRC,20210219
0.054774,0.017619,0.060109,0.016866,183.0,Guatemala,GTM,GTM,20210219
0.02663,0.016932,0.038462,0.014175,130.0,Honduras,HND,HND,20210219
0.044347,0.023577,0.073171,0.018638,123.0,Hong Kong,HKG,HKG,20210219
0.222159,0.015709,0.202744,0.016243,656.0,Hungary,HUN,HUN,20210219
0.113155,0.008449,0.132005,0.007907,1606.0,India,IND,IND,20210219
0.152683,0.012427,0.156542,0.012301,856.0,Indonesia,IDN,IDN,20210219
0.213706,0.018964,0.1959,0.019587,439.0,Iraq,IRQ,IRQ,20210219
0.25156,0.035484,0.210526,0.037767,133.0,Ireland,IRL,IRL,20210219
0.086546,0.007454,0.089735,0.007333,1471.0,Italy,ITA,ITA,20210219
0.053011,0.003151,0.047785,0.00331,4583.0,Japan,JPN,JPN,20210219
0.233772,0.031824,0.241758,0.031458,182.0,Jordan,JOR,JOR,20210219
0.34973,0.04206,0.305785,0.043533,121.0,Kazakhstan,KAZ,KAZ,20210219
0.142243,0.027241,0.174359,0.025078,195.0,Kenya,KEN,KEN,20210219
0.05998,0.012907,0.07335,0.011756,409.0,Malaysia,MYS,MYS,20210219
0.066163,0.004777,0.060338,0.004986,2486.0,Mexico,MEX,MEX,20210219
0.122103,0.041331,0.240741,0.031651,108.0,Morocco,MAR,MAR,20210219
0.151724,0.03129,0.12931,0.033454,116.0,Nepal,NPL,NPL,20210219
0.27471,0.018115,0.253033,0.018599,577.0,Netherlands,NLD,NLD,20210219
0.118166,0.017856,0.103093,0.018956,291.0,New Zealand,NZL,NZL,20210219
0.147808,0.02389,0.203509,0.02106,285.0,Nigeria,NGA,NGA,20210219
0.116495,0.017663,0.090566,0.019745,265.0,Norway,NOR,NOR,20210219
0.196563,0.025438,0.200803,0.025235,249.0,Pakistan,PAK,PAK,20210219
0.129998,0.025973,0.10219,0.028838,137.0,Paraguay,PRY,PRY,20210219
0.063982,0.009291,0.056543,0.009844,619.0,Peru,PER,PER,20210219
0.093706,0.008649,0.077963,0.009401,962.0,Philippines,PHL,PHL,20210219
0.223948,0.016334,0.217527,0.016505,639.0,Poland,POL,POL,20210219
0.054547,0.00954,0.053667,0.009614,559.0,Portugal,PRT,PRT,20210219
0.041434,0.022205,0.060345,0.018584,116.0,"Puerto Rico, U.S.",PRI,PRI,20210219
0.202634,0.019091,0.188095,0.019637,420.0,Romania,ROU,ROU,20210219
0.217022,0.01395,0.212544,0.014056,861.0,Russia,RUS,RUS,20210219
0.163265,0.028295,0.175824,0.027473,182.0,Saudi Arabia,SAU,SAU,20210219
0.163571,0.026241,0.175355,0.025525,211.0,Serbia,SRB,SRB,20210219
0.202538,0.025172,0.198413,0.025367,252.0,Slovakia,SVK,SVK,20210219
0.180192,0.039167,0.194175,0.038056,103.0,Slovenia,SVN,SVN,20210219
0.124542,0.014967,0.127016,0.014841,496.0,South Africa,ZAF,ZAF,20210219
0.025889,0.009801,0.029801,0.009153,302.0,South Korea,KOR,KOR,20210219
0.104965,0.00899,0.0783,0.010257,894.0,Spain,ESP,ESP,20210219
0.155455,0.012452,0.116942,0.01404,667.0,Sweden,SWE,SWE,20210219
0.266814,0.026055,0.262238,0.026199,286.0,Switzerland,CHE,CHE,20210219
0.121229,0.008503,0.106383,0.009001,1316.0,Taiwan,TWN,TWN,20210219
0.111289,0.011225,0.104698,0.01153,745.0,Thailand,THA,THA,20210219
0.202567,0.027672,0.221239,0.026794,226.0,Tunisia,TUN,TUN,20210219
0.142669,0.014057,0.174211,0.012962,729.0,Turkey,TUR,TUR,20210219
0.182372,0.011891,0.170659,0.012205,1002.0,Ukraine,UKR,UKR,20210219
0.150762,0.015555,0.144531,0.015829,512.0,United Kingdom,GBR,GBR,20210219
0.084143,0.01719,0.077869,0.017808,244.0,Uruguay,URY,URY,20210219
0.044341,0.013075,0.061765,0.01118,340.0,Venezuela,VEN,VEN,20210219
0.075689,0.006076,0.069262,0.00633,1747.0,Vietnam,VNM,VNM,20210219
0.212094,0.027151,0.248031,0.0257,254.0,Algeria,DZA,DZA,20210220
0.074813,0.007521,0.061084,0.008262,1015.0,Argentina,ARG,ARG,20210220
0.135828,0.014293,0.121905,0.014967,525.0,Australia,AUS,AUS,20210220
0.195897,0.022755,0.2,0.022578,310.0,Austria,AUT,AUT,20210220
0.164399,0.025879,0.126506,0.028854,166.0,Bangladesh,BGD,BGD,20210220
0.170794,0.030669,0.156028,0.031806,141.0,Belarus,BLR,BLR,20210220
0.171087,0.02239,0.17193,0.022346,285.0,Belgium,BEL,BEL,20210220
0.080965,0.015933,0.075812,0.016419,277.0,Bolivia,BOL,BOL,20210220
0.076887,0.004482,0.062264,0.004942,2907.0,Brazil,BRA,BRA,20210220
0.297071,0.026668,0.269784,0.027457,278.0,Bulgaria,BGR,BGR,20210220
0.142197,0.012063,0.1367,0.012264,812.0,Canada,CAN,CAN,20210220
0.086391,0.014785,0.087432,0.014705,366.0,Chile,CHL,CHL,20210220
0.093613,0.01041,0.09335,0.010423,782.0,Colombia,COL,COL,20210220
0.113857,0.027834,0.105691,0.028758,123.0,Costa Rica,CRI,CRI,20210220
0.37913,0.038436,0.268657,0.04207,134.0,Croatia,HRV,HRV,20210220
0.196623,0.01662,0.198962,0.016546,578.0,Czech Republic,CZE,CZE,20210220
0.224983,0.027882,0.178947,0.030374,190.0,Denmark,DNK,DNK,20210220
0.109258,0.024768,0.111111,0.024586,162.0,Dominican Republic,DOM,DOM,20210220
0.038604,0.00952,0.044586,0.008886,471.0,Ecuador,ECU,ECU,20210220
0.172758,0.01665,0.187273,0.016134,550.0,Egypt,EGY,EGY,20210220
0.029874,0.016651,0.051136,0.012869,176.0,El Salvador,SLV,SLV,20210220
0.152278,0.007398,0.15079,0.007427,2341.0,France,FRA,FRA,20210220
0.168274,0.008811,0.167501,0.008828,1797.0,Germany,DEU,DEU,20210220
0.140438,0.032121,0.164179,0.030127,134.0,Ghana,GHA,GHA,20210220
0.117261,0.016433,0.118557,0.016354,388.0,Greece,GRC,GRC,20210220
0.114271,0.020107,0.062069,0.026512,145.0,Guatemala,GTM,GTM,20210220
0.087714,0.021142,0.057377,0.025716,122.0,Honduras,HND,HND,20210220
0.153909,0.030114,0.132813,0.032021,128.0,Hong Kong,HKG,HKG,20210220
0.233457,0.014438,0.206853,0.015079,788.0,Hungary,HUN,HUN,20210220
0.110949,0.008744,0.141509,0.007879,1590.0,India,IND,IND,20210220
0.149387,0.013068,0.168894,0.012433,823.0,Indonesia,IDN,IDN,20210220
0.194516,0.018039,0.166276,0.019178,427.0,Iraq,IRQ,IRQ,20210220
0.124181,0.025655,0.11875,0.026154,160.0,Ireland,IRL,IRL,20210220
0.084085,0.00747,0.090292,0.007233,1473.0,Italy,ITA,ITA,20210220
0.039007,0.002841,0.041233,0.002766,4899.0,Japan,JPN,JPN,20210220
0.2408,0.030066,0.243902,0.029936,205.0,Jordan,JOR,JOR,20210220
0.166697,0.034243,0.162393,0.034605,117.0,Kazakhstan,KAZ,KAZ,20210220
0.157422,0.02361,0.141553,0.024667,219.0,Kenya,KEN,KEN,20210220
0.066711,0.014404,0.07932,0.0133,353.0,Malaysia,MYS,MYS,20210220
0.072306,0.004759,0.056708,0.005329,2363.0,Mexico,MEX,MEX,20210220
0.125978,0.032414,0.13913,0.031078,115.0,Nepal,NPL,NPL,20210220
0.255495,0.017245,0.215789,0.018284,570.0,Netherlands,NLD,NLD,20210220
0.144258,0.020765,0.131579,0.021583,266.0,New Zealand,NZL,NZL,20210220
0.178564,0.023606,0.184502,0.023308,271.0,Nigeria,NGA,NGA,20210220
0.094542,0.016899,0.088339,0.017423,283.0,Norway,NOR,NOR,20210220
0.197364,0.023166,0.143478,0.026301,230.0,Pakistan,PAK,PAK,20210220
0.071894,0.022975,0.0625,0.024518,112.0,Paraguay,PRY,PRY,20210220
0.083767,0.011545,0.083478,0.011563,575.0,Peru,PER,PER,20210220
0.090246,0.008408,0.074642,0.009167,978.0,Philippines,PHL,PHL,20210220
0.264884,0.017705,0.260163,0.017808,615.0,Poland,POL,POL,20210220
0.048342,0.008334,0.044262,0.008692,610.0,Portugal,PRT,PRT,20210220
0.069648,0.020839,0.068027,0.021067,147.0,"Puerto Rico, U.S.",PRI,PRI,20210220
0.216711,0.019486,0.210046,0.019709,438.0,Romania,ROU,ROU,20210220
0.174,0.01383,0.191358,0.013329,810.0,Russia,RUS,RUS,20210220
0.217066,0.029609,0.197802,0.030642,182.0,Saudi Arabia,SAU,SAU,20210220
0.190127,0.026748,0.170854,0.027887,199.0,Serbia,SRB,SRB,20210220
0.188544,0.023138,0.167939,0.024211,262.0,Slovakia,SVK,SVK,20210220
0.168785,0.036943,0.181818,0.035877,110.0,Slovenia,SVN,SVN,20210220
0.145471,0.017457,0.136598,0.017922,388.0,South Africa,ZAF,ZAF,20210220
0.029161,0.010296,0.0347,0.009465,317.0,South Korea,KOR,KOR,20210220
0.087715,0.008381,0.064815,0.009629,864.0,Spain,ESP,ESP,20210220
0.129182,0.011686,0.095912,0.01331,636.0,Sweden,SWE,SWE,20210220
0.251107,0.024773,0.222615,0.025823,283.0,Switzerland,CHE,CHE,20210220
0.103475,0.00829,0.096698,0.008543,1272.0,Taiwan,TWN,TWN,20210220
0.108785,0.0101,0.087786,0.011113,786.0,Thailand,THA,THA,20210220
0.125814,0.026546,0.146067,0.024928,178.0,Tunisia,TUN,TUN,20210220
0.18167,0.014022,0.183486,0.013968,763.0,Turkey,TUR,TUR,20210220
0.169445,0.012197,0.170347,0.012171,951.0,Ukraine,UKR,UKR,20210220
0.299289,0.033933,0.135922,0.045343,103.0,United Arab Emirates,ARE,ARE,20210220
0.164644,0.016177,0.15748,0.01647,508.0,United Kingdom,GBR,GBR,20210220
0.076285,0.013916,0.055351,0.016155,271.0,Uruguay,URY,URY,20210220
0.061148,0.013101,0.069149,0.012373,376.0,Venezuela,VEN,VEN,20210220
0.074482,0.006206,0.06545,0.006589,1589.0,Vietnam,VNM,VNM,20210220
0.297832,0.029246,0.284519,0.029643,239.0,Algeria,DZA,DZA,20210221
0.096744,0.008656,0.088807,0.008995,1081.0,Argentina,ARG,ARG,20210221
0.092673,0.012097,0.084746,0.012596,531.0,Australia,AUS,AUS,20210221
0.246138,0.023576,0.250737,0.02343,339.0,Austria,AUT,AUT,20210221
0.118748,0.025541,0.127907,0.024738,172.0,Bangladesh,BGD,BGD,20210221
0.161348,0.028471,0.154321,0.028991,162.0,Belarus,BLR,BLR,20210221
0.207906,0.022152,0.179402,0.023429,301.0,Belgium,BEL,BEL,20210221
0.092848,0.017974,0.090196,0.01821,255.0,Bolivia,BOL,BOL,20210221
0.070367,0.004384,0.065066,0.004546,3166.0,Brazil,BRA,BRA,20210221
0.264416,0.024124,0.242902,0.024809,317.0,Bulgaria,BGR,BGR,20210221
0.172588,0.012252,0.160356,0.012617,898.0,Canada,CAN,CAN,20210221
0.067029,0.013337,0.066092,0.013425,348.0,Chile,CHL,CHL,20210221
0.071129,0.009307,0.074906,0.009088,801.0,Colombia,COL,COL,20210221
0.092098,0.03015,0.115044,0.027323,113.0,Costa Rica,CRI,CRI,20210221
0.168623,0.028812,0.152866,0.029977,157.0,Croatia,HRV,HRV,20210221
0.258915,0.017611,0.258481,0.01762,619.0,Czech Republic,CZE,CZE,20210221
0.153961,0.023094,0.147679,0.023493,237.0,Denmark,DNK,DNK,20210221
0.06955,0.02298,0.079137,0.021655,139.0,Dominican Republic,DOM,DOM,20210221
0.061303,0.010549,0.056367,0.010972,479.0,Ecuador,ECU,ECU,20210221
0.159716,0.014348,0.154331,0.014549,635.0,Egypt,EGY,EGY,20210221
0.045801,0.018745,0.067039,0.015669,179.0,El Salvador,SLV,SLV,20210221
0.164311,0.007409,0.151048,0.007667,2337.0,France,FRA,FRA,20210221
0.136942,0.008173,0.156107,0.007742,1973.0,Germany,DEU,DEU,20210221
0.190796,0.036437,0.217054,0.03473,129.0,Ghana,GHA,GHA,20210221
0.118146,0.016952,0.124011,0.016602,379.0,Greece,GRC,GRC,20210221
0.065445,0.018062,0.064516,0.018183,186.0,Guatemala,GTM,GTM,20210221
0.02176,0.016314,0.037037,0.012604,135.0,Honduras,HND,HND,20210221
0.081684,0.028526,0.09434,0.026728,106.0,Hong Kong,HKG,HKG,20210221
0.225931,0.014519,0.209657,0.014916,787.0,Hungary,HUN,HUN,20210221
0.105638,0.007836,0.119534,0.007424,1715.0,India,IND,IND,20210221
0.153939,0.012664,0.167623,0.012235,871.0,Indonesia,IDN,IDN,20210221
0.155804,0.017675,0.152174,0.017846,414.0,Iraq,IRQ,IRQ,20210221
0.147419,0.027352,0.141104,0.027854,163.0,Ireland,IRL,IRL,20210221
0.087426,0.007167,0.089477,0.007093,1587.0,Italy,ITA,ITA,20210221
0.040008,0.002933,0.043985,0.002803,4888.0,Japan,JPN,JPN,20210221
0.224567,0.02904,0.247748,0.02807,222.0,Jordan,JOR,JOR,20210221
0.171118,0.034359,0.202899,0.032176,138.0,Kazakhstan,KAZ,KAZ,20210221
0.112135,0.024738,0.123596,0.023717,178.0,Kenya,KEN,KEN,20210221
0.064753,0.012381,0.066502,0.012228,406.0,Malaysia,MYS,MYS,20210221
0.05959,0.00476,0.058655,0.004795,2438.0,Mexico,MEX,MEX,20210221
0.13728,0.0335,0.153846,0.031953,117.0,Nepal,NPL,NPL,20210221
0.266489,0.017973,0.246528,0.018438,576.0,Netherlands,NLD,NLD,20210221
0.139285,0.019988,0.137584,0.020091,298.0,New Zealand,NZL,NZL,20210221
0.183018,0.022504,0.152344,0.024215,256.0,Nigeria,NGA,NGA,20210221
0.103355,0.015222,0.074074,0.017694,297.0,Norway,NOR,NOR,20210221
0.19124,0.024176,0.174089,0.025074,247.0,Pakistan,PAK,PAK,20210221
0.084003,0.022212,0.076389,0.023197,144.0,Paraguay,PRY,PRY,20210221
0.081717,0.01187,0.086879,0.011545,564.0,Peru,PER,PER,20210221
0.093691,0.009056,0.081229,0.00966,911.0,Philippines,PHL,PHL,20210221
0.254607,0.016593,0.252187,0.016645,686.0,Poland,POL,POL,20210221
0.075973,0.009706,0.069666,0.010101,689.0,Portugal,PRT,PRT,20210221
0.042739,0.018065,0.045113,0.017605,133.0,"Puerto Rico, U.S.",PRI,PRI,20210221
0.160174,0.017242,0.163043,0.017119,460.0,Romania,ROU,ROU,20210221
0.175066,0.013628,0.194313,0.013089,844.0,Russia,RUS,RUS,20210221
0.156525,0.030041,0.170886,0.028999,158.0,Saudi Arabia,SAU,SAU,20210221
0.149153,0.023124,0.138393,0.023856,224.0,Serbia,SRB,SRB,20210221
0.141689,0.021203,0.140741,0.021262,270.0,Slovakia,SVK,SVK,20210221
0.286147,0.042857,0.257143,0.044318,105.0,Slovenia,SVN,SVN,20210221
0.187659,0.016073,0.149798,0.017585,494.0,South Africa,ZAF,ZAF,20210221
0.028267,0.009863,0.031646,0.009338,316.0,South Korea,KOR,KOR,20210221
0.07455,0.007962,0.061471,0.008707,911.0,Spain,ESP,ESP,20210221
0.111014,0.010447,0.087432,0.011619,732.0,Sweden,SWE,SWE,20210221
0.243419,0.023415,0.216129,0.024413,310.0,Switzerland,CHE,CHE,20210221
0.092346,0.00791,0.093979,0.007848,1362.0,Taiwan,TWN,TWN,20210221
0.063183,0.008283,0.059756,0.008501,820.0,Thailand,THA,THA,20210221
0.106159,0.0279,0.163842,0.023219,177.0,Tunisia,TUN,TUN,20210221
0.194445,0.014136,0.207524,0.013796,824.0,Turkey,TUR,TUR,20210221
0.172932,0.011848,0.178161,0.01171,1044.0,Ukraine,UKR,UKR,20210221
0.183027,0.015571,0.177446,0.01576,603.0,United Kingdom,GBR,GBR,20210221
0.092137,0.017043,0.083333,0.017834,264.0,Uruguay,URY,URY,20210221
0.070377,0.012471,0.058824,0.013556,357.0,Venezuela,VEN,VEN,20210221
0.052799,0.006256,0.067943,0.00556,1619.0,Vietnam,VNM,VNM,20210221
0.280463,0.030641,0.270142,0.031,211.0,Algeria,DZA,DZA,20210222
0.094836,0.00798,0.083748,0.00844,1206.0,Argentina,ARG,ARG,20210222
0.119072,0.013997,0.11412,0.014258,517.0,Australia,AUS,AUS,20210222
0.246351,0.023953,0.238994,0.024201,318.0,Austria,AUT,AUT,20210222
0.086701,0.024768,0.12069,0.021394,174.0,Bangladesh,BGD,BGD,20210222
0.15381,0.029635,0.171779,0.028344,163.0,Belarus,BLR,BLR,20210222
0.217911,0.02252,0.220588,0.022422,340.0,Belgium,BEL,BEL,20210222
0.052152,0.013865,0.058824,0.013101,289.0,Bolivia,BOL,BOL,20210222
0.066088,0.004109,0.062211,0.004227,3456.0,Brazil,BRA,BRA,20210222
0.199985,0.023672,0.220779,0.022829,308.0,Bulgaria,BGR,BGR,20210222
0.153802,0.012031,0.149203,0.012182,878.0,Canada,CAN,CAN,20210222
0.057801,0.012245,0.068235,0.011333,425.0,Chile,CHL,CHL,20210222
0.085139,0.009151,0.084416,0.009186,924.0,Colombia,COL,COL,20210222
0.136109,0.02597,0.113333,0.028092,150.0,Costa Rica,CRI,CRI,20210222
0.25867,0.034715,0.26087,0.034619,161.0,Croatia,HRV,HRV,20210222
0.187332,0.015765,0.188312,0.015733,616.0,Czech Republic,CZE,CZE,20210222
0.116546,0.02101,0.113537,0.021251,229.0,Denmark,DNK,DNK,20210222
0.144424,0.029341,0.148649,0.028993,148.0,Dominican Republic,DOM,DOM,20210222
0.065701,0.010388,0.0625,0.010632,544.0,Ecuador,ECU,ECU,20210222
0.167369,0.015858,0.186777,0.01519,605.0,Egypt,EGY,EGY,20210222
0.110283,0.019418,0.080808,0.022318,198.0,El Salvador,SLV,SLV,20210222
0.094128,0.027006,0.079208,0.029201,101.0,Finland,FIN,FIN,20210222
0.154009,0.007166,0.149657,0.007251,2479.0,France,FRA,FRA,20210222
0.16843,0.008622,0.176139,0.008471,1953.0,Germany,DEU,DEU,20210222
0.114082,0.028374,0.136054,0.026311,147.0,Ghana,GHA,GHA,20210222
0.133816,0.017682,0.135638,0.017581,376.0,Greece,GRC,GRC,20210222
0.075753,0.020567,0.08,0.020059,175.0,Guatemala,GTM,GTM,20210222
0.067568,0.020519,0.06338,0.021138,142.0,Honduras,HND,HND,20210222
0.100462,0.028269,0.107438,0.027442,121.0,Hong Kong,HKG,HKG,20210222
0.260566,0.015145,0.22325,0.015964,757.0,Hungary,HUN,HUN,20210222
0.140811,0.008219,0.138575,0.008275,1768.0,India,IND,IND,20210222
0.171881,0.012746,0.170115,0.012798,870.0,Indonesia,IDN,IDN,20210222
0.132465,0.019636,0.164804,0.017942,358.0,Iraq,IRQ,IRQ,20210222
0.13706,0.030457,0.142857,0.029934,133.0,Ireland,IRL,IRL,20210222
0.205497,0.040202,0.2,0.04061,100.0,Israel,ISR,ISR,20210222
0.099183,0.007405,0.088753,0.007783,1476.0,Italy,ITA,ITA,20210222
0.043089,0.002722,0.039365,0.002842,5106.0,Japan,JPN,JPN,20210222
0.237657,0.028643,0.241071,0.028503,224.0,Jordan,JOR,JOR,20210222
0.160994,0.035818,0.190083,0.03355,121.0,Kazakhstan,KAZ,KAZ,20210222
0.089793,0.022199,0.112745,0.020065,204.0,Kenya,KEN,KEN,20210222
0.139705,0.03827,0.178218,0.034668,101.0,Libya,LBY,LBY,20210222
0.063202,0.012767,0.065963,0.012515,379.0,Malaysia,MYS,MYS,20210222
0.061656,0.004509,0.05466,0.004771,2543.0,Mexico,MEX,MEX,20210222
0.142142,0.040073,0.232143,0.033144,112.0,Morocco,MAR,MAR,20210222
0.03324,0.025367,0.078947,0.016864,114.0,Nepal,NPL,NPL,20210222
0.302503,0.017861,0.259934,0.018706,604.0,Netherlands,NLD,NLD,20210222
0.132723,0.019176,0.117021,0.020239,282.0,New Zealand,NZL,NZL,20210222
0.197873,0.022614,0.161654,0.024473,266.0,Nigeria,NGA,NGA,20210222
0.15361,0.020366,0.140411,0.021137,292.0,Norway,NOR,NOR,20210222
0.098519,0.023436,0.157025,0.019197,242.0,Pakistan,PAK,PAK,20210222
0.140257,0.023868,0.06,0.0349,100.0,Panama,PAN,PAN,20210222
0.085883,0.024584,0.088889,0.024205,135.0,Paraguay,PRY,PRY,20210222
0.066048,0.009427,0.064611,0.009524,681.0,Peru,PER,PER,20210222
0.098343,0.008973,0.085977,0.009532,977.0,Philippines,PHL,PHL,20210222
0.222286,0.016008,0.228986,0.01584,690.0,Poland,POL,POL,20210222
0.054704,0.00956,0.050943,0.009887,530.0,Portugal,PRT,PRT,20210222
0.129726,0.023241,0.090909,0.027164,154.0,"Puerto Rico, U.S.",PRI,PRI,20210222
0.180091,0.017953,0.178022,0.018034,455.0,Romania,ROU,ROU,20210222
0.194487,0.013785,0.200946,0.013616,846.0,Russia,RUS,RUS,20210222
0.160876,0.030649,0.178344,0.029417,157.0,Saudi Arabia,SAU,SAU,20210222
0.203116,0.028109,0.19802,0.028377,202.0,Serbia,SRB,SRB,20210222
0.206111,0.024004,0.177165,0.025431,254.0,Slovakia,SVK,SVK,20210222
0.149654,0.017149,0.15103,0.017084,437.0,South Africa,ZAF,ZAF,20210222
0.034445,0.011772,0.048193,0.010024,332.0,South Korea,KOR,KOR,20210222
0.069138,0.007629,0.056044,0.008414,910.0,Spain,ESP,ESP,20210222
0.170829,0.041277,0.217822,0.037636,101.0,Sudan,SDN,SDN,20210222
0.132362,0.011591,0.104585,0.012836,698.0,Sweden,SWE,SWE,20210222
0.216507,0.022903,0.208861,0.023206,316.0,Switzerland,CHE,CHE,20210222
0.114016,0.008625,0.103834,0.008986,1252.0,Taiwan,TWN,TWN,20210222
0.078934,0.010164,0.087013,0.009723,770.0,Thailand,THA,THA,20210222
0.167061,0.027936,0.182292,0.026992,192.0,Tunisia,TUN,TUN,20210222
0.187536,0.014882,0.208054,0.014311,745.0,Turkey,TUR,TUR,20210222
0.171162,0.011899,0.179018,0.011691,1039.0,Ukraine,UKR,UKR,20210222
0.163481,0.014914,0.142077,0.015797,549.0,United Kingdom,GBR,GBR,20210222
0.084648,0.014996,0.071186,0.016234,295.0,Uruguay,URY,URY,20210222
0.068715,0.012902,0.069409,0.012843,389.0,Venezuela,VEN,VEN,20210222
0.070931,0.006827,0.077175,0.006567,1529.0,Vietnam,VNM,VNM,20210222
0.219116,0.027698,0.268482,0.025853,257.0,Algeria,DZA,DZA,20210223
0.086965,0.007687,0.070852,0.008443,1115.0,Argentina,ARG,ARG,20210223
0.097432,0.012595,0.102916,0.012292,583.0,Australia,AUS,AUS,20210223
0.2647,0.025499,0.253425,0.025862,292.0,Austria,AUT,AUT,20210223
0.111523,0.023603,0.10241,0.024505,166.0,Bangladesh,BGD,BGD,20210223
0.127518,0.026133,0.117647,0.027055,153.0,Belarus,BLR,BLR,20210223
0.204763,0.022153,0.197531,0.022453,324.0,Belgium,BEL,BEL,20210223
0.074043,0.015823,0.075269,0.015704,279.0,Bolivia,BOL,BOL,20210223
0.066107,0.004142,0.062427,0.004254,3412.0,Brazil,BRA,BRA,20210223
0.215451,0.023831,0.208904,0.024101,292.0,Bulgaria,BGR,BGR,20210223
0.147715,0.011969,0.148984,0.011927,886.0,Canada,CAN,CAN,20210223
0.063181,0.012224,0.064356,0.012119,404.0,Chile,CHL,CHL,20210223
0.091255,0.008836,0.073394,0.009758,872.0,Colombia,COL,COL,20210223
0.10531,0.026523,0.104478,0.026616,134.0,Costa Rica,CRI,CRI,20210223
0.252008,0.032569,0.224242,0.033903,165.0,Croatia,HRV,HRV,20210223
0.19042,0.015807,0.191626,0.015768,621.0,Czech Republic,CZE,CZE,20210223
0.169115,0.022509,0.136752,0.024557,234.0,Denmark,DNK,DNK,20210223
0.170325,0.030076,0.144928,0.032117,138.0,Dominican Republic,DOM,DOM,20210223
0.069982,0.010831,0.065259,0.011188,521.0,Ecuador,ECU,ECU,20210223
0.1749,0.015084,0.174803,0.015087,635.0,Egypt,EGY,EGY,20210223
0.095794,0.018762,0.075377,0.020916,199.0,El Salvador,SLV,SLV,20210223
0.165262,0.00729,0.152709,0.007527,2436.0,France,FRA,FRA,20210223
0.187375,0.008571,0.175545,0.008792,1971.0,Germany,DEU,DEU,20210223
0.099339,0.02754,0.116788,0.025649,137.0,Ghana,GHA,GHA,20210223
0.106176,0.016066,0.110236,0.015803,381.0,Greece,GRC,GRC,20210223
0.08211,0.018087,0.07,0.019461,200.0,Guatemala,GTM,GTM,20210223
0.030083,0.014079,0.02459,0.015529,122.0,Honduras,HND,HND,20210223
0.084598,0.024946,0.077586,0.02595,116.0,Hong Kong,HKG,HKG,20210223
0.246587,0.01496,0.225352,0.015433,781.0,Hungary,HUN,HUN,20210223
0.120808,0.007549,0.116639,0.007665,1809.0,India,IND,IND,20210223
0.143578,0.011762,0.141884,0.011821,881.0,Indonesia,IDN,IDN,20210223
0.173373,0.018947,0.161376,0.019497,378.0,Iraq,IRQ,IRQ,20210223
0.090526,0.022957,0.089744,0.023047,156.0,Ireland,IRL,IRL,20210223
0.095094,0.007356,0.087779,0.007625,1481.0,Italy,ITA,ITA,20210223
0.038824,0.00289,0.040558,0.00283,4660.0,Japan,JPN,JPN,20210223
0.235527,0.029526,0.23301,0.029636,206.0,Jordan,JOR,JOR,20210223
0.18293,0.033761,0.210884,0.031996,147.0,Kazakhstan,KAZ,KAZ,20210223
0.124529,0.024999,0.136842,0.024017,190.0,Kenya,KEN,KEN,20210223
0.081566,0.013886,0.079156,0.014078,379.0,Malaysia,MYS,MYS,20210223
0.070854,0.00502,0.069822,0.005054,2578.0,Mexico,MEX,MEX,20210223
0.200954,0.040241,0.211538,0.039484,104.0,Morocco,MAR,MAR,20210223
0.119616,0.029861,0.109091,0.031083,110.0,Nepal,NPL,NPL,20210223
0.255159,0.017389,0.22906,0.01804,585.0,Netherlands,NLD,NLD,20210223
0.093054,0.015002,0.084302,0.015686,344.0,New Zealand,NZL,NZL,20210223
0.09574,0.028223,0.088235,0.029277,102.0,Nicaragua,NIC,NIC,20210223
0.183698,0.024556,0.203704,0.02361,270.0,Nigeria,NGA,NGA,20210223
0.11739,0.017476,0.098976,0.018837,293.0,Norway,NOR,NOR,20210223
0.1461,0.023507,0.173077,0.021947,260.0,Pakistan,PAK,PAK,20210223
0.136195,0.022903,0.086093,0.028005,151.0,Paraguay,PRY,PRY,20210223
0.115665,0.010282,0.076347,0.012384,668.0,Peru,PER,PER,20210223
0.098421,0.008245,0.069401,0.009665,951.0,Philippines,PHL,PHL,20210223
0.216168,0.015999,0.230548,0.015637,694.0,Poland,POL,POL,20210223
0.051239,0.00932,0.049632,0.009462,544.0,Portugal,PRT,PRT,20210223
0.13965,0.023466,0.080882,0.029833,136.0,"Puerto Rico, U.S.",PRI,PRI,20210223
0.222829,0.019222,0.213187,0.019531,455.0,Romania,ROU,ROU,20210223
0.206166,0.012606,0.178571,0.013316,924.0,Russia,RUS,RUS,20210223
0.132747,0.029853,0.15894,0.027704,151.0,Saudi Arabia,SAU,SAU,20210223
0.184981,0.024715,0.173729,0.025329,236.0,Serbia,SRB,SRB,20210223
0.188864,0.023191,0.164063,0.02451,256.0,Slovakia,SVK,SVK,20210223
0.21139,0.038505,0.190476,0.040037,105.0,Slovenia,SVN,SVN,20210223
0.106663,0.015091,0.127049,0.013988,488.0,South Africa,ZAF,ZAF,20210223
0.035419,0.011737,0.043189,0.010672,301.0,South Korea,KOR,KOR,20210223
0.07468,0.008206,0.061033,0.009011,852.0,Spain,ESP,ESP,20210223
0.10126,0.010353,0.082982,0.011322,711.0,Sweden,SWE,SWE,20210223
0.225155,0.021966,0.212644,0.022422,348.0,Switzerland,CHE,CHE,20210223
0.1166,0.008684,0.110856,0.008877,1308.0,Taiwan,TWN,TWN,20210223
0.099145,0.010044,0.089901,0.010494,812.0,Thailand,THA,THA,20210223
0.194302,0.032051,0.198718,0.03178,156.0,Tunisia,TUN,TUN,20210223
0.209397,0.014284,0.206468,0.014358,804.0,Turkey,TUR,TUR,20210223
0.180777,0.011542,0.173023,0.011743,1075.0,Ukraine,UKR,UKR,20210223
0.154877,0.015339,0.132653,0.016361,490.0,United Kingdom,GBR,GBR,20210223
0.108841,0.017856,0.103093,0.018288,291.0,Uruguay,URY,URY,20210223
0.086286,0.013881,0.081841,0.014218,391.0,Venezuela,VEN,VEN,20210223
0.0789,0.007033,0.073401,0.00727,1376.0,Vietnam,VNM,VNM,20210223
