pct_hes_dontlike,hes_dontlike_se,pct_hes_dontlike_unw,hes_dontlike_se_unw,sample_size,country,iso_code,gid_0,survey_date
0.104182,0.019682,0.103734,0.01972,241.0,Algeria,DZA,DZA,20210206
0.041759,0.006096,0.040307,0.0062,1042.0,Argentina,ARG,ARG,20210206
0.048661,0.009477,0.056856,0.008806,598.0,Australia,AUS,AUS,20210206
0.117869,0.021358,0.117904,0.021355,229.0,Austria,AUT,AUT,20210206
0.051864,0.017,0.060606,0.015799,198.0,Bangladesh,BGD,BGD,20210206
0.073435,0.025306,0.095588,0.02245,136.0,Belarus,BLR,BLR,20210206
0.154073,0.020477,0.133574,0.021731,277.0,Belgium,BEL,BEL,20210206
0.06816,0.01208,0.046205,0.014502,303.0,Bolivia,BOL,BOL,20210206
0.065114,0.004469,0.055745,0.004806,2637.0,Brazil,BRA,BRA,20210206
0.096972,0.01894,0.099602,0.018716,251.0,Bulgaria,BGR,BGR,20210206
0.090714,0.010369,0.091613,0.010323,775.0,Canada,CAN,CAN,20210206
0.069522,0.012187,0.070295,0.012125,441.0,Chile,CHL,CHL,20210206
0.070645,0.007357,0.057172,0.008119,997.0,Colombia,COL,COL,20210206
0.120515,0.025398,0.069307,0.032556,101.0,Costa Rica,CRI,CRI,20210206
0.102222,0.025106,0.098592,0.025512,142.0,Croatia,HRV,HRV,20210206
0.109096,0.014962,0.118026,0.014457,466.0,Czech Republic,CZE,CZE,20210206
0.154974,0.023268,0.112903,0.026606,186.0,Denmark,DNK,DNK,20210206
0.117979,0.025508,0.11465,0.025827,157.0,Dominican Republic,DOM,DOM,20210206
0.028909,0.0092,0.035,0.008388,400.0,Ecuador,ECU,ECU,20210206
0.080824,0.012294,0.08818,0.011817,533.0,Egypt,EGY,EGY,20210206
0.088149,0.023991,0.113636,0.021431,176.0,El Salvador,SLV,SLV,20210206
0.09834,0.006236,0.09108,0.006454,2130.0,France,FRA,FRA,20210206
0.106602,0.007463,0.104291,0.007536,1678.0,Germany,DEU,DEU,20210206
0.066946,0.023197,0.087248,0.020544,149.0,Ghana,GHA,GHA,20210206
0.033281,0.01078,0.048101,0.009036,395.0,Greece,GRC,GRC,20210206
0.08416,0.02151,0.083832,0.021548,167.0,Guatemala,GTM,GTM,20210206
0.08448,0.018616,0.05036,0.023674,139.0,Honduras,HND,HND,20210206
0.084451,0.026837,0.088496,0.026274,113.0,Hong Kong,HKG,HKG,20210206
0.109483,0.013121,0.099617,0.01368,522.0,Hungary,HUN,HUN,20210206
0.039276,0.005903,0.053571,0.005093,1456.0,India,IND,IND,20210206
0.101885,0.009859,0.090047,0.010419,844.0,Indonesia,IDN,IDN,20210206
0.164715,0.017488,0.091575,0.02249,273.0,Iraq,IRQ,IRQ,20210206
0.066238,0.025836,0.089431,0.022516,123.0,Ireland,IRL,IRL,20210206
0.128033,0.030688,0.152174,0.028546,138.0,Israel,ISR,ISR,20210206
0.062193,0.006852,0.061638,0.006881,1233.0,Italy,ITA,ITA,20210206
0.087058,0.003643,0.081517,0.003753,5643.0,Japan,JPN,JPN,20210206
0.232028,0.033625,0.189781,0.036197,137.0,Jordan,JOR,JOR,20210206
0.102132,0.024946,0.077586,0.028238,116.0,Kazakhstan,KAZ,KAZ,20210206
0.046005,0.014794,0.03681,0.01646,163.0,Kenya,KEN,KEN,20210206
0.051598,0.020828,0.052174,0.020719,115.0,Lebanon,LBN,LBN,20210206
0.046998,0.010174,0.042821,0.010635,397.0,Malaysia,MYS,MYS,20210206
0.054113,0.004339,0.050568,0.00448,2551.0,Mexico,MEX,MEX,20210206
0.10182,0.030151,0.1,0.030394,100.0,Morocco,MAR,MAR,20210206
0.029783,0.022584,0.061404,0.015991,114.0,Nepal,NPL,NPL,20210206
0.10845,0.014448,0.103371,0.014757,445.0,Netherlands,NLD,NLD,20210206
0.085337,0.018127,0.08,0.018667,225.0,New Zealand,NZL,NZL,20210206
0.091299,0.015161,0.068345,0.017306,278.0,Nigeria,NGA,NGA,20210206
0.110002,0.016665,0.075397,0.01975,252.0,Norway,NOR,NOR,20210206
0.027979,0.015217,0.046632,0.011901,193.0,Pakistan,PAK,PAK,20210206
0.085295,0.022866,0.066667,0.025605,120.0,Paraguay,PRY,PRY,20210206
0.065707,0.00938,0.063516,0.00953,677.0,Peru,PER,PER,20210206
0.078747,0.009274,0.073325,0.009583,791.0,Philippines,PHL,PHL,20210206
0.072967,0.011936,0.077535,0.011608,503.0,Poland,POL,POL,20210206
0.043793,0.008819,0.047782,0.008461,586.0,Portugal,PRT,PRT,20210206
0.100367,0.024938,0.081967,0.027317,122.0,"Puerto Rico, U.S.",PRI,PRI,20210206
0.090908,0.013295,0.08076,0.014027,421.0,Romania,ROU,ROU,20210206
0.101204,0.008898,0.068966,0.010591,812.0,Russia,RUS,RUS,20210206
0.12744,0.024525,0.128342,0.024451,187.0,Saudi Arabia,SAU,SAU,20210206
0.026523,0.0116,0.031111,0.010736,225.0,Serbia,SRB,SRB,20210206
0.122132,0.022987,0.125,0.022759,208.0,Slovakia,SVK,SVK,20210206
0.125585,0.0338,0.13,0.033305,100.0,Slovenia,SVN,SVN,20210206
0.091876,0.013468,0.075325,0.01474,385.0,South Africa,ZAF,ZAF,20210206
0.08748,0.013603,0.068966,0.015167,348.0,South Korea,KOR,KOR,20210206
0.063763,0.007578,0.058945,0.007861,967.0,Spain,ESP,ESP,20210206
0.080961,0.010412,0.072464,0.010955,621.0,Sweden,SWE,SWE,20210206
0.093613,0.016128,0.092593,0.016208,324.0,Switzerland,CHE,CHE,20210206
0.04384,0.005858,0.04401,0.005847,1227.0,Taiwan,TWN,TWN,20210206
0.031656,0.005715,0.027778,0.006088,828.0,Thailand,THA,THA,20210206
0.048937,0.021079,0.090909,0.015819,187.0,Tunisia,TUN,TUN,20210206
0.035304,0.007744,0.050868,0.006504,806.0,Turkey,TUR,TUR,20210206
0.052491,0.007509,0.055135,0.007337,925.0,Ukraine,UKR,UKR,20210206
0.08548,0.011423,0.075047,0.012122,533.0,United Kingdom,GBR,GBR,20210206
0.061723,0.012086,0.038911,0.015041,257.0,Uruguay,URY,URY,20210206
0.055852,0.011318,0.047753,0.012188,356.0,Venezuela,VEN,VEN,20210206
0.022631,0.004565,0.030389,0.003955,1415.0,Vietnam,VNM,VNM,20210206
0.131595,0.02247,0.141079,0.021821,241.0,Algeria,DZA,DZA,20210207
0.046611,0.006272,0.045372,0.006353,1102.0,Argentina,ARG,ARG,20210207
0.05206,0.008777,0.048414,0.009084,599.0,Australia,AUS,AUS,20210207
0.114452,0.019476,0.122807,0.018891,285.0,Austria,AUT,AUT,20210207
0.067626,0.017465,0.079167,0.016242,240.0,Bangladesh,BGD,BGD,20210207
0.112044,0.020911,0.081395,0.024121,172.0,Belarus,BLR,BLR,20210207
0.114224,0.017685,0.105611,0.018304,303.0,Belgium,BEL,BEL,20210207
0.054881,0.013623,0.054152,0.013709,277.0,Bolivia,BOL,BOL,20210207
0.061482,0.004282,0.049689,0.004734,2576.0,Brazil,BRA,BRA,20210207
0.081903,0.01574,0.080268,0.015885,299.0,Bulgaria,BGR,BGR,20210207
0.110491,0.009857,0.095506,0.010514,890.0,Canada,CAN,CAN,20210207
0.050866,0.010461,0.051454,0.010404,447.0,Chile,CHL,CHL,20210207
0.044722,0.006946,0.049332,0.00663,973.0,Colombia,COL,COL,20210207
0.181115,0.027984,0.144654,0.030638,159.0,Croatia,HRV,HRV,20210207
0.126722,0.015815,0.131291,0.015578,457.0,Czech Republic,CZE,CZE,20210207
0.147034,0.024113,0.134328,0.025041,201.0,Denmark,DNK,DNK,20210207
0.063015,0.017607,0.050955,0.019455,157.0,Dominican Republic,DOM,DOM,20210207
0.043735,0.010301,0.043367,0.010342,392.0,Ecuador,ECU,ECU,20210207
0.093773,0.01303,0.090535,0.013237,486.0,Egypt,EGY,EGY,20210207
0.084066,0.018908,0.073298,0.020131,191.0,El Salvador,SLV,SLV,20210207
0.092654,0.006041,0.092993,0.006031,2312.0,France,FRA,FRA,20210207
0.091171,0.006916,0.090856,0.006927,1728.0,Germany,DEU,DEU,20210207
0.091786,0.024786,0.093525,0.024578,139.0,Ghana,GHA,GHA,20210207
0.063803,0.011487,0.05665,0.012144,406.0,Greece,GRC,GRC,20210207
0.07667,0.022065,0.075862,0.022172,145.0,Guatemala,GTM,GTM,20210207
0.114254,0.021015,0.075472,0.025308,159.0,Honduras,HND,HND,20210207
0.044688,0.015058,0.026316,0.019437,114.0,Hong Kong,HKG,HKG,20210207
0.11894,0.012587,0.108197,0.013118,610.0,Hungary,HUN,HUN,20210207
0.067157,0.006579,0.063004,0.006777,1365.0,India,IND,IND,20210207
0.076644,0.009292,0.076074,0.009324,815.0,Indonesia,IDN,IDN,20210207
0.097857,0.019716,0.101695,0.019382,236.0,Iraq,IRQ,IRQ,20210207
0.095559,0.025117,0.090909,0.025686,132.0,Ireland,IRL,IRL,20210207
0.143786,0.032917,0.172932,0.03054,133.0,Israel,ISR,ISR,20210207
0.055397,0.006238,0.055183,0.006249,1341.0,Italy,ITA,ITA,20210207
0.087252,0.003954,0.087289,0.003953,5098.0,Japan,JPN,JPN,20210207
0.149987,0.031578,0.176871,0.02955,147.0,Jordan,JOR,JOR,20210207
0.10879,0.030649,0.11215,0.030243,107.0,Kazakhstan,KAZ,KAZ,20210207
0.036661,0.017945,0.055215,0.014765,163.0,Kenya,KEN,KEN,20210207
0.070556,0.025367,0.078947,0.02409,114.0,Lebanon,LBN,LBN,20210207
0.027103,0.010646,0.044855,0.008352,379.0,Malaysia,MYS,MYS,20210207
0.067466,0.004854,0.061141,0.005082,2437.0,Mexico,MEX,MEX,20210207
0.02929,0.024017,0.065421,0.016378,107.0,Nepal,NPL,NPL,20210207
0.099971,0.013982,0.090261,0.014637,421.0,Netherlands,NLD,NLD,20210207
0.083288,0.016376,0.076046,0.017071,263.0,New Zealand,NZL,NZL,20210207
0.055193,0.013116,0.052083,0.013479,288.0,Nigeria,NGA,NGA,20210207
0.063174,0.015661,0.074468,0.014513,282.0,Norway,NOR,NOR,20210207
0.040862,0.014098,0.05,0.012806,240.0,Pakistan,PAK,PAK,20210207
0.051578,0.013321,0.023256,0.019549,129.0,Paraguay,PRY,PRY,20210207
0.054282,0.008578,0.052083,0.008747,672.0,Peru,PER,PER,20210207
0.04689,0.007289,0.04472,0.007456,805.0,Philippines,PHL,PHL,20210207
0.081135,0.010857,0.07743,0.011092,607.0,Poland,POL,POL,20210207
0.062754,0.00905,0.055031,0.009624,636.0,Portugal,PRT,PRT,20210207
0.108628,0.028773,0.130435,0.026585,138.0,"Puerto Rico, U.S.",PRI,PRI,20210207
0.080419,0.013746,0.081013,0.0137,395.0,Romania,ROU,ROU,20210207
0.072351,0.009449,0.081243,0.00896,837.0,Russia,RUS,RUS,20210207
0.1046,0.027339,0.119718,0.025773,142.0,Saudi Arabia,SAU,SAU,20210207
0.08685,0.021409,0.095238,0.020539,189.0,Serbia,SRB,SRB,20210207
0.114494,0.020539,0.106195,0.021227,226.0,Slovakia,SVK,SVK,20210207
0.104286,0.01489,0.106729,0.014739,431.0,South Africa,ZAF,ZAF,20210207
0.039959,0.011275,0.038062,0.011541,289.0,South Korea,KOR,KOR,20210207
0.071195,0.007295,0.058196,0.008013,1031.0,Spain,ESP,ESP,20210207
0.093787,0.010581,0.086402,0.01098,706.0,Sweden,SWE,SWE,20210207
0.14844,0.019935,0.151235,0.019783,324.0,Switzerland,CHE,CHE,20210207
0.06468,0.006156,0.047178,0.007142,1187.0,Taiwan,TWN,TWN,20210207
0.034168,0.006156,0.030612,0.006492,784.0,Thailand,THA,THA,20210207
0.078662,0.019529,0.102881,0.017306,243.0,Tunisia,TUN,TUN,20210207
0.056675,0.007844,0.050891,0.008253,786.0,Turkey,TUR,TUR,20210207
0.06821,0.007717,0.060606,0.008154,957.0,Ukraine,UKR,UKR,20210207
0.111942,0.012799,0.106529,0.013081,582.0,United Kingdom,GBR,GBR,20210207
0.062084,0.014293,0.052846,0.015417,246.0,Uruguay,URY,URY,20210207
0.065697,0.012779,0.058824,0.013456,340.0,Venezuela,VEN,VEN,20210207
0.035492,0.004282,0.025279,0.005047,1345.0,Vietnam,VNM,VNM,20210207
0.154377,0.022575,0.130045,0.02425,223.0,Algeria,DZA,DZA,20210208
0.045448,0.005829,0.043372,0.005961,1222.0,Argentina,ARG,ARG,20210208
0.05082,0.009276,0.051237,0.00924,566.0,Australia,AUS,AUS,20210208
0.151331,0.020196,0.121673,0.02214,263.0,Austria,AUT,AUT,20210208
0.021315,0.014284,0.048458,0.009607,227.0,Bangladesh,BGD,BGD,20210208
0.068746,0.022667,0.078014,0.021384,141.0,Belarus,BLR,BLR,20210208
0.093333,0.016763,0.091216,0.016937,296.0,Belgium,BEL,BEL,20210208
0.088626,0.015144,0.07541,0.0163,305.0,Bolivia,BOL,BOL,20210208
0.054568,0.004198,0.050983,0.004335,2746.0,Brazil,BRA,BRA,20210208
0.130409,0.020198,0.135417,0.019878,288.0,Bulgaria,BGR,BGR,20210208
0.086348,0.009536,0.076825,0.010057,781.0,Canada,CAN,CAN,20210208
0.063133,0.010764,0.05531,0.011452,452.0,Chile,CHL,CHL,20210208
0.070711,0.007724,0.065366,0.008011,1025.0,Colombia,COL,COL,20210208
0.051708,0.022761,0.057143,0.021714,105.0,Costa Rica,CRI,CRI,20210208
0.085993,0.022809,0.082192,0.023282,146.0,Croatia,HRV,HRV,20210208
0.138256,0.016276,0.13544,0.016418,443.0,Czech Republic,CZE,CZE,20210208
0.066485,0.017661,0.068293,0.017442,205.0,Denmark,DNK,DNK,20210208
0.128296,0.02708,0.125828,0.027305,151.0,Dominican Republic,DOM,DOM,20210208
0.095474,0.012814,0.075294,0.014272,425.0,Ecuador,ECU,ECU,20210208
0.079204,0.011511,0.070565,0.012138,496.0,Egypt,EGY,EGY,20210208
0.071721,0.018649,0.069519,0.018919,187.0,El Salvador,SLV,SLV,20210208
0.089958,0.006087,0.089041,0.006115,2190.0,France,FRA,FRA,20210208
0.085367,0.007072,0.089853,0.006911,1636.0,Germany,DEU,DEU,20210208
0.117583,0.023972,0.110465,0.024633,172.0,Ghana,GHA,GHA,20210208
0.067022,0.011798,0.058228,0.012598,395.0,Greece,GRC,GRC,20210208
0.063623,0.020948,0.064748,0.020778,139.0,Guatemala,GTM,GTM,20210208
0.123548,0.021931,0.082278,0.026262,158.0,Honduras,HND,HND,20210208
0.128115,0.012697,0.105622,0.013806,587.0,Hungary,HUN,HUN,20210208
0.053975,0.006624,0.060325,0.006287,1293.0,India,IND,IND,20210208
0.09622,0.010328,0.098439,0.010224,833.0,Indonesia,IDN,IDN,20210208
0.095555,0.021094,0.12749,0.018593,251.0,Iraq,IRQ,IRQ,20210208
0.096084,0.025446,0.1,0.024997,140.0,Ireland,IRL,IRL,20210208
0.282908,0.038935,0.203704,0.043543,108.0,Israel,ISR,ISR,20210208
0.055012,0.006424,0.059215,0.006205,1351.0,Italy,ITA,ITA,20210208
0.075796,0.003921,0.078892,0.00385,4728.0,Japan,JPN,JPN,20210208
0.188918,0.028773,0.130435,0.033443,138.0,Jordan,JOR,JOR,20210208
0.071814,0.026026,0.081081,0.024616,111.0,Kazakhstan,KAZ,KAZ,20210208
0.069628,0.021402,0.06993,0.021359,143.0,Kenya,KEN,KEN,20210208
0.041187,0.010186,0.040214,0.010303,373.0,Malaysia,MYS,MYS,20210208
0.054376,0.004418,0.052734,0.004483,2560.0,Mexico,MEX,MEX,20210208
0.102608,0.027299,0.09009,0.028932,111.0,Morocco,MAR,MAR,20210208
0.018265,0.018623,0.042373,0.01238,118.0,Nepal,NPL,NPL,20210208
0.134159,0.014441,0.113636,0.015508,484.0,Netherlands,NLD,NLD,20210208
0.074604,0.016204,0.069106,0.016787,246.0,New Zealand,NZL,NZL,20210208
0.043401,0.015391,0.063492,0.012861,252.0,Nigeria,NGA,NGA,20210208
0.069839,0.014652,0.062271,0.015454,273.0,Norway,NOR,NOR,20210208
0.089105,0.019845,0.097778,0.019035,225.0,Pakistan,PAK,PAK,20210208
0.045855,0.02181,0.063492,0.018709,126.0,Paraguay,PRY,PRY,20210208
0.044946,0.008343,0.045959,0.008254,631.0,Peru,PER,PER,20210208
0.066585,0.00791,0.052632,0.008831,798.0,Philippines,PHL,PHL,20210208
0.055781,0.0107,0.065421,0.009931,535.0,Poland,POL,POL,20210208
0.098431,0.011341,0.081034,0.01238,580.0,Portugal,PRT,PRT,20210208
0.054999,0.019973,0.061644,0.018933,146.0,"Puerto Rico, U.S.",PRI,PRI,20210208
0.092791,0.015433,0.092958,0.015421,355.0,Romania,ROU,ROU,20210208
0.08353,0.009679,0.075269,0.01015,744.0,Russia,RUS,RUS,20210208
0.050323,0.0181,0.058824,0.016816,170.0,Saudi Arabia,SAU,SAU,20210208
0.080576,0.020099,0.08377,0.019746,191.0,Serbia,SRB,SRB,20210208
0.107409,0.02123,0.102439,0.021679,205.0,Slovakia,SVK,SVK,20210208
0.153151,0.033769,0.145455,0.034494,110.0,Slovenia,SVN,SVN,20210208
0.091225,0.013505,0.094017,0.013324,468.0,South Africa,ZAF,ZAF,20210208
0.034069,0.01147,0.038732,0.010783,284.0,South Korea,KOR,KOR,20210208
0.066793,0.007699,0.058824,0.008169,935.0,Spain,ESP,ESP,20210208
0.066404,0.011107,0.083601,0.009992,622.0,Sweden,SWE,SWE,20210208
0.103296,0.018316,0.121875,0.01704,320.0,Switzerland,CHE,CHE,20210208
0.047433,0.006013,0.040703,0.006468,1081.0,Taiwan,TWN,TWN,20210208
0.018992,0.005431,0.021246,0.005141,706.0,Thailand,THA,THA,20210208
0.116473,0.018361,0.081081,0.021579,222.0,Tunisia,TUN,TUN,20210208
0.07748,0.01037,0.082386,0.010083,704.0,Turkey,TUR,TUR,20210208
0.042068,0.006893,0.045702,0.006626,919.0,Ukraine,UKR,UKR,20210208
0.084231,0.011748,0.084079,0.011757,559.0,United Kingdom,GBR,GBR,20210208
0.031759,0.011796,0.039855,0.010574,276.0,Uruguay,URY,URY,20210208
0.057603,0.01193,0.053371,0.012366,356.0,Venezuela,VEN,VEN,20210208
0.01641,0.002984,0.014411,0.003181,1596.0,Vietnam,VNM,VNM,20210208
0.123752,0.023094,0.147679,0.021435,237.0,Algeria,DZA,DZA,20210209
0.038345,0.005534,0.036522,0.005665,1150.0,Argentina,ARG,ARG,20210209
0.069272,0.009781,0.06136,0.010349,603.0,Australia,AUS,AUS,20210209
0.1261,0.020964,0.124498,0.02108,249.0,Austria,AUT,AUT,20210209
0.062748,0.019373,0.069364,0.018491,173.0,Bangladesh,BGD,BGD,20210209
0.050197,0.022866,0.066667,0.020016,120.0,Belarus,BLR,BLR,20210209
0.066094,0.015214,0.068592,0.014955,277.0,Belgium,BEL,BEL,20210209
0.053581,0.012687,0.050336,0.013067,298.0,Bolivia,BOL,BOL,20210209
0.050767,0.004233,0.049887,0.004268,2646.0,Brazil,BRA,BRA,20210209
0.074479,0.017472,0.072398,0.017701,221.0,Bulgaria,BGR,BGR,20210209
0.117661,0.010845,0.105,0.011399,800.0,Canada,CAN,CAN,20210209
0.063516,0.012065,0.064748,0.011958,417.0,Chile,CHL,CHL,20210209
0.045065,0.005832,0.036609,0.006442,1038.0,Colombia,COL,COL,20210209
0.052767,0.023577,0.073171,0.020241,123.0,Costa Rica,CRI,CRI,20210209
0.137312,0.026467,0.115646,0.028484,147.0,Croatia,HRV,HRV,20210209
0.114661,0.015341,0.113953,0.015383,430.0,Czech Republic,CZE,CZE,20210209
0.151667,0.027507,0.158192,0.027038,177.0,Denmark,DNK,DNK,20210209
0.107619,0.02427,0.098684,0.025219,152.0,Dominican Republic,DOM,DOM,20210209
0.054476,0.010037,0.052525,0.010211,495.0,Ecuador,ECU,ECU,20210209
0.072294,0.012019,0.075975,0.011747,487.0,Egypt,EGY,EGY,20210209
0.088774,0.02163,0.093407,0.021141,182.0,El Salvador,SLV,SLV,20210209
0.083065,0.006004,0.083412,0.005992,2122.0,France,FRA,FRA,20210209
0.099034,0.007539,0.100189,0.007501,1587.0,Germany,DEU,DEU,20210209
0.171575,0.031275,0.15942,0.03221,138.0,Ghana,GHA,GHA,20210209
0.033283,0.009726,0.037037,0.009238,378.0,Greece,GRC,GRC,20210209
0.160757,0.023009,0.108696,0.027152,184.0,Guatemala,GTM,GTM,20210209
0.119288,0.023513,0.098765,0.025545,162.0,Honduras,HND,HND,20210209
0.083057,0.024236,0.070796,0.026076,113.0,Hong Kong,HKG,HKG,20210209
0.105303,0.012929,0.102004,0.013112,549.0,Hungary,HUN,HUN,20210209
0.051514,0.006402,0.060145,0.005952,1380.0,India,IND,IND,20210209
0.092894,0.010408,0.096654,0.010225,807.0,Indonesia,IDN,IDN,20210209
0.086903,0.018956,0.103846,0.017504,260.0,Iraq,IRQ,IRQ,20210209
0.097005,0.023498,0.088435,0.024494,147.0,Ireland,IRL,IRL,20210209
0.16802,0.033242,0.147826,0.035017,115.0,Israel,ISR,ISR,20210209
0.065113,0.007063,0.067407,0.006951,1261.0,Italy,ITA,ITA,20210209
0.0826,0.004211,0.086908,0.004115,4476.0,Japan,JPN,JPN,20210209
0.179439,0.029325,0.176471,0.029517,170.0,Jordan,JOR,JOR,20210209
0.053097,0.023801,0.064815,0.021677,108.0,Kazakhstan,KAZ,KAZ,20210209
0.028716,0.014329,0.032468,0.013502,154.0,Kenya,KEN,KEN,20210209
0.081715,0.011619,0.053333,0.014165,375.0,Malaysia,MYS,MYS,20210209
0.064445,0.004626,0.059764,0.004792,2627.0,Mexico,MEX,MEX,20210209
0.01787,0.019432,0.044248,0.012518,113.0,Nepal,NPL,NPL,20210209
0.111108,0.013462,0.102362,0.013957,508.0,Netherlands,NLD,NLD,20210209
0.079097,0.018127,0.08,0.018033,225.0,New Zealand,NZL,NZL,20210209
0.021423,0.013532,0.019231,0.014266,104.0,Nicaragua,NIC,NIC,20210209
0.062813,0.013122,0.053872,0.014102,297.0,Nigeria,NGA,NGA,20210209
0.08725,0.01673,0.087413,0.016716,286.0,Norway,NOR,NOR,20210209
0.047182,0.016517,0.061321,0.014597,212.0,Pakistan,PAK,PAK,20210209
0.076802,0.020828,0.052174,0.024939,115.0,Paraguay,PRY,PRY,20210209
0.047528,0.008493,0.048438,0.008417,640.0,Peru,PER,PER,20210209
0.063869,0.008651,0.0625,0.008738,784.0,Philippines,PHL,PHL,20210209
0.054472,0.010634,0.06403,0.009858,531.0,Poland,POL,POL,20210209
0.055703,0.009547,0.05641,0.00949,585.0,Portugal,PRT,PRT,20210209
0.028858,0.022346,0.056075,0.01626,107.0,"Puerto Rico, U.S.",PRI,PRI,20210209
0.097589,0.013901,0.092166,0.014261,434.0,Romania,ROU,ROU,20210209
0.087467,0.010687,0.098718,0.010122,780.0,Russia,RUS,RUS,20210209
0.063785,0.026592,0.108696,0.020878,138.0,Saudi Arabia,SAU,SAU,20210209
0.046233,0.015629,0.05314,0.014631,207.0,Serbia,SRB,SRB,20210209
0.10818,0.022301,0.1133,0.021854,203.0,Slovakia,SVK,SVK,20210209
0.117822,0.034015,0.141509,0.031463,106.0,Slovenia,SVN,SVN,20210209
0.089909,0.013721,0.090909,0.013652,440.0,South Africa,ZAF,ZAF,20210209
0.067875,0.014192,0.058394,0.015223,274.0,South Korea,KOR,KOR,20210209
0.054134,0.006828,0.043575,0.007568,895.0,Spain,ESP,ESP,20210209
0.095009,0.011599,0.095164,0.011591,641.0,Sweden,SWE,SWE,20210209
0.105359,0.01856,0.113014,0.017998,292.0,Switzerland,CHE,CHE,20210209
0.042786,0.00612,0.044248,0.006023,1130.0,Taiwan,TWN,TWN,20210209
0.052639,0.007872,0.049072,0.008138,754.0,Thailand,THA,THA,20210209
0.060386,0.016293,0.060465,0.016283,215.0,Tunisia,TUN,TUN,20210209
0.068297,0.009551,0.060703,0.01009,626.0,Turkey,TUR,TUR,20210209
0.045801,0.007279,0.048331,0.007096,869.0,Ukraine,UKR,UKR,20210209
0.08521,0.012067,0.085502,0.012048,538.0,United Kingdom,GBR,GBR,20210209
0.053026,0.012226,0.03937,0.014088,254.0,Uruguay,URY,URY,20210209
0.078594,0.013603,0.068966,0.014446,348.0,Venezuela,VEN,VEN,20210209
0.012686,0.003548,0.017895,0.002995,1397.0,Vietnam,VNM,VNM,20210209
0.137464,0.024921,0.16055,0.023375,218.0,Algeria,DZA,DZA,20210210
0.042652,0.006217,0.044037,0.006123,1090.0,Argentina,ARG,ARG,20210210
0.07136,0.010136,0.06,0.010987,550.0,Australia,AUS,AUS,20210210
0.144541,0.022669,0.151394,0.02224,251.0,Austria,AUT,AUT,20210210
0.024088,0.014029,0.040404,0.010924,198.0,Bangladesh,BGD,BGD,20210210
0.0986,0.025848,0.097744,0.025948,133.0,Belarus,BLR,BLR,20210210
0.107536,0.017553,0.095745,0.018481,282.0,Belgium,BEL,BEL,20210210
0.075323,0.014747,0.075,0.014776,320.0,Bolivia,BOL,BOL,20210210
0.06414,0.004672,0.056488,0.004958,2443.0,Brazil,BRA,BRA,20210210
0.102586,0.019686,0.122302,0.018231,278.0,Bulgaria,BGR,BGR,20210210
0.106872,0.010662,0.102469,0.010862,810.0,Canada,CAN,CAN,20210210
0.069535,0.011112,0.052239,0.012702,402.0,Chile,CHL,CHL,20210210
0.059136,0.007236,0.053608,0.007578,970.0,Colombia,COL,COL,20210210
0.08973,0.025583,0.079646,0.027005,113.0,Costa Rica,CRI,CRI,20210210
0.128312,0.023536,0.095541,0.026776,157.0,Croatia,HRV,HRV,20210210
0.126003,0.015657,0.132196,0.01534,469.0,Czech Republic,CZE,CZE,20210210
0.106563,0.022615,0.115,0.021873,200.0,Denmark,DNK,DNK,20210210
0.128977,0.024868,0.124294,0.025265,177.0,Dominican Republic,DOM,DOM,20210210
0.043536,0.011313,0.057007,0.009957,421.0,Ecuador,ECU,ECU,20210210
0.066132,0.012247,0.083821,0.010983,513.0,Egypt,EGY,EGY,20210210
0.099051,0.022547,0.106383,0.021845,188.0,El Salvador,SLV,SLV,20210210
0.0927,0.006315,0.092293,0.006327,2102.0,France,FRA,FRA,20210210
0.09503,0.007238,0.093711,0.007284,1622.0,Germany,DEU,DEU,20210210
0.15258,0.027154,0.136646,0.028427,161.0,Ghana,GHA,GHA,20210210
0.053244,0.011581,0.051771,0.011736,367.0,Greece,GRC,GRC,20210210
0.072347,0.022448,0.090909,0.020229,165.0,Guatemala,GTM,GTM,20210210
0.080995,0.021634,0.074324,0.022502,148.0,Honduras,HND,HND,20210210
0.056965,0.024657,0.072072,0.022099,111.0,Hong Kong,HKG,HKG,20210210
0.131607,0.013589,0.123939,0.013941,589.0,Hungary,HUN,HUN,20210210
0.047416,0.007041,0.071958,0.005791,1348.0,India,IND,IND,20210210
0.063633,0.009503,0.081731,0.008468,832.0,Indonesia,IDN,IDN,20210210
0.09038,0.019825,0.1,0.018947,230.0,Iraq,IRQ,IRQ,20210210
0.107529,0.028247,0.098214,0.029403,112.0,Ireland,IRL,IRL,20210210
0.121366,0.032754,0.130841,0.031718,107.0,Israel,ISR,ISR,20210210
0.058086,0.006319,0.054348,0.00652,1288.0,Italy,ITA,ITA,20210210
0.085265,0.003988,0.085037,0.003993,4892.0,Japan,JPN,JPN,20210210
0.212614,0.031301,0.189873,0.032654,158.0,Jordan,JOR,JOR,20210210
0.093664,0.029498,0.102804,0.028299,107.0,Kazakhstan,KAZ,KAZ,20210210
0.080596,0.017895,0.05814,0.020817,172.0,Kenya,KEN,KEN,20210210
0.099841,0.029868,0.09901,0.029979,101.0,Lebanon,LBN,LBN,20210210
0.05081,0.010451,0.042667,0.011356,375.0,Malaysia,MYS,MYS,20210210
0.048808,0.004141,0.047816,0.004182,2656.0,Mexico,MEX,MEX,20210210
0.0671,0.020488,0.055556,0.022378,126.0,Nepal,NPL,NPL,20210210
0.126017,0.014887,0.121901,0.015101,484.0,Netherlands,NLD,NLD,20210210
0.085064,0.018268,0.082969,0.018476,229.0,New Zealand,NZL,NZL,20210210
0.081215,0.016783,0.083942,0.016533,274.0,Nigeria,NGA,NGA,20210210
0.051232,0.014146,0.061856,0.012946,291.0,Norway,NOR,NOR,20210210
0.070285,0.017647,0.065657,0.018213,198.0,Pakistan,PAK,PAK,20210210
0.082226,0.024504,0.084615,0.024187,130.0,Paraguay,PRY,PRY,20210210
0.0421,0.009122,0.05298,0.008178,604.0,Peru,PER,PER,20210210
0.086877,0.008842,0.066583,0.009989,796.0,Philippines,PHL,PHL,20210210
0.070409,0.011596,0.074219,0.011317,512.0,Poland,POL,POL,20210210
0.049482,0.008998,0.047872,0.00914,564.0,Portugal,PRT,PRT,20210210
0.070189,0.030554,0.12605,0.023517,119.0,"Puerto Rico, U.S.",PRI,PRI,20210210
0.065176,0.012669,0.06267,0.012902,367.0,Romania,ROU,ROU,20210210
0.087481,0.00958,0.076524,0.010182,771.0,Russia,RUS,RUS,20210210
0.114671,0.022715,0.095238,0.024656,168.0,Saudi Arabia,SAU,SAU,20210210
0.120953,0.023538,0.105263,0.025009,171.0,Serbia,SRB,SRB,20210210
0.08246,0.022949,0.099415,0.021096,171.0,Slovakia,SVK,SVK,20210210
0.074479,0.012385,0.067797,0.012935,413.0,South Africa,ZAF,ZAF,20210210
0.082084,0.013285,0.056291,0.015821,302.0,South Korea,KOR,KOR,20210210
0.062004,0.008296,0.065315,0.008097,888.0,Spain,ESP,ESP,20210210
0.091138,0.011293,0.083333,0.011759,600.0,Sweden,SWE,SWE,20210210
0.100642,0.017373,0.108696,0.016792,322.0,Switzerland,CHE,CHE,20210210
0.037001,0.0058,0.039683,0.005608,1134.0,Taiwan,TWN,TWN,20210210
0.057407,0.007948,0.045255,0.008894,685.0,Thailand,THA,THA,20210210
0.098281,0.020581,0.091371,0.021264,197.0,Tunisia,TUN,TUN,20210210
0.059568,0.010066,0.070769,0.009291,650.0,Turkey,TUR,TUR,20210210
0.033988,0.006461,0.040642,0.005929,935.0,Ukraine,UKR,UKR,20210210
0.100519,0.012979,0.090164,0.013626,488.0,United Kingdom,GBR,GBR,20210210
0.047101,0.015287,0.060976,0.013535,246.0,Uruguay,URY,URY,20210210
0.060867,0.012215,0.058981,0.012396,373.0,Venezuela,VEN,VEN,20210210
0.019682,0.004006,0.021028,0.003878,1284.0,Vietnam,VNM,VNM,20210210
0.143065,0.02596,0.162562,0.024636,203.0,Algeria,DZA,DZA,20210211
0.05638,0.00681,0.048853,0.007287,1003.0,Argentina,ARG,ARG,20210211
0.055962,0.009961,0.055133,0.010031,526.0,Australia,AUS,AUS,20210211
0.122317,0.020656,0.12253,0.02064,253.0,Austria,AUT,AUT,20210211
0.021962,0.014445,0.035928,0.011375,167.0,Bangladesh,BGD,BGD,20210211
0.053855,0.022326,0.065041,0.020437,123.0,Belarus,BLR,BLR,20210211
0.071861,0.016901,0.084559,0.015688,272.0,Belgium,BEL,BEL,20210211
0.04595,0.011228,0.036101,0.012603,277.0,Bolivia,BOL,BOL,20210211
0.051465,0.004132,0.043902,0.004456,2460.0,Brazil,BRA,BRA,20210211
0.10948,0.019378,0.106299,0.01963,254.0,Bulgaria,BGR,BGR,20210211
0.082908,0.010227,0.087582,0.009976,765.0,Canada,CAN,CAN,20210211
0.052926,0.012481,0.052795,0.012496,322.0,Chile,CHL,CHL,20210211
0.053636,0.00764,0.055556,0.007514,900.0,Colombia,COL,COL,20210211
0.102871,0.025958,0.08547,0.028206,117.0,Costa Rica,CRI,CRI,20210211
0.093736,0.023971,0.097403,0.023563,154.0,Croatia,HRV,HRV,20210211
0.184336,0.017297,0.176591,0.017589,487.0,Czech Republic,CZE,CZE,20210211
0.119029,0.023247,0.10989,0.02407,182.0,Denmark,DNK,DNK,20210211
0.250084,0.019482,0.069767,0.033117,172.0,Dominican Republic,DOM,DOM,20210211
0.04724,0.011918,0.06015,0.010634,399.0,Ecuador,ECU,ECU,20210211
0.058564,0.012665,0.08137,0.010877,467.0,Egypt,EGY,EGY,20210211
0.13002,0.019245,0.071823,0.025068,181.0,El Salvador,SLV,SLV,20210211
0.09634,0.00664,0.096251,0.006643,1974.0,France,FRA,FRA,20210211
0.100464,0.007551,0.095926,0.007708,1522.0,Germany,DEU,DEU,20210211
0.070987,0.023974,0.082707,0.022352,133.0,Ghana,GHA,GHA,20210211
0.036138,0.01036,0.034921,0.010532,315.0,Greece,GRC,GRC,20210211
0.093713,0.024438,0.10625,0.023112,160.0,Guatemala,GTM,GTM,20210211
0.095794,0.025619,0.100719,0.025053,139.0,Honduras,HND,HND,20210211
0.106478,0.013383,0.107807,0.013311,538.0,Hungary,HUN,HUN,20210211
0.044195,0.006336,0.059872,0.005489,1403.0,India,IND,IND,20210211
0.100459,0.010397,0.093231,0.01075,783.0,Indonesia,IDN,IDN,20210211
0.104828,0.017862,0.093633,0.018782,267.0,Iraq,IRQ,IRQ,20210211
0.048746,0.022346,0.056075,0.020915,107.0,Ireland,IRL,IRL,20210211
0.076453,0.0074,0.068103,0.007805,1160.0,Italy,ITA,ITA,20210211
0.08574,0.004116,0.084967,0.004133,4590.0,Japan,JPN,JPN,20210211
0.124467,0.02752,0.120567,0.0279,141.0,Jordan,JOR,JOR,20210211
0.06905,0.024236,0.066038,0.024743,106.0,Kazakhstan,KAZ,KAZ,20210211
0.016491,0.014131,0.028571,0.010802,140.0,Kenya,KEN,KEN,20210211
0.049257,0.012505,0.058989,0.011486,356.0,Malaysia,MYS,MYS,20210211
0.065966,0.004808,0.061372,0.004972,2493.0,Mexico,MEX,MEX,20210211
0.19451,0.029589,0.098039,0.039386,102.0,Morocco,MAR,MAR,20210211
0.106057,0.014558,0.099291,0.014989,423.0,Netherlands,NLD,NLD,20210211
0.077795,0.019512,0.081218,0.019132,197.0,New Zealand,NZL,NZL,20210211
0.077214,0.015773,0.069231,0.016586,260.0,Nigeria,NGA,NGA,20210211
0.115018,0.020525,0.115226,0.020509,243.0,Norway,NOR,NOR,20210211
0.078756,0.021818,0.115741,0.01837,216.0,Pakistan,PAK,PAK,20210211
0.089595,0.019348,0.048387,0.025752,124.0,Paraguay,PRY,PRY,20210211
0.048709,0.009052,0.050847,0.00887,590.0,Peru,PER,PER,20210211
0.075465,0.00885,0.06599,0.009416,788.0,Philippines,PHL,PHL,20210211
0.075207,0.012166,0.081188,0.011747,505.0,Poland,POL,POL,20210211
0.069668,0.010118,0.059891,0.010856,551.0,Portugal,PRT,PRT,20210211
0.119735,0.016389,0.119593,0.016397,393.0,Romania,ROU,ROU,20210211
0.083825,0.01056,0.086957,0.010386,713.0,Russia,RUS,RUS,20210211
0.113981,0.023603,0.10241,0.02474,166.0,Saudi Arabia,SAU,SAU,20210211
0.054801,0.017997,0.05848,0.017455,171.0,Serbia,SRB,SRB,20210211
0.119181,0.023368,0.110497,0.02415,181.0,Slovakia,SVK,SVK,20210211
0.101154,0.015882,0.106101,0.01555,377.0,South Africa,ZAF,ZAF,20210211
0.083313,0.013976,0.064516,0.015721,310.0,South Korea,KOR,KOR,20210211
0.052107,0.007288,0.045343,0.007785,816.0,Spain,ESP,ESP,20210211
0.105709,0.013301,0.112875,0.012924,567.0,Sweden,SWE,SWE,20210211
0.133501,0.022259,0.146245,0.021425,253.0,Switzerland,CHE,CHE,20210211
0.038821,0.006252,0.039297,0.006215,967.0,Taiwan,TWN,TWN,20210211
0.057278,0.008461,0.050595,0.008971,672.0,Thailand,THA,THA,20210211
0.12443,0.023738,0.11236,0.02481,178.0,Tunisia,TUN,TUN,20210211
0.050233,0.009782,0.060504,0.008962,595.0,Turkey,TUR,TUR,20210211
0.044756,0.006941,0.046587,0.00681,923.0,Ukraine,UKR,UKR,20210211
0.086065,0.012599,0.086345,0.01258,498.0,United Kingdom,GBR,GBR,20210211
0.036624,0.010096,0.027027,0.011694,259.0,Uruguay,URY,URY,20210211
0.056833,0.012746,0.052288,0.013257,306.0,Venezuela,VEN,VEN,20210211
0.030009,0.004188,0.019373,0.005184,1084.0,Vietnam,VNM,VNM,20210211
0.101699,0.016797,0.1,0.016923,320.0,Algeria,DZA,DZA,20210212
0.052351,0.005391,0.043387,0.005894,1429.0,Argentina,ARG,ARG,20210212
0.053769,0.007153,0.051921,0.007272,963.0,Australia,AUS,AUS,20210212
0.118066,0.017166,0.113703,0.017449,343.0,Austria,AUT,AUT,20210212
0.095867,0.016621,0.081181,0.017917,271.0,Bangladesh,BGD,BGD,20210212
0.098497,0.021116,0.068966,0.024832,145.0,Belarus,BLR,BLR,20210212
0.100889,0.016049,0.104396,0.015808,364.0,Belgium,BEL,BEL,20210212
0.07453,0.013186,0.075,0.013148,400.0,Bolivia,BOL,BOL,20210212
0.060991,0.003817,0.051994,0.004114,3385.0,Brazil,BRA,BRA,20210212
0.141762,0.016697,0.1275,0.017462,400.0,Bulgaria,BGR,BGR,20210212
0.10344,0.008468,0.095436,0.008777,1205.0,Canada,CAN,CAN,20210212
0.101085,0.013018,0.102752,0.012924,545.0,Chile,CHL,CHL,20210212
0.052758,0.005886,0.046275,0.006263,1275.0,Colombia,COL,COL,20210212
0.074971,0.016029,0.04918,0.01952,183.0,Costa Rica,CRI,CRI,20210212
0.112261,0.020712,0.107143,0.02114,224.0,Croatia,HRV,HRV,20210212
0.130896,0.01304,0.129518,0.013099,664.0,Czech Republic,CZE,CZE,20210212
0.110783,0.019345,0.104,0.01989,250.0,Denmark,DNK,DNK,20210212
0.116681,0.022302,0.118483,0.022154,211.0,Dominican Republic,DOM,DOM,20210212
0.061894,0.009506,0.061224,0.009555,637.0,Ecuador,ECU,ECU,20210212
0.075504,0.010069,0.079167,0.009853,720.0,Egypt,EGY,EGY,20210212
0.074152,0.016558,0.076923,0.016281,260.0,El Salvador,SLV,SLV,20210212
0.123833,0.02849,0.089109,0.032939,101.0,Finland,FIN,FIN,20210212
0.08318,0.004979,0.07884,0.005103,2930.0,France,FRA,FRA,20210212
0.086807,0.005939,0.084884,0.006,2203.0,Germany,DEU,DEU,20210212
0.10239,0.023386,0.091503,0.02459,153.0,Ghana,GHA,GHA,20210212
0.0647,0.009538,0.052727,0.010499,550.0,Greece,GRC,GRC,20210212
0.176381,0.019743,0.099567,0.025132,231.0,Guatemala,GTM,GTM,20210212
0.053998,0.018298,0.0625,0.017085,176.0,Honduras,HND,HND,20210212
0.0325,0.015739,0.042424,0.013847,165.0,Hong Kong,HKG,HKG,20210212
0.120024,0.011398,0.111402,0.011773,763.0,Hungary,HUN,HUN,20210212
0.050793,0.0058,0.061628,0.005296,1720.0,India,IND,IND,20210212
0.069981,0.007807,0.084772,0.00715,1274.0,Indonesia,IDN,IDN,20210212
0.148402,0.014714,0.104167,0.017124,432.0,Iraq,IRQ,IRQ,20210212
0.077111,0.018908,0.073298,0.019353,191.0,Ireland,IRL,IRL,20210212
0.126578,0.03272,0.154472,0.030103,123.0,Israel,ISR,ISR,20210212
0.060041,0.005793,0.06185,0.005713,1730.0,Italy,ITA,ITA,20210212
0.088728,0.003722,0.092721,0.003649,6072.0,Japan,JPN,JPN,20210212
0.189073,0.02709,0.184466,0.027348,206.0,Jordan,JOR,JOR,20210212
0.156951,0.02772,0.10084,0.033486,119.0,Kazakhstan,KAZ,KAZ,20210212
0.011291,0.009827,0.019802,0.007453,202.0,Kenya,KEN,KEN,20210212
0.11916,0.025306,0.095588,0.027883,136.0,Lebanon,LBN,LBN,20210212
0.092703,0.02487,0.085938,0.025735,128.0,Libya,LBY,LBY,20210212
0.054631,0.009117,0.046642,0.009825,536.0,Malaysia,MYS,MYS,20210212
0.056166,0.003987,0.061026,0.003835,3605.0,Mexico,MEX,MEX,20210212
0.211304,0.036121,0.161905,0.040031,105.0,Morocco,MAR,MAR,20210212
0.032428,0.017029,0.052326,0.013546,172.0,Nepal,NPL,NPL,20210212
0.127045,0.013382,0.121008,0.013664,595.0,Netherlands,NLD,NLD,20210212
0.076328,0.014296,0.067742,0.015105,310.0,New Zealand,NZL,NZL,20210212
0.058367,0.020948,0.064748,0.019956,139.0,Nicaragua,NIC,NIC,20210212
0.068499,0.014216,0.073746,0.01374,339.0,Nigeria,NGA,NGA,20210212
0.112575,0.015067,0.086207,0.016968,348.0,Norway,NOR,NOR,20210212
0.039552,0.014734,0.064516,0.01169,279.0,Pakistan,PAK,PAK,20210212
0.041693,0.014529,0.039106,0.014982,179.0,Paraguay,PRY,PRY,20210212
0.067325,0.008409,0.061968,0.00874,823.0,Peru,PER,PER,20210212
0.075947,0.006813,0.063331,0.00741,1279.0,Philippines,PHL,PHL,20210212
0.084037,0.010095,0.085714,0.010005,770.0,Poland,POL,POL,20210212
0.076353,0.009847,0.077341,0.009789,737.0,Portugal,PRT,PRT,20210212
0.121112,0.024222,0.101911,0.026122,157.0,"Puerto Rico, U.S.",PRI,PRI,20210212
0.110276,0.011246,0.081218,0.012896,591.0,Romania,ROU,ROU,20210212
0.080325,0.009687,0.085919,0.009395,838.0,Russia,RUS,RUS,20210212
0.149717,0.021621,0.11215,0.024447,214.0,Saudi Arabia,SAU,SAU,20210212
0.06232,0.013896,0.057143,0.014472,280.0,Serbia,SRB,SRB,20210212
0.090751,0.018869,0.099206,0.018131,252.0,Slovakia,SVK,SVK,20210212
0.112945,0.026805,0.101563,0.028087,128.0,Slovenia,SVN,SVN,20210212
0.079002,0.011574,0.077068,0.011706,532.0,South Africa,ZAF,ZAF,20210212
0.055711,0.010623,0.047382,0.011468,401.0,South Korea,KOR,KOR,20210212
0.066987,0.006844,0.056338,0.007421,1136.0,Spain,ESP,ESP,20210212
0.095327,0.010348,0.095415,0.010344,807.0,Sweden,SWE,SWE,20210212
0.100461,0.015665,0.105943,0.015301,387.0,Switzerland,CHE,CHE,20210212
0.028662,0.004352,0.031882,0.004133,1631.0,Taiwan,TWN,TWN,20210212
0.026402,0.004891,0.027605,0.004786,1123.0,Thailand,THA,THA,20210212
0.081995,0.019272,0.103586,0.017352,251.0,Tunisia,TUN,TUN,20210212
0.086718,0.008923,0.065891,0.010122,774.0,Turkey,TUR,TUR,20210212
0.037883,0.005836,0.040834,0.00563,1151.0,Ukraine,UKR,UKR,20210212
0.203462,0.027202,0.084906,0.039287,106.0,United Arab Emirates,ARE,ARE,20210212
0.085948,0.010314,0.081921,0.010541,708.0,United Kingdom,GBR,GBR,20210212
0.060594,0.011956,0.052023,0.012845,346.0,Uruguay,URY,URY,20210212
0.057058,0.01234,0.072398,0.011045,442.0,Venezuela,VEN,VEN,20210212
0.021572,0.003582,0.02291,0.003478,1746.0,Vietnam,VNM,VNM,20210212
0.142761,0.019537,0.128814,0.020402,295.0,Algeria,DZA,DZA,20210213
0.068891,0.006152,0.05287,0.006963,1324.0,Argentina,ARG,ARG,20210213
0.062612,0.008493,0.059355,0.008708,775.0,Australia,AUS,AUS,20210213
0.100976,0.016617,0.102102,0.016536,333.0,Austria,AUT,AUT,20210213
0.06815,0.017909,0.066667,0.018093,195.0,Bangladesh,BGD,BGD,20210213
0.139853,0.023009,0.108696,0.025639,184.0,Belarus,BLR,BLR,20210213
0.082293,0.014423,0.083784,0.014306,370.0,Belgium,BEL,BEL,20210213
0.030565,0.01197,0.044068,0.010039,295.0,Bolivia,BOL,BOL,20210213
0.055745,0.0037,0.046077,0.004049,3212.0,Brazil,BRA,BRA,20210213
0.117774,0.016173,0.102273,0.017205,352.0,Bulgaria,BGR,BGR,20210213
0.084615,0.008874,0.085513,0.008832,994.0,Canada,CAN,CAN,20210213
0.093232,0.012536,0.078261,0.013571,460.0,Chile,CHL,CHL,20210213
0.062711,0.006654,0.051095,0.007327,1096.0,Colombia,COL,COL,20210213
0.093874,0.023346,0.087838,0.024055,148.0,Costa Rica,CRI,CRI,20210213
0.091602,0.019436,0.095652,0.019062,230.0,Croatia,HRV,HRV,20210213
0.133616,0.013538,0.138249,0.013345,651.0,Czech Republic,CZE,CZE,20210213
0.077825,0.017646,0.084337,0.017011,249.0,Denmark,DNK,DNK,20210213
0.090578,0.018959,0.078818,0.020194,203.0,Dominican Republic,DOM,DOM,20210213
0.047288,0.009396,0.046092,0.009511,499.0,Ecuador,ECU,ECU,20210213
0.075063,0.010092,0.077143,0.009966,700.0,Egypt,EGY,EGY,20210213
0.072029,0.017415,0.067308,0.01797,208.0,El Salvador,SLV,SLV,20210213
0.133292,0.027777,0.091743,0.032706,109.0,Finland,FIN,FIN,20210213
0.079716,0.005185,0.080175,0.005172,2744.0,France,FRA,FRA,20210213
0.092744,0.006193,0.092609,0.006197,2192.0,Germany,DEU,DEU,20210213
0.042264,0.018415,0.05988,0.015615,167.0,Ghana,GHA,GHA,20210213
0.051856,0.010132,0.051975,0.010121,481.0,Greece,GRC,GRC,20210213
0.113272,0.023009,0.108696,0.023428,184.0,Guatemala,GTM,GTM,20210213
0.045775,0.015996,0.051813,0.015083,193.0,Honduras,HND,HND,20210213
0.03701,0.015439,0.03125,0.016752,128.0,Hong Kong,HKG,HKG,20210213
0.106689,0.01062,0.098734,0.010991,790.0,Hungary,HUN,HUN,20210213
0.046693,0.005827,0.06162,0.005113,1704.0,India,IND,IND,20210213
0.093167,0.008376,0.078998,0.009026,1038.0,Indonesia,IDN,IDN,20210213
0.09262,0.015097,0.109557,0.014013,429.0,Iraq,IRQ,IRQ,20210213
0.105761,0.021731,0.090909,0.023247,176.0,Ireland,IRL,IRL,20210213
0.184463,0.026625,0.130435,0.030663,161.0,Israel,ISR,ISR,20210213
0.070995,0.005958,0.064592,0.006225,1703.0,Italy,ITA,ITA,20210213
0.082839,0.003405,0.086131,0.003345,6792.0,Japan,JPN,JPN,20210213
0.180877,0.026106,0.160804,0.027355,199.0,Jordan,JOR,JOR,20210213
0.062389,0.019155,0.055556,0.020225,144.0,Kazakhstan,KAZ,KAZ,20210213
0.068254,0.017496,0.067633,0.01757,207.0,Kenya,KEN,KEN,20210213
0.129222,0.030378,0.12069,0.03128,116.0,Lebanon,LBN,LBN,20210213
0.052786,0.024445,0.071429,0.021224,112.0,Libya,LBY,LBY,20210213
0.064056,0.01139,0.071845,0.0108,515.0,Malaysia,MYS,MYS,20210213
0.053103,0.004142,0.052101,0.00418,2879.0,Mexico,MEX,MEX,20210213
0.079881,0.02849,0.089109,0.027111,101.0,Moldova,MDA,MDA,20210213
0.093506,0.030382,0.111111,0.028146,108.0,Morocco,MAR,MAR,20210213
0.017871,0.015447,0.038462,0.010641,156.0,Nepal,NPL,NPL,20210213
0.112272,0.012909,0.11204,0.012921,598.0,Netherlands,NLD,NLD,20210213
0.080409,0.015272,0.074324,0.015832,296.0,New Zealand,NZL,NZL,20210213
0.049337,0.020652,0.051724,0.020195,116.0,Nicaragua,NIC,NIC,20210213
0.076055,0.015637,0.077966,0.01546,295.0,Nigeria,NGA,NGA,20210213
0.05138,0.013152,0.059006,0.012322,322.0,Norway,NOR,NOR,20210213
0.054469,0.013617,0.052239,0.013889,268.0,Pakistan,PAK,PAK,20210213
0.066198,0.023176,0.063063,0.023706,111.0,Panama,PAN,PAN,20210213
0.063696,0.022687,0.070313,0.02167,128.0,Paraguay,PRY,PRY,20210213
0.072521,0.009167,0.062767,0.009802,701.0,Peru,PER,PER,20210213
0.04492,0.007658,0.052755,0.007096,853.0,Philippines,PHL,PHL,20210213
0.070625,0.00983,0.070588,0.009832,680.0,Poland,POL,POL,20210213
0.066907,0.009175,0.065007,0.009299,723.0,Portugal,PRT,PRT,20210213
0.05019,0.023802,0.08209,0.018932,134.0,"Puerto Rico, U.S.",PRI,PRI,20210213
0.085079,0.012123,0.089767,0.011832,557.0,Romania,ROU,ROU,20210213
0.067873,0.008311,0.070526,0.008165,950.0,Russia,RUS,RUS,20210213
0.149072,0.025262,0.160377,0.024519,212.0,Saudi Arabia,SAU,SAU,20210213
0.098632,0.018186,0.093385,0.018635,257.0,Serbia,SRB,SRB,20210213
0.090484,0.018654,0.104089,0.017524,269.0,Slovakia,SVK,SVK,20210213
0.102741,0.029762,0.103774,0.02963,106.0,Slovenia,SVN,SVN,20210213
0.092419,0.013132,0.091286,0.013205,482.0,South Africa,ZAF,ZAF,20210213
0.045955,0.010701,0.057203,0.009648,472.0,South Korea,KOR,KOR,20210213
0.04683,0.006179,0.043756,0.006382,1097.0,Spain,ESP,ESP,20210213
0.087979,0.011427,0.106703,0.010484,731.0,Sweden,SWE,SWE,20210213
0.133368,0.016254,0.122549,0.016852,408.0,Switzerland,CHE,CHE,20210213
0.044994,0.004801,0.037251,0.005255,1557.0,Taiwan,TWN,TWN,20210213
0.052332,0.006465,0.03956,0.007386,910.0,Thailand,THA,THA,20210213
0.06811,0.018318,0.096154,0.015654,260.0,Tunisia,TUN,TUN,20210213
0.064558,0.0077,0.059385,0.008007,943.0,Turkey,TUR,TUR,20210213
0.057295,0.006691,0.053697,0.006898,1136.0,Ukraine,UKR,UKR,20210213
0.069973,0.010387,0.077156,0.00993,661.0,United Kingdom,GBR,GBR,20210213
0.072527,0.015076,0.073333,0.014999,300.0,Uruguay,URY,URY,20210213
0.061221,0.012507,0.06044,0.012583,364.0,Venezuela,VEN,VEN,20210213
0.035212,0.003779,0.024492,0.004506,1674.0,Vietnam,VNM,VNM,20210213
0.142383,0.022829,0.154762,0.022057,252.0,Algeria,DZA,DZA,20210214
0.067193,0.006734,0.050285,0.007715,1054.0,Argentina,ARG,ARG,20210214
0.045003,0.007549,0.040757,0.007915,687.0,Australia,AUS,AUS,20210214
0.099496,0.016566,0.095238,0.016892,315.0,Austria,AUT,AUT,20210214
0.159942,0.018671,0.075,0.025984,200.0,Bangladesh,BGD,BGD,20210214
0.073242,0.019452,0.072626,0.019528,179.0,Belarus,BLR,BLR,20210214
0.103786,0.014676,0.082386,0.016279,352.0,Belgium,BEL,BEL,20210214
0.083902,0.015056,0.069686,0.016394,287.0,Bolivia,BOL,BOL,20210214
0.046469,0.003882,0.046001,0.003901,2913.0,Brazil,BRA,BRA,20210214
0.080826,0.013688,0.061489,0.015531,309.0,Bulgaria,BGR,BGR,20210214
0.079117,0.009058,0.080089,0.009007,899.0,Canada,CAN,CAN,20210214
0.088019,0.013303,0.084475,0.013553,438.0,Chile,CHL,CHL,20210214
0.068834,0.007709,0.060543,0.008184,958.0,Colombia,COL,COL,20210214
0.126448,0.026879,0.09322,0.030726,118.0,Costa Rica,CRI,CRI,20210214
0.098221,0.023206,0.100592,0.022961,169.0,Croatia,HRV,HRV,20210214
0.130568,0.013743,0.136218,0.013499,624.0,Czech Republic,CZE,CZE,20210214
0.069139,0.017894,0.081197,0.01662,234.0,Denmark,DNK,DNK,20210214
0.112883,0.025358,0.117284,0.02494,162.0,Dominican Republic,DOM,DOM,20210214
0.046945,0.010722,0.05036,0.010371,417.0,Ecuador,ECU,ECU,20210214
0.106189,0.010857,0.07743,0.012515,607.0,Egypt,EGY,EGY,20210214
0.077875,0.019946,0.068323,0.021185,161.0,El Salvador,SLV,SLV,20210214
0.032218,0.022975,0.0625,0.01676,112.0,Finland,FIN,FIN,20210214
0.088896,0.005417,0.085521,0.005513,2666.0,France,FRA,FRA,20210214
0.092879,0.006428,0.09172,0.006465,2017.0,Germany,DEU,DEU,20210214
0.096824,0.024287,0.091549,0.024904,142.0,Ghana,GHA,GHA,20210214
0.048917,0.010003,0.049145,0.009981,468.0,Greece,GRC,GRC,20210214
0.08324,0.019557,0.073034,0.020764,178.0,Guatemala,GTM,GTM,20210214
0.162871,0.026243,0.090909,0.033708,121.0,Honduras,HND,HND,20210214
0.109467,0.026864,0.097561,0.028267,123.0,Hong Kong,HKG,HKG,20210214
0.101068,0.011222,0.099579,0.011296,713.0,Hungary,HUN,HUN,20210214
0.052918,0.006366,0.061625,0.005926,1428.0,India,IND,IND,20210214
0.066235,0.008018,0.072046,0.007712,1041.0,Indonesia,IDN,IDN,20210214
0.130989,0.016234,0.101156,0.018164,346.0,Iraq,IRQ,IRQ,20210214
0.075398,0.022084,0.07947,0.021558,151.0,Ireland,IRL,IRL,20210214
0.192714,0.03771,0.196429,0.037438,112.0,Israel,ISR,ISR,20210214
0.057017,0.006177,0.059742,0.006044,1473.0,Italy,ITA,ITA,20210214
0.083209,0.003756,0.090395,0.003618,5830.0,Japan,JPN,JPN,20210214
0.20552,0.027078,0.142857,0.031269,168.0,Jordan,JOR,JOR,20210214
0.071043,0.019817,0.049587,0.023451,121.0,Kazakhstan,KAZ,KAZ,20210214
0.054319,0.016384,0.047337,0.017486,169.0,Kenya,KEN,KEN,20210214
0.07358,0.025155,0.078261,0.024453,115.0,Libya,LBY,LBY,20210214
0.073052,0.012473,0.068293,0.012867,410.0,Malaysia,MYS,MYS,20210214
0.056233,0.004801,0.058528,0.004711,2392.0,Mexico,MEX,MEX,20210214
0.046829,0.024504,0.084615,0.018601,130.0,Nepal,NPL,NPL,20210214
0.089276,0.012294,0.096718,0.01186,579.0,Netherlands,NLD,NLD,20210214
0.059247,0.010781,0.063953,0.010403,516.0,New Zealand,NZL,NZL,20210214
0.040998,0.015555,0.052885,0.013782,208.0,Nigeria,NGA,NGA,20210214
0.037113,0.011191,0.041139,0.010651,316.0,Norway,NOR,NOR,20210214
0.037587,0.01539,0.057018,0.012624,228.0,Pakistan,PAK,PAK,20210214
0.041684,0.019503,0.039604,0.019987,101.0,Paraguay,PRY,PRY,20210214
0.064314,0.010974,0.071038,0.010479,549.0,Peru,PER,PER,20210214
0.084759,0.007677,0.05467,0.009405,878.0,Philippines,PHL,PHL,20210214
0.077616,0.01051,0.078907,0.010431,659.0,Poland,POL,POL,20210214
0.058614,0.009591,0.06577,0.009089,669.0,Portugal,PRT,PRT,20210214
0.093872,0.027202,0.084906,0.028462,106.0,"Puerto Rico, U.S.",PRI,PRI,20210214
0.082676,0.013547,0.098765,0.012505,486.0,Romania,ROU,ROU,20210214
0.096269,0.00938,0.082462,0.010058,861.0,Russia,RUS,RUS,20210214
0.146085,0.02321,0.106742,0.026547,178.0,Saudi Arabia,SAU,SAU,20210214
0.061581,0.017097,0.066038,0.016549,212.0,Serbia,SRB,SRB,20210214
0.045919,0.016293,0.060465,0.014308,215.0,Slovakia,SVK,SVK,20210214
0.143598,0.034241,0.137255,0.034894,102.0,Slovenia,SVN,SVN,20210214
0.095463,0.014878,0.09901,0.014638,404.0,South Africa,ZAF,ZAF,20210214
0.045538,0.011172,0.057471,0.010007,435.0,South Korea,KOR,KOR,20210214
0.052717,0.006756,0.0519,0.006806,1079.0,Spain,ESP,ESP,20210214
0.079857,0.010905,0.092958,0.01018,710.0,Sweden,SWE,SWE,20210214
0.127405,0.019353,0.139752,0.01861,322.0,Switzerland,CHE,CHE,20210214
0.049429,0.005374,0.043956,0.005683,1456.0,Taiwan,TWN,TWN,20210214
0.037585,0.006058,0.03075,0.006674,813.0,Thailand,THA,THA,20210214
0.104128,0.025646,0.143617,0.022335,188.0,Tunisia,TUN,TUN,20210214
0.07729,0.00917,0.076281,0.009225,839.0,Turkey,TUR,TUR,20210214
0.064239,0.007151,0.054,0.007757,1000.0,Ukraine,UKR,UKR,20210214
0.108039,0.01238,0.104575,0.012559,612.0,United Kingdom,GBR,GBR,20210214
0.066277,0.013801,0.05098,0.015609,255.0,Uruguay,URY,URY,20210214
0.080988,0.014486,0.07362,0.015133,326.0,Venezuela,VEN,VEN,20210214
0.016938,0.003622,0.021658,0.003211,1616.0,Vietnam,VNM,VNM,20210214
0.073662,0.02028,0.11157,0.016827,242.0,Algeria,DZA,DZA,20210215
0.065677,0.006607,0.058962,0.006948,1272.0,Argentina,ARG,ARG,20210215
0.062532,0.0092,0.065187,0.009023,721.0,Australia,AUS,AUS,20210215
0.100009,0.016314,0.09697,0.01654,330.0,Austria,AUT,AUT,20210215
0.058478,0.014511,0.051502,0.015405,233.0,Bangladesh,BGD,BGD,20210215
0.054129,0.018497,0.056962,0.018059,158.0,Belarus,BLR,BLR,20210215
0.094808,0.016564,0.107955,0.015636,352.0,Belgium,BEL,BEL,20210215
0.085903,0.01318,0.057508,0.015864,313.0,Bolivia,BOL,BOL,20210215
0.064076,0.003993,0.056355,0.004241,3336.0,Brazil,BRA,BRA,20210215
0.122627,0.017871,0.108553,0.018844,304.0,Bulgaria,BGR,BGR,20210215
0.085233,0.00939,0.097292,0.008848,997.0,Canada,CAN,CAN,20210215
0.099544,0.012578,0.082988,0.013651,482.0,Chile,CHL,CHL,20210215
0.045122,0.00636,0.04507,0.006363,1065.0,Colombia,COL,COL,20210215
0.093956,0.021085,0.072368,0.023744,152.0,Costa Rica,CRI,CRI,20210215
0.074527,0.022711,0.092025,0.020634,163.0,Croatia,HRV,HRV,20210215
0.127118,0.013611,0.126878,0.013622,599.0,Czech Republic,CZE,CZE,20210215
0.130835,0.019642,0.116105,0.020676,267.0,Denmark,DNK,DNK,20210215
0.113701,0.022829,0.116162,0.022617,198.0,Dominican Republic,DOM,DOM,20210215
0.079078,0.011181,0.070476,0.011789,525.0,Ecuador,ECU,ECU,20210215
0.091918,0.010242,0.074468,0.011271,658.0,Egypt,EGY,EGY,20210215
0.069872,0.018959,0.078818,0.017937,203.0,El Salvador,SLV,SLV,20210215
0.053434,0.023953,0.07438,0.02053,121.0,Finland,FIN,FIN,20210215
0.088866,0.005525,0.090471,0.00548,2697.0,France,FRA,FRA,20210215
0.102288,0.006667,0.095581,0.006871,1946.0,Germany,DEU,DEU,20210215
0.11018,0.02506,0.119048,0.024229,168.0,Ghana,GHA,GHA,20210215
0.036853,0.009881,0.041565,0.009327,409.0,Greece,GRC,GRC,20210215
0.095083,0.022255,0.130435,0.019384,230.0,Guatemala,GTM,GTM,20210215
0.107376,0.022844,0.095808,0.024029,167.0,Honduras,HND,HND,20210215
0.083972,0.026414,0.1,0.024419,130.0,Hong Kong,HKG,HKG,20210215
0.097038,0.011449,0.099415,0.011326,684.0,Hungary,HUN,HUN,20210215
0.044322,0.006217,0.061538,0.005325,1495.0,India,IND,IND,20210215
0.083674,0.008615,0.084924,0.008557,1048.0,Indonesia,IDN,IDN,20210215
0.072603,0.015157,0.094086,0.013472,372.0,Iraq,IRQ,IRQ,20210215
0.040315,0.017224,0.052941,0.015131,170.0,Ireland,IRL,IRL,20210215
0.063419,0.005938,0.058027,0.00619,1551.0,Italy,ITA,ITA,20210215
0.083721,0.003992,0.091571,0.003834,5220.0,Japan,JPN,JPN,20210215
0.226233,0.026673,0.183962,0.028803,212.0,Jordan,JOR,JOR,20210215
0.130178,0.032012,0.122642,0.032839,106.0,Kazakhstan,KAZ,KAZ,20210215
0.063355,0.016835,0.06,0.017268,200.0,Kenya,KEN,KEN,20210215
0.057228,0.010556,0.055319,0.010726,470.0,Malaysia,MYS,MYS,20210215
0.051335,0.004417,0.056229,0.004231,2721.0,Mexico,MEX,MEX,20210215
0.004819,0.011091,0.015748,0.00617,127.0,Nepal,NPL,NPL,20210215
0.103874,0.013434,0.114082,0.012893,561.0,Netherlands,NLD,NLD,20210215
0.072682,0.012419,0.075221,0.012225,452.0,New Zealand,NZL,NZL,20210215
0.042398,0.021079,0.048077,0.019854,104.0,Nicaragua,NIC,NIC,20210215
0.110826,0.013568,0.052045,0.019175,269.0,Nigeria,NGA,NGA,20210215
0.068293,0.015721,0.083601,0.014327,311.0,Norway,NOR,NOR,20210215
0.046089,0.014837,0.064982,0.012621,277.0,Pakistan,PAK,PAK,20210215
0.090652,0.028784,0.095238,0.028154,105.0,Panama,PAN,PAN,20210215
0.050249,0.017607,0.050955,0.017491,157.0,Paraguay,PRY,PRY,20210215
0.058239,0.0089,0.053292,0.009279,638.0,Peru,PER,PER,20210215
0.076752,0.008037,0.065969,0.008618,955.0,Philippines,PHL,PHL,20210215
0.090716,0.011358,0.088141,0.011507,624.0,Poland,POL,POL,20210215
0.066525,0.010148,0.06891,0.009984,624.0,Portugal,PRT,PRT,20210215
0.131766,0.026986,0.114286,0.028689,140.0,"Puerto Rico, U.S.",PRI,PRI,20210215
0.067942,0.012051,0.078313,0.011288,498.0,Romania,ROU,ROU,20210215
0.114432,0.009751,0.096739,0.010501,920.0,Russia,RUS,RUS,20210215
0.089468,0.019342,0.090498,0.019243,221.0,Saudi Arabia,SAU,SAU,20210215
0.106607,0.018884,0.097166,0.019676,247.0,Serbia,SRB,SRB,20210215
0.107193,0.020682,0.113924,0.020138,237.0,Slovakia,SVK,SVK,20210215
0.100463,0.013822,0.103093,0.013664,485.0,South Africa,ZAF,ZAF,20210215
0.079682,0.012094,0.061069,0.013678,393.0,South Korea,KOR,KOR,20210215
0.065186,0.007385,0.058939,0.007741,1018.0,Spain,ESP,ESP,20210215
0.110828,0.011662,0.108298,0.011781,711.0,Sweden,SWE,SWE,20210215
0.109235,0.015706,0.103448,0.016087,377.0,Switzerland,CHE,CHE,20210215
0.059102,0.005826,0.053548,0.006103,1494.0,Taiwan,TWN,TWN,20210215
0.051568,0.006684,0.039146,0.007621,843.0,Thailand,THA,THA,20210215
0.131849,0.019161,0.111111,0.020628,270.0,Tunisia,TUN,TUN,20210215
0.059465,0.008666,0.061278,0.008545,767.0,Turkey,TUR,TUR,20210215
0.056743,0.00722,0.061427,0.006957,1107.0,Ukraine,UKR,UKR,20210215
0.028719,0.016812,0.029412,0.016619,102.0,United Arab Emirates,ARE,ARE,20210215
0.10903,0.012387,0.102007,0.012756,598.0,United Kingdom,GBR,GBR,20210215
0.061804,0.014288,0.066007,0.013856,303.0,Uruguay,URY,URY,20210215
0.049752,0.010266,0.048165,0.010425,436.0,Venezuela,VEN,VEN,20210215
0.02517,0.002853,0.017502,0.003408,2114.0,Vietnam,VNM,VNM,20210215
0.163719,0.024763,0.176471,0.024035,238.0,Algeria,DZA,DZA,20210216
0.059221,0.005891,0.049817,0.006391,1365.0,Argentina,ARG,ARG,20210216
0.062196,0.008391,0.057292,0.00872,768.0,Australia,AUS,AUS,20210216
0.120503,0.017564,0.10828,0.018401,314.0,Austria,AUT,AUT,20210216
0.035319,0.014939,0.048309,0.012861,207.0,Bangladesh,BGD,BGD,20210216
0.093988,0.019314,0.062893,0.023215,159.0,Belarus,BLR,BLR,20210216
0.144477,0.018847,0.134146,0.019442,328.0,Belgium,BEL,BEL,20210216
0.099466,0.016323,0.086957,0.017337,299.0,Bolivia,BOL,BOL,20210216
0.060101,0.003919,0.053272,0.004147,3285.0,Brazil,BRA,BRA,20210216
0.153505,0.020841,0.14966,0.021059,294.0,Bulgaria,BGR,BGR,20210216
0.110211,0.010066,0.106992,0.010198,944.0,Canada,CAN,CAN,20210216
0.06709,0.013072,0.07561,0.01237,410.0,Chile,CHL,CHL,20210216
0.064756,0.007545,0.062802,0.007653,1035.0,Colombia,COL,COL,20210216
0.091562,0.021776,0.07483,0.023869,147.0,Costa Rica,CRI,CRI,20210216
0.166283,0.024921,0.118343,0.028726,169.0,Croatia,HRV,HRV,20210216
0.129218,0.014031,0.122486,0.014356,547.0,Czech Republic,CZE,CZE,20210216
0.089066,0.020653,0.10917,0.018864,229.0,Denmark,DNK,DNK,20210216
0.141757,0.022306,0.115942,0.024302,207.0,Dominican Republic,DOM,DOM,20210216
0.048008,0.009766,0.059524,0.008824,588.0,Ecuador,ECU,ECU,20210216
0.099637,0.012311,0.109034,0.01183,642.0,Egypt,EGY,EGY,20210216
0.102252,0.021629,0.104478,0.021424,201.0,El Salvador,SLV,SLV,20210216
0.106037,0.03266,0.12,0.030944,100.0,Finland,FIN,FIN,20210216
0.082875,0.005639,0.087545,0.005501,2513.0,France,FRA,FRA,20210216
0.083341,0.006194,0.079581,0.006326,1910.0,Germany,DEU,DEU,20210216
0.129838,0.024451,0.092199,0.028408,141.0,Ghana,GHA,GHA,20210216
0.026142,0.009337,0.034211,0.008196,380.0,Greece,GRC,GRC,20210216
0.1139,0.022892,0.108108,0.02342,185.0,Guatemala,GTM,GTM,20210216
0.068461,0.021549,0.066667,0.021816,135.0,Honduras,HND,HND,20210216
0.041695,0.017743,0.047945,0.0166,146.0,Hong Kong,HKG,HKG,20210216
0.101019,0.011626,0.107193,0.011326,709.0,Hungary,HUN,HUN,20210216
0.062819,0.006466,0.068966,0.006191,1537.0,India,IND,IND,20210216
0.087214,0.008764,0.082828,0.008972,990.0,Indonesia,IDN,IDN,20210216
0.093589,0.015345,0.102302,0.014748,391.0,Iraq,IRQ,IRQ,20210216
0.058958,0.021095,0.065217,0.020124,138.0,Ireland,IRL,IRL,20210216
0.219562,0.035458,0.20155,0.036588,129.0,Israel,ISR,ISR,20210216
0.054707,0.005919,0.062011,0.005581,1661.0,Italy,ITA,ITA,20210216
0.085739,0.003956,0.088058,0.003908,5133.0,Japan,JPN,JPN,20210216
0.121464,0.021315,0.107981,0.022435,213.0,Jordan,JOR,JOR,20210216
0.034804,0.014866,0.030075,0.015953,133.0,Kazakhstan,KAZ,KAZ,20210216
0.073174,0.019557,0.073034,0.019575,178.0,Kenya,KEN,KEN,20210216
0.081532,0.01096,0.052758,0.013417,417.0,Malaysia,MYS,MYS,20210216
0.069407,0.004628,0.06211,0.004873,2721.0,Mexico,MEX,MEX,20210216
0.043252,0.019026,0.055172,0.016952,145.0,Nepal,NPL,NPL,20210216
0.110067,0.012132,0.100649,0.01262,616.0,Netherlands,NLD,NLD,20210216
0.057166,0.011612,0.059809,0.011369,418.0,New Zealand,NZL,NZL,20210216
0.033744,0.016492,0.028846,0.017792,104.0,Nicaragua,NIC,NIC,20210216
0.094912,0.01471,0.068027,0.017123,294.0,Nigeria,NGA,NGA,20210216
0.045701,0.012828,0.052632,0.011997,304.0,Norway,NOR,NOR,20210216
0.052296,0.014734,0.064516,0.013352,279.0,Pakistan,PAK,PAK,20210216
0.068627,0.025398,0.069307,0.025282,101.0,Panama,PAN,PAN,20210216
0.053567,0.015846,0.039474,0.018323,152.0,Paraguay,PRY,PRY,20210216
0.041919,0.007889,0.047091,0.007463,722.0,Peru,PER,PER,20210216
0.065548,0.007015,0.051411,0.007862,992.0,Philippines,PHL,PHL,20210216
0.083376,0.010758,0.081664,0.01086,649.0,Poland,POL,POL,20210216
0.076125,0.009138,0.063291,0.009953,711.0,Portugal,PRT,PRT,20210216
0.082519,0.024073,0.086957,0.023508,138.0,"Puerto Rico, U.S.",PRI,PRI,20210216
0.082231,0.012486,0.07906,0.012712,468.0,Romania,ROU,ROU,20210216
0.076991,0.009113,0.077013,0.009111,857.0,Russia,RUS,RUS,20210216
0.118104,0.025036,0.122093,0.02468,172.0,Saudi Arabia,SAU,SAU,20210216
0.062931,0.017782,0.073733,0.016523,217.0,Serbia,SRB,SRB,20210216
0.099701,0.019043,0.093617,0.019586,235.0,Slovakia,SVK,SVK,20210216
0.09801,0.012662,0.092979,0.012964,527.0,South Africa,ZAF,ZAF,20210216
0.045402,0.010148,0.038674,0.010957,362.0,South Korea,KOR,KOR,20210216
0.065768,0.007146,0.055985,0.007705,1036.0,Spain,ESP,ESP,20210216
0.087058,0.010639,0.086895,0.010648,702.0,Sweden,SWE,SWE,20210216
0.162103,0.021515,0.153025,0.022025,281.0,Switzerland,CHE,CHE,20210216
0.05828,0.005052,0.042884,0.005842,1609.0,Taiwan,TWN,TWN,20210216
0.031916,0.006293,0.033857,0.006116,827.0,Thailand,THA,THA,20210216
0.059186,0.020681,0.091837,0.016898,196.0,Tunisia,TUN,TUN,20210216
0.097437,0.009256,0.072519,0.010584,786.0,Turkey,TUR,TUR,20210216
0.059705,0.007097,0.058011,0.007193,1086.0,Ukraine,UKR,UKR,20210216
0.096597,0.012057,0.093857,0.012214,586.0,United Kingdom,GBR,GBR,20210216
0.070234,0.012898,0.051195,0.014954,293.0,Uruguay,URY,URY,20210216
0.058722,0.010759,0.051765,0.011418,425.0,Venezuela,VEN,VEN,20210216
0.024157,0.002613,0.015576,0.00324,2247.0,Vietnam,VNM,VNM,20210216
0.181392,0.024758,0.171674,0.025299,233.0,Algeria,DZA,DZA,20210217
0.059784,0.00603,0.052168,0.006429,1361.0,Argentina,ARG,ARG,20210217
0.089958,0.011523,0.086003,0.01176,593.0,Australia,AUS,AUS,20210217
0.073878,0.014364,0.064626,0.015281,294.0,Austria,AUT,AUT,20210217
0.032172,0.016564,0.05641,0.012669,195.0,Bangladesh,BGD,BGD,20210217
0.062269,0.019478,0.066667,0.018869,165.0,Belarus,BLR,BLR,20210217
0.113823,0.017139,0.108761,0.017483,331.0,Belgium,BEL,BEL,20210217
0.067457,0.012783,0.060345,0.013464,348.0,Bolivia,BOL,BOL,20210217
0.064747,0.004075,0.057064,0.004322,3242.0,Brazil,BRA,BRA,20210217
0.123758,0.017139,0.108761,0.018128,331.0,Bulgaria,BGR,BGR,20210217
0.116555,0.009808,0.098485,0.010562,924.0,Canada,CAN,CAN,20210217
0.099802,0.014079,0.087065,0.014968,402.0,Chile,CHL,CHL,20210217
0.069041,0.007965,0.068,0.008021,1000.0,Colombia,COL,COL,20210217
0.054766,0.021116,0.068966,0.01896,145.0,Costa Rica,CRI,CRI,20210217
0.187702,0.029152,0.168675,0.030398,166.0,Croatia,HRV,HRV,20210217
0.114432,0.013056,0.116086,0.012974,603.0,Czech Republic,CZE,CZE,20210217
0.088359,0.019682,0.092166,0.019311,217.0,Denmark,DNK,DNK,20210217
0.151513,0.027227,0.143713,0.027829,167.0,Dominican Republic,DOM,DOM,20210217
0.056452,0.008715,0.055233,0.008805,688.0,Ecuador,ECU,ECU,20210217
0.09798,0.012321,0.10231,0.012086,606.0,Egypt,EGY,EGY,20210217
0.067566,0.017099,0.070796,0.016733,226.0,El Salvador,SLV,SLV,20210217
0.0923,0.005698,0.090802,0.00574,2544.0,France,FRA,FRA,20210217
0.078937,0.006087,0.081309,0.006005,2017.0,Germany,DEU,DEU,20210217
0.114361,0.024625,0.110429,0.025004,163.0,Ghana,GHA,GHA,20210217
0.049961,0.010035,0.043478,0.01072,414.0,Greece,GRC,GRC,20210217
0.088618,0.020384,0.090452,0.020197,199.0,Guatemala,GTM,GTM,20210217
0.081471,0.020948,0.064748,0.023287,139.0,Honduras,HND,HND,20210217
0.105273,0.027353,0.115942,0.026221,138.0,Hong Kong,HKG,HKG,20210217
0.09916,0.011327,0.100567,0.011256,706.0,Hungary,HUN,HUN,20210217
0.080749,0.006543,0.077338,0.006673,1668.0,India,IND,IND,20210217
0.071658,0.008887,0.083505,0.008286,970.0,Indonesia,IDN,IDN,20210217
0.070526,0.014351,0.088832,0.012915,394.0,Iraq,IRQ,IRQ,20210217
0.05232,0.018728,0.057692,0.017885,156.0,Ireland,IRL,IRL,20210217
0.179722,0.031457,0.12037,0.037118,108.0,Israel,ISR,ISR,20210217
0.05967,0.006052,0.062811,0.005909,1608.0,Italy,ITA,ITA,20210217
0.084625,0.004204,0.094093,0.004007,4825.0,Japan,JPN,JPN,20210217
0.174487,0.028868,0.17341,0.028939,173.0,Jordan,JOR,JOR,20210217
0.112994,0.023636,0.077519,0.027982,129.0,Kazakhstan,KAZ,KAZ,20210217
0.049722,0.014914,0.045685,0.015526,197.0,Kenya,KEN,KEN,20210217
0.066221,0.011581,0.058394,0.012281,411.0,Malaysia,MYS,MYS,20210217
0.066858,0.004675,0.063915,0.004774,2738.0,Mexico,MEX,MEX,20210217
0.143204,0.037083,0.166667,0.034854,102.0,Morocco,MAR,MAR,20210217
0.030417,0.02181,0.063492,0.01536,126.0,Nepal,NPL,NPL,20210217
0.090956,0.01139,0.090909,0.011393,638.0,Netherlands,NLD,NLD,20210217
0.085394,0.014193,0.075145,0.015046,346.0,New Zealand,NZL,NZL,20210217
0.03366,0.01793,0.036364,0.017275,110.0,Nicaragua,NIC,NIC,20210217
0.117281,0.014316,0.064407,0.018765,295.0,Nigeria,NGA,NGA,20210217
0.076802,0.01705,0.087273,0.016086,275.0,Norway,NOR,NOR,20210217
0.060346,0.016981,0.083019,0.014656,265.0,Pakistan,PAK,PAK,20210217
0.060319,0.020107,0.062069,0.01984,145.0,Paraguay,PRY,PRY,20210217
0.069696,0.008818,0.055142,0.009837,671.0,Peru,PER,PER,20210217
0.055908,0.0072,0.05642,0.007169,1028.0,Philippines,PHL,PHL,20210217
0.091514,0.010289,0.080229,0.010922,698.0,Poland,POL,POL,20210217
0.050142,0.008585,0.05136,0.008488,662.0,Portugal,PRT,PRT,20210217
0.034119,0.019921,0.064935,0.014676,154.0,"Puerto Rico, U.S.",PRI,PRI,20210217
0.091528,0.013374,0.088496,0.013578,452.0,Romania,ROU,ROU,20210217
0.086994,0.009051,0.084567,0.009168,946.0,Russia,RUS,RUS,20210217
0.218207,0.026963,0.151685,0.031045,178.0,Saudi Arabia,SAU,SAU,20210217
0.099539,0.020123,0.09434,0.020611,212.0,Serbia,SRB,SRB,20210217
0.103302,0.017861,0.095588,0.018488,272.0,Slovakia,SVK,SVK,20210217
0.086691,0.023636,0.077519,0.024871,129.0,Slovenia,SVN,SVN,20210217
0.089322,0.013476,0.092672,0.013255,464.0,South Africa,ZAF,ZAF,20210217
0.053567,0.012676,0.061281,0.0119,359.0,South Korea,KOR,KOR,20210217
0.055927,0.007339,0.054393,0.007436,956.0,Spain,ESP,ESP,20210217
0.102021,0.010665,0.088608,0.011359,711.0,Sweden,SWE,SWE,20210217
0.130698,0.017896,0.129944,0.01794,354.0,Switzerland,CHE,CHE,20210217
0.052465,0.005403,0.043841,0.005884,1437.0,Taiwan,TWN,TWN,20210217
0.029959,0.005856,0.030303,0.005823,858.0,Thailand,THA,THA,20210217
0.134626,0.022721,0.115578,0.024257,199.0,Tunisia,TUN,TUN,20210217
0.082681,0.009686,0.07672,0.010023,756.0,Turkey,TUR,TUR,20210217
0.054483,0.006948,0.060374,0.006621,1176.0,Ukraine,UKR,UKR,20210217
0.089232,0.011687,0.095087,0.011358,631.0,United Kingdom,GBR,GBR,20210217
0.024747,0.009226,0.026403,0.00894,303.0,Uruguay,URY,URY,20210217
0.050764,0.011122,0.057208,0.010513,437.0,Venezuela,VEN,VEN,20210217
0.016517,0.002906,0.01831,0.002762,2130.0,Vietnam,VNM,VNM,20210217
0.19353,0.023897,0.167347,0.025291,245.0,Algeria,DZA,DZA,20210218
0.040145,0.005833,0.042975,0.005646,1210.0,Argentina,ARG,ARG,20210218
0.056889,0.009733,0.056637,0.009753,565.0,Australia,AUS,AUS,20210218
0.110602,0.017353,0.118156,0.016861,347.0,Austria,AUT,AUT,20210218
0.053189,0.022212,0.093023,0.017161,172.0,Bangladesh,BGD,BGD,20210218
0.079207,0.022409,0.0875,0.021417,160.0,Belarus,BLR,BLR,20210218
0.119368,0.017424,0.109034,0.018125,321.0,Belgium,BEL,BEL,20210218
0.071011,0.014054,0.059649,0.015241,285.0,Bolivia,BOL,BOL,20210218
0.05674,0.004035,0.054413,0.004115,3161.0,Brazil,BRA,BRA,20210218
0.082105,0.015436,0.076923,0.015903,299.0,Bulgaria,BGR,BGR,20210218
0.104877,0.009662,0.095802,0.010058,929.0,Canada,CAN,CAN,20210218
0.07012,0.013204,0.068306,0.013366,366.0,Chile,CHL,CHL,20210218
0.067972,0.006911,0.048017,0.008136,958.0,Colombia,COL,COL,20210218
0.102149,0.023965,0.090278,0.025325,144.0,Costa Rica,CRI,CRI,20210218
0.135674,0.025648,0.111842,0.027867,152.0,Croatia,HRV,HRV,20210218
0.142127,0.014144,0.141447,0.014173,608.0,Czech Republic,CZE,CZE,20210218
0.086905,0.019272,0.103586,0.017816,251.0,Denmark,DNK,DNK,20210218
0.100215,0.023738,0.10303,0.023448,165.0,Dominican Republic,DOM,DOM,20210218
0.08844,0.01034,0.070261,0.011487,612.0,Ecuador,ECU,ECU,20210218
0.073732,0.010923,0.082148,0.010395,633.0,Egypt,EGY,EGY,20210218
0.075775,0.019771,0.073864,0.020005,176.0,El Salvador,SLV,SLV,20210218
0.120139,0.025094,0.073394,0.031285,109.0,Finland,FIN,FIN,20210218
0.094054,0.005657,0.089914,0.005773,2558.0,France,FRA,FRA,20210218
0.083573,0.006275,0.083676,0.006272,1948.0,Germany,DEU,DEU,20210218
0.107914,0.026299,0.114865,0.025591,148.0,Ghana,GHA,GHA,20210218
0.058682,0.011916,0.061425,0.011664,407.0,Greece,GRC,GRC,20210218
0.103864,0.024733,0.100671,0.025078,149.0,Guatemala,GTM,GTM,20210218
0.095139,0.021807,0.078431,0.023798,153.0,Honduras,HND,HND,20210218
0.055647,0.021159,0.061538,0.020183,130.0,Hong Kong,HKG,HKG,20210218
0.110759,0.01154,0.112882,0.011444,753.0,Hungary,HUN,HUN,20210218
0.05373,0.006279,0.063207,0.005818,1503.0,India,IND,IND,20210218
0.084664,0.009023,0.082618,0.009124,932.0,Indonesia,IDN,IDN,20210218
0.107135,0.015669,0.098901,0.016233,364.0,Iraq,IRQ,IRQ,20210218
0.042118,0.01684,0.045455,0.016239,154.0,Ireland,IRL,IRL,20210218
0.073287,0.006374,0.06927,0.006542,1588.0,Italy,ITA,ITA,20210218
0.094202,0.004235,0.09204,0.004279,4661.0,Japan,JPN,JPN,20210218
0.10958,0.029143,0.143836,0.025941,146.0,Jordan,JOR,JOR,20210218
0.056887,0.02181,0.063492,0.020717,126.0,Kazakhstan,KAZ,KAZ,20210218
0.069496,0.017179,0.049689,0.020104,161.0,Kenya,KEN,KEN,20210218
0.058775,0.023868,0.06,0.023639,100.0,Lebanon,LBN,LBN,20210218
0.047511,0.023868,0.06,0.02138,100.0,Libya,LBY,LBY,20210218
0.042213,0.012343,0.061008,0.01037,377.0,Malaysia,MYS,MYS,20210218
0.060384,0.004633,0.059073,0.004681,2590.0,Mexico,MEX,MEX,20210218
0.028511,0.021279,0.048544,0.016479,103.0,Nepal,NPL,NPL,20210218
0.136733,0.013443,0.110294,0.014744,544.0,Netherlands,NLD,NLD,20210218
0.073934,0.014476,0.068627,0.014983,306.0,New Zealand,NZL,NZL,20210218
0.063318,0.026253,0.081818,0.023326,110.0,Nicaragua,NIC,NIC,20210218
0.078069,0.013731,0.061688,0.015312,308.0,Nigeria,NGA,NGA,20210218
0.100309,0.016329,0.077778,0.018316,270.0,Norway,NOR,NOR,20210218
0.074595,0.020359,0.112033,0.01696,241.0,Pakistan,PAK,PAK,20210218
0.119254,0.021395,0.066176,0.027893,136.0,Paraguay,PRY,PRY,20210218
0.062678,0.008996,0.053883,0.009657,631.0,Peru,PER,PER,20210218
0.0579,0.006154,0.037618,0.007554,957.0,Philippines,PHL,PHL,20210218
0.066591,0.010256,0.076923,0.009596,676.0,Poland,POL,POL,20210218
0.059368,0.009977,0.066879,0.009437,628.0,Portugal,PRT,PRT,20210218
0.04427,0.02048,0.051282,0.019098,117.0,"Puerto Rico, U.S.",PRI,PRI,20210218
0.082662,0.013436,0.08656,0.013158,439.0,Romania,ROU,ROU,20210218
0.10104,0.009569,0.089064,0.010125,887.0,Russia,RUS,RUS,20210218
0.11557,0.025775,0.108844,0.026459,147.0,Saudi Arabia,SAU,SAU,20210218
0.076645,0.016397,0.069959,0.017101,243.0,Serbia,SRB,SRB,20210218
0.088543,0.018386,0.092369,0.018039,249.0,Slovakia,SVK,SVK,20210218
0.084602,0.012575,0.086172,0.01247,499.0,South Africa,ZAF,ZAF,20210218
0.102946,0.014428,0.070064,0.017177,314.0,South Korea,KOR,KOR,20210218
0.069445,0.008224,0.063564,0.008569,881.0,Spain,ESP,ESP,20210218
0.061866,0.01052,0.082111,0.009232,682.0,Sweden,SWE,SWE,20210218
0.11581,0.015859,0.094118,0.01738,340.0,Switzerland,CHE,CHE,20210218
0.037857,0.005466,0.040217,0.00531,1293.0,Taiwan,TWN,TWN,20210218
0.045142,0.007091,0.038926,0.007612,745.0,Thailand,THA,THA,20210218
0.106827,0.020625,0.106667,0.020639,225.0,Tunisia,TUN,TUN,20210218
0.086293,0.009806,0.082487,0.010009,788.0,Turkey,TUR,TUR,20210218
0.05758,0.007015,0.057325,0.00703,1099.0,Ukraine,UKR,UKR,20210218
0.102608,0.011867,0.088696,0.012666,575.0,United Kingdom,GBR,GBR,20210218
0.036893,0.012322,0.041667,0.011623,264.0,Uruguay,URY,URY,20210218
0.078362,0.013032,0.07013,0.013714,385.0,Venezuela,VEN,VEN,20210218
0.030401,0.003468,0.023536,0.003927,1912.0,Vietnam,VNM,VNM,20210218
0.180668,0.021422,0.142322,0.02359,267.0,Algeria,DZA,DZA,20210219
0.060609,0.007198,0.05838,0.007325,1062.0,Argentina,ARG,ARG,20210219
0.058228,0.009908,0.053846,0.010279,520.0,Australia,AUS,AUS,20210219
0.10698,0.01846,0.102941,0.018776,272.0,Austria,AUT,AUT,20210219
0.061241,0.020549,0.082873,0.017871,181.0,Bangladesh,BGD,BGD,20210219
0.057993,0.020691,0.070968,0.018835,155.0,Belarus,BLR,BLR,20210219
0.108229,0.018321,0.094118,0.019493,255.0,Belgium,BEL,BEL,20210219
0.058746,0.015216,0.062745,0.014755,255.0,Bolivia,BOL,BOL,20210219
0.061426,0.004046,0.051896,0.00438,3006.0,Brazil,BRA,BRA,20210219
0.08612,0.016164,0.078853,0.016826,279.0,Bulgaria,BGR,BGR,20210219
0.106257,0.010627,0.107855,0.010558,853.0,Canada,CAN,CAN,20210219
0.096568,0.01514,0.089636,0.015655,357.0,Chile,CHL,CHL,20210219
0.056706,0.007975,0.055623,0.008047,827.0,Colombia,COL,COL,20210219
0.087163,0.025885,0.105634,0.023755,142.0,Costa Rica,CRI,CRI,20210219
0.11324,0.025958,0.120253,0.02529,158.0,Croatia,HRV,HRV,20210219
0.148347,0.014933,0.151042,0.014823,576.0,Czech Republic,CZE,CZE,20210219
0.072635,0.01726,0.069124,0.017659,217.0,Denmark,DNK,DNK,20210219
0.138178,0.030168,0.164474,0.028083,152.0,Dominican Republic,DOM,DOM,20210219
0.0663,0.010712,0.064516,0.010848,527.0,Ecuador,ECU,ECU,20210219
0.042775,0.010633,0.07907,0.007974,645.0,Egypt,EGY,EGY,20210219
0.113466,0.021576,0.087209,0.024254,172.0,El Salvador,SLV,SLV,20210219
0.096056,0.00598,0.092229,0.00609,2342.0,France,FRA,FRA,20210219
0.100091,0.00672,0.095288,0.006869,1910.0,Germany,DEU,DEU,20210219
0.079098,0.023633,0.081481,0.023315,135.0,Ghana,GHA,GHA,20210219
0.064348,0.010754,0.04798,0.012346,396.0,Greece,GRC,GRC,20210219
0.08237,0.020938,0.087432,0.020379,183.0,Guatemala,GTM,GTM,20210219
0.039867,0.01322,0.023077,0.017226,130.0,Honduras,HND,HND,20210219
0.070799,0.022326,0.065041,0.023221,123.0,Hong Kong,HKG,HKG,20210219
0.098821,0.011513,0.096037,0.01166,656.0,Hungary,HUN,HUN,20210219
0.055619,0.005889,0.059153,0.005721,1606.0,India,IND,IND,20210219
0.088725,0.009842,0.091121,0.009724,856.0,Indonesia,IDN,IDN,20210219
0.098338,0.012943,0.079727,0.014228,439.0,Iraq,IRQ,IRQ,20210219
0.065001,0.020695,0.06015,0.021458,133.0,Ireland,IRL,IRL,20210219
0.075707,0.006626,0.069341,0.006899,1471.0,Italy,ITA,ITA,20210219
0.080319,0.004267,0.091861,0.004015,4583.0,Japan,JPN,JPN,20210219
0.137336,0.027579,0.164835,0.025584,182.0,Jordan,JOR,JOR,20210219
0.123245,0.026243,0.090909,0.030008,121.0,Kazakhstan,KAZ,KAZ,20210219
0.03557,0.016564,0.05641,0.013298,195.0,Kenya,KEN,KEN,20210219
0.080237,0.012707,0.070905,0.013449,409.0,Malaysia,MYS,MYS,20210219
0.074211,0.005036,0.067578,0.005258,2486.0,Mexico,MEX,MEX,20210219
0.127622,0.035207,0.157407,0.032257,108.0,Morocco,MAR,MAR,20210219
0.14188,0.02732,0.094828,0.032538,116.0,Nepal,NPL,NPL,20210219
0.118501,0.012995,0.109185,0.013467,577.0,Netherlands,NLD,NLD,20210219
0.079795,0.014856,0.068729,0.015912,291.0,New Zealand,NZL,NZL,20210219
0.118946,0.015503,0.073684,0.01921,285.0,Nigeria,NGA,NGA,20210219
0.07809,0.016981,0.083019,0.016514,265.0,Norway,NOR,NOR,20210219
0.049984,0.015109,0.060241,0.013837,249.0,Pakistan,PAK,PAK,20210219
0.037287,0.017548,0.043796,0.016246,137.0,Paraguay,PRY,PRY,20210219
0.064226,0.009291,0.056543,0.009862,619.0,Peru,PER,PER,20210219
0.062069,0.007161,0.051975,0.007783,962.0,Philippines,PHL,PHL,20210219
0.073236,0.010825,0.081377,0.010314,639.0,Poland,POL,POL,20210219
0.038322,0.008581,0.042934,0.008127,559.0,Portugal,PRT,PRT,20210219
0.044391,0.024946,0.077586,0.019206,116.0,"Puerto Rico, U.S.",PRI,PRI,20210219
0.091712,0.014179,0.092857,0.0141,420.0,Romania,ROU,ROU,20210219
0.087539,0.009197,0.078978,0.009637,861.0,Russia,RUS,RUS,20210219
0.12569,0.022189,0.098901,0.02464,182.0,Saudi Arabia,SAU,SAU,20210219
0.093888,0.019276,0.085308,0.020127,211.0,Serbia,SRB,SRB,20210219
0.091618,0.0192,0.103175,0.018209,252.0,Slovakia,SVK,SVK,20210219
0.089086,0.029316,0.097087,0.028206,103.0,Slovenia,SVN,SVN,20210219
0.092576,0.013411,0.09879,0.013027,496.0,South Africa,ZAF,ZAF,20210219
0.067193,0.011259,0.039735,0.01443,302.0,South Korea,KOR,KOR,20210219
0.042588,0.007081,0.04698,0.006757,894.0,Spain,ESP,ESP,20210219
0.087895,0.01117,0.091454,0.010972,667.0,Sweden,SWE,SWE,20210219
0.134418,0.019413,0.122378,0.020205,286.0,Switzerland,CHE,CHE,20210219
0.045058,0.005422,0.040274,0.00572,1316.0,Taiwan,TWN,TWN,20210219
0.042861,0.007091,0.038926,0.007426,745.0,Thailand,THA,THA,20210219
0.118498,0.021964,0.123894,0.021546,226.0,Tunisia,TUN,TUN,20210219
0.072026,0.00928,0.067215,0.009582,729.0,Turkey,TUR,TUR,20210219
0.048576,0.006546,0.04491,0.006795,1002.0,Ukraine,UKR,UKR,20210219
0.142917,0.014919,0.130859,0.015483,512.0,United Kingdom,GBR,GBR,20210219
0.060876,0.014919,0.057377,0.015338,244.0,Uruguay,URY,URY,20210219
0.061278,0.013075,0.061765,0.013026,340.0,Venezuela,VEN,VEN,20210219
0.027572,0.003666,0.024041,0.003919,1747.0,Vietnam,VNM,VNM,20210219
0.114142,0.019378,0.106299,0.019991,254.0,Algeria,DZA,DZA,20210220
0.040609,0.006036,0.038424,0.006199,1015.0,Argentina,ARG,ARG,20210220
0.064248,0.010897,0.066667,0.010711,525.0,Australia,AUS,AUS,20210220
0.100464,0.016819,0.096774,0.017102,310.0,Austria,AUT,AUT,20210220
0.090576,0.02016,0.072289,0.022343,166.0,Bangladesh,BGD,BGD,20210220
0.135959,0.025275,0.099291,0.028967,141.0,Belarus,BLR,BLR,20210220
0.114741,0.01794,0.101754,0.018912,285.0,Belgium,BEL,BEL,20210220
0.089101,0.016276,0.079422,0.017148,277.0,Bolivia,BOL,BOL,20210220
0.06484,0.004168,0.05332,0.004568,2907.0,Brazil,BRA,BRA,20210220
0.127759,0.019686,0.122302,0.020057,278.0,Bulgaria,BGR,BGR,20210220
0.106704,0.01097,0.109606,0.010841,812.0,Canada,CAN,CAN,20210220
0.098835,0.015194,0.092896,0.015621,366.0,Chile,CHL,CHL,20210220
0.06985,0.009524,0.076726,0.009121,782.0,Colombia,COL,COL,20210220
0.125876,0.029626,0.121951,0.030032,123.0,Costa Rica,CRI,CRI,20210220
0.112325,0.030248,0.141791,0.02738,134.0,Croatia,HRV,HRV,20210220
0.116578,0.013413,0.117647,0.01336,578.0,Czech Republic,CZE,CZE,20210220
0.115896,0.024164,0.126316,0.023284,190.0,Denmark,DNK,DNK,20210220
0.079752,0.023513,0.098765,0.021351,162.0,Dominican Republic,DOM,DOM,20210220
0.046688,0.009941,0.048832,0.009731,471.0,Ecuador,ECU,ECU,20210220
0.079359,0.012487,0.094545,0.011536,550.0,Egypt,EGY,EGY,20210220
0.099055,0.023991,0.113636,0.022582,176.0,El Salvador,SLV,SLV,20210220
0.097754,0.006069,0.095258,0.006139,2341.0,France,FRA,FRA,20210220
0.105731,0.007031,0.098497,0.007256,1797.0,Germany,DEU,DEU,20210220
0.071601,0.025665,0.097015,0.022356,134.0,Ghana,GHA,GHA,20210220
0.044928,0.010405,0.043814,0.01053,388.0,Greece,GRC,GRC,20210220
0.071549,0.023807,0.089655,0.021478,145.0,Guatemala,GTM,GTM,20210220
0.091739,0.022503,0.065574,0.026242,122.0,Honduras,HND,HND,20210220
0.074713,0.021479,0.0625,0.023331,128.0,Hong Kong,HKG,HKG,20210220
0.102509,0.010706,0.100254,0.010812,788.0,Hungary,HUN,HUN,20210220
0.070844,0.006472,0.071698,0.006436,1590.0,India,IND,IND,20210220
0.085741,0.009603,0.082625,0.009765,823.0,Indonesia,IDN,IDN,20210220
0.115552,0.015578,0.117096,0.015489,427.0,Iraq,IRQ,IRQ,20210220
0.114509,0.025059,0.1125,0.025253,160.0,Ireland,IRL,IRL,20210220
0.060522,0.006243,0.0611,0.006215,1473.0,Italy,ITA,ITA,20210220
0.08479,0.004047,0.087977,0.00398,4899.0,Japan,JPN,JPN,20210220
0.236771,0.028259,0.204878,0.029763,205.0,Jordan,JOR,JOR,20210220
0.064154,0.02048,0.051282,0.02275,117.0,Kazakhstan,KAZ,KAZ,20210220
0.020978,0.011914,0.031963,0.009706,219.0,Kenya,KEN,KEN,20210220
0.055948,0.012322,0.056657,0.01225,353.0,Malaysia,MYS,MYS,20210220
0.061459,0.004938,0.061363,0.004942,2363.0,Mexico,MEX,MEX,20210220
0.024893,0.0191,0.043478,0.014592,115.0,Nepal,NPL,NPL,20210220
0.116079,0.013414,0.115789,0.013429,570.0,Netherlands,NLD,NLD,20210220
0.108472,0.0176,0.090226,0.019103,266.0,New Zealand,NZL,NZL,20210220
0.097678,0.01696,0.084871,0.018067,271.0,Nigeria,NGA,NGA,20210220
0.093351,0.015261,0.070671,0.017324,283.0,Norway,NOR,NOR,20210220
0.08038,0.014695,0.052174,0.017966,230.0,Pakistan,PAK,PAK,20210220
0.03635,0.019602,0.044643,0.017764,112.0,Paraguay,PRY,PRY,20210220
0.067703,0.010242,0.064348,0.010486,575.0,Peru,PER,PER,20210220
0.070955,0.007617,0.060327,0.008214,978.0,Philippines,PHL,PHL,20210220
0.104888,0.012237,0.102439,0.012366,615.0,Poland,POL,POL,20210220
0.072796,0.009549,0.059016,0.010528,610.0,Portugal,PRT,PRT,20210220
0.0865,0.027129,0.122449,0.023264,147.0,"Puerto Rico, U.S.",PRI,PRI,20210220
0.10764,0.014234,0.098174,0.014826,438.0,Romania,ROU,ROU,20210220
0.088128,0.009484,0.079012,0.009967,810.0,Russia,RUS,RUS,20210220
0.115372,0.025149,0.131868,0.023746,182.0,Saudi Arabia,SAU,SAU,20210220
0.095327,0.020384,0.090452,0.02087,199.0,Serbia,SRB,SRB,20210220
0.096314,0.018185,0.09542,0.018261,262.0,Slovakia,SVK,SVK,20210220
0.080446,0.026253,0.081818,0.026051,110.0,Slovenia,SVN,SVN,20210220
0.096981,0.015109,0.097938,0.015043,388.0,South Africa,ZAF,ZAF,20210220
0.048074,0.013019,0.056782,0.012034,317.0,South Korea,KOR,KOR,20210220
0.108499,0.009228,0.079861,0.010587,864.0,Spain,ESP,ESP,20210220
0.097702,0.011686,0.095912,0.011783,636.0,Sweden,SWE,SWE,20210220
0.14705,0.021376,0.151943,0.02109,283.0,Switzerland,CHE,CHE,20210220
0.05002,0.005754,0.044025,0.006114,1272.0,Taiwan,TWN,TWN,20210220
0.059172,0.007461,0.045802,0.008421,786.0,Thailand,THA,THA,20210220
0.104686,0.021499,0.089888,0.023011,178.0,Tunisia,TUN,TUN,20210220
0.064432,0.009369,0.072084,0.008894,763.0,Turkey,TUR,TUR,20210220
0.045798,0.006815,0.046267,0.006782,951.0,Ukraine,UKR,UKR,20210220
0.047895,0.021279,0.048544,0.021144,103.0,United Arab Emirates,ARE,ARE,20210220
0.081523,0.012619,0.088583,0.012153,508.0,United Kingdom,GBR,GBR,20210220
0.055621,0.01252,0.04428,0.013948,271.0,Uruguay,URY,URY,20210220
0.02506,0.009777,0.037234,0.008072,376.0,Venezuela,VEN,VEN,20210220
0.049322,0.004026,0.026432,0.005434,1589.0,Vietnam,VNM,VNM,20210220
0.231976,0.023703,0.158996,0.02736,239.0,Algeria,DZA,DZA,20210221
0.057876,0.006801,0.052729,0.007105,1081.0,Argentina,ARG,ARG,20210221
0.058993,0.00987,0.054614,0.010234,531.0,Australia,AUS,AUS,20210221
0.095968,0.015213,0.085546,0.016021,339.0,Austria,AUT,AUT,20210221
0.047006,0.017029,0.052326,0.016185,172.0,Bangladesh,BGD,BGD,20210221
0.079282,0.021411,0.080247,0.021293,162.0,Belarus,BLR,BLR,20210221
0.112836,0.018038,0.109635,0.018267,301.0,Belgium,BEL,BEL,20210221
0.04743,0.012748,0.043137,0.013337,255.0,Bolivia,BOL,BOL,20210221
0.059342,0.003939,0.0518,0.0042,3166.0,Brazil,BRA,BRA,20210221
0.105861,0.016466,0.094637,0.017307,317.0,Bulgaria,BGR,BGR,20210221
0.116466,0.010861,0.120267,0.010711,898.0,Canada,CAN,CAN,20210221
0.070228,0.013337,0.066092,0.013718,348.0,Chile,CHL,CHL,20210221
0.065714,0.008788,0.066167,0.00876,801.0,Colombia,COL,COL,20210221
0.117645,0.024236,0.070796,0.030444,113.0,Costa Rica,CRI,CRI,20210221
0.132011,0.027253,0.133758,0.027102,157.0,Croatia,HRV,HRV,20210221
0.129075,0.013566,0.130856,0.013487,619.0,Czech Republic,CZE,CZE,20210221
0.080555,0.018498,0.088608,0.017715,237.0,Denmark,DNK,DNK,20210221
0.111224,0.025619,0.100719,0.026764,139.0,Dominican Republic,DOM,DOM,20210221
0.052239,0.010173,0.052192,0.010177,479.0,Ecuador,ECU,ECU,20210221
0.062117,0.010697,0.07874,0.009586,635.0,Egypt,EGY,EGY,20210221
0.086989,0.020768,0.083799,0.021123,179.0,El Salvador,SLV,SLV,20210221
0.096662,0.005942,0.090715,0.006114,2337.0,France,FRA,FRA,20210221
0.077731,0.006419,0.089204,0.006029,1973.0,Germany,DEU,DEU,20210221
0.083386,0.025674,0.093023,0.024436,129.0,Ghana,GHA,GHA,20210221
0.057522,0.011767,0.055409,0.011976,379.0,Greece,GRC,GRC,20210221
0.072285,0.017343,0.05914,0.019039,186.0,Guatemala,GTM,GTM,20210221
0.049603,0.020397,0.059259,0.018757,135.0,Honduras,HND,HND,20210221
0.038605,0.018596,0.037736,0.018801,106.0,Hong Kong,HKG,HKG,20210221
0.117751,0.011351,0.114358,0.011497,787.0,Hungary,HUN,HUN,20210221
0.058558,0.005765,0.060641,0.005671,1715.0,India,IND,IND,20210221
0.084878,0.009792,0.091848,0.009449,871.0,Indonesia,IDN,IDN,20210221
0.062002,0.013689,0.084541,0.011867,414.0,Iraq,IRQ,IRQ,20210221
0.058132,0.017945,0.055215,0.018384,163.0,Ireland,IRL,IRL,20210221
0.063744,0.00613,0.063642,0.006134,1587.0,Italy,ITA,ITA,20210221
0.10252,0.004362,0.103723,0.004339,4888.0,Japan,JPN,JPN,20210221
0.221736,0.026816,0.198198,0.027944,222.0,Jordan,JOR,JOR,20210221
0.132188,0.027353,0.115942,0.028937,138.0,Kazakhstan,KAZ,KAZ,20210221
0.025145,0.013565,0.033708,0.011768,178.0,Kenya,KEN,KEN,20210221
0.035709,0.009067,0.034483,0.009221,406.0,Malaysia,MYS,MYS,20210221
0.0534,0.004665,0.056194,0.004554,2438.0,Mexico,MEX,MEX,20210221
0.108802,0.024741,0.076923,0.028912,117.0,Nepal,NPL,NPL,20210221
0.15014,0.014646,0.144097,0.014897,576.0,Netherlands,NLD,NLD,20210221
0.078842,0.01579,0.080537,0.015638,298.0,New Zealand,NZL,NZL,20210221
0.070155,0.016415,0.074219,0.015994,256.0,Nigeria,NGA,NGA,20210221
0.073249,0.014223,0.063973,0.015144,297.0,Norway,NOR,NOR,20210221
0.060786,0.017783,0.08502,0.015234,247.0,Pakistan,PAK,PAK,20210221
0.033522,0.019155,0.055556,0.015052,144.0,Paraguay,PRY,PRY,20210221
0.061699,0.009308,0.051418,0.01014,564.0,Peru,PER,PER,20210221
0.072043,0.007962,0.061471,0.008571,911.0,Philippines,PHL,PHL,20210221
0.082639,0.010023,0.074344,0.01052,686.0,Poland,POL,POL,20210221
0.081155,0.009612,0.068215,0.010411,689.0,Portugal,PRT,PRT,20210221
0.049054,0.024937,0.090226,0.018799,133.0,"Puerto Rico, U.S.",PRI,PRI,20210221
0.084957,0.011702,0.067391,0.013014,460.0,Romania,ROU,ROU,20210221
0.085258,0.009437,0.081754,0.009618,844.0,Russia,RUS,RUS,20210221
0.137671,0.025357,0.113924,0.027498,158.0,Saudi Arabia,SAU,SAU,20210221
0.113019,0.02145,0.116071,0.021202,224.0,Serbia,SRB,SRB,20210221
0.077101,0.017986,0.096296,0.016264,270.0,Slovakia,SVK,SVK,20210221
0.152105,0.035241,0.152381,0.035215,105.0,Slovenia,SVN,SVN,20210221
0.115977,0.012959,0.091093,0.014421,494.0,South Africa,ZAF,ZAF,20210221
0.080647,0.013059,0.056962,0.015342,316.0,South Korea,KOR,KOR,20210221
0.067423,0.007828,0.059276,0.008312,911.0,Spain,ESP,ESP,20210221
0.090674,0.010807,0.094262,0.01062,732.0,Sweden,SWE,SWE,20210221
0.138808,0.018657,0.122581,0.019669,310.0,Switzerland,CHE,CHE,20210221
0.044581,0.005428,0.04185,0.005594,1362.0,Taiwan,TWN,TWN,20210221
0.033547,0.006454,0.035366,0.006292,820.0,Thailand,THA,THA,20210221
0.052327,0.023864,0.112994,0.016786,177.0,Tunisia,TUN,TUN,20210221
0.083499,0.00933,0.07767,0.009643,824.0,Turkey,TUR,TUR,20210221
0.046064,0.006015,0.039272,0.006491,1044.0,Ukraine,UKR,UKR,20210221
0.082704,0.011441,0.086235,0.011226,603.0,United Kingdom,GBR,GBR,20210221
0.092002,0.016685,0.079545,0.017822,264.0,Uruguay,URY,URY,20210221
0.05403,0.013012,0.064426,0.011982,357.0,Venezuela,VEN,VEN,20210221
0.024952,0.003859,0.024707,0.003878,1619.0,Vietnam,VNM,VNM,20210221
0.060615,0.020213,0.094787,0.016467,211.0,Algeria,DZA,DZA,20210222
0.042826,0.005632,0.039801,0.005833,1206.0,Argentina,ARG,ARG,20210222
0.064322,0.010452,0.059961,0.0108,517.0,Australia,AUS,AUS,20210222
0.141897,0.018822,0.128931,0.019599,318.0,Austria,AUT,AUT,20210222
0.046117,0.01999,0.074713,0.015946,174.0,Bangladesh,BGD,BGD,20210222
0.068111,0.019709,0.067485,0.019794,163.0,Belarus,BLR,BLR,20210222
0.097002,0.016079,0.097059,0.016074,340.0,Belgium,BEL,BEL,20210222
0.050369,0.013072,0.051903,0.012887,289.0,Bolivia,BOL,BOL,20210222
0.055594,0.00369,0.049479,0.003898,3456.0,Brazil,BRA,BRA,20210222
0.069536,0.015586,0.081169,0.014517,308.0,Bulgaria,BGR,BGR,20210222
0.113057,0.010141,0.100228,0.010693,878.0,Canada,CAN,CAN,20210222
0.081574,0.013691,0.087059,0.013293,425.0,Chile,CHL,CHL,20210222
0.063677,0.008048,0.063853,0.008037,924.0,Colombia,COL,COL,20210222
0.079668,0.019456,0.06,0.022183,150.0,Costa Rica,CRI,CRI,20210222
0.148663,0.028632,0.15528,0.028125,161.0,Croatia,HRV,HRV,20210222
0.128833,0.013698,0.133117,0.013509,616.0,Czech Republic,CZE,CZE,20210222
0.082299,0.020285,0.104803,0.0182,229.0,Denmark,DNK,DNK,20210222
0.116157,0.02759,0.128378,0.026427,148.0,Dominican Republic,DOM,DOM,20210222
0.037237,0.00932,0.049632,0.008125,544.0,Ecuador,ECU,ECU,20210222
0.107665,0.012428,0.104132,0.012612,605.0,Egypt,EGY,EGY,20210222
0.080919,0.018853,0.075758,0.01943,198.0,El Salvador,SLV,SLV,20210222
0.148715,0.025398,0.069307,0.035581,101.0,Finland,FIN,FIN,20210222
0.081796,0.005508,0.081888,0.005505,2479.0,France,FRA,FRA,20210222
0.098855,0.00677,0.099334,0.006756,1953.0,Germany,DEU,DEU,20210222
0.082971,0.025052,0.102041,0.022829,147.0,Ghana,GHA,GHA,20210222
0.048721,0.012375,0.06117,0.011117,376.0,Greece,GRC,GRC,20210222
0.044433,0.016744,0.051429,0.015621,175.0,Guatemala,GTM,GTM,20210222
0.028774,0.018231,0.049296,0.014078,142.0,Honduras,HND,HND,20210222
0.075275,0.023953,0.07438,0.024085,121.0,Hong Kong,HKG,HKG,20210222
0.120496,0.011771,0.11889,0.01184,757.0,Hungary,HUN,HUN,20210222
0.064126,0.006165,0.072398,0.005828,1768.0,India,IND,IND,20210222
0.08497,0.009578,0.087356,0.009459,870.0,Indonesia,IDN,IDN,20210222
0.082247,0.016302,0.106145,0.014541,358.0,Iraq,IRQ,IRQ,20210222
0.093244,0.025848,0.097744,0.025309,133.0,Ireland,IRL,IRL,20210222
0.211679,0.039428,0.19,0.041056,100.0,Israel,ISR,ISR,20210222
0.07557,0.006838,0.074526,0.006882,1476.0,Italy,ITA,ITA,20210222
0.096817,0.00413,0.096357,0.004139,5106.0,Japan,JPN,JPN,20210222
0.190406,0.025895,0.183036,0.026292,224.0,Jordan,JOR,JOR,20210222
0.032439,0.018169,0.041322,0.016173,121.0,Kazakhstan,KAZ,KAZ,20210222
0.006414,0.006915,0.009804,0.005603,204.0,Kenya,KEN,KEN,20210222
0.101463,0.032357,0.118812,0.030194,101.0,Libya,LBY,LBY,20210222
0.047763,0.011499,0.05277,0.010969,379.0,Malaysia,MYS,MYS,20210222
0.058199,0.004702,0.059772,0.004644,2543.0,Mexico,MEX,MEX,20210222
0.19606,0.029357,0.107143,0.037683,112.0,Morocco,MAR,MAR,20210222
0.039445,0.019264,0.04386,0.018311,114.0,Nepal,NPL,NPL,20210222
0.125678,0.012872,0.112583,0.013499,604.0,Netherlands,NLD,NLD,20210222
0.08773,0.016956,0.088652,0.016877,282.0,New Zealand,NZL,NZL,20210222
0.080226,0.015025,0.06391,0.016687,266.0,Nigeria,NGA,NGA,20210222
0.080727,0.015473,0.075342,0.015969,292.0,Norway,NOR,NOR,20210222
0.071887,0.019605,0.103306,0.016639,242.0,Pakistan,PAK,PAK,20210222
0.072093,0.025643,0.07,0.025994,100.0,Panama,PAN,PAN,20210222
0.06366,0.019154,0.051852,0.021091,135.0,Paraguay,PRY,PRY,20210222
0.050525,0.009122,0.060206,0.008399,681.0,Peru,PER,PER,20210222
0.071497,0.007803,0.06346,0.008247,977.0,Philippines,PHL,PHL,20210222
0.07573,0.010488,0.082609,0.010079,690.0,Poland,POL,POL,20210222
0.06863,0.01094,0.067925,0.010992,530.0,Portugal,PRT,PRT,20210222
0.113042,0.025974,0.116883,0.025599,154.0,"Puerto Rico, U.S.",PRI,PRI,20210222
0.067584,0.012172,0.072527,0.011781,455.0,Romania,ROU,ROU,20210222
0.08589,0.008898,0.072104,0.009639,846.0,Russia,RUS,RUS,20210222
0.061983,0.024222,0.101911,0.019305,157.0,Saudi Arabia,SAU,SAU,20210222
0.064883,0.016673,0.059406,0.017374,202.0,Serbia,SRB,SRB,20210222
0.090759,0.017683,0.086614,0.01806,254.0,Slovakia,SVK,SVK,20210222
0.087284,0.013332,0.084668,0.013517,437.0,South Africa,ZAF,ZAF,20210222
0.036497,0.011416,0.045181,0.010307,332.0,South Korea,KOR,KOR,20210222
0.071158,0.007971,0.061538,0.008527,910.0,Spain,ESP,ESP,20210222
0.146921,0.034554,0.138614,0.035403,101.0,Sudan,SDN,SDN,20210222
0.095145,0.010854,0.090258,0.011114,698.0,Sweden,SWE,SWE,20210222
0.156732,0.018532,0.123418,0.020484,316.0,Switzerland,CHE,CHE,20210222
0.041958,0.005589,0.040735,0.005669,1252.0,Taiwan,TWN,TWN,20210222
0.053942,0.008003,0.051948,0.008146,770.0,Thailand,THA,THA,20210222
0.061422,0.018813,0.072917,0.017373,192.0,Tunisia,TUN,TUN,20210222
0.078739,0.010052,0.081879,0.009874,745.0,Turkey,TUR,TUR,20210222
0.044034,0.00695,0.052936,0.006368,1039.0,Ukraine,UKR,UKR,20210222
0.100986,0.012291,0.091075,0.012871,549.0,United Kingdom,GBR,GBR,20210222
0.052412,0.013591,0.057627,0.012997,295.0,Uruguay,URY,URY,20210222
0.092641,0.013335,0.07455,0.014719,389.0,Venezuela,VEN,VEN,20210222
0.022968,0.004083,0.026161,0.003832,1529.0,Vietnam,VNM,VNM,20210222
0.201361,0.024741,0.194553,0.025064,257.0,Algeria,DZA,DZA,20210223
0.049784,0.006432,0.04843,0.006516,1115.0,Argentina,ARG,ARG,20210223
0.058321,0.009847,0.060034,0.009714,583.0,Australia,AUS,AUS,20210223
0.130384,0.020156,0.136986,0.019739,292.0,Austria,AUT,AUT,20210223
0.057869,0.019365,0.066265,0.018178,166.0,Bangladesh,BGD,BGD,20210223
0.086816,0.022616,0.084967,0.022838,153.0,Belarus,BLR,BLR,20210223
0.103721,0.017053,0.104938,0.016965,324.0,Belgium,BEL,BEL,20210223
0.086048,0.015472,0.071685,0.016819,279.0,Bolivia,BOL,BOL,20210223
0.066267,0.004106,0.061254,0.004259,3412.0,Brazil,BRA,BRA,20210223
0.113638,0.018058,0.106164,0.018605,292.0,Bulgaria,BGR,BGR,20210223
0.097082,0.010155,0.10158,0.009952,886.0,Canada,CAN,CAN,20210223
0.10665,0.015204,0.10396,0.015376,404.0,Chile,CHL,CHL,20210223
0.08669,0.009384,0.083716,0.009534,872.0,Colombia,COL,COL,20210223
0.115125,0.024759,0.089552,0.027676,134.0,Costa Rica,CRI,CRI,20210223
0.088655,0.021759,0.084848,0.022196,165.0,Croatia,HRV,HRV,20210223
0.176376,0.014938,0.165862,0.015307,621.0,Czech Republic,CZE,CZE,20210223
0.150018,0.022209,0.132479,0.023394,234.0,Denmark,DNK,DNK,20210223
0.124013,0.027353,0.115942,0.028159,138.0,Dominican Republic,DOM,DOM,20210223
0.038796,0.008625,0.040307,0.008468,521.0,Ecuador,ECU,ECU,20210223
0.079002,0.010794,0.080315,0.010713,635.0,Egypt,EGY,EGY,20210223
0.060037,0.01624,0.055276,0.016882,199.0,El Salvador,SLV,SLV,20210223
0.099458,0.00596,0.095649,0.006065,2436.0,France,FRA,FRA,20210223
0.102588,0.006937,0.106038,0.006836,1971.0,Germany,DEU,DEU,20210223
0.061479,0.022305,0.072993,0.020598,137.0,Ghana,GHA,GHA,20210223
0.053193,0.011966,0.057743,0.011512,381.0,Greece,GRC,GRC,20210223
0.099463,0.021266,0.1,0.021216,200.0,Guatemala,GTM,GTM,20210223
0.034771,0.019659,0.04918,0.016655,122.0,Honduras,HND,HND,20210223
0.091149,0.023629,0.068966,0.026839,116.0,Hong Kong,HKG,HKG,20210223
0.125831,0.01165,0.120359,0.011875,781.0,Hungary,HUN,HUN,20210223
0.049446,0.005474,0.05749,0.005099,1809.0,India,IND,IND,20210223
0.083374,0.00875,0.072645,0.009319,881.0,Indonesia,IDN,IDN,20210223
0.119744,0.014735,0.089947,0.016721,378.0,Iraq,IRQ,IRQ,20210223
0.058306,0.018728,0.057692,0.018821,156.0,Ireland,IRL,IRL,20210223
0.07086,0.006583,0.068872,0.00667,1481.0,Italy,ITA,ITA,20210223
0.085022,0.004262,0.093348,0.004086,4660.0,Japan,JPN,JPN,20210223
0.179843,0.026229,0.169903,0.026824,206.0,Jordan,JOR,JOR,20210223
0.096049,0.023498,0.088435,0.024386,147.0,Kazakhstan,KAZ,KAZ,20210223
0.050612,0.014608,0.042105,0.015945,190.0,Kenya,KEN,KEN,20210223
0.056073,0.011224,0.050132,0.011833,379.0,Malaysia,MYS,MYS,20210223
0.066374,0.004821,0.064003,0.004904,2578.0,Mexico,MEX,MEX,20210223
0.096309,0.030303,0.105769,0.029069,104.0,Morocco,MAR,MAR,20210223
0.004553,0.012797,0.018182,0.006448,110.0,Nepal,NPL,NPL,20210223
0.129958,0.013513,0.121368,0.013914,585.0,Netherlands,NLD,NLD,20210223
0.035881,0.009907,0.034884,0.010043,344.0,New Zealand,NZL,NZL,20210223
0.037697,0.021484,0.04902,0.018952,102.0,Nicaragua,NIC,NIC,20210223
0.052348,0.015209,0.066667,0.01358,270.0,Nigeria,NGA,NGA,20210223
0.051092,0.013297,0.054608,0.012885,293.0,Norway,NOR,NOR,20210223
0.060614,0.015773,0.069231,0.014827,260.0,Pakistan,PAK,PAK,20210223
0.024389,0.017168,0.046358,0.012595,151.0,Paraguay,PRY,PRY,20210223
0.072736,0.009294,0.061377,0.010056,668.0,Peru,PER,PER,20210223
0.067252,0.006355,0.039958,0.008126,951.0,Philippines,PHL,PHL,20210223
0.082177,0.010001,0.074928,0.010433,694.0,Poland,POL,POL,20210223
0.079189,0.010939,0.069853,0.011588,544.0,Portugal,PRT,PRT,20210223
0.067749,0.024412,0.088235,0.02163,136.0,"Puerto Rico, U.S.",PRI,PRI,20210223
0.087214,0.012668,0.079121,0.013242,455.0,Romania,ROU,ROU,20210223
0.084203,0.009097,0.083333,0.00914,924.0,Russia,RUS,RUS,20210223
0.069998,0.025808,0.112583,0.020832,151.0,Saudi Arabia,SAU,SAU,20210223
0.075444,0.017315,0.076271,0.017228,236.0,Serbia,SRB,SRB,20210223
0.113204,0.019235,0.105469,0.019841,256.0,Slovakia,SVK,SVK,20210223
0.158603,0.033333,0.133333,0.035821,105.0,Slovenia,SVN,SVN,20210223
0.090602,0.012845,0.088115,0.013007,488.0,South Africa,ZAF,ZAF,20210223
0.077828,0.012953,0.053156,0.015467,301.0,South Korea,KOR,KOR,20210223
0.051141,0.007667,0.052817,0.007551,852.0,Spain,ESP,ESP,20210223
0.099477,0.010816,0.091421,0.011233,711.0,Sweden,SWE,SWE,20210223
0.162017,0.019437,0.155172,0.01978,348.0,Switzerland,CHE,CHE,20210223
0.043765,0.005878,0.047401,0.005659,1308.0,Taiwan,TWN,TWN,20210223
0.048882,0.007323,0.045567,0.007571,812.0,Thailand,THA,THA,20210223
0.063643,0.022957,0.089744,0.019608,156.0,Tunisia,TUN,TUN,20210223
0.112804,0.009819,0.084577,0.011164,804.0,Turkey,TUR,TUR,20210223
0.04234,0.005979,0.04,0.006144,1075.0,Ukraine,UKR,UKR,20210223
0.092194,0.011948,0.07551,0.013083,490.0,United Kingdom,GBR,GBR,20210223
0.079922,0.014507,0.065292,0.015924,291.0,Uruguay,URY,URY,20210223
0.063036,0.011669,0.056266,0.012306,391.0,Venezuela,VEN,VEN,20210223
0.025905,0.004585,0.029797,0.004284,1376.0,Vietnam,VNM,VNM,20210223
