pct_hes_otherpeople,hes_otherpeople_se,pct_hes_otherpeople_unw,hes_otherpeople_se_unw,sample_size,country,iso_code,gid_0,survey_date
0.322293,0.030098,0.319502,0.030168,241.0,Algeria,DZA,DZA,20210206
0.381382,0.01485,0.357006,0.015054,1042.0,Argentina,ARG,ARG,20210206
0.357568,0.019861,0.379599,0.019616,598.0,Australia,AUS,AUS,20210206
0.386294,0.031917,0.366812,0.032246,229.0,Austria,AUT,AUT,20210206
0.330807,0.034169,0.358586,0.033522,198.0,Bangladesh,BGD,BGD,20210206
0.22193,0.0348,0.205882,0.035764,136.0,Belarus,BLR,BLR,20210206
0.423289,0.029797,0.429603,0.02974,277.0,Belgium,BEL,BEL,20210206
0.312058,0.027058,0.330033,0.026662,303.0,Bolivia,BOL,BOL,20210206
0.388569,0.009493,0.38832,0.009494,2637.0,Brazil,BRA,BRA,20210206
0.334535,0.029166,0.306773,0.029841,251.0,Bulgaria,BGR,BGR,20210206
0.46434,0.017853,0.442581,0.017926,775.0,Canada,CAN,CAN,20210206
0.302368,0.021736,0.294785,0.021896,441.0,Chile,CHL,CHL,20210206
0.356446,0.015032,0.342026,0.015176,997.0,Colombia,COL,COL,20210206
0.448162,0.04988,0.465347,0.049731,101.0,Costa Rica,CRI,CRI,20210206
0.363274,0.040883,0.380282,0.040503,142.0,Croatia,HRV,HRV,20210206
0.46638,0.023132,0.465665,0.023134,466.0,Czech Republic,CZE,CZE,20210206
0.567471,0.036752,0.510753,0.036425,186.0,Denmark,DNK,DNK,20210206
0.302423,0.036887,0.305732,0.036774,157.0,Dominican Republic,DOM,DOM,20210206
0.362,0.024102,0.365,0.024059,400.0,Ecuador,ECU,ECU,20210206
0.293485,0.02001,0.307692,0.019742,533.0,Egypt,EGY,EGY,20210206
0.342674,0.035209,0.318182,0.035877,176.0,El Salvador,SLV,SLV,20210206
0.44011,0.010754,0.438498,0.010758,2130.0,France,FRA,FRA,20210206
0.393668,0.011977,0.402861,0.01193,1678.0,Germany,DEU,DEU,20210206
0.234776,0.034133,0.221477,0.034841,149.0,Ghana,GHA,GHA,20210206
0.349096,0.024212,0.362025,0.024015,395.0,Greece,GRC,GRC,20210206
0.484297,0.038133,0.407186,0.038788,167.0,Guatemala,GTM,GTM,20210206
0.324173,0.039831,0.323741,0.039844,139.0,Honduras,HND,HND,20210206
0.290034,0.04216,0.274336,0.042878,113.0,Hong Kong,HKG,HKG,20210206
0.259675,0.018995,0.250958,0.019209,522.0,Hungary,HUN,HUN,20210206
0.427729,0.012943,0.421016,0.01297,1456.0,India,IND,IND,20210206
0.314844,0.015744,0.297393,0.015997,844.0,Indonesia,IDN,IDN,20210206
0.253245,0.027066,0.274725,0.026368,273.0,Iraq,IRQ,IRQ,20210206
0.453961,0.044833,0.430894,0.045076,123.0,Ireland,IRL,IRL,20210206
0.163331,0.030076,0.144928,0.031583,138.0,Israel,ISR,ISR,20210206
0.368718,0.013848,0.382806,0.013745,1233.0,Italy,ITA,ITA,20210206
0.298896,0.006147,0.308169,0.006094,5643.0,Japan,JPN,JPN,20210206
0.248155,0.037398,0.255474,0.037039,137.0,Jordan,JOR,JOR,20210206
0.111958,0.028399,0.103448,0.029403,116.0,Kazakhstan,KAZ,KAZ,20210206
0.200881,0.031571,0.202454,0.031479,163.0,Kenya,KEN,KEN,20210206
0.31558,0.043432,0.313043,0.043527,115.0,Lebanon,LBN,LBN,20210206
0.445865,0.025039,0.458438,0.024978,397.0,Malaysia,MYS,MYS,20210206
0.424194,0.009812,0.432771,0.009787,2551.0,Mexico,MEX,MEX,20210206
0.418846,0.049237,0.4,0.049586,100.0,Morocco,MAR,MAR,20210206
0.409453,0.045595,0.377193,0.046258,114.0,Nepal,NPL,NPL,20210206
0.403199,0.023158,0.391011,0.02328,445.0,Netherlands,NLD,NLD,20210206
0.462488,0.033201,0.444444,0.033314,225.0,New Zealand,NZL,NZL,20210206
0.209378,0.024718,0.215827,0.024446,278.0,Nigeria,NGA,NGA,20210206
0.521409,0.031391,0.448413,0.031531,252.0,Norway,NOR,NOR,20210206
0.265071,0.034357,0.34715,0.031853,193.0,Pakistan,PAK,PAK,20210206
0.299985,0.043476,0.341667,0.042008,120.0,Paraguay,PRY,PRY,20210206
0.262325,0.017111,0.271787,0.016919,677.0,Peru,PER,PER,20210206
0.247945,0.016073,0.285714,0.015363,791.0,Philippines,PHL,PHL,20210206
0.362109,0.021447,0.361829,0.021451,503.0,Poland,POL,POL,20210206
0.568304,0.020189,0.607509,0.020479,586.0,Portugal,PRT,PRT,20210206
0.358775,0.042942,0.336066,0.043604,122.0,"Puerto Rico, U.S.",PRI,PRI,20210206
0.304192,0.022729,0.31829,0.022449,421.0,Romania,ROU,ROU,20210206
0.157863,0.012199,0.140394,0.012803,812.0,Russia,RUS,RUS,20210206
0.286096,0.033916,0.31016,0.033137,187.0,Saudi Arabia,SAU,SAU,20210206
0.308607,0.029702,0.271111,0.030863,225.0,Serbia,SRB,SRB,20210206
0.330477,0.033275,0.355769,0.032694,208.0,Slovakia,SVK,SVK,20210206
0.562187,0.05,0.55,0.049862,100.0,Slovenia,SVN,SVN,20210206
0.303223,0.023527,0.306494,0.023456,385.0,South Africa,ZAF,ZAF,20210206
0.351922,0.025844,0.364943,0.025637,348.0,South Korea,KOR,KOR,20210206
0.49905,0.016081,0.513961,0.016087,967.0,Spain,ESP,ESP,20210206
0.479185,0.019996,0.454106,0.020063,621.0,Sweden,SWE,SWE,20210206
0.530747,0.027819,0.506173,0.027768,324.0,Switzerland,CHE,CHE,20210206
0.490811,0.014275,0.512632,0.014277,1227.0,Taiwan,TWN,TWN,20210206
0.466319,0.017244,0.43599,0.017347,828.0,Thailand,THA,THA,20210206
0.247398,0.033753,0.304813,0.031639,187.0,Tunisia,TUN,TUN,20210206
0.270399,0.015978,0.289082,0.015655,806.0,Turkey,TUR,TUR,20210206
0.188277,0.012443,0.172973,0.012861,925.0,Ukraine,UKR,UKR,20210206
0.459807,0.021654,0.476548,0.021608,533.0,United Kingdom,GBR,GBR,20210206
0.250591,0.027824,0.272374,0.027085,257.0,Uruguay,URY,URY,20210206
0.285236,0.023554,0.269663,0.023965,356.0,Venezuela,VEN,VEN,20210206
0.473739,0.013259,0.462191,0.013278,1415.0,Vietnam,VNM,VNM,20210206
0.306808,0.030583,0.340249,0.029768,241.0,Algeria,DZA,DZA,20210207
0.405346,0.014609,0.377495,0.014796,1102.0,Argentina,ARG,ARG,20210207
0.348976,0.019636,0.360601,0.019492,599.0,Australia,AUS,AUS,20210207
0.325341,0.028319,0.350877,0.0278,285.0,Austria,AUT,AUT,20210207
0.359459,0.029276,0.2875,0.031038,240.0,Bangladesh,BGD,BGD,20210207
0.130725,0.023972,0.110465,0.025779,172.0,Belarus,BLR,BLR,20210207
0.43808,0.028579,0.442244,0.02855,303.0,Belgium,BEL,BEL,20210207
0.288595,0.028109,0.3213,0.027274,277.0,Bolivia,BOL,BOL,20210207
0.377661,0.009604,0.388199,0.009554,2576.0,Brazil,BRA,BRA,20210207
0.297257,0.0264,0.294314,0.026476,299.0,Bulgaria,BGR,BGR,20210207
0.453675,0.016676,0.447191,0.016697,890.0,Canada,CAN,CAN,20210207
0.352706,0.022502,0.344519,0.022625,447.0,Chile,CHL,CHL,20210207
0.321094,0.015151,0.336074,0.014976,973.0,Colombia,COL,COL,20210207
0.320319,0.037503,0.333333,0.037121,159.0,Croatia,HRV,HRV,20210207
0.448795,0.023346,0.461707,0.023292,457.0,Czech Republic,CZE,CZE,20210207
0.461718,0.035081,0.437811,0.035252,201.0,Denmark,DNK,DNK,20210207
0.293953,0.036887,0.305732,0.036475,157.0,Dominican Republic,DOM,DOM,20210207
0.403204,0.024947,0.418367,0.024808,392.0,Ecuador,ECU,ECU,20210207
0.247989,0.020519,0.286008,0.019609,486.0,Egypt,EGY,EGY,20210207
0.281796,0.032095,0.267016,0.032637,191.0,El Salvador,SLV,SLV,20210207
0.435663,0.010341,0.446367,0.010314,2312.0,France,FRA,FRA,20210207
0.414411,0.011909,0.428819,0.011854,1728.0,Germany,DEU,DEU,20210207
0.13748,0.033677,0.194245,0.029313,139.0,Ghana,GHA,GHA,20210207
0.335854,0.024048,0.374384,0.023468,406.0,Greece,GRC,GRC,20210207
0.375998,0.040703,0.393103,0.040365,145.0,Guatemala,GTM,GTM,20210207
0.297344,0.035837,0.283019,0.036364,159.0,Honduras,HND,HND,20210207
0.337046,0.044046,0.324561,0.044468,114.0,Hong Kong,HKG,HKG,20210207
0.291421,0.018135,0.277049,0.018414,610.0,Hungary,HUN,HUN,20210207
0.418156,0.013322,0.410989,0.013356,1365.0,India,IND,IND,20210207
0.32365,0.016337,0.319018,0.016399,815.0,Indonesia,IDN,IDN,20210207
0.341136,0.029413,0.283898,0.030926,236.0,Iraq,IRQ,IRQ,20210207
0.509633,0.043504,0.454545,0.043677,132.0,Ireland,IRL,IRL,20210207
0.236128,0.034518,0.195489,0.036966,133.0,Israel,ISR,ISR,20210207
0.37157,0.013287,0.384042,0.013201,1341.0,Italy,ITA,ITA,20210207
0.282916,0.006538,0.320714,0.006309,5098.0,Japan,JPN,JPN,20210207
0.422858,0.040324,0.387755,0.040885,147.0,Jordan,JOR,JOR,20210207
0.199915,0.031732,0.121495,0.038845,107.0,Kazakhstan,KAZ,KAZ,20210207
0.214131,0.032911,0.226994,0.03223,163.0,Kenya,KEN,KEN,20210207
0.273537,0.043727,0.315789,0.041935,114.0,Lebanon,LBN,LBN,20210207
0.396681,0.025062,0.387863,0.025162,379.0,Malaysia,MYS,MYS,20210207
0.422754,0.010015,0.424703,0.010009,2437.0,Mexico,MEX,MEX,20210207
0.434436,0.046747,0.364486,0.048145,107.0,Nepal,NPL,NPL,20210207
0.386412,0.023795,0.389549,0.02376,421.0,Netherlands,NLD,NLD,20210207
0.468733,0.030646,0.437262,0.03083,263.0,New Zealand,NZL,NZL,20210207
0.19615,0.024809,0.229167,0.023439,288.0,Nigeria,NGA,NGA,20210207
0.542622,0.029779,0.471631,0.029719,282.0,Norway,NOR,NOR,20210207
0.310262,0.031315,0.375,0.029923,240.0,Pakistan,PAK,PAK,20210207
0.30928,0.041903,0.341085,0.040853,129.0,Paraguay,PRY,PRY,20210207
0.24465,0.017126,0.269345,0.016595,672.0,Peru,PER,PER,20210207
0.275296,0.016319,0.310559,0.015753,805.0,Philippines,PHL,PHL,20210207
0.329932,0.019165,0.334432,0.0191,607.0,Poland,POL,POL,20210207
0.663016,0.018876,0.654088,0.018758,636.0,Portugal,PRT,PRT,20210207
0.266788,0.038469,0.282609,0.037787,138.0,"Puerto Rico, U.S.",PRI,PRI,20210207
0.309331,0.02338,0.313924,0.023286,395.0,Romania,ROU,ROU,20210207
0.158502,0.012286,0.148148,0.012631,837.0,Russia,RUS,RUS,20210207
0.296764,0.039411,0.323944,0.038472,142.0,Saudi Arabia,SAU,SAU,20210207
0.29731,0.033949,0.31746,0.033336,189.0,Serbia,SRB,SRB,20210207
0.326341,0.032217,0.371681,0.031258,226.0,Slovakia,SVK,SVK,20210207
0.282346,0.022084,0.299304,0.021708,431.0,South Africa,ZAF,ZAF,20210207
0.311479,0.027528,0.321799,0.027288,289.0,South Korea,KOR,KOR,20210207
0.473935,0.015579,0.504365,0.015558,1031.0,Spain,ESP,ESP,20210207
0.515047,0.018758,0.456091,0.018823,706.0,Sweden,SWE,SWE,20210207
0.502622,0.027819,0.493827,0.02782,324.0,Switzerland,CHE,CHE,20210207
0.482645,0.014518,0.506318,0.01451,1187.0,Taiwan,TWN,TWN,20210207
0.475614,0.017862,0.485969,0.017847,784.0,Thailand,THA,THA,20210207
0.296045,0.030572,0.345679,0.029346,243.0,Tunisia,TUN,TUN,20210207
0.290772,0.016495,0.30916,0.016208,786.0,Turkey,TUR,TUR,20210207
0.21695,0.013408,0.220481,0.01333,957.0,Ukraine,UKR,UKR,20210207
0.489181,0.020743,0.501718,0.020739,582.0,United Kingdom,GBR,GBR,20210207
0.332206,0.0293,0.300813,0.030091,246.0,Uruguay,URY,URY,20210207
0.301847,0.024371,0.279412,0.024933,340.0,Venezuela,VEN,VEN,20210207
0.442399,0.013603,0.463941,0.013548,1345.0,Vietnam,VNM,VNM,20210207
0.293835,0.030899,0.304933,0.030572,223.0,Algeria,DZA,DZA,20210208
0.383735,0.013865,0.376432,0.013917,1222.0,Argentina,ARG,ARG,20210208
0.394856,0.020634,0.402827,0.020565,566.0,Australia,AUS,AUS,20210208
0.391784,0.030474,0.418251,0.030158,263.0,Austria,AUT,AUT,20210208
0.442448,0.032116,0.370044,0.033038,227.0,Bangladesh,BGD,BGD,20210208
0.147918,0.028204,0.12766,0.030005,141.0,Belarus,BLR,BLR,20210208
0.38705,0.028585,0.405405,0.028359,296.0,Belgium,BEL,BEL,20210208
0.367795,0.027486,0.357377,0.027656,305.0,Bolivia,BOL,BOL,20210208
0.397097,0.009358,0.402039,0.009339,2746.0,Brazil,BRA,BRA,20210208
0.320164,0.027826,0.333333,0.027539,288.0,Bulgaria,BGR,BGR,20210208
0.452611,0.017801,0.446863,0.017822,781.0,Canada,CAN,CAN,20210208
0.305197,0.022059,0.325221,0.021684,452.0,Chile,CHL,CHL,20210208
0.333001,0.014735,0.333659,0.014728,1025.0,Colombia,COL,COL,20210208
0.390849,0.047838,0.390476,0.047847,105.0,Costa Rica,CRI,CRI,20210208
0.350415,0.040381,0.383562,0.039621,146.0,Croatia,HRV,HRV,20210208
0.484442,0.023761,0.478555,0.023771,443.0,Czech Republic,CZE,CZE,20210208
0.391886,0.033526,0.356098,0.034179,205.0,Denmark,DNK,DNK,20210208
0.266817,0.036849,0.284768,0.036113,151.0,Dominican Republic,DOM,DOM,20210208
0.415339,0.023768,0.397647,0.023932,425.0,Ecuador,ECU,ECU,20210208
0.24038,0.020683,0.304435,0.019206,496.0,Egypt,EGY,EGY,20210208
0.338715,0.034228,0.320856,0.034702,187.0,El Salvador,SLV,SLV,20210208
0.446244,0.010655,0.461644,0.010625,2190.0,France,FRA,FRA,20210208
0.415176,0.012243,0.429707,0.012186,1636.0,Germany,DEU,DEU,20210208
0.199032,0.030787,0.203488,0.030533,172.0,Ghana,GHA,GHA,20210208
0.346929,0.024654,0.397468,0.02398,395.0,Greece,GRC,GRC,20210208
0.475464,0.041626,0.395683,0.042512,139.0,Guatemala,GTM,GTM,20210208
0.336961,0.037314,0.322785,0.037723,158.0,Honduras,HND,HND,20210208
0.2588,0.017938,0.252129,0.018093,587.0,Hungary,HUN,HUN,20210208
0.387902,0.01365,0.403712,0.013556,1293.0,India,IND,IND,20210208
0.319456,0.016098,0.314526,0.016165,833.0,Indonesia,IDN,IDN,20210208
0.250367,0.028605,0.286853,0.0274,251.0,Iraq,IRQ,IRQ,20210208
0.413004,0.040456,0.35,0.041763,140.0,Ireland,IRL,IRL,20210208
0.24506,0.040191,0.222222,0.041582,108.0,Israel,ISR,ISR,20210208
0.358757,0.013271,0.389341,0.013054,1351.0,Italy,ITA,ITA,20210208
0.303699,0.006752,0.314298,0.006688,4728.0,Japan,JPN,JPN,20210208
0.278632,0.037172,0.253623,0.038303,138.0,Jordan,JOR,JOR,20210208
0.208469,0.036645,0.18018,0.038731,111.0,Kazakhstan,KAZ,KAZ,20210208
0.30955,0.036751,0.258741,0.038796,143.0,Kenya,KEN,KEN,20210208
0.439629,0.025394,0.399464,0.025734,373.0,Malaysia,MYS,MYS,20210208
0.416426,0.009802,0.435547,0.009745,2560.0,Mexico,MEX,MEX,20210208
0.367344,0.046017,0.369369,0.045965,111.0,Morocco,MAR,MAR,20210208
0.360378,0.044905,0.381356,0.044386,118.0,Nepal,NPL,NPL,20210208
0.421306,0.02226,0.396694,0.022467,484.0,Netherlands,NLD,NLD,20210208
0.447985,0.031876,0.46748,0.031771,246.0,New Zealand,NZL,NZL,20210208
0.194184,0.027185,0.246032,0.024968,252.0,Nigeria,NGA,NGA,20210208
0.510769,0.030315,0.494505,0.03031,273.0,Norway,NOR,NOR,20210208
0.437987,0.033262,0.453333,0.03315,225.0,Pakistan,PAK,PAK,20210208
0.229765,0.038095,0.238095,0.037627,126.0,Paraguay,PRY,PRY,20210208
0.290433,0.017867,0.278922,0.018086,631.0,Peru,PER,PER,20210208
0.297455,0.01676,0.338346,0.016193,798.0,Philippines,PHL,PHL,20210208
0.340236,0.020827,0.364486,0.020503,535.0,Poland,POL,POL,20210208
0.634247,0.019777,0.653448,0.020016,580.0,Portugal,PRT,PRT,20210208
0.394343,0.038347,0.308219,0.040585,146.0,"Puerto Rico, U.S.",PRI,PRI,20210208
0.369183,0.025802,0.380282,0.025649,355.0,Romania,ROU,ROU,20210208
0.192141,0.013262,0.15457,0.014454,744.0,Russia,RUS,RUS,20210208
0.258377,0.03647,0.341176,0.033672,170.0,Saudi Arabia,SAU,SAU,20210208
0.323025,0.033969,0.324607,0.033926,191.0,Serbia,SRB,SRB,20210208
0.399157,0.0343,0.4,0.034288,205.0,Slovakia,SVK,SVK,20210208
0.358666,0.046314,0.372727,0.045938,110.0,Slovenia,SVN,SVN,20210208
0.274135,0.020775,0.279915,0.020642,468.0,South Africa,ZAF,ZAF,20210208
0.368741,0.028695,0.369718,0.028679,284.0,South Korea,KOR,KOR,20210208
0.486495,0.016354,0.514439,0.016355,935.0,Spain,ESP,ESP,20210208
0.508728,0.020062,0.491961,0.020061,622.0,Sweden,SWE,SWE,20210208
0.524514,0.027968,0.478125,0.027961,320.0,Switzerland,CHE,CHE,20210208
0.506159,0.015163,0.541166,0.015213,1081.0,Taiwan,TWN,TWN,20210208
0.48315,0.018791,0.467422,0.01882,706.0,Thailand,THA,THA,20210208
0.314586,0.031374,0.31982,0.031236,222.0,Tunisia,TUN,TUN,20210208
0.280862,0.017416,0.308239,0.01695,704.0,Turkey,TUR,TUR,20210208
0.19109,0.013126,0.196953,0.012976,919.0,Ukraine,UKR,UKR,20210208
0.395241,0.021014,0.440072,0.020697,559.0,United Kingdom,GBR,GBR,20210208
0.2806,0.027046,0.278986,0.027093,276.0,Uruguay,URY,URY,20210208
0.341459,0.024335,0.300562,0.025168,356.0,Venezuela,VEN,VEN,20210208
0.492653,0.012498,0.470551,0.012518,1596.0,Vietnam,VNM,VNM,20210208
0.375597,0.030875,0.341772,0.031524,237.0,Algeria,DZA,DZA,20210209
0.375052,0.014091,0.352174,0.014283,1150.0,Argentina,ARG,ARG,20210209
0.488259,0.019846,0.386401,0.020373,603.0,Australia,AUS,AUS,20210209
0.382533,0.031022,0.393574,0.030861,249.0,Austria,AUT,AUT,20210209
0.281153,0.035839,0.32948,0.034279,173.0,Bangladesh,BGD,BGD,20210209
0.131265,0.031966,0.141667,0.030956,120.0,Belarus,BLR,BLR,20210209
0.384838,0.02954,0.404332,0.029287,277.0,Belgium,BEL,BEL,20210209
0.332729,0.027466,0.338926,0.027341,298.0,Bolivia,BOL,BOL,20210209
0.395669,0.009482,0.389645,0.009508,2646.0,Brazil,BRA,BRA,20210209
0.278808,0.031242,0.312217,0.030232,221.0,Bulgaria,BGR,BGR,20210209
0.419641,0.01755,0.4375,0.017459,800.0,Canada,CAN,CAN,20210209
0.333306,0.022941,0.323741,0.023112,417.0,Chile,CHL,CHL,20210209
0.352657,0.01496,0.366089,0.014837,1038.0,Colombia,COL,COL,20210209
0.410722,0.044164,0.390244,0.04454,123.0,Costa Rica,CRI,CRI,20210209
0.348646,0.040324,0.387755,0.039439,147.0,Croatia,HRV,HRV,20210209
0.43021,0.023976,0.44186,0.023904,430.0,Czech Republic,CZE,CZE,20210209
0.455972,0.037028,0.40678,0.037543,177.0,Denmark,DNK,DNK,20210209
0.239979,0.035238,0.25,0.034754,152.0,Dominican Republic,DOM,DOM,20210209
0.386305,0.022178,0.416162,0.021907,495.0,Ecuador,ECU,ECU,20210209
0.24338,0.020783,0.299795,0.019465,487.0,Egypt,EGY,EGY,20210209
0.293158,0.034306,0.307692,0.033836,182.0,El Salvador,SLV,SLV,20210209
0.469714,0.010832,0.46607,0.010837,2122.0,France,FRA,FRA,20210209
0.428647,0.01243,0.429742,0.012427,1587.0,Germany,DEU,DEU,20210209
0.214359,0.035656,0.224638,0.035061,138.0,Ghana,GHA,GHA,20210209
0.397558,0.025225,0.399471,0.025205,378.0,Greece,GRC,GRC,20210209
0.385261,0.036696,0.440217,0.035975,184.0,Guatemala,GTM,GTM,20210209
0.445738,0.03842,0.388889,0.039173,162.0,Honduras,HND,HND,20210209
0.267372,0.042573,0.283186,0.041821,113.0,Hong Kong,HKG,HKG,20210209
0.284319,0.019075,0.275046,0.01927,549.0,Hungary,HUN,HUN,20210209
0.414056,0.013196,0.400725,0.013264,1380.0,India,IND,IND,20210209
0.338281,0.016477,0.32342,0.016665,807.0,Indonesia,IDN,IDN,20210209
0.252387,0.027561,0.269231,0.026991,260.0,Iraq,IRQ,IRQ,20210209
0.28118,0.037649,0.292517,0.037207,147.0,Ireland,IRL,IRL,20210209
0.234866,0.034783,0.165217,0.039703,115.0,Israel,ISR,ISR,20210209
0.355864,0.013523,0.360032,0.013488,1261.0,Italy,ITA,ITA,20210209
0.285533,0.006927,0.312109,0.006752,4476.0,Japan,JPN,JPN,20210209
0.221398,0.033177,0.247059,0.031938,170.0,Jordan,JOR,JOR,20210209
0.225449,0.038261,0.194444,0.040398,108.0,Kazakhstan,KAZ,KAZ,20210209
0.187474,0.032801,0.207792,0.031553,154.0,Kenya,KEN,KEN,20210209
0.377381,0.024974,0.370667,0.025065,375.0,Malaysia,MYS,MYS,20210209
0.424072,0.009645,0.424439,0.009644,2627.0,Mexico,MEX,MEX,20210209
0.420485,0.046573,0.415929,0.046644,113.0,Nepal,NPL,NPL,20210209
0.414701,0.021929,0.42126,0.02188,508.0,Netherlands,NLD,NLD,20210209
0.473206,0.033262,0.453333,0.03336,225.0,New Zealand,NZL,NZL,20210209
0.28829,0.044185,0.278846,0.044632,104.0,Nicaragua,NIC,NIC,20210209
0.206087,0.02514,0.249158,0.023511,297.0,Nigeria,NGA,NGA,20210209
0.47528,0.029296,0.426573,0.029581,286.0,Norway,NOR,NOR,20210209
0.333809,0.033528,0.386792,0.032464,212.0,Pakistan,PAK,PAK,20210209
0.372838,0.045316,0.373913,0.04529,115.0,Paraguay,PRY,PRY,20210209
0.289245,0.018046,0.295313,0.017937,640.0,Peru,PER,PER,20210209
0.292617,0.01669,0.321429,0.016259,784.0,Philippines,PHL,PHL,20210209
0.315524,0.020643,0.344633,0.020186,531.0,Poland,POL,POL,20210209
0.614959,0.01997,0.630769,0.020136,585.0,Portugal,PRT,PRT,20210209
0.247511,0.045224,0.317757,0.041917,107.0,"Puerto Rico, U.S.",PRI,PRI,20210209
0.308928,0.022548,0.327189,0.022205,434.0,Romania,ROU,ROU,20210209
0.16606,0.012611,0.144872,0.013333,780.0,Russia,RUS,RUS,20210209
0.349416,0.041696,0.391304,0.040735,138.0,Saudi Arabia,SAU,SAU,20210209
0.279149,0.031764,0.294686,0.031254,207.0,Serbia,SRB,SRB,20210209
0.340172,0.034382,0.394089,0.033334,203.0,Slovakia,SVK,SVK,20210209
0.48768,0.048786,0.490566,0.04878,106.0,Slovenia,SVN,SVN,20210209
0.282646,0.021677,0.290909,0.021491,440.0,South Africa,ZAF,ZAF,20210209
0.352571,0.028343,0.324818,0.028916,274.0,South Korea,KOR,KOR,20210209
0.46624,0.016721,0.492737,0.016684,895.0,Spain,ESP,ESP,20210209
0.470668,0.01968,0.453978,0.01973,641.0,Sweden,SWE,SWE,20210209
0.527161,0.029286,0.520548,0.029267,292.0,Switzerland,CHE,CHE,20210209
0.463669,0.01488,0.493805,0.014841,1130.0,Taiwan,TWN,TWN,20210209
0.493815,0.018178,0.465517,0.01822,754.0,Thailand,THA,THA,20210209
0.294588,0.032149,0.330233,0.031162,215.0,Tunisia,TUN,TUN,20210209
0.284148,0.017588,0.261981,0.01804,626.0,Turkey,TUR,TUR,20210209
0.187538,0.01325,0.187572,0.013249,869.0,Ukraine,UKR,UKR,20210209
0.441386,0.021559,0.479554,0.021428,538.0,United Kingdom,GBR,GBR,20210209
0.281573,0.027294,0.251969,0.028277,254.0,Uruguay,URY,URY,20210209
0.283978,0.02422,0.284483,0.024207,348.0,Venezuela,VEN,VEN,20210209
0.49878,0.013269,0.435218,0.013382,1397.0,Vietnam,VNM,VNM,20210209
0.208256,0.02912,0.243119,0.027565,218.0,Algeria,DZA,DZA,20210210
0.407841,0.014728,0.382569,0.014892,1090.0,Argentina,ARG,ARG,20210210
0.41517,0.021052,0.418182,0.02103,550.0,Australia,AUS,AUS,20210210
0.401244,0.030737,0.38247,0.031,251.0,Austria,AUT,AUT,20210210
0.343183,0.033832,0.343434,0.033826,198.0,Bangladesh,BGD,BGD,20210210
0.16714,0.031738,0.157895,0.032474,133.0,Belarus,BLR,BLR,20210210
0.351027,0.028839,0.37234,0.028473,282.0,Belgium,BEL,BEL,20210210
0.3462,0.027317,0.390625,0.026637,320.0,Bolivia,BOL,BOL,20210210
0.372377,0.009826,0.380679,0.009783,2443.0,Brazil,BRA,BRA,20210210
0.273334,0.026995,0.280576,0.026778,278.0,Bulgaria,BGR,BGR,20210210
0.425348,0.017422,0.433333,0.017382,810.0,Canada,CAN,CAN,20210210
0.343604,0.023264,0.318408,0.023716,402.0,Chile,CHL,CHL,20210210
0.341664,0.015408,0.358763,0.015236,970.0,Colombia,COL,COL,20210210
0.349272,0.046708,0.424779,0.045048,113.0,Costa Rica,CRI,CRI,20210210
0.440446,0.039849,0.452229,0.039747,157.0,Croatia,HRV,HRV,20210210
0.468163,0.023112,0.498934,0.023066,469.0,Czech Republic,CZE,CZE,20210210
0.453815,0.034728,0.4,0.035293,200.0,Denmark,DNK,DNK,20210210
0.336837,0.035056,0.316384,0.035626,177.0,Dominican Republic,DOM,DOM,20210210
0.385116,0.023895,0.39905,0.023745,421.0,Ecuador,ECU,ECU,20210210
0.249246,0.019642,0.270955,0.019117,513.0,Egypt,EGY,EGY,20210210
0.346124,0.035452,0.37766,0.034789,188.0,El Salvador,SLV,SLV,20210210
0.43553,0.010845,0.446242,0.010817,2102.0,France,FRA,FRA,20210210
0.399269,0.012266,0.421702,0.012164,1622.0,Germany,DEU,DEU,20210210
0.184769,0.031914,0.204969,0.030683,161.0,Ghana,GHA,GHA,20210210
0.343546,0.024772,0.340599,0.024823,367.0,Greece,GRC,GRC,20210210
0.236039,0.035466,0.290909,0.033159,165.0,Guatemala,GTM,GTM,20210210
0.310384,0.03603,0.256757,0.038159,148.0,Honduras,HND,HND,20210210
0.347056,0.044634,0.324324,0.045388,111.0,Hong Kong,HKG,HKG,20210210
0.233612,0.017334,0.229202,0.01745,589.0,Hungary,HUN,HUN,20210210
0.341098,0.013391,0.408012,0.012917,1348.0,India,IND,IND,20210210
0.326696,0.016333,0.331731,0.01627,832.0,Indonesia,IDN,IDN,20210210
0.214543,0.02947,0.273913,0.027127,230.0,Iraq,IRQ,IRQ,20210210
0.371436,0.046161,0.383929,0.045862,112.0,Ireland,IRL,IRL,20210210
0.13718,0.030649,0.11215,0.033416,107.0,Israel,ISR,ISR,20210210
0.335719,0.01335,0.356366,0.013164,1288.0,Italy,ITA,ITA,20210210
0.319018,0.006686,0.322976,0.006665,4892.0,Japan,JPN,JPN,20210210
0.241737,0.034985,0.259494,0.034169,158.0,Jordan,JOR,JOR,20210210
0.240128,0.037118,0.17757,0.04149,107.0,Kazakhstan,KAZ,KAZ,20210210
0.201972,0.029394,0.180233,0.030701,172.0,Kenya,KEN,KEN,20210210
0.336659,0.04818,0.366337,0.047257,101.0,Lebanon,LBN,LBN,20210210
0.410298,0.025575,0.426667,0.025435,375.0,Malaysia,MYS,MYS,20210210
0.413215,0.009592,0.424322,0.009556,2656.0,Mexico,MEX,MEX,20210210
0.371942,0.044518,0.452381,0.04323,126.0,Nepal,NPL,NPL,20210210
0.403796,0.022219,0.392562,0.022326,484.0,Netherlands,NLD,NLD,20210210
0.460542,0.032999,0.458515,0.03301,229.0,New Zealand,NZL,NZL,20210210
0.205974,0.02588,0.240876,0.024476,274.0,Nigeria,NGA,NGA,20210210
0.401862,0.028619,0.388316,0.02879,291.0,Norway,NOR,NOR,20210210
0.339702,0.034373,0.368687,0.033743,198.0,Pakistan,PAK,PAK,20210210
0.312078,0.042668,0.376923,0.040795,130.0,Paraguay,PRY,PRY,20210210
0.330611,0.01926,0.337748,0.019158,604.0,Peru,PER,PER,20210210
0.320229,0.016514,0.317839,0.016547,796.0,Philippines,PHL,PHL,20210210
0.353185,0.021251,0.361328,0.021144,512.0,Poland,POL,POL,20210210
0.597428,0.020092,0.650709,0.020669,564.0,Portugal,PRT,PRT,20210210
0.367625,0.042611,0.310924,0.044386,119.0,"Puerto Rico, U.S.",PRI,PRI,20210210
0.322124,0.024772,0.340599,0.024426,367.0,Romania,ROU,ROU,20210210
0.128568,0.012698,0.145266,0.012063,771.0,Russia,RUS,RUS,20210210
0.261849,0.036638,0.339286,0.03402,168.0,Saudi Arabia,SAU,SAU,20210210
0.309272,0.035088,0.298246,0.035449,171.0,Serbia,SRB,SRB,20210210
0.294935,0.035651,0.315789,0.034975,171.0,Slovakia,SVK,SVK,20210210
0.285513,0.022423,0.292978,0.022252,413.0,South Africa,ZAF,ZAF,20210210
0.262328,0.026447,0.301325,0.025355,302.0,South Korea,KOR,KOR,20210210
0.479159,0.01678,0.484234,0.016774,888.0,Spain,ESP,ESP,20210210
0.497198,0.020238,0.431667,0.020429,600.0,Sweden,SWE,SWE,20210210
0.518087,0.027905,0.493789,0.027889,322.0,Switzerland,CHE,CHE,20210210
0.470352,0.014854,0.505291,0.014828,1134.0,Taiwan,TWN,TWN,20210210
0.470648,0.018997,0.443796,0.019085,685.0,Thailand,THA,THA,20210210
0.344601,0.034187,0.35533,0.033946,197.0,Tunisia,TUN,TUN,20210210
0.302063,0.018402,0.326154,0.018023,650.0,Turkey,TUR,TUR,20210210
0.192769,0.012678,0.183957,0.012908,935.0,Ukraine,UKR,UKR,20210210
0.495446,0.02265,0.512295,0.022656,488.0,United Kingdom,GBR,GBR,20210210
0.320777,0.02952,0.308943,0.029821,246.0,Uruguay,URY,URY,20210210
0.297768,0.023766,0.300268,0.023709,373.0,Venezuela,VEN,VEN,20210210
0.468986,0.013937,0.471963,0.013932,1284.0,Vietnam,VNM,VNM,20210210
0.230426,0.032105,0.295567,0.029629,203.0,Algeria,DZA,DZA,20210211
0.394916,0.015386,0.386839,0.015443,1003.0,Argentina,ARG,ARG,20210211
0.402162,0.021357,0.397338,0.0214,526.0,Australia,AUS,AUS,20210211
0.376085,0.030568,0.379447,0.030514,253.0,Austria,AUT,AUT,20210211
0.23301,0.036642,0.335329,0.032812,167.0,Bangladesh,BGD,BGD,20210211
0.1066,0.028754,0.113821,0.02794,123.0,Belarus,BLR,BLR,20210211
0.351176,0.028888,0.345588,0.028996,272.0,Belgium,BEL,BEL,20210211
0.340365,0.028573,0.34296,0.028521,277.0,Bolivia,BOL,BOL,20210211
0.376431,0.009811,0.384553,0.00977,2460.0,Brazil,BRA,BRA,20210211
0.285685,0.028679,0.295276,0.028401,254.0,Bulgaria,BGR,BGR,20210211
0.436649,0.018035,0.461438,0.017944,765.0,Canada,CAN,CAN,20210211
0.396007,0.026692,0.354037,0.027297,322.0,Chile,CHL,CHL,20210211
0.37097,0.016233,0.385556,0.016111,900.0,Colombia,COL,COL,20210211
0.392512,0.045171,0.384615,0.045338,117.0,Costa Rica,CRI,CRI,20210211
0.453754,0.040337,0.467532,0.040249,154.0,Croatia,HRV,HRV,20210211
0.418324,0.022535,0.443532,0.022376,487.0,Czech Republic,CZE,CZE,20210211
0.509695,0.037165,0.5,0.037158,182.0,Denmark,DNK,DNK,20210211
0.268354,0.035996,0.331395,0.033885,172.0,Dominican Republic,DOM,DOM,20210211
0.358919,0.02446,0.390977,0.024044,399.0,Ecuador,ECU,ECU,20210211
0.220136,0.020762,0.278373,0.019194,467.0,Egypt,EGY,EGY,20210211
0.424602,0.036299,0.38674,0.036842,181.0,El Salvador,SLV,SLV,20210211
0.421066,0.011169,0.43769,0.011115,1974.0,France,FRA,FRA,20210211
0.413895,0.012707,0.43364,0.012629,1522.0,Germany,DEU,DEU,20210211
0.188301,0.03594,0.218045,0.034028,133.0,Ghana,GHA,GHA,20210211
0.382754,0.027531,0.390476,0.02743,315.0,Greece,GRC,GRC,20210211
0.347829,0.038262,0.36875,0.037772,160.0,Guatemala,GTM,GTM,20210211
0.291396,0.040056,0.330935,0.038682,139.0,Honduras,HND,HND,20210211
0.269379,0.019106,0.267658,0.019144,538.0,Hungary,HUN,HUN,20210211
0.370976,0.012995,0.38489,0.012901,1403.0,India,IND,IND,20210211
0.299637,0.016581,0.312899,0.016382,783.0,Indonesia,IDN,IDN,20210211
0.265473,0.029062,0.340824,0.027075,267.0,Iraq,IRQ,IRQ,20210211
0.365369,0.04722,0.383178,0.046771,107.0,Ireland,IRL,IRL,20210211
0.325116,0.013962,0.344828,0.013759,1160.0,Italy,ITA,ITA,20210211
0.313042,0.006926,0.327233,0.006846,4590.0,Japan,JPN,JPN,20210211
0.186002,0.0354,0.22695,0.032886,141.0,Jordan,JOR,JOR,20210211
0.1411,0.034015,0.141509,0.033973,106.0,Kazakhstan,KAZ,KAZ,20210211
0.182726,0.033465,0.192857,0.032778,140.0,Kenya,KEN,KEN,20210211
0.438722,0.026401,0.449438,0.026337,356.0,Malaysia,MYS,MYS,20210211
0.449615,0.009962,0.448055,0.009965,2493.0,Mexico,MEX,MEX,20210211
0.273875,0.043364,0.254902,0.044373,102.0,Morocco,MAR,MAR,20210211
0.393947,0.023664,0.382979,0.023786,423.0,Netherlands,NLD,NLD,20210211
0.361823,0.034398,0.365482,0.034323,197.0,New Zealand,NZL,NZL,20210211
0.187589,0.025868,0.223077,0.024257,260.0,Nigeria,NGA,NGA,20210211
0.608372,0.032119,0.518519,0.031377,243.0,Norway,NOR,NOR,20210211
0.468349,0.033449,0.402778,0.034031,216.0,Pakistan,PAK,PAK,20210211
0.309307,0.039043,0.25,0.041676,124.0,Paraguay,PRY,PRY,20210211
0.307748,0.019144,0.315254,0.019018,590.0,Peru,PER,PER,20210211
0.303977,0.016643,0.321066,0.016396,788.0,Philippines,PHL,PHL,20210211
0.357179,0.021461,0.366337,0.021344,505.0,Poland,POL,POL,20210211
0.658591,0.019969,0.675136,0.020219,551.0,Portugal,PRT,PRT,20210211
0.311753,0.023421,0.312977,0.023396,393.0,Romania,ROU,ROU,20210211
0.148372,0.012563,0.129032,0.013322,713.0,Russia,RUS,RUS,20210211
0.298779,0.034606,0.271084,0.035634,166.0,Saudi Arabia,SAU,SAU,20210211
0.282821,0.03424,0.274854,0.034542,171.0,Serbia,SRB,SRB,20210211
0.383296,0.036717,0.414365,0.036238,181.0,Slovakia,SVK,SVK,20210211
0.280708,0.023316,0.286472,0.023173,377.0,South Africa,ZAF,ZAF,20210211
0.318334,0.026303,0.309677,0.0265,310.0,South Korea,KOR,KOR,20210211
0.485524,0.017513,0.504902,0.017507,816.0,Spain,ESP,ESP,20210211
0.510447,0.020976,0.469136,0.021012,567.0,Sweden,SWE,SWE,20210211
0.410797,0.031121,0.422925,0.030992,253.0,Switzerland,CHE,CHE,20210211
0.497102,0.016046,0.535677,0.016087,967.0,Taiwan,TWN,TWN,20210211
0.436707,0.019185,0.44494,0.019147,672.0,Thailand,THA,THA,20210211
0.334745,0.032905,0.258427,0.03547,178.0,Tunisia,TUN,TUN,20210211
0.297854,0.018935,0.307563,0.018764,595.0,Turkey,TUR,TUR,20210211
0.219953,0.013076,0.1961,0.013641,923.0,Ukraine,UKR,UKR,20210211
0.455416,0.022369,0.463855,0.022339,498.0,United Kingdom,GBR,GBR,20210211
0.261023,0.027129,0.254826,0.027343,259.0,Uruguay,URY,URY,20210211
0.252878,0.024848,0.251634,0.024889,306.0,Venezuela,VEN,VEN,20210211
0.46308,0.015115,0.449262,0.015152,1084.0,Vietnam,VNM,VNM,20210211
0.303621,0.026224,0.325,0.025745,320.0,Algeria,DZA,DZA,20210212
0.389911,0.012742,0.36529,0.012907,1429.0,Argentina,ARG,ARG,20210212
0.350065,0.015517,0.364486,0.015379,963.0,Australia,AUS,AUS,20210212
0.341542,0.026153,0.373178,0.025643,343.0,Austria,AUT,AUT,20210212
0.352543,0.029796,0.398524,0.029076,271.0,Bangladesh,BGD,BGD,20210212
0.14812,0.029327,0.144828,0.029602,145.0,Belarus,BLR,BLR,20210212
0.387996,0.025465,0.379121,0.025576,364.0,Belgium,BEL,BEL,20210212
0.370527,0.024389,0.3875,0.024178,400.0,Bolivia,BOL,BOL,20210212
0.403397,0.008415,0.398227,0.008433,3385.0,Brazil,BRA,BRA,20210212
0.221094,0.02175,0.2525,0.020775,400.0,Bulgaria,BGR,BGR,20210212
0.435401,0.014332,0.448133,0.014289,1205.0,Canada,CAN,CAN,20210212
0.369336,0.020643,0.365138,0.020692,545.0,Chile,CHL,CHL,20210212
0.373153,0.013528,0.370196,0.01355,1275.0,Colombia,COL,COL,20210212
0.351498,0.036297,0.398907,0.03539,183.0,Costa Rica,CRI,CRI,20210212
0.43642,0.033095,0.424107,0.033211,224.0,Croatia,HRV,HRV,20210212
0.429943,0.019316,0.448795,0.019227,664.0,Czech Republic,CZE,CZE,20210212
0.504068,0.031356,0.428,0.031685,250.0,Denmark,DNK,DNK,20210212
0.35696,0.032929,0.350711,0.033061,211.0,Dominican Republic,DOM,DOM,20210212
0.374708,0.019334,0.389325,0.019194,637.0,Ecuador,ECU,ECU,20210212
0.238867,0.01673,0.279167,0.015902,720.0,Egypt,EGY,EGY,20210212
0.355905,0.030113,0.376923,0.02975,260.0,El Salvador,SLV,SLV,20210212
0.484111,0.049998,0.50495,0.049975,101.0,Finland,FIN,FIN,20210212
0.441526,0.009176,0.441638,0.009175,2930.0,France,FRA,FRA,20210212
0.378687,0.010445,0.401271,0.010337,2203.0,Germany,DEU,DEU,20210212
0.231003,0.029989,0.163399,0.034186,153.0,Ghana,GHA,GHA,20210212
0.328964,0.020344,0.349091,0.020052,550.0,Greece,GRC,GRC,20210212
0.418898,0.032021,0.380952,0.032532,231.0,Guatemala,GTM,GTM,20210212
0.405061,0.036364,0.363636,0.037109,176.0,Honduras,HND,HND,20210212
0.319831,0.03664,0.327273,0.036421,165.0,Hong Kong,HKG,HKG,20210212
0.231679,0.015169,0.226737,0.015284,763.0,Hungary,HUN,HUN,20210212
0.377243,0.011792,0.395349,0.01169,1720.0,India,IND,IND,20210212
0.294282,0.012871,0.302198,0.012773,1274.0,Indonesia,IDN,IDN,20210212
0.238859,0.021109,0.259259,0.020538,432.0,Iraq,IRQ,IRQ,20210212
0.365981,0.034849,0.361257,0.034947,191.0,Ireland,IRL,IRL,20210212
0.094366,0.023577,0.073171,0.026467,123.0,Israel,ISR,ISR,20210212
0.325971,0.011446,0.346821,0.011273,1730.0,Italy,ITA,ITA,20210212
0.308009,0.006005,0.323617,0.005925,6072.0,Japan,JPN,JPN,20210212
0.239136,0.031245,0.276699,0.029792,206.0,Jordan,JOR,JOR,20210212
0.153862,0.034423,0.168067,0.033216,119.0,Kazakhstan,KAZ,KAZ,20210212
0.238805,0.030839,0.257426,0.030073,202.0,Kenya,KEN,KEN,20210212
0.350542,0.04093,0.345588,0.041066,136.0,Lebanon,LBN,LBN,20210212
0.414351,0.042368,0.351563,0.043712,128.0,Libya,LBY,LBY,20210212
0.430656,0.021337,0.419776,0.021408,536.0,Malaysia,MYS,MYS,20210212
0.404912,0.008224,0.421082,0.008177,3605.0,Mexico,MEX,MEX,20210212
0.334235,0.047122,0.361905,0.046256,105.0,Morocco,MAR,MAR,20210212
0.441467,0.037797,0.424419,0.037973,172.0,Nepal,NPL,NPL,20210212
0.395946,0.019964,0.384874,0.020066,595.0,Netherlands,NLD,NLD,20210212
0.427111,0.028229,0.43871,0.02814,310.0,New Zealand,NZL,NZL,20210212
0.384171,0.041346,0.381295,0.041405,139.0,Nicaragua,NIC,NIC,20210212
0.180041,0.022133,0.20944,0.020899,339.0,Nigeria,NGA,NGA,20210212
0.440942,0.026384,0.408046,0.026654,348.0,Norway,NOR,NOR,20210212
0.458841,0.029723,0.433692,0.029886,279.0,Pakistan,PAK,PAK,20210212
0.387907,0.035796,0.351955,0.036523,179.0,Paraguay,PRY,PRY,20210212
0.347256,0.016636,0.349939,0.016606,823.0,Peru,PER,PER,20210212
0.308562,0.013055,0.320563,0.012921,1279.0,Philippines,PHL,PHL,20210212
0.322128,0.017054,0.337662,0.016851,770.0,Poland,POL,POL,20210212
0.593295,0.017853,0.624152,0.018107,737.0,Portugal,PRT,PRT,20210212
0.34027,0.036887,0.305732,0.037934,157.0,"Puerto Rico, U.S.",PRI,PRI,20210212
0.34327,0.019662,0.351946,0.019547,591.0,Romania,ROU,ROU,20210212
0.149694,0.011536,0.127685,0.012332,838.0,Russia,RUS,RUS,20210212
0.236001,0.029193,0.238318,0.029095,214.0,Saudi Arabia,SAU,SAU,20210212
0.253389,0.026623,0.271429,0.02604,280.0,Serbia,SRB,SRB,20210212
0.294551,0.028968,0.301587,0.028772,252.0,Slovakia,SVK,SVK,20210212
0.350594,0.041664,0.328125,0.042341,128.0,Slovenia,SVN,SVN,20210212
0.267875,0.019021,0.259398,0.019218,532.0,South Africa,ZAF,ZAF,20210212
0.311329,0.023496,0.329177,0.023152,401.0,South Korea,KOR,KOR,20210212
0.465999,0.014841,0.496479,0.014807,1136.0,Spain,ESP,ESP,20210212
0.464745,0.017504,0.444857,0.017568,807.0,Sweden,SWE,SWE,20210212
0.466038,0.025387,0.465116,0.025391,387.0,Switzerland,CHE,CHE,20210212
0.468747,0.012384,0.496015,0.01236,1631.0,Taiwan,TWN,TWN,20210212
0.445646,0.014884,0.462155,0.014839,1123.0,Thailand,THA,THA,20210212
0.338582,0.030016,0.342629,0.02993,251.0,Tunisia,TUN,TUN,20210212
0.272569,0.016354,0.29199,0.016016,774.0,Turkey,TUR,TUR,20210212
0.173525,0.011129,0.172024,0.011167,1151.0,Ukraine,UKR,UKR,20210212
0.359364,0.039578,0.207547,0.046825,106.0,United Arab Emirates,ARE,ARE,20210212
0.476333,0.018754,0.463277,0.018783,708.0,United Kingdom,GBR,GBR,20210212
0.298109,0.023786,0.265896,0.024627,346.0,Uruguay,URY,URY,20210212
0.308489,0.021697,0.294118,0.021994,442.0,Venezuela,VEN,VEN,20210212
0.507585,0.011951,0.472509,0.011968,1746.0,Vietnam,VNM,VNM,20210212
0.298005,0.026413,0.288136,0.026675,295.0,Algeria,DZA,DZA,20210213
0.391005,0.013344,0.379909,0.013416,1324.0,Argentina,ARG,ARG,20210213
0.373853,0.017418,0.376774,0.017391,775.0,Australia,AUS,AUS,20210213
0.393426,0.026913,0.402402,0.02681,333.0,Austria,AUT,AUT,20210213
0.431195,0.035647,0.441026,0.035556,195.0,Bangladesh,BGD,BGD,20210213
0.168278,0.027307,0.163043,0.027655,184.0,Belarus,BLR,BLR,20210213
0.317123,0.024524,0.332432,0.024225,370.0,Belgium,BEL,BEL,20210213
0.322753,0.027739,0.345763,0.027267,295.0,Bolivia,BOL,BOL,20210213
0.392673,0.008652,0.40193,0.008618,3212.0,Brazil,BRA,BRA,20210213
0.339614,0.024679,0.309659,0.025278,352.0,Bulgaria,BGR,BGR,20210213
0.413302,0.015713,0.430584,0.015627,994.0,Canada,CAN,CAN,20210213
0.375349,0.022387,0.358696,0.022601,460.0,Chile,CHL,CHL,20210213
0.358306,0.014579,0.368613,0.014491,1096.0,Colombia,COL,COL,20210213
0.434655,0.041104,0.459459,0.040886,148.0,Costa Rica,CRI,CRI,20210213
0.417588,0.03294,0.46087,0.032589,230.0,Croatia,HRV,HRV,20210213
0.456295,0.019569,0.466974,0.019537,651.0,Czech Republic,CZE,CZE,20210213
0.473385,0.031358,0.421687,0.031705,249.0,Denmark,DNK,DNK,20210213
0.314349,0.032407,0.305419,0.032665,203.0,Dominican Republic,DOM,DOM,20210213
0.40755,0.021978,0.402806,0.022019,499.0,Ecuador,ECU,ECU,20210213
0.223967,0.017061,0.284286,0.015769,700.0,Egypt,EGY,EGY,20210213
0.374837,0.033892,0.389423,0.033646,208.0,El Salvador,SLV,SLV,20210213
0.487966,0.047948,0.458716,0.048099,109.0,Finland,FIN,FIN,20210213
0.44405,0.009498,0.449344,0.009487,2744.0,France,FRA,FRA,20210213
0.408501,0.010499,0.407847,0.010502,2192.0,Germany,DEU,DEU,20210213
0.17205,0.029401,0.173653,0.029294,167.0,Ghana,GHA,GHA,20210213
0.373271,0.021668,0.343035,0.022077,481.0,Greece,GRC,GRC,20210213
0.44666,0.035681,0.369565,0.03675,184.0,Guatemala,GTM,GTM,20210213
0.315755,0.033554,0.316062,0.033545,193.0,Honduras,HND,HND,20210213
0.202422,0.037145,0.226563,0.035654,128.0,Hong Kong,HKG,HKG,20210213
0.242708,0.015297,0.244304,0.015263,790.0,Hungary,HUN,HUN,20210213
0.417734,0.01187,0.399648,0.011951,1704.0,India,IND,IND,20210213
0.3135,0.014449,0.316956,0.014406,1038.0,Indonesia,IDN,IDN,20210213
0.235876,0.021411,0.268065,0.020521,429.0,Iraq,IRQ,IRQ,20210213
0.346019,0.036109,0.352273,0.035959,176.0,Ireland,IRL,IRL,20210213
0.189081,0.030783,0.186335,0.030957,161.0,Israel,ISR,ISR,20210213
0.344209,0.011601,0.355255,0.011516,1703.0,Italy,ITA,ITA,20210213
0.312418,0.005691,0.326561,0.005624,6792.0,Japan,JPN,JPN,20210213
0.319853,0.032913,0.311558,0.033147,199.0,Jordan,JOR,JOR,20210213
0.163275,0.032166,0.180556,0.030909,144.0,Kazakhstan,KAZ,KAZ,20210213
0.162124,0.02751,0.193237,0.025679,207.0,Kenya,KEN,KEN,20210213
0.279834,0.043141,0.310345,0.041862,116.0,Lebanon,LBN,LBN,20210213
0.309094,0.046161,0.383929,0.043863,112.0,Libya,LBY,LBY,20210213
0.36993,0.021437,0.382524,0.021295,515.0,Malaysia,MYS,MYS,20210213
0.429616,0.009261,0.443557,0.009227,2879.0,Mexico,MEX,MEX,20210213
0.334402,0.047587,0.346535,0.047178,101.0,Moldova,MDA,MDA,20210213
0.408482,0.047661,0.416667,0.04752,108.0,Morocco,MAR,MAR,20210213
0.335365,0.038678,0.365385,0.037921,156.0,Nepal,NPL,NPL,20210213
0.370118,0.019698,0.364548,0.019761,598.0,Netherlands,NLD,NLD,20210213
0.457233,0.029069,0.472973,0.029004,296.0,New Zealand,NZL,NZL,20210213
0.328711,0.044053,0.336207,0.043804,116.0,Nicaragua,NIC,NIC,20210213
0.23642,0.024435,0.227119,0.02478,295.0,Nigeria,NGA,NGA,20210213
0.557339,0.027894,0.484472,0.027723,322.0,Norway,NOR,NOR,20210213
0.382836,0.030018,0.402985,0.029748,268.0,Pakistan,PAK,PAK,20210213
0.308743,0.04358,0.297297,0.044048,111.0,Panama,PAN,PAN,20210213
0.336936,0.040226,0.289063,0.041942,128.0,Paraguay,PRY,PRY,20210213
0.374879,0.018257,0.370899,0.018297,701.0,Peru,PER,PER,20210213
0.29272,0.015804,0.307151,0.015588,853.0,Philippines,PHL,PHL,20210213
0.364902,0.018564,0.373529,0.018475,680.0,Poland,POL,POL,20210213
0.61679,0.017961,0.630705,0.018093,723.0,Portugal,PRT,PRT,20210213
0.32995,0.039388,0.291045,0.040771,134.0,"Puerto Rico, U.S.",PRI,PRI,20210213
0.29402,0.019776,0.319569,0.019322,557.0,Romania,ROU,ROU,20210213
0.160573,0.011264,0.14,0.011918,950.0,Russia,RUS,RUS,20210213
0.301443,0.031877,0.311321,0.031591,212.0,Saudi Arabia,SAU,SAU,20210213
0.289977,0.0283,0.287938,0.028359,257.0,Serbia,SRB,SRB,20210213
0.341903,0.029052,0.345725,0.028975,269.0,Slovakia,SVK,SVK,20210213
0.412043,0.047062,0.367925,0.048034,106.0,Slovenia,SVN,SVN,20210213
0.292015,0.02087,0.298755,0.020732,482.0,South Africa,ZAF,ZAF,20210213
0.347818,0.021909,0.345339,0.021946,472.0,South Korea,KOR,KOR,20210213
0.493316,0.015101,0.49134,0.015102,1097.0,Spain,ESP,ESP,20210213
0.480832,0.018335,0.432285,0.018492,731.0,Sweden,SWE,SWE,20210213
0.391253,0.024417,0.414216,0.024191,408.0,Switzerland,CHE,CHE,20210213
0.485146,0.012675,0.501606,0.01267,1557.0,Taiwan,TWN,TWN,20210213
0.511738,0.016571,0.48022,0.016579,910.0,Thailand,THA,THA,20210213
0.272255,0.028151,0.288462,0.027658,260.0,Tunisia,TUN,TUN,20210213
0.282152,0.015148,0.316013,0.014663,943.0,Turkey,TUR,TUR,20210213
0.210951,0.012226,0.216549,0.01211,1136.0,Ukraine,UKR,UKR,20210213
0.477066,0.019432,0.472012,0.019442,661.0,United Kingdom,GBR,GBR,20210213
0.3038,0.02606,0.283333,0.026597,300.0,Uruguay,URY,URY,20210213
0.324809,0.024621,0.326923,0.02458,364.0,Venezuela,VEN,VEN,20210213
0.519897,0.012212,0.4773,0.012215,1674.0,Vietnam,VNM,VNM,20210213
0.317182,0.029381,0.31746,0.029374,252.0,Algeria,DZA,DZA,20210214
0.425923,0.015117,0.403226,0.015238,1054.0,Argentina,ARG,ARG,20210214
0.376466,0.018572,0.384279,0.018498,687.0,Australia,AUS,AUS,20210214
0.403978,0.027683,0.403175,0.027691,315.0,Austria,AUT,AUT,20210214
0.302256,0.034225,0.37,0.032554,200.0,Bangladesh,BGD,BGD,20210214
0.08116,0.022542,0.100559,0.020468,179.0,Belarus,BLR,BLR,20210214
0.372936,0.026092,0.394886,0.025812,352.0,Belgium,BEL,BEL,20210214
0.406683,0.029095,0.41115,0.029046,287.0,Bolivia,BOL,BOL,20210214
0.378579,0.008989,0.378647,0.008988,2913.0,Brazil,BRA,BRA,20210214
0.256129,0.025889,0.291262,0.024872,309.0,Bulgaria,BGR,BGR,20210214
0.391608,0.016485,0.422692,0.016288,899.0,Canada,CAN,CAN,20210214
0.343349,0.02255,0.333333,0.022714,438.0,Chile,CHL,CHL,20210214
0.365599,0.015584,0.367432,0.015568,958.0,Colombia,COL,COL,20210214
0.488548,0.045556,0.415254,0.046213,118.0,Costa Rica,CRI,CRI,20210214
0.366025,0.038151,0.426036,0.037165,169.0,Croatia,HRV,HRV,20210214
0.489557,0.02003,0.491987,0.020028,624.0,Czech Republic,CZE,CZE,20210214
0.427821,0.031937,0.388889,0.032413,234.0,Denmark,DNK,DNK,20210214
0.301291,0.0362,0.302469,0.03616,162.0,Dominican Republic,DOM,DOM,20210214
0.345908,0.023785,0.378897,0.023321,417.0,Ecuador,ECU,ECU,20210214
0.218667,0.017788,0.258649,0.016791,607.0,Egypt,EGY,EGY,20210214
0.415861,0.038882,0.409938,0.038965,161.0,El Salvador,SLV,SLV,20210214
0.367565,0.045724,0.366071,0.045763,112.0,Finland,FIN,FIN,20210214
0.45084,0.009651,0.457614,0.009639,2666.0,France,FRA,FRA,20210214
0.403086,0.010956,0.410511,0.010925,2017.0,Germany,DEU,DEU,20210214
0.238226,0.036293,0.246479,0.035875,142.0,Ghana,GHA,GHA,20210214
0.326216,0.022139,0.354701,0.021695,468.0,Greece,GRC,GRC,20210214
0.294409,0.036069,0.359551,0.034258,178.0,Guatemala,GTM,GTM,20210214
0.418389,0.04237,0.31405,0.045031,121.0,Honduras,HND,HND,20210214
0.37975,0.044469,0.406504,0.043939,123.0,Hong Kong,HKG,HKG,20210214
0.211108,0.015237,0.208976,0.015294,713.0,Hungary,HUN,HUN,20210214
0.391219,0.012975,0.401261,0.012919,1428.0,India,IND,IND,20210214
0.328486,0.014369,0.3122,0.014564,1041.0,Indonesia,IDN,IDN,20210214
0.277679,0.025131,0.320809,0.024112,346.0,Iraq,IRQ,IRQ,20210214
0.435974,0.040167,0.410596,0.040489,151.0,Ireland,IRL,IRL,20210214
0.208961,0.037047,0.1875,0.03859,112.0,Israel,ISR,ISR,20210214
0.34835,0.012499,0.358452,0.012418,1473.0,Italy,ITA,ITA,20210214
0.318242,0.006204,0.339794,0.006101,5830.0,Japan,JPN,JPN,20210214
0.271179,0.03558,0.303571,0.034402,168.0,Jordan,JOR,JOR,20210214
0.171868,0.034573,0.173554,0.03444,121.0,Kazakhstan,KAZ,KAZ,20210214
0.137222,0.029859,0.183432,0.026547,169.0,Kenya,KEN,KEN,20210214
0.313989,0.043432,0.313043,0.043468,115.0,Libya,LBY,LBY,20210214
0.4265,0.024593,0.44878,0.024455,410.0,Malaysia,MYS,MYS,20210214
0.434302,0.010181,0.453595,0.010137,2392.0,Mexico,MEX,MEX,20210214
0.398048,0.043266,0.407692,0.043098,130.0,Nepal,NPL,NPL,20210214
0.390615,0.020258,0.386874,0.020293,579.0,Netherlands,NLD,NLD,20210214
0.400462,0.021632,0.405039,0.021592,516.0,New Zealand,NZL,NZL,20210214
0.161326,0.030473,0.259615,0.025566,208.0,Nigeria,NGA,NGA,20210214
0.538776,0.028171,0.496835,0.028087,316.0,Norway,NOR,NOR,20210214
0.361445,0.032094,0.372807,0.031887,228.0,Pakistan,PAK,PAK,20210214
0.375506,0.044763,0.277228,0.048425,101.0,Paraguay,PRY,PRY,20210214
0.298625,0.019686,0.306011,0.01955,549.0,Peru,PER,PER,20210214
0.285798,0.015518,0.302961,0.015256,878.0,Philippines,PHL,PHL,20210214
0.324616,0.018321,0.329287,0.018254,659.0,Poland,POL,POL,20210214
0.56112,0.019005,0.593423,0.0192,669.0,Portugal,PRT,PRT,20210214
0.413915,0.047528,0.386792,0.048066,106.0,"Puerto Rico, U.S.",PRI,PRI,20210214
0.290149,0.021052,0.312757,0.020607,486.0,Romania,ROU,ROU,20210214
0.170573,0.012361,0.155633,0.012826,861.0,Russia,RUS,RUS,20210214
0.319799,0.036521,0.382022,0.035057,178.0,Saudi Arabia,SAU,SAU,20210214
0.270748,0.031316,0.292453,0.03059,212.0,Serbia,SRB,SRB,20210214
0.309194,0.03258,0.348837,0.031593,215.0,Slovakia,SVK,SVK,20210214
0.491033,0.049281,0.431373,0.049744,102.0,Slovenia,SVN,SVN,20210214
0.289065,0.022236,0.274752,0.022582,404.0,South Africa,ZAF,ZAF,20210214
0.297906,0.023021,0.358621,0.021953,435.0,South Korea,KOR,KOR,20210214
0.496724,0.01522,0.517146,0.015228,1079.0,Spain,ESP,ESP,20210214
0.486181,0.018676,0.447887,0.018771,710.0,Sweden,SWE,SWE,20210214
0.492845,0.027899,0.512422,0.027904,322.0,Switzerland,CHE,CHE,20210214
0.502592,0.013103,0.513736,0.013108,1456.0,Taiwan,TWN,TWN,20210214
0.497734,0.017468,0.452645,0.017546,813.0,Thailand,THA,THA,20210214
0.277358,0.03478,0.345745,0.032739,188.0,Tunisia,TUN,TUN,20210214
0.284277,0.016009,0.312277,0.015582,839.0,Turkey,TUR,TUR,20210214
0.181905,0.012362,0.188,0.012205,1000.0,Ukraine,UKR,UKR,20210214
0.423916,0.020063,0.436275,0.019992,612.0,United Kingdom,GBR,GBR,20210214
0.347478,0.028912,0.305882,0.029878,255.0,Uruguay,URY,URY,20210214
0.261409,0.025127,0.288344,0.024374,326.0,Venezuela,VEN,VEN,20210214
0.437214,0.012374,0.44802,0.012343,1616.0,Vietnam,VNM,VNM,20210214
0.328374,0.03091,0.359504,0.030251,242.0,Algeria,DZA,DZA,20210215
0.367149,0.013356,0.347484,0.013521,1272.0,Argentina,ARG,ARG,20210215
0.349671,0.017996,0.370319,0.017772,721.0,Australia,AUS,AUS,20210215
0.303256,0.025743,0.321212,0.025342,330.0,Austria,AUT,AUT,20210215
0.356941,0.031829,0.377682,0.031454,233.0,Bangladesh,BGD,BGD,20210215
0.163111,0.025958,0.120253,0.029487,158.0,Belarus,BLR,BLR,20210215
0.368745,0.026124,0.397727,0.025752,352.0,Belgium,BEL,BEL,20210215
0.384751,0.027243,0.364217,0.027545,313.0,Bolivia,BOL,BOL,20210215
0.3992,0.008494,0.403177,0.00848,3336.0,Brazil,BRA,BRA,20210215
0.306234,0.026551,0.309211,0.02648,304.0,Bulgaria,BGR,BGR,20210215
0.422575,0.015688,0.430291,0.015652,997.0,Canada,CAN,CAN,20210215
0.32383,0.020952,0.302905,0.021336,482.0,Chile,CHL,CHL,20210215
0.329634,0.014669,0.35493,0.014411,1065.0,Colombia,COL,COL,20210215
0.434271,0.040516,0.453947,0.040336,152.0,Costa Rica,CRI,CRI,20210215
0.395364,0.038956,0.435583,0.038414,163.0,Croatia,HRV,HRV,20210215
0.497768,0.020443,0.509182,0.020446,599.0,Czech Republic,CZE,CZE,20210215
0.440637,0.029899,0.389513,0.03044,267.0,Denmark,DNK,DNK,20210215
0.368791,0.034733,0.388889,0.034375,198.0,Dominican Republic,DOM,DOM,20210215
0.34086,0.02079,0.346667,0.020707,525.0,Ecuador,ECU,ECU,20210215
0.232694,0.017568,0.282675,0.016485,658.0,Egypt,EGY,EGY,20210215
0.306236,0.033443,0.344828,0.032431,203.0,El Salvador,SLV,SLV,20210215
0.450627,0.045191,0.429752,0.04542,121.0,Finland,FIN,FIN,20210215
0.458143,0.009571,0.444939,0.009596,2697.0,France,FRA,FRA,20210215
0.408321,0.0112,0.422405,0.011145,1946.0,Germany,DEU,DEU,20210215
0.133117,0.029244,0.172619,0.026287,168.0,Ghana,GHA,GHA,20210215
0.35527,0.023608,0.349633,0.023694,409.0,Greece,GRC,GRC,20210215
0.429905,0.032313,0.395652,0.032715,230.0,Guatemala,GTM,GTM,20210215
0.34466,0.036801,0.341317,0.036887,167.0,Honduras,HND,HND,20210215
0.341837,0.042989,0.392308,0.041762,130.0,Hong Kong,HKG,HKG,20210215
0.255066,0.016336,0.239766,0.016679,684.0,Hungary,HUN,HUN,20210215
0.415899,0.012674,0.4,0.012752,1495.0,India,IND,IND,20210215
0.293389,0.014295,0.310115,0.014071,1048.0,Indonesia,IDN,IDN,20210215
0.284209,0.024374,0.327957,0.023417,372.0,Iraq,IRQ,IRQ,20210215
0.375516,0.036897,0.358824,0.03725,170.0,Ireland,IRL,IRL,20210215
0.367397,0.012315,0.377821,0.012245,1551.0,Italy,ITA,ITA,20210215
0.322325,0.00651,0.330268,0.006469,5220.0,Japan,JPN,JPN,20210215
0.258021,0.03069,0.273585,0.030122,212.0,Jordan,JOR,JOR,20210215
0.133928,0.035811,0.160377,0.033237,106.0,Kazakhstan,KAZ,KAZ,20210215
0.133081,0.025988,0.16,0.024078,200.0,Kenya,KEN,KEN,20210215
0.429033,0.02283,0.425532,0.022854,470.0,Malaysia,MYS,MYS,20210215
0.432267,0.009528,0.444689,0.009499,2721.0,Mexico,MEX,MEX,20210215
0.245112,0.043196,0.377953,0.038321,127.0,Nepal,NPL,NPL,20210215
0.43898,0.020861,0.420677,0.020971,561.0,Netherlands,NLD,NLD,20210215
0.382265,0.023051,0.39823,0.022882,452.0,New Zealand,NZL,NZL,20210215
0.314178,0.046221,0.326923,0.045738,104.0,Nicaragua,NIC,NIC,20210215
0.228265,0.026418,0.249071,0.025638,269.0,Nigeria,NGA,NGA,20210215
0.544238,0.028391,0.488746,0.028287,311.0,Norway,NOR,NOR,20210215
0.370629,0.029622,0.411552,0.029072,277.0,Pakistan,PAK,PAK,20210215
0.378637,0.04822,0.409524,0.047563,105.0,Panama,PAN,PAN,20210215
0.274028,0.036887,0.305732,0.03571,157.0,Paraguay,PRY,PRY,20210215
0.350619,0.018969,0.355799,0.018906,638.0,Peru,PER,PER,20210215
0.323805,0.015294,0.336126,0.01515,955.0,Philippines,PHL,PHL,20210215
0.33786,0.019141,0.352564,0.01895,624.0,Poland,POL,POL,20210215
0.604922,0.019536,0.610577,0.019586,624.0,Portugal,PRT,PRT,20210215
0.332412,0.040456,0.35,0.039956,140.0,"Puerto Rico, U.S.",PRI,PRI,20210215
0.317495,0.020981,0.323293,0.020881,498.0,Romania,ROU,ROU,20210215
0.149776,0.011564,0.143478,0.011771,920.0,Russia,RUS,RUS,20210215
0.327336,0.031709,0.330317,0.031636,221.0,Saudi Arabia,SAU,SAU,20210215
0.35097,0.030533,0.356275,0.03043,247.0,Serbia,SRB,SRB,20210215
0.367606,0.031523,0.375527,0.031386,237.0,Slovakia,SVK,SVK,20210215
0.225271,0.019669,0.249485,0.018989,485.0,South Africa,ZAF,ZAF,20210215
0.386783,0.024712,0.396947,0.024598,393.0,South Korea,KOR,KOR,20210215
0.474194,0.015674,0.48723,0.015658,1018.0,Spain,ESP,ESP,20210215
0.506937,0.018676,0.451477,0.018763,711.0,Sweden,SWE,SWE,20210215
0.465095,0.025745,0.472149,0.025723,377.0,Switzerland,CHE,CHE,20210215
0.474257,0.012937,0.51071,0.012923,1494.0,Taiwan,TWN,TWN,20210215
0.481527,0.017183,0.462633,0.017219,843.0,Thailand,THA,THA,20210215
0.313281,0.028038,0.303704,0.02828,270.0,Tunisia,TUN,TUN,20210215
0.318272,0.016883,0.322034,0.01683,767.0,Turkey,TUR,TUR,20210215
0.180912,0.011979,0.197832,0.011575,1107.0,Ukraine,UKR,UKR,20210215
0.322275,0.042801,0.245098,0.046503,102.0,United Arab Emirates,ARE,ARE,20210215
0.458293,0.020438,0.474916,0.020392,598.0,United Kingdom,GBR,GBR,20210215
0.292545,0.025263,0.260726,0.026178,303.0,Uruguay,URY,URY,20210215
0.31283,0.021682,0.286697,0.02223,436.0,Venezuela,VEN,VEN,20210215
0.46733,0.010845,0.461684,0.010854,2114.0,Vietnam,VNM,VNM,20210215
0.253633,0.029719,0.298319,0.028262,238.0,Algeria,DZA,DZA,20210216
0.434492,0.013356,0.418315,0.013422,1365.0,Argentina,ARG,ARG,20210216
0.36448,0.017595,0.388021,0.017378,768.0,Australia,AUS,AUS,20210216
0.415752,0.027871,0.417197,0.027858,314.0,Austria,AUT,AUT,20210216
0.47363,0.034335,0.415459,0.034788,207.0,Bangladesh,BGD,BGD,20210216
0.178286,0.026381,0.125786,0.03045,159.0,Belarus,BLR,BLR,20210216
0.430026,0.0273,0.420732,0.027378,328.0,Belgium,BEL,BEL,20210216
0.310803,0.027826,0.361204,0.026811,299.0,Bolivia,BOL,BOL,20210216
0.381614,0.008547,0.399391,0.008477,3285.0,Brazil,BRA,BRA,20210216
0.289312,0.026485,0.289116,0.02649,294.0,Bulgaria,BGR,BGR,20210216
0.399958,0.016097,0.424788,0.015953,944.0,Canada,CAN,CAN,20210216
0.384616,0.023677,0.356098,0.024056,410.0,Chile,CHL,CHL,20210216
0.388868,0.015216,0.397101,0.01516,1035.0,Colombia,COL,COL,20210216
0.468418,0.041303,0.469388,0.041298,147.0,Costa Rica,CRI,CRI,20210216
0.42382,0.038217,0.431953,0.038125,169.0,Croatia,HRV,HRV,20210216
0.427233,0.021246,0.440585,0.02117,547.0,Czech Republic,CZE,CZE,20210216
0.43102,0.032578,0.41048,0.032797,229.0,Denmark,DNK,DNK,20210216
0.346765,0.033075,0.342995,0.03316,207.0,Dominican Republic,DOM,DOM,20210216
0.382583,0.020259,0.404762,0.02006,588.0,Ecuador,ECU,ECU,20210216
0.255105,0.017619,0.274143,0.017218,642.0,Egypt,EGY,EGY,20210216
0.400604,0.034751,0.40796,0.03465,201.0,El Salvador,SLV,SLV,20210216
0.564036,0.050242,0.51,0.049838,100.0,Finland,FIN,FIN,20210216
0.457533,0.009942,0.458814,0.00994,2513.0,France,FRA,FRA,20210216
0.405396,0.011232,0.404188,0.011237,1910.0,Germany,DEU,DEU,20210216
0.217594,0.0354,0.22695,0.034872,141.0,Ghana,GHA,GHA,20210216
0.352805,0.02485,0.373684,0.024545,380.0,Greece,GRC,GRC,20210216
0.368835,0.035194,0.351351,0.03557,185.0,Guatemala,GTM,GTM,20210216
0.343863,0.041717,0.37037,0.041033,135.0,Honduras,HND,HND,20210216
0.369326,0.039408,0.342466,0.04008,146.0,Hong Kong,HKG,HKG,20210216
0.287466,0.016701,0.270804,0.017009,709.0,Hungary,HUN,HUN,20210216
0.40598,0.012462,0.392973,0.01253,1537.0,India,IND,IND,20210216
0.328836,0.014798,0.317172,0.014938,990.0,Indonesia,IDN,IDN,20210216
0.171747,0.022235,0.26087,0.019098,391.0,Iraq,IRQ,IRQ,20210216
0.360498,0.040884,0.355072,0.041022,138.0,Ireland,IRL,IRL,20210216
0.258317,0.034396,0.186047,0.038688,129.0,Israel,ISR,ISR,20210216
0.359296,0.011894,0.376881,0.011776,1661.0,Italy,ITA,ITA,20210216
0.29666,0.00654,0.325346,0.006376,5133.0,Japan,JPN,JPN,20210216
0.347219,0.032597,0.342723,0.032698,213.0,Jordan,JOR,JOR,20210216
0.131224,0.029061,0.12782,0.029388,133.0,Kazakhstan,KAZ,KAZ,20210216
0.212404,0.030192,0.202247,0.030743,178.0,Kenya,KEN,KEN,20210216
0.392249,0.024196,0.419664,0.023939,417.0,Malaysia,MYS,MYS,20210216
0.462771,0.00954,0.45057,0.00956,2721.0,Mexico,MEX,MEX,20210216
0.385826,0.040703,0.393103,0.040566,145.0,Nepal,NPL,NPL,20210216
0.329037,0.019092,0.339286,0.018947,616.0,Netherlands,NLD,NLD,20210216
0.448392,0.024394,0.456938,0.024354,418.0,New Zealand,NZL,NZL,20210216
0.324375,0.046221,0.326923,0.046127,104.0,Nicaragua,NIC,NIC,20210216
0.18068,0.024759,0.234694,0.022478,294.0,Nigeria,NGA,NGA,20210216
0.470171,0.028544,0.444079,0.028673,304.0,Norway,NOR,NOR,20210216
0.418884,0.028884,0.365591,0.029591,279.0,Pakistan,PAK,PAK,20210216
0.327507,0.046524,0.316832,0.04693,101.0,Panama,PAN,PAN,20210216
0.272345,0.037827,0.315789,0.036227,152.0,Paraguay,PRY,PRY,20210216
0.32912,0.017668,0.342105,0.0175,722.0,Peru,PER,PER,20210216
0.268695,0.014897,0.326613,0.014081,992.0,Philippines,PHL,PHL,20210216
0.338509,0.018715,0.348228,0.018589,649.0,Poland,POL,POL,20210216
0.605118,0.01824,0.61744,0.018345,711.0,Portugal,PRT,PRT,20210216
0.331279,0.038469,0.282609,0.040212,138.0,"Puerto Rico, U.S.",PRI,PRI,20210216
0.341619,0.022078,0.350427,0.021946,468.0,Romania,ROU,ROU,20210216
0.135253,0.011777,0.13769,0.011689,857.0,Russia,RUS,RUS,20210216
0.267173,0.034301,0.27907,0.033838,172.0,Saudi Arabia,SAU,SAU,20210216
0.337918,0.032555,0.354839,0.032184,217.0,Serbia,SRB,SRB,20210216
0.3146,0.030977,0.340426,0.030356,235.0,Slovakia,SVK,SVK,20210216
0.24817,0.018892,0.250474,0.018834,527.0,South Africa,ZAF,ZAF,20210216
0.333733,0.025292,0.361878,0.024818,362.0,South Korea,KOR,KOR,20210216
0.445951,0.015524,0.475869,0.015451,1036.0,Spain,ESP,ESP,20210216
0.507583,0.018811,0.45584,0.018883,702.0,Sweden,SWE,SWE,20210216
0.45983,0.029797,0.462633,0.029784,281.0,Switzerland,CHE,CHE,20210216
0.456952,0.012469,0.499068,0.012423,1609.0,Taiwan,TWN,TWN,20210216
0.472259,0.017305,0.448609,0.01737,827.0,Thailand,THA,THA,20210216
0.302998,0.033715,0.331633,0.032909,196.0,Tunisia,TUN,TUN,20210216
0.28439,0.015979,0.277354,0.016101,786.0,Turkey,TUR,TUR,20210216
0.234941,0.012443,0.213628,0.012871,1086.0,Ukraine,UKR,UKR,20210216
0.413541,0.020449,0.426621,0.020361,586.0,United Kingdom,GBR,GBR,20210216
0.299188,0.026464,0.286689,0.026797,293.0,Uruguay,URY,URY,20210216
0.290448,0.022654,0.32,0.022047,425.0,Venezuela,VEN,VEN,20210216
0.443491,0.01051,0.456164,0.010483,2247.0,Vietnam,VNM,VNM,20210216
0.294702,0.030882,0.330472,0.029932,233.0,Algeria,DZA,DZA,20210217
0.421517,0.013262,0.396032,0.01339,1361.0,Argentina,ARG,ARG,20210217
0.377418,0.020073,0.392917,0.019923,593.0,Australia,AUS,AUS,20210217
0.343619,0.027808,0.346939,0.027745,294.0,Austria,AUT,AUT,20210217
0.39908,0.033575,0.323077,0.035159,195.0,Bangladesh,BGD,BGD,20210217
0.113687,0.026544,0.133333,0.024787,165.0,Belarus,BLR,BLR,20210217
0.428591,0.027387,0.450151,0.027242,331.0,Belgium,BEL,BEL,20210217
0.260758,0.025195,0.327586,0.023569,348.0,Bolivia,BOL,BOL,20210217
0.393001,0.0086,0.398519,0.008579,3242.0,Brazil,BRA,BRA,20210217
0.281486,0.024902,0.287009,0.024756,331.0,Bulgaria,BGR,BGR,20210217
0.465822,0.016341,0.440476,0.016419,924.0,Canada,CAN,CAN,20210217
0.369807,0.024119,0.370647,0.024108,402.0,Chile,CHL,CHL,20210217
0.402452,0.015525,0.404,0.015515,1000.0,Colombia,COL,COL,20210217
0.379494,0.040435,0.37931,0.040438,145.0,Costa Rica,CRI,CRI,20210217
0.459553,0.038744,0.451807,0.038797,166.0,Croatia,HRV,HRV,20210217
0.466747,0.020316,0.461028,0.020333,603.0,Czech Republic,CZE,CZE,20210217
0.456971,0.033281,0.396313,0.033894,217.0,Denmark,DNK,DNK,20210217
0.367868,0.037239,0.359281,0.037428,167.0,Dominican Republic,DOM,DOM,20210217
0.389994,0.0187,0.401163,0.018609,688.0,Ecuador,ECU,ECU,20210217
0.212369,0.018517,0.293729,0.016628,606.0,Egypt,EGY,EGY,20210217
0.38081,0.032217,0.371681,0.032372,226.0,El Salvador,SLV,SLV,20210217
0.443965,0.009873,0.454009,0.009853,2544.0,France,FRA,FRA,20210217
0.406807,0.01094,0.406544,0.010941,2017.0,Germany,DEU,DEU,20210217
0.204799,0.032911,0.226994,0.031706,163.0,Ghana,GHA,GHA,20210217
0.362228,0.024067,0.396135,0.023651,414.0,Greece,GRC,GRC,20210217
0.444422,0.034347,0.371859,0.035313,199.0,Guatemala,GTM,GTM,20210217
0.286619,0.039347,0.309353,0.038492,139.0,Honduras,HND,HND,20210217
0.275742,0.039312,0.304348,0.03818,138.0,Hong Kong,HKG,HKG,20210217
0.269398,0.016758,0.271955,0.016709,706.0,Hungary,HUN,HUN,20210217
0.37907,0.011986,0.397482,0.011883,1668.0,India,IND,IND,20210217
0.298984,0.014526,0.286598,0.014707,970.0,Indonesia,IDN,IDN,20210217
0.257729,0.02316,0.30203,0.022063,394.0,Iraq,IRQ,IRQ,20210217
0.248164,0.034478,0.24359,0.034695,156.0,Ireland,IRL,IRL,20210217
0.23163,0.036028,0.166667,0.040784,108.0,Israel,ISR,ISR,20210217
0.367081,0.012052,0.371269,0.012024,1608.0,Italy,ITA,ITA,20210217
0.312318,0.006724,0.321451,0.006672,4825.0,Japan,JPN,JPN,20210217
0.325847,0.036812,0.369942,0.035737,173.0,Jordan,JOR,JOR,20210217
0.124507,0.029898,0.131783,0.029182,129.0,Kazakhstan,KAZ,KAZ,20210217
0.176808,0.027302,0.177665,0.02725,197.0,Kenya,KEN,KEN,20210217
0.389382,0.024382,0.420925,0.024081,411.0,Malaysia,MYS,MYS,20210217
0.437886,0.009491,0.441198,0.009483,2738.0,Mexico,MEX,MEX,20210217
0.386016,0.048786,0.401961,0.048442,102.0,Morocco,MAR,MAR,20210217
0.458761,0.044518,0.452381,0.044569,126.0,Nepal,NPL,NPL,20210217
0.37553,0.01895,0.354232,0.019187,638.0,Netherlands,NLD,NLD,20210217
0.435871,0.026564,0.419075,0.026697,346.0,New Zealand,NZL,NZL,20210217
0.376068,0.046314,0.372727,0.046397,110.0,Nicaragua,NIC,NIC,20210217
0.236835,0.024173,0.220339,0.024795,295.0,Nigeria,NGA,NGA,20210217
0.580352,0.030172,0.476364,0.029814,275.0,Norway,NOR,NOR,20210217
0.378604,0.030242,0.407547,0.029852,265.0,Pakistan,PAK,PAK,20210217
0.306928,0.038553,0.310345,0.038435,145.0,Paraguay,PRY,PRY,20210217
0.400735,0.018885,0.394933,0.018932,671.0,Peru,PER,PER,20210217
0.285825,0.014473,0.31323,0.014098,1028.0,Philippines,PHL,PHL,20210217
0.300558,0.017744,0.325215,0.017367,698.0,Poland,POL,POL,20210217
0.616785,0.018956,0.611782,0.01891,662.0,Portugal,PRT,PRT,20210217
0.33325,0.037446,0.311688,0.038108,154.0,"Puerto Rico, U.S.",PRI,PRI,20210217
0.317458,0.022135,0.329646,0.021919,452.0,Romania,ROU,ROU,20210217
0.169141,0.01185,0.157505,0.012195,946.0,Russia,RUS,RUS,20210217
0.333782,0.035383,0.331461,0.035445,178.0,Saudi Arabia,SAU,SAU,20210217
0.312401,0.032134,0.320755,0.031907,212.0,Serbia,SRB,SRB,20210217
0.34111,0.028739,0.338235,0.028798,272.0,Slovakia,SVK,SVK,20210217
0.34465,0.041418,0.325581,0.042007,129.0,Slovenia,SVN,SVN,20210217
0.280513,0.020721,0.273707,0.020878,464.0,South Africa,ZAF,ZAF,20210217
0.335403,0.024983,0.337047,0.024953,359.0,South Korea,KOR,KOR,20210217
0.498789,0.016179,0.496862,0.01618,956.0,Spain,ESP,ESP,20210217
0.507622,0.018739,0.47398,0.018762,711.0,Sweden,SWE,SWE,20210217
0.45428,0.026591,0.480226,0.026501,354.0,Switzerland,CHE,CHE,20210217
0.479972,0.013184,0.519833,0.013184,1437.0,Taiwan,TWN,TWN,20210217
0.481104,0.017069,0.482517,0.017067,858.0,Thailand,THA,THA,20210217
0.362332,0.033056,0.316583,0.03416,199.0,Tunisia,TUN,TUN,20210217
0.264907,0.016418,0.284392,0.01606,756.0,Turkey,TUR,TUR,20210217
0.191589,0.011436,0.189626,0.011481,1176.0,Ukraine,UKR,UKR,20210217
0.521667,0.01992,0.502377,0.019902,631.0,United Kingdom,GBR,GBR,20210217
0.259627,0.025263,0.260726,0.025229,303.0,Uruguay,URY,URY,20210217
0.283557,0.022218,0.313501,0.021586,437.0,Venezuela,VEN,VEN,20210217
0.488593,0.010816,0.469014,0.010834,2130.0,Vietnam,VNM,VNM,20210217
0.349136,0.031067,0.379592,0.030517,245.0,Algeria,DZA,DZA,20210218
0.432268,0.014254,0.433884,0.014247,1210.0,Argentina,ARG,ARG,20210218
0.337201,0.02009,0.350442,0.019907,565.0,Australia,AUS,AUS,20210218
0.347787,0.025669,0.351585,0.025604,347.0,Austria,AUT,AUT,20210218
0.395531,0.037389,0.395349,0.037392,172.0,Bangladesh,BGD,BGD,20210218
0.1316,0.026779,0.13125,0.02681,160.0,Belarus,BLR,BLR,20210218
0.392416,0.027372,0.398754,0.027296,321.0,Belgium,BEL,BEL,20210218
0.336914,0.028624,0.368421,0.028047,285.0,Bolivia,BOL,BOL,20210218
0.408222,0.008758,0.412844,0.008743,3161.0,Brazil,BRA,BRA,20210218
0.261715,0.025541,0.264214,0.025463,299.0,Bulgaria,BGR,BGR,20210218
0.461967,0.016363,0.46071,0.016366,929.0,Canada,CAN,CAN,20210218
0.419371,0.025403,0.379781,0.025829,366.0,Chile,CHL,CHL,20210218
0.369086,0.015723,0.384134,0.015599,958.0,Colombia,COL,COL,20210218
0.462059,0.041667,0.458333,0.041692,144.0,Costa Rica,CRI,CRI,20210218
0.517616,0.040633,0.473684,0.040664,152.0,Croatia,HRV,HRV,20210218
0.45768,0.02022,0.457237,0.020222,608.0,Czech Republic,CZE,CZE,20210218
0.452813,0.03111,0.410359,0.031482,251.0,Denmark,DNK,DNK,20210218
0.331269,0.035886,0.30303,0.036753,165.0,Dominican Republic,DOM,DOM,20210218
0.42931,0.01991,0.411765,0.020025,612.0,Ecuador,ECU,ECU,20210218
0.251792,0.017853,0.279621,0.017265,633.0,Egypt,EGY,EGY,20210218
0.387056,0.036905,0.392045,0.03682,176.0,El Salvador,SLV,SLV,20210218
0.298904,0.045855,0.348624,0.04405,109.0,Finland,FIN,FIN,20210218
0.436193,0.009802,0.434324,0.009807,2558.0,France,FRA,FRA,20210218
0.406962,0.011132,0.406571,0.011134,1948.0,Germany,DEU,DEU,20210218
0.174771,0.031853,0.182432,0.031323,148.0,Ghana,GHA,GHA,20210218
0.367501,0.024038,0.375921,0.023927,407.0,Greece,GRC,GRC,20210218
0.239815,0.038197,0.315436,0.035097,149.0,Guatemala,GTM,GTM,20210218
0.379337,0.03982,0.405229,0.039357,153.0,Honduras,HND,HND,20210218
0.298828,0.040347,0.3,0.040302,130.0,Hong Kong,HKG,HKG,20210218
0.264905,0.015948,0.257636,0.016092,753.0,Hungary,HUN,HUN,20210218
0.388476,0.012664,0.404524,0.012576,1503.0,India,IND,IND,20210218
0.306762,0.01523,0.315451,0.015114,932.0,Indonesia,IDN,IDN,20210218
0.281161,0.023976,0.296703,0.023596,364.0,Iraq,IRQ,IRQ,20210218
0.295348,0.036767,0.292208,0.036881,154.0,Ireland,IRL,IRL,20210218
0.33811,0.011994,0.352645,0.011875,1588.0,Italy,ITA,ITA,20210218
0.312564,0.006859,0.324608,0.00679,4661.0,Japan,JPN,JPN,20210218
0.294728,0.037321,0.280822,0.037862,146.0,Jordan,JOR,JOR,20210218
0.122237,0.026255,0.095238,0.029298,126.0,Kazakhstan,KAZ,KAZ,20210218
0.195542,0.032609,0.217391,0.031355,161.0,Kenya,KEN,KEN,20210218
0.293826,0.046883,0.32,0.045781,100.0,Lebanon,LBN,LBN,20210218
0.282527,0.047258,0.33,0.04525,100.0,Libya,LBY,LBY,20210218
0.361662,0.024643,0.352785,0.024779,377.0,Malaysia,MYS,MYS,20210218
0.430315,0.009766,0.444402,0.009731,2590.0,Mexico,MEX,MEX,20210218
0.289229,0.048027,0.378641,0.044894,103.0,Nepal,NPL,NPL,20210218
0.40532,0.020816,0.378676,0.021069,544.0,Netherlands,NLD,NLD,20210218
0.418905,0.028245,0.418301,0.028251,306.0,New Zealand,NZL,NZL,20210218
0.406229,0.047093,0.409091,0.047042,110.0,Nicaragua,NIC,NIC,20210218
0.209248,0.023918,0.227273,0.023216,308.0,Nigeria,NGA,NGA,20210218
0.589598,0.030486,0.5,0.029992,270.0,Norway,NOR,NOR,20210218
0.338174,0.031423,0.385892,0.030538,241.0,Pakistan,PAK,PAK,20210218
0.28135,0.039216,0.294118,0.0387,136.0,Paraguay,PRY,PRY,20210218
0.36825,0.019473,0.394612,0.019216,631.0,Peru,PER,PER,20210218
0.320876,0.015084,0.319749,0.015098,957.0,Philippines,PHL,PHL,20210218
0.334846,0.018293,0.344675,0.018165,676.0,Poland,POL,POL,20210218
0.604744,0.01939,0.619427,0.019525,628.0,Portugal,PRT,PRT,20210218
0.399735,0.044539,0.358974,0.045481,117.0,"Puerto Rico, U.S.",PRI,PRI,20210218
0.365652,0.022996,0.364465,0.023012,439.0,Romania,ROU,ROU,20210218
0.149344,0.011491,0.135287,0.011974,887.0,Russia,RUS,RUS,20210218
0.339091,0.03881,0.326531,0.039179,147.0,Saudi Arabia,SAU,SAU,20210218
0.27151,0.028592,0.271605,0.028589,243.0,Serbia,SRB,SRB,20210218
0.322907,0.029749,0.325301,0.029692,249.0,Slovakia,SVK,SVK,20210218
0.271982,0.020662,0.306613,0.01994,499.0,South Africa,ZAF,ZAF,20210218
0.377038,0.027021,0.353503,0.027394,314.0,South Korea,KOR,KOR,20210218
0.505704,0.016854,0.496027,0.016854,881.0,Spain,ESP,ESP,20210218
0.51039,0.019133,0.473607,0.019156,682.0,Sweden,SWE,SWE,20210218
0.435797,0.026884,0.429412,0.026931,340.0,Switzerland,CHE,CHE,20210218
0.441153,0.013906,0.488012,0.013814,1293.0,Taiwan,TWN,TWN,20210218
0.46728,0.018303,0.472483,0.018292,745.0,Thailand,THA,THA,20210218
0.232179,0.028536,0.24,0.028211,225.0,Tunisia,TUN,TUN,20210218
0.29811,0.016386,0.303299,0.016306,788.0,Turkey,TUR,TUR,20210218
0.21061,0.012296,0.210191,0.012305,1099.0,Ukraine,UKR,UKR,20210218
0.454925,0.020774,0.452174,0.020785,575.0,United Kingdom,GBR,GBR,20210218
0.313135,0.026834,0.253788,0.028597,264.0,Uruguay,URY,URY,20210218
0.345705,0.024041,0.332468,0.02427,385.0,Venezuela,VEN,VEN,20210218
0.517034,0.01143,0.481695,0.011431,1912.0,Vietnam,VNM,VNM,20210218
0.32056,0.028088,0.299625,0.028615,267.0,Algeria,DZA,DZA,20210219
0.443281,0.015188,0.427495,0.015251,1062.0,Argentina,ARG,ARG,20210219
0.366137,0.021206,0.371154,0.021146,520.0,Australia,AUS,AUS,20210219
0.361561,0.02935,0.371324,0.029185,272.0,Austria,AUT,AUT,20210219
0.439578,0.036786,0.41989,0.036995,181.0,Bangladesh,BGD,BGD,20210219
0.16396,0.026427,0.122581,0.029835,155.0,Belarus,BLR,BLR,20210219
0.3571,0.029985,0.352941,0.030064,255.0,Belgium,BEL,BEL,20210219
0.349538,0.029664,0.337255,0.029919,255.0,Bolivia,BOL,BOL,20210219
0.387723,0.008952,0.404192,0.008888,3006.0,Brazil,BRA,BRA,20210219
0.287061,0.026917,0.27957,0.027133,279.0,Bulgaria,BGR,BGR,20210219
0.446188,0.017032,0.446659,0.01703,853.0,Canada,CAN,CAN,20210219
0.374522,0.025503,0.364146,0.025652,357.0,Chile,CHL,CHL,20210219
0.426839,0.017347,0.461911,0.01721,827.0,Colombia,COL,COL,20210219
0.40745,0.04207,0.478873,0.04138,142.0,Costa Rica,CRI,CRI,20210219
0.515231,0.039904,0.5,0.039886,158.0,Croatia,HRV,HRV,20210219
0.435387,0.020779,0.458333,0.020677,576.0,Czech Republic,CZE,CZE,20210219
0.381383,0.03291,0.373272,0.033049,217.0,Denmark,DNK,DNK,20210219
0.41874,0.039397,0.375,0.040148,152.0,Dominican Republic,DOM,DOM,20210219
0.422313,0.021645,0.440228,0.021536,527.0,Ecuador,ECU,ECU,20210219
0.267142,0.018098,0.302326,0.017436,645.0,Egypt,EGY,EGY,20210219
0.416012,0.037726,0.418605,0.037693,172.0,El Salvador,SLV,SLV,20210219
0.434498,0.010227,0.428266,0.010245,2342.0,France,FRA,FRA,20210219
0.409869,0.011317,0.425654,0.011256,1910.0,Germany,DEU,DEU,20210219
0.244986,0.035914,0.222222,0.037153,135.0,Ghana,GHA,GHA,20210219
0.353053,0.024469,0.383838,0.024047,396.0,Greece,GRC,GRC,20210219
0.39146,0.036769,0.437158,0.036179,183.0,Guatemala,GTM,GTM,20210219
0.237842,0.038693,0.261538,0.037486,130.0,Honduras,HND,HND,20210219
0.279854,0.041193,0.292683,0.040644,123.0,Hong Kong,HKG,HKG,20210219
0.263749,0.017055,0.256098,0.017218,656.0,Hungary,HUN,HUN,20210219
0.372008,0.012227,0.399751,0.012065,1606.0,India,IND,IND,20210219
0.267196,0.015587,0.294393,0.015133,856.0,Indonesia,IDN,IDN,20210219
0.312073,0.021666,0.289294,0.022139,439.0,Iraq,IRQ,IRQ,20210219
0.430421,0.042974,0.421053,0.043096,133.0,Ireland,IRL,IRL,20210219
0.329911,0.012479,0.354861,0.012263,1471.0,Italy,ITA,ITA,20210219
0.321401,0.006916,0.32446,0.006899,4583.0,Japan,JPN,JPN,20210219
0.196927,0.032532,0.258242,0.029559,182.0,Jordan,JOR,JOR,20210219
0.071824,0.025135,0.082645,0.02357,121.0,Kazakhstan,KAZ,KAZ,20210219
0.216143,0.030482,0.235897,0.029552,195.0,Kenya,KEN,KEN,20210219
0.42336,0.024641,0.452323,0.024461,409.0,Malaysia,MYS,MYS,20210219
0.433015,0.009976,0.448109,0.00994,2486.0,Mexico,MEX,MEX,20210219
0.285278,0.047661,0.416667,0.043653,108.0,Morocco,MAR,MAR,20210219
0.365327,0.04618,0.431034,0.044902,116.0,Nepal,NPL,NPL,20210219
0.366234,0.020047,0.363951,0.020074,577.0,Netherlands,NLD,NLD,20210219
0.398079,0.028751,0.398625,0.028745,291.0,New Zealand,NZL,NZL,20210219
0.230031,0.024762,0.224561,0.024973,285.0,Nigeria,NGA,NGA,20210219
0.571081,0.030773,0.498113,0.03046,265.0,Norway,NOR,NOR,20210219
0.353959,0.030649,0.369478,0.030366,249.0,Pakistan,PAK,PAK,20210219
0.323357,0.041612,0.379562,0.04011,137.0,Paraguay,PRY,PRY,20210219
0.380749,0.019584,0.386107,0.019533,619.0,Peru,PER,PER,20210219
0.299644,0.014788,0.300416,0.014777,962.0,Philippines,PHL,PHL,20210219
0.319275,0.018663,0.333333,0.018457,639.0,Poland,POL,POL,20210219
0.622276,0.020337,0.63864,0.020524,559.0,Portugal,PRT,PRT,20210219
0.369151,0.044323,0.344828,0.045,116.0,"Puerto Rico, U.S.",PRI,PRI,20210219
0.277153,0.02207,0.285714,0.021866,420.0,Romania,ROU,ROU,20210219
0.171883,0.012247,0.152149,0.012865,861.0,Russia,RUS,RUS,20210219
0.304998,0.035087,0.335165,0.034222,182.0,Saudi Arabia,SAU,SAU,20210219
0.399667,0.03356,0.383886,0.033801,211.0,Serbia,SRB,SRB,20210219
0.34037,0.03001,0.345238,0.029908,252.0,Slovakia,SVK,SVK,20210219
0.316229,0.046203,0.320388,0.046042,103.0,Slovenia,SVN,SVN,20210219
0.308196,0.020565,0.298387,0.020754,496.0,South Africa,ZAF,ZAF,20210219
0.334843,0.02726,0.337748,0.027202,302.0,South Korea,KOR,KOR,20210219
0.481602,0.016728,0.489933,0.016721,894.0,Spain,ESP,ESP,20210219
0.51104,0.019354,0.476762,0.01937,667.0,Sweden,SWE,SWE,20210219
0.46592,0.029495,0.454545,0.029549,286.0,Switzerland,CHE,CHE,20210219
0.479212,0.013785,0.489362,0.013776,1316.0,Taiwan,TWN,TWN,20210219
0.476161,0.018325,0.487248,0.01831,745.0,Thailand,THA,THA,20210219
0.279071,0.030826,0.309735,0.029903,226.0,Tunisia,TUN,TUN,20210219
0.300545,0.016878,0.293553,0.016993,729.0,Turkey,TUR,TUR,20210219
0.164186,0.012,0.174651,0.011709,1002.0,Ukraine,UKR,UKR,20210219
0.485761,0.022113,0.488281,0.02211,512.0,United Kingdom,GBR,GBR,20210219
0.313179,0.02889,0.282787,0.029752,244.0,Uruguay,URY,URY,20210219
0.270754,0.024211,0.273529,0.024134,340.0,Venezuela,VEN,VEN,20210219
0.487993,0.011961,0.485976,0.011963,1747.0,Vietnam,VNM,VNM,20210219
0.252986,0.028091,0.275591,0.027331,254.0,Algeria,DZA,DZA,20210220
0.446257,0.015578,0.437438,0.015611,1015.0,Argentina,ARG,ARG,20210220
0.360158,0.021108,0.371429,0.020971,525.0,Australia,AUS,AUS,20210220
0.366511,0.027529,0.374194,0.027412,310.0,Austria,AUT,AUT,20210220
0.297302,0.035509,0.295181,0.035583,166.0,Bangladesh,BGD,BGD,20210220
0.114168,0.028858,0.134752,0.026877,141.0,Belarus,BLR,BLR,20210220
0.360324,0.028624,0.368421,0.028488,285.0,Belgium,BEL,BEL,20210220
0.403136,0.029452,0.397112,0.029526,277.0,Bolivia,BOL,BOL,20210220
0.391437,0.009089,0.400413,0.009054,2907.0,Brazil,BRA,BRA,20210220
0.293285,0.028031,0.320144,0.027354,278.0,Bulgaria,BGR,BGR,20210220
0.408435,0.017271,0.410099,0.01726,812.0,Canada,CAN,CAN,20210220
0.346649,0.024916,0.346995,0.02491,366.0,Chile,CHL,CHL,20210220
0.432575,0.017762,0.439898,0.017728,782.0,Colombia,COL,COL,20210220
0.331128,0.042679,0.333333,0.042608,123.0,Costa Rica,CRI,CRI,20210220
0.259122,0.041379,0.350746,0.037993,134.0,Croatia,HRV,HRV,20210220
0.421661,0.020605,0.429066,0.020558,578.0,Czech Republic,CZE,CZE,20210220
0.394484,0.035381,0.384211,0.035551,190.0,Denmark,DNK,DNK,20210220
0.3633,0.038058,0.37037,0.037904,162.0,Dominican Republic,DOM,DOM,20210220
0.433132,0.023025,0.471338,0.022856,471.0,Ecuador,ECU,ECU,20210220
0.251155,0.019968,0.323636,0.018509,550.0,Egypt,EGY,EGY,20210220
0.314543,0.035685,0.335227,0.0351,176.0,El Salvador,SLV,SLV,20210220
0.41025,0.010203,0.419906,0.010168,2341.0,France,FRA,FRA,20210220
0.421113,0.011632,0.416249,0.01165,1797.0,Germany,DEU,DEU,20210220
0.278752,0.038766,0.276119,0.03888,134.0,Ghana,GHA,GHA,20210220
0.321111,0.024127,0.342784,0.023734,388.0,Greece,GRC,GRC,20210220
0.368811,0.039966,0.358621,0.040207,145.0,Guatemala,GTM,GTM,20210220
0.387032,0.041789,0.303279,0.044279,122.0,Honduras,HND,HND,20210220
0.393005,0.043132,0.382813,0.04334,128.0,Hong Kong,HKG,HKG,20210220
0.22882,0.015109,0.234772,0.014974,788.0,Hungary,HUN,HUN,20210220
0.371121,0.012221,0.387421,0.012119,1590.0,India,IND,IND,20210220
0.311279,0.016198,0.314702,0.01615,823.0,Indonesia,IDN,IDN,20210220
0.211114,0.021666,0.276347,0.019772,427.0,Iraq,IRQ,IRQ,20210220
0.448856,0.039276,0.43125,0.039445,160.0,Ireland,IRL,IRL,20210220
0.350778,0.012456,0.353021,0.012438,1473.0,Italy,ITA,ITA,20210220
0.321055,0.006733,0.332721,0.006671,4899.0,Japan,JPN,JPN,20210220
0.284518,0.03284,0.326829,0.031589,205.0,Jordan,JOR,JOR,20210220
0.241115,0.031901,0.136752,0.039717,117.0,Kazakhstan,KAZ,KAZ,20210220
0.198655,0.02642,0.187215,0.027023,219.0,Kenya,KEN,KEN,20210220
0.352301,0.026042,0.393768,0.025461,353.0,Malaysia,MYS,MYS,20210220
0.462956,0.010258,0.462124,0.01026,2363.0,Mexico,MEX,MEX,20210220
0.441361,0.046529,0.443478,0.046506,115.0,Nepal,NPL,NPL,20210220
0.34044,0.019839,0.338596,0.019865,570.0,Netherlands,NLD,NLD,20210220
0.453496,0.0304,0.428571,0.030582,266.0,New Zealand,NZL,NZL,20210220
0.189075,0.025116,0.217712,0.02383,271.0,Nigeria,NGA,NGA,20210220
0.497781,0.02946,0.427562,0.029774,283.0,Norway,NOR,NOR,20210220
0.411401,0.032251,0.391304,0.032518,230.0,Pakistan,PAK,PAK,20210220
0.377461,0.044328,0.321429,0.046011,112.0,Paraguay,PRY,PRY,20210220
0.383174,0.020338,0.387826,0.020292,575.0,Peru,PER,PER,20210220
0.294917,0.014698,0.302658,0.014589,978.0,Philippines,PHL,PHL,20210220
0.323131,0.019115,0.339837,0.018874,615.0,Poland,POL,POL,20210220
0.6232,0.019704,0.616393,0.019636,610.0,Portugal,PRT,PRT,20210220
0.307427,0.039014,0.333333,0.038188,147.0,"Puerto Rico, U.S.",PRI,PRI,20210220
0.344454,0.02284,0.351598,0.022731,438.0,Romania,ROU,ROU,20210220
0.118165,0.011761,0.128395,0.011349,810.0,Russia,RUS,RUS,20210220
0.340374,0.036256,0.39011,0.03522,182.0,Saudi Arabia,SAU,SAU,20210220
0.298662,0.032766,0.306533,0.032525,199.0,Serbia,SRB,SRB,20210220
0.361051,0.029619,0.354962,0.02973,262.0,Slovakia,SVK,SVK,20210220
0.397287,0.047093,0.409091,0.04687,110.0,Slovenia,SVN,SVN,20210220
0.307553,0.023853,0.32732,0.023458,388.0,South Africa,ZAF,ZAF,20210220
0.32626,0.02689,0.353312,0.026375,317.0,South Korea,KOR,KOR,20210220
0.411589,0.016882,0.436343,0.016752,864.0,Spain,ESP,ESP,20210220
0.476662,0.019765,0.455975,0.01982,636.0,Sweden,SWE,SWE,20210220
0.509172,0.029773,0.5053,0.02977,283.0,Switzerland,CHE,CHE,20210220
0.484613,0.014025,0.502358,0.014018,1272.0,Taiwan,TWN,TWN,20210220
0.485928,0.017748,0.447837,0.017839,786.0,Thailand,THA,THA,20210220
0.230755,0.033782,0.280899,0.031668,178.0,Tunisia,TUN,TUN,20210220
0.244453,0.016388,0.287025,0.015569,763.0,Turkey,TUR,TUR,20210220
0.206568,0.013049,0.202944,0.013135,951.0,Ukraine,UKR,UKR,20210220
0.439642,0.044533,0.281553,0.049145,103.0,United Arab Emirates,ARE,ARE,20210220
0.411201,0.021969,0.427165,0.021853,508.0,United Kingdom,GBR,GBR,20210220
0.290207,0.025848,0.236162,0.027621,271.0,Uruguay,URY,URY,20210220
0.308893,0.023736,0.303191,0.023859,376.0,Venezuela,VEN,VEN,20210220
0.508286,0.012544,0.488987,0.012545,1589.0,Vietnam,VNM,VNM,20210220
0.353488,0.030861,0.34728,0.030988,239.0,Algeria,DZA,DZA,20210221
0.430333,0.015085,0.434783,0.015066,1081.0,Argentina,ARG,ARG,20210221
0.365886,0.021108,0.382298,0.020923,531.0,Australia,AUS,AUS,20210221
0.386564,0.026558,0.39233,0.026487,339.0,Austria,AUT,AUT,20210221
0.348769,0.037188,0.383721,0.036445,172.0,Bangladesh,BGD,BGD,20210221
0.147013,0.027997,0.148148,0.027909,162.0,Belarus,BLR,BLR,20210221
0.361942,0.027803,0.365449,0.027745,301.0,Belgium,BEL,BEL,20210221
0.402941,0.030835,0.407843,0.030776,255.0,Bolivia,BOL,BOL,20210221
0.385868,0.008713,0.401453,0.008653,3166.0,Brazil,BRA,BRA,20210221
0.243551,0.024229,0.246057,0.024146,317.0,Bulgaria,BGR,BGR,20210221
0.480483,0.01666,0.467706,0.016682,898.0,Canada,CAN,CAN,20210221
0.340191,0.025306,0.333333,0.025433,348.0,Chile,CHL,CHL,20210221
0.396919,0.017519,0.433208,0.017298,801.0,Colombia,COL,COL,20210221
0.425768,0.046573,0.415929,0.046722,113.0,Costa Rica,CRI,CRI,20210221
0.411857,0.039849,0.452229,0.039405,157.0,Croatia,HRV,HRV,20210221
0.440269,0.020033,0.455574,0.019969,619.0,Czech Republic,CZE,CZE,20210221
0.488873,0.032442,0.459916,0.032539,237.0,Denmark,DNK,DNK,20210221
0.377992,0.041491,0.388489,0.041276,139.0,Dominican Republic,DOM,DOM,20210221
0.38489,0.022602,0.4238,0.022255,479.0,Ecuador,ECU,ECU,20210221
0.287066,0.017988,0.288189,0.017967,635.0,Egypt,EGY,EGY,20210221
0.326064,0.035796,0.351955,0.035136,179.0,El Salvador,SLV,SLV,20210221
0.425927,0.010242,0.429611,0.010231,2337.0,France,FRA,FRA,20210221
0.383931,0.011015,0.396351,0.010952,1973.0,Germany,DEU,DEU,20210221
0.279312,0.038941,0.263566,0.039656,129.0,Ghana,GHA,GHA,20210221
0.333417,0.024671,0.358839,0.024248,379.0,Greece,GRC,GRC,20210221
0.368725,0.035901,0.392473,0.035471,186.0,Guatemala,GTM,GTM,20210221
0.357995,0.040248,0.318519,0.041415,135.0,Honduras,HND,HND,20210221
0.348208,0.045187,0.311321,0.046492,106.0,Hong Kong,HKG,HKG,20210221
0.255307,0.015478,0.251588,0.015553,787.0,Hungary,HUN,HUN,20210221
0.350846,0.011675,0.372012,0.011527,1715.0,India,IND,IND,20210221
0.309075,0.015921,0.328358,0.015667,871.0,Indonesia,IDN,IDN,20210221
0.208084,0.021133,0.243961,0.019975,414.0,Iraq,IRQ,IRQ,20210221
0.315568,0.036429,0.312883,0.036514,163.0,Ireland,IRL,IRL,20210221
0.340765,0.012065,0.361689,0.011901,1587.0,Italy,ITA,ITA,20210221
0.318649,0.006739,0.332447,0.006665,4888.0,Japan,JPN,JPN,20210221
0.319107,0.030878,0.301802,0.031355,222.0,Jordan,JOR,JOR,20210221
0.181237,0.032383,0.173913,0.032911,138.0,Kazakhstan,KAZ,KAZ,20210221
0.185685,0.031091,0.219101,0.029228,178.0,Kenya,KEN,KEN,20210221
0.384787,0.024227,0.389163,0.024177,406.0,Malaysia,MYS,MYS,20210221
0.425038,0.010045,0.436013,0.010014,2438.0,Mexico,MEX,MEX,20210221
0.34019,0.045518,0.401709,0.043989,117.0,Nepal,NPL,NPL,20210221
0.402808,0.020363,0.392361,0.020454,576.0,Netherlands,NLD,NLD,20210221
0.487711,0.029012,0.496644,0.029004,298.0,New Zealand,NZL,NZL,20210221
0.196596,0.025195,0.203125,0.024888,256.0,Nigeria,NGA,NGA,20210221
0.542191,0.029062,0.498316,0.028958,297.0,Norway,NOR,NOR,20210221
0.414474,0.031392,0.412955,0.031409,247.0,Pakistan,PAK,PAK,20210221
0.377237,0.039621,0.340278,0.040532,144.0,Paraguay,PRY,PRY,20210221
0.40032,0.020711,0.407801,0.020649,564.0,Peru,PER,PER,20210221
0.291782,0.015657,0.335895,0.015069,911.0,Philippines,PHL,PHL,20210221
0.31534,0.017917,0.326531,0.017753,686.0,Poland,POL,POL,20210221
0.635867,0.018267,0.642961,0.018345,689.0,Portugal,PRT,PRT,20210221
0.335828,0.040193,0.308271,0.041107,133.0,"Puerto Rico, U.S.",PRI,PRI,20210221
0.29705,0.021477,0.304348,0.021329,460.0,Romania,ROU,ROU,20210221
0.132167,0.011772,0.135071,0.011664,844.0,Russia,RUS,RUS,20210221
0.332096,0.03602,0.28481,0.037587,158.0,Saudi Arabia,SAU,SAU,20210221
0.28981,0.030252,0.285714,0.03038,224.0,Serbia,SRB,SRB,20210221
0.310068,0.028133,0.307407,0.0282,270.0,Slovakia,SVK,SVK,20210221
0.430496,0.048038,0.4,0.048553,105.0,Slovenia,SVN,SVN,20210221
0.291722,0.020824,0.309717,0.020472,494.0,South Africa,ZAF,ZAF,20210221
0.311713,0.026783,0.344937,0.026098,316.0,South Korea,KOR,KOR,20210221
0.453598,0.016509,0.455543,0.016503,911.0,Spain,ESP,ESP,20210221
0.51197,0.018466,0.472678,0.018488,732.0,Sweden,SWE,SWE,20210221
0.516541,0.028443,0.503226,0.028428,310.0,Switzerland,CHE,CHE,20210221
0.484849,0.013553,0.496329,0.013547,1362.0,Taiwan,TWN,TWN,20210221
0.510075,0.017464,0.485366,0.017468,820.0,Thailand,THA,THA,20210221
0.408831,0.036216,0.361582,0.037057,177.0,Tunisia,TUN,TUN,20210221
0.288541,0.016233,0.317961,0.015794,824.0,Turkey,TUR,TUR,20210221
0.173588,0.012139,0.189655,0.011728,1044.0,Ukraine,UKR,UKR,20210221
0.461943,0.020322,0.462687,0.020319,603.0,United Kingdom,GBR,GBR,20210221
0.30377,0.027462,0.272727,0.028358,264.0,Uruguay,URY,URY,20210221
0.286303,0.024216,0.296919,0.023958,357.0,Venezuela,VEN,VEN,20210221
0.50644,0.012428,0.491044,0.012429,1619.0,Vietnam,VNM,VNM,20210221
0.38167,0.032606,0.336493,0.033523,211.0,Algeria,DZA,DZA,20210222
0.525358,0.014402,0.507463,0.014385,1206.0,Argentina,ARG,ARG,20210222
0.363687,0.02144,0.386847,0.021177,517.0,Australia,AUS,AUS,20210222
0.397569,0.027675,0.415094,0.027487,318.0,Austria,AUT,AUT,20210222
0.444681,0.037445,0.413793,0.037781,174.0,Bangladesh,BGD,BGD,20210222
0.20886,0.030833,0.190184,0.031937,163.0,Belarus,BLR,BLR,20210222
0.348055,0.026188,0.367647,0.025872,340.0,Belgium,BEL,BEL,20210222
0.368395,0.028611,0.380623,0.028424,289.0,Bolivia,BOL,BOL,20210222
0.41482,0.008389,0.417245,0.008382,3456.0,Brazil,BRA,BRA,20210222
0.319607,0.027053,0.340909,0.026615,308.0,Bulgaria,BGR,BGR,20210222
0.455252,0.016824,0.457859,0.016816,878.0,Canada,CAN,CAN,20210222
0.40216,0.023668,0.388235,0.023813,425.0,Chile,CHL,CHL,20210222
0.391242,0.016135,0.401515,0.016064,924.0,Colombia,COL,COL,20210222
0.448546,0.040903,0.473333,0.040744,150.0,Costa Rica,CRI,CRI,20210222
0.401994,0.039307,0.447205,0.038762,161.0,Croatia,HRV,HRV,20210222
0.42526,0.020053,0.448052,0.019935,616.0,Czech Republic,CZE,CZE,20210222
0.518094,0.032974,0.454148,0.033092,229.0,Denmark,DNK,DNK,20210222
0.331961,0.039544,0.358108,0.038841,148.0,Dominican Republic,DOM,DOM,20210222
0.404382,0.021212,0.424632,0.021061,544.0,Ecuador,ECU,ECU,20210222
0.304755,0.018803,0.309091,0.018729,605.0,Egypt,EGY,EGY,20210222
0.359446,0.033711,0.338384,0.034187,198.0,El Salvador,SLV,SLV,20210222
0.397533,0.049584,0.435644,0.048939,101.0,Finland,FIN,FIN,20210222
0.453812,0.010013,0.460266,0.010001,2479.0,France,FRA,FRA,20210222
0.367458,0.011014,0.385049,0.010912,1953.0,Germany,DEU,DEU,20210222
0.236791,0.035917,0.251701,0.035183,147.0,Ghana,GHA,GHA,20210222
0.330345,0.02489,0.367021,0.024288,376.0,Greece,GRC,GRC,20210222
0.398828,0.03663,0.371429,0.037121,175.0,Guatemala,GTM,GTM,20210222
0.247361,0.036966,0.260563,0.036337,142.0,Honduras,HND,HND,20210222
0.278067,0.04206,0.305785,0.040901,121.0,Hong Kong,HKG,HKG,20210222
0.238837,0.015686,0.247028,0.015507,757.0,Hungary,HUN,HUN,20210222
0.386448,0.011657,0.400452,0.011584,1768.0,India,IND,IND,20210222
0.309201,0.015772,0.316092,0.015678,870.0,Indonesia,IDN,IDN,20210222
0.205694,0.022875,0.248603,0.021393,358.0,Iraq,IRQ,IRQ,20210222
0.439787,0.042613,0.398496,0.043203,133.0,Ireland,IRL,IRL,20210222
0.188567,0.040936,0.21,0.039314,100.0,Israel,ISR,ISR,20210222
0.329423,0.012454,0.354336,0.012238,1476.0,Italy,ITA,ITA,20210222
0.31199,0.006621,0.338034,0.006484,5106.0,Japan,JPN,JPN,20210222
0.311361,0.031706,0.339286,0.031008,224.0,Jordan,JOR,JOR,20210222
0.19271,0.034573,0.173554,0.036006,121.0,Kazakhstan,KAZ,KAZ,20210222
0.169368,0.027599,0.191176,0.026325,204.0,Kenya,KEN,KEN,20210222
0.253221,0.047895,0.356436,0.043486,101.0,Libya,LBY,LBY,20210222
0.448725,0.025209,0.401055,0.025582,379.0,Malaysia,MYS,MYS,20210222
0.440033,0.009887,0.461266,0.009845,2543.0,Mexico,MEX,MEX,20210222
0.319993,0.046533,0.401786,0.044276,112.0,Morocco,MAR,MAR,20210222
0.428653,0.046152,0.403509,0.046555,114.0,Nepal,NPL,NPL,20210222
0.387687,0.019653,0.369205,0.019841,604.0,Netherlands,NLD,NLD,20210222
0.43168,0.029428,0.41844,0.029548,282.0,New Zealand,NZL,NZL,20210222
0.368398,0.027294,0.270677,0.029632,266.0,Nigeria,NGA,NGA,20210222
0.539361,0.029293,0.482877,0.02922,292.0,Norway,NOR,NOR,20210222
0.454572,0.032021,0.446281,0.032075,242.0,Pakistan,PAK,PAK,20210222
0.361179,0.048242,0.36,0.048276,100.0,Panama,PAN,PAN,20210222
0.422794,0.04305,0.459259,0.042675,135.0,Paraguay,PRY,PRY,20210222
0.378298,0.018644,0.38326,0.018597,681.0,Peru,PER,PER,20210222
0.298571,0.014936,0.320368,0.014648,977.0,Philippines,PHL,PHL,20210222
0.289882,0.017599,0.308696,0.017285,690.0,Poland,POL,POL,20210222
0.586916,0.021266,0.603774,0.021408,530.0,Portugal,PRT,PRT,20210222
0.360155,0.037228,0.305195,0.038809,154.0,"Puerto Rico, U.S.",PRI,PRI,20210222
0.299032,0.021828,0.316484,0.021487,455.0,Romania,ROU,ROU,20210222
0.155519,0.012085,0.144208,0.012467,846.0,Russia,RUS,RUS,20210222
0.233783,0.035705,0.273885,0.033886,157.0,Saudi Arabia,SAU,SAU,20210222
0.339766,0.033782,0.356436,0.033407,202.0,Serbia,SRB,SRB,20210222
0.337809,0.030071,0.354331,0.029735,254.0,Slovakia,SVK,SVK,20210222
0.303965,0.021694,0.28833,0.022028,437.0,South Africa,ZAF,ZAF,20210222
0.30746,0.025988,0.337349,0.025363,332.0,South Korea,KOR,KOR,20210222
0.45087,0.016563,0.474725,0.016504,910.0,Spain,ESP,ESP,20210222
0.296593,0.047256,0.336634,0.045676,101.0,Sudan,SDN,SDN,20210222
0.513125,0.018931,0.485673,0.018932,698.0,Sweden,SWE,SWE,20210222
0.478577,0.028163,0.487342,0.028146,316.0,Switzerland,CHE,CHE,20210222
0.467769,0.014136,0.494409,0.014107,1252.0,Taiwan,TWN,TWN,20210222
0.449992,0.018023,0.485714,0.01794,770.0,Thailand,THA,THA,20210222
0.28331,0.032889,0.291667,0.032605,192.0,Tunisia,TUN,TUN,20210222
0.328555,0.017036,0.315436,0.01722,745.0,Turkey,TUR,TUR,20210222
0.196524,0.01253,0.205005,0.012334,1039.0,Ukraine,UKR,UKR,20210222
0.453342,0.021287,0.459016,0.021266,549.0,United Kingdom,GBR,GBR,20210222
0.366996,0.026683,0.298305,0.02811,295.0,Uruguay,URY,URY,20210222
0.374269,0.024513,0.37018,0.024568,389.0,Venezuela,VEN,VEN,20210222
0.486582,0.012786,0.485284,0.012787,1529.0,Vietnam,VNM,VNM,20210222
0.304193,0.029132,0.319066,0.028754,257.0,Algeria,DZA,DZA,20210223
0.517443,0.01498,0.503139,0.014971,1115.0,Argentina,ARG,ARG,20210223
0.407505,0.020449,0.418525,0.020368,583.0,Australia,AUS,AUS,20210223
0.381737,0.028642,0.393836,0.028479,292.0,Austria,AUT,AUT,20210223
0.384206,0.038284,0.409639,0.037867,166.0,Bangladesh,BGD,BGD,20210223
0.127011,0.023386,0.091503,0.027009,153.0,Belarus,BLR,BLR,20210223
0.390128,0.027164,0.391975,0.027141,324.0,Belgium,BEL,BEL,20210223
0.306878,0.028696,0.354839,0.027661,279.0,Bolivia,BOL,BOL,20210223
0.422692,0.008458,0.422626,0.008458,3412.0,Brazil,BRA,BRA,20210223
0.267195,0.026984,0.304795,0.02594,292.0,Bulgaria,BGR,BGR,20210223
0.437042,0.016704,0.444695,0.016674,886.0,Canada,CAN,CAN,20210223
0.41113,0.024362,0.39604,0.02451,404.0,Chile,CHL,CHL,20210223
0.419357,0.016676,0.411697,0.01672,872.0,Colombia,COL,COL,20210223
0.450827,0.042963,0.432836,0.043145,134.0,Costa Rica,CRI,CRI,20210223
0.418309,0.038436,0.412121,0.038519,165.0,Croatia,HRV,HRV,20210223
0.477022,0.02008,0.499195,0.020059,621.0,Czech Republic,CZE,CZE,20210223
0.446329,0.032321,0.418803,0.032567,234.0,Denmark,DNK,DNK,20210223
0.361166,0.041829,0.398551,0.041038,138.0,Dominican Republic,DOM,DOM,20210223
0.393164,0.021646,0.420345,0.02142,521.0,Ecuador,ECU,ECU,20210223
0.235828,0.017485,0.262992,0.01686,635.0,Egypt,EGY,EGY,20210223
0.384567,0.034613,0.386935,0.034574,199.0,El Salvador,SLV,SLV,20210223
0.417315,0.01003,0.428982,0.009993,2436.0,France,FRA,FRA,20210223
0.395862,0.011057,0.404363,0.011018,1971.0,Germany,DEU,DEU,20210223
0.258801,0.037742,0.262774,0.037556,137.0,Ghana,GHA,GHA,20210223
0.3512,0.024656,0.362205,0.024487,381.0,Greece,GRC,GRC,20210223
0.272585,0.033202,0.325,0.031566,200.0,Guatemala,GTM,GTM,20210223
0.367303,0.043431,0.352459,0.043825,122.0,Honduras,HND,HND,20210223
0.290982,0.041678,0.275862,0.042356,116.0,Hong Kong,HKG,HKG,20210223
0.23886,0.015166,0.234315,0.015267,781.0,Hungary,HUN,HUN,20210223
0.384764,0.011461,0.38806,0.011442,1809.0,India,IND,IND,20210223
0.334489,0.015882,0.332577,0.015905,881.0,Indonesia,IDN,IDN,20210223
0.307091,0.023135,0.280423,0.023758,378.0,Iraq,IRQ,IRQ,20210223
0.424919,0.038951,0.378205,0.039706,156.0,Ireland,IRL,IRL,20210223
0.315994,0.012316,0.340311,0.012085,1481.0,Italy,ITA,ITA,20210223
0.317209,0.006968,0.345708,0.006818,4660.0,Japan,JPN,JPN,20210223
0.273667,0.03034,0.252427,0.031139,206.0,Jordan,JOR,JOR,20210223
0.216994,0.034897,0.231293,0.034114,147.0,Kazakhstan,KAZ,KAZ,20210223
0.214529,0.030925,0.236842,0.029859,190.0,Kenya,KEN,KEN,20210223
0.466221,0.025287,0.408971,0.025658,379.0,Malaysia,MYS,MYS,20210223
0.426644,0.00979,0.445306,0.009743,2578.0,Mexico,MEX,MEX,20210223
0.39385,0.047172,0.355769,0.048143,104.0,Morocco,MAR,MAR,20210223
0.347107,0.047382,0.427273,0.045597,110.0,Nepal,NPL,NPL,20210223
0.403595,0.020228,0.394872,0.020302,585.0,Netherlands,NLD,NLD,20210223
0.410856,0.026465,0.401163,0.026565,344.0,New Zealand,NZL,NZL,20210223
0.369247,0.048355,0.382353,0.048021,102.0,Nicaragua,NIC,NIC,20210223
0.21701,0.027196,0.274074,0.025133,270.0,Nigeria,NGA,NGA,20210223
0.506972,0.029222,0.474403,0.029257,293.0,Norway,NOR,NOR,20210223
0.288853,0.029987,0.369231,0.028162,260.0,Pakistan,PAK,PAK,20210223
0.319057,0.03802,0.317881,0.038058,151.0,Paraguay,PRY,PRY,20210223
0.387274,0.019086,0.416168,0.018862,668.0,Peru,PER,PER,20210223
0.325728,0.015143,0.320715,0.015205,951.0,Philippines,PHL,PHL,20210223
0.299502,0.017781,0.324207,0.017399,694.0,Poland,POL,POL,20210223
0.644545,0.020484,0.648897,0.020541,544.0,Portugal,PRT,PRT,20210223
0.397418,0.040019,0.316176,0.042118,136.0,"Puerto Rico, U.S.",PRI,PRI,20210223
0.290206,0.021704,0.30989,0.021301,455.0,Romania,ROU,ROU,20210223
0.140145,0.011732,0.149351,0.011426,924.0,Russia,RUS,RUS,20210223
0.328327,0.038616,0.337748,0.038343,151.0,Saudi Arabia,SAU,SAU,20210223
0.277253,0.029796,0.29661,0.029201,236.0,Serbia,SRB,SRB,20210223
0.363365,0.030047,0.359375,0.030119,256.0,Slovakia,SVK,SVK,20210223
0.338282,0.04738,0.371429,0.046394,105.0,Slovenia,SVN,SVN,20210223
0.31664,0.021238,0.32582,0.021079,488.0,South Africa,ZAF,ZAF,20210223
0.332976,0.026982,0.322259,0.027209,301.0,South Korea,KOR,KOR,20210223
0.440606,0.017105,0.46831,0.017018,852.0,Spain,ESP,ESP,20210223
0.53584,0.018716,0.464135,0.018716,711.0,Sweden,SWE,SWE,20210223
0.454451,0.026728,0.454023,0.02673,348.0,Switzerland,CHE,CHE,20210223
0.484582,0.013819,0.520642,0.013824,1308.0,Taiwan,TWN,TWN,20210223
0.478646,0.017538,0.476601,0.017541,812.0,Thailand,THA,THA,20210223
0.320917,0.037678,0.326923,0.037497,156.0,Tunisia,TUN,TUN,20210223
0.325308,0.016636,0.333333,0.016533,804.0,Turkey,TUR,TUR,20210223
0.193266,0.012076,0.194419,0.012049,1075.0,Ukraine,UKR,UKR,20210223
0.45309,0.022463,0.442857,0.022511,490.0,United Kingdom,GBR,GBR,20210223
0.36625,0.027888,0.343643,0.028291,291.0,Uruguay,URY,URY,20210223
0.304725,0.023461,0.31202,0.023308,391.0,Venezuela,VEN,VEN,20210223
0.522412,0.013474,0.519622,0.01347,1376.0,Vietnam,VNM,VNM,20210223
