pct_hes_religious,hes_religious_se,pct_hes_religious_unw,hes_religious_se_unw,sample_size,country,iso_code,gid_0,survey_date
0.019282,0.01084,0.029046,0.008877,241.0,Algeria,DZA,DZA,20210206
0.010096,0.002868,0.008637,0.003099,1042.0,Argentina,ARG,ARG,20210206
0.019107,0.005248,0.016722,0.005603,598.0,Australia,AUS,AUS,20210206
0.027325,0.010579,0.026201,0.010797,229.0,Austria,AUT,AUT,20210206
0.009741,0.010024,0.020202,0.006997,198.0,Bangladesh,BGD,BGD,20210206
0.0,0.0,0.0,0.0,136.0,Belarus,BLR,BLR,20210206
0.012843,0.00623,0.01083,0.006778,277.0,Belgium,BEL,BEL,20210206
0.013648,0.005697,0.009901,0.006677,303.0,Bolivia,BOL,BOL,20210206
0.018738,0.002291,0.014031,0.002641,2637.0,Brazil,BRA,BRA,20210206
0.004233,0.003984,0.003984,0.004106,251.0,Bulgaria,BGR,BGR,20210206
0.021833,0.004952,0.019355,0.005253,775.0,Canada,CAN,CAN,20210206
0.024645,0.006741,0.020408,0.007391,441.0,Chile,CHL,CHL,20210206
0.014798,0.003728,0.014042,0.003826,997.0,Colombia,COL,COL,20210206
0.026003,0.016977,0.029703,0.015914,101.0,Costa Rica,CRI,CRI,20210206
0.007505,0.009924,0.014085,0.007268,142.0,Croatia,HRV,HRV,20210206
0.017738,0.006024,0.017167,0.006121,466.0,Czech Republic,CZE,CZE,20210206
0.0,0.0,0.0,0.0,186.0,Denmark,DNK,DNK,20210206
0.005317,0.006369,0.006369,0.005823,157.0,Dominican Republic,DOM,DOM,20210206
0.014481,0.005562,0.0125,0.005981,400.0,Ecuador,ECU,ECU,20210206
0.025462,0.006164,0.020638,0.00683,533.0,Egypt,EGY,EGY,20210206
0.0,0.0,0.0,0.0,176.0,El Salvador,SLV,SLV,20210206
0.005446,0.001481,0.004695,0.001595,2130.0,France,FRA,FRA,20210206
0.012918,0.003288,0.018474,0.002757,1678.0,Germany,DEU,DEU,20210206
0.011454,0.009459,0.013423,0.008747,149.0,Ghana,GHA,GHA,20210206
0.019906,0.007097,0.020253,0.007037,395.0,Greece,GRC,GRC,20210206
0.034191,0.015554,0.041916,0.014104,167.0,Guatemala,GTM,GTM,20210206
0.012882,0.007194,0.007194,0.009599,139.0,Honduras,HND,HND,20210206
0.008112,0.00885,0.00885,0.008476,113.0,Hong Kong,HKG,HKG,20210206
0.021649,0.00467,0.011494,0.006376,522.0,Hungary,HUN,HUN,20210206
0.013615,0.003269,0.015797,0.003038,1456.0,India,IND,IND,20210206
0.036677,0.005951,0.030806,0.006474,844.0,Indonesia,IDN,IDN,20210206
0.026614,0.003663,0.003663,0.009759,273.0,Iraq,IRQ,IRQ,20210206
0.007645,0.00813,0.00813,0.007886,123.0,Ireland,IRL,IRL,20210206
0.010308,0.01021,0.014493,0.008629,138.0,Israel,ISR,ISR,20210206
0.006056,0.002287,0.006488,0.00221,1233.0,Italy,ITA,ITA,20210206
0.002529,0.000613,0.002127,0.000669,5643.0,Japan,JPN,JPN,20210206
0.003234,0.007299,0.007299,0.004868,137.0,Jordan,JOR,JOR,20210206
0.0,0.0,0.0,0.0,116.0,Kazakhstan,KAZ,KAZ,20210206
0.03082,0.012156,0.02454,0.013579,163.0,Kenya,KEN,KEN,20210206
0.027252,0.012243,0.017391,0.015249,115.0,Lebanon,LBN,LBN,20210206
0.023457,0.006614,0.017632,0.007606,397.0,Malaysia,MYS,MYS,20210206
0.013595,0.001658,0.007056,0.002293,2551.0,Mexico,MEX,MEX,20210206
0.016452,0.017145,0.03,0.012785,100.0,Morocco,MAR,MAR,20210206
0.0,0.0,0.0,0.0,114.0,Nepal,NPL,NPL,20210206
0.035803,0.007687,0.026966,0.008818,445.0,Netherlands,NLD,NLD,20210206
0.039242,0.012373,0.035556,0.012974,225.0,New Zealand,NZL,NZL,20210206
0.037941,0.007985,0.017986,0.011479,278.0,Nigeria,NGA,NGA,20210206
0.035267,0.005601,0.007937,0.011643,252.0,Norway,NOR,NOR,20210206
0.024244,0.011465,0.025907,0.0111,193.0,Pakistan,PAK,PAK,20210206
0.007571,0.008333,0.008333,0.007946,120.0,Paraguay,PRY,PRY,20210206
0.016662,0.004405,0.013294,0.004923,677.0,Peru,PER,PER,20210206
0.019212,0.004349,0.015171,0.004884,791.0,Philippines,PHL,PHL,20210206
0.018037,0.004845,0.011928,0.00594,503.0,Poland,POL,POL,20210206
0.00141,0.001706,0.001706,0.001551,586.0,Portugal,PRT,PRT,20210206
0.045661,0.008197,0.008197,0.018977,122.0,"Puerto Rico, U.S.",PRI,PRI,20210206
0.012387,0.005784,0.014252,0.005397,421.0,Romania,ROU,ROU,20210206
0.00832,0.003246,0.008621,0.00319,812.0,Russia,RUS,RUS,20210206
0.033241,0.009212,0.016043,0.013144,187.0,Saudi Arabia,SAU,SAU,20210206
0.01747,0.006271,0.008889,0.008754,225.0,Serbia,SRB,SRB,20210206
0.0029,0.004808,0.004808,0.003738,208.0,Slovakia,SVK,SVK,20210206
0.026067,0.014071,0.02,0.016014,100.0,Slovenia,SVN,SVN,20210206
0.077175,0.011589,0.054545,0.013619,385.0,South Africa,ZAF,ZAF,20210206
0.008294,0.006388,0.014368,0.004869,348.0,South Korea,KOR,KOR,20210206
0.000626,0.001034,0.001034,0.000805,967.0,Spain,ESP,ESP,20210206
0.002717,0.002785,0.004831,0.00209,621.0,Sweden,SWE,SWE,20210206
0.011878,0.005329,0.009259,0.006028,324.0,Switzerland,CHE,CHE,20210206
0.0,0.0,0.0,0.0,1227.0,Taiwan,TWN,TWN,20210206
0.004527,0.002694,0.006039,0.002334,828.0,Thailand,THA,THA,20210206
0.004822,0.005348,0.005348,0.005079,187.0,Tunisia,TUN,TUN,20210206
0.005349,0.002146,0.003722,0.002571,806.0,Turkey,TUR,TUR,20210206
0.01315,0.003872,0.014054,0.003748,925.0,Ukraine,UKR,UKR,20210206
0.01826,0.005272,0.015009,0.005805,533.0,United Kingdom,GBR,GBR,20210206
0.005837,0.005492,0.007782,0.004761,257.0,Uruguay,URY,URY,20210206
0.004605,0.002809,0.002809,0.003593,356.0,Venezuela,VEN,VEN,20210206
0.002872,0.001994,0.005654,0.001423,1415.0,Vietnam,VNM,VNM,20210206
0.016978,0.005856,0.008299,0.008339,241.0,Algeria,DZA,DZA,20210207
0.004327,0.001812,0.00363,0.001978,1102.0,Argentina,ARG,ARG,20210207
0.015475,0.004694,0.013356,0.005047,599.0,Australia,AUS,AUS,20210207
0.026702,0.008519,0.021053,0.009566,285.0,Austria,AUT,AUT,20210207
0.050942,0.012926,0.041667,0.014223,240.0,Bangladesh,BGD,BGD,20210207
0.010025,0.008198,0.011628,0.007618,172.0,Belarus,BLR,BLR,20210207
0.012945,0.006568,0.013201,0.006504,303.0,Belgium,BEL,BEL,20210207
0.028199,0.008762,0.021661,0.009964,277.0,Bolivia,BOL,BOL,20210207
0.017965,0.002313,0.013975,0.002617,2576.0,Brazil,BRA,BRA,20210207
0.004487,0.003344,0.003344,0.003871,299.0,Bulgaria,BGR,BGR,20210207
0.027143,0.005208,0.024719,0.00545,890.0,Canada,CAN,CAN,20210207
0.016314,0.006278,0.017897,0.005998,447.0,Chile,CHL,CHL,20210207
0.015091,0.00382,0.014388,0.00391,973.0,Colombia,COL,COL,20210207
0.006714,0.008866,0.012579,0.006497,159.0,Croatia,HRV,HRV,20210207
0.010239,0.00533,0.013129,0.004714,457.0,Czech Republic,CZE,CZE,20210207
0.010214,0.004975,0.004975,0.00711,201.0,Denmark,DNK,DNK,20210207
0.023868,0.012616,0.025478,0.012221,157.0,Dominican Republic,DOM,DOM,20210207
0.008259,0.004407,0.007653,0.004577,392.0,Ecuador,ECU,ECU,20210207
0.007956,0.004102,0.00823,0.004034,486.0,Egypt,EGY,EGY,20210207
0.021058,0.00902,0.015707,0.010416,191.0,El Salvador,SLV,SLV,20210207
0.003654,0.001222,0.00346,0.001255,2312.0,France,FRA,FRA,20210207
0.017037,0.003038,0.016204,0.003114,1728.0,Germany,DEU,DEU,20210207
0.014842,0.010137,0.014388,0.010293,139.0,Ghana,GHA,GHA,20210207
0.005837,0.003479,0.004926,0.003785,406.0,Greece,GRC,GRC,20210207
0.057461,0.016597,0.041379,0.019393,145.0,Guatemala,GTM,GTM,20210207
0.014014,0.010824,0.018868,0.009352,159.0,Honduras,HND,HND,20210207
0.005668,0.008772,0.008772,0.007062,114.0,Hong Kong,HKG,HKG,20210207
0.015356,0.004886,0.014754,0.004983,610.0,Hungary,HUN,HUN,20210207
0.005663,0.002728,0.010256,0.002032,1365.0,India,IND,IND,20210207
0.03512,0.00616,0.031902,0.006452,815.0,Indonesia,IDN,IDN,20210207
0.000598,0.004237,0.004237,0.001595,236.0,Iraq,IRQ,IRQ,20210207
0.021904,0.010673,0.015152,0.012788,132.0,Ireland,IRL,IRL,20210207
0.068288,0.019435,0.052632,0.021955,133.0,Israel,ISR,ISR,20210207
0.003487,0.00149,0.002983,0.00161,1341.0,Italy,ITA,ITA,20210207
0.002085,0.000679,0.002354,0.000639,5098.0,Japan,JPN,JPN,20210207
0.002471,0.006803,0.006803,0.004109,147.0,Jordan,JOR,JOR,20210207
0.0,0.0,0.0,0.0,107.0,Kazakhstan,KAZ,KAZ,20210207
0.024097,0.012156,0.02454,0.012048,163.0,Kenya,KEN,KEN,20210207
0.013181,0.008772,0.008772,0.010729,114.0,Lebanon,LBN,LBN,20210207
0.019342,0.007393,0.021108,0.007084,379.0,Malaysia,MYS,MYS,20210207
0.008001,0.001735,0.007386,0.001805,2437.0,Mexico,MEX,MEX,20210207
0.010259,0.016034,0.028037,0.009787,107.0,Nepal,NPL,NPL,20210207
0.030316,0.00743,0.023753,0.008366,421.0,Netherlands,NLD,NLD,20210207
0.020487,0.008437,0.019011,0.008752,263.0,New Zealand,NZL,NZL,20210207
0.020279,0.00909,0.024306,0.00832,288.0,Nigeria,NGA,NGA,20210207
0.0,0.0,0.0,0.0,282.0,Norway,NOR,NOR,20210207
0.027893,0.012289,0.0375,0.010651,240.0,Pakistan,PAK,PAK,20210207
0.021246,0.013321,0.023256,0.012746,129.0,Paraguay,PRY,PRY,20210207
0.017684,0.004438,0.013393,0.005088,672.0,Peru,PER,PER,20210207
0.011744,0.003708,0.01118,0.003799,805.0,Philippines,PHL,PHL,20210207
0.020527,0.006098,0.023064,0.00576,607.0,Poland,POL,POL,20210207
0.0,0.0,0.0,0.0,636.0,Portugal,PRT,PRT,20210207
0.023289,0.012459,0.021739,0.012885,138.0,"Puerto Rico, U.S.",PRI,PRI,20210207
0.021133,0.006647,0.017722,0.007246,395.0,Romania,ROU,ROU,20210207
0.017387,0.003365,0.009558,0.004521,837.0,Russia,RUS,RUS,20210207
0.006857,0.007042,0.007042,0.006949,142.0,Saudi Arabia,SAU,SAU,20210207
0.014959,0.010497,0.021164,0.008853,189.0,Serbia,SRB,SRB,20210207
0.02848,0.01155,0.030973,0.011089,226.0,Slovakia,SVK,SVK,20210207
0.074008,0.010839,0.053364,0.012624,431.0,South Africa,ZAF,ZAF,20210207
0.0,0.0,0.0,0.0,289.0,South Korea,KOR,KOR,20210207
0.009349,0.001937,0.00388,0.002999,1031.0,Spain,ESP,ESP,20210207
0.001487,0.002002,0.002833,0.001451,706.0,Sweden,SWE,SWE,20210207
0.019429,0.006859,0.015432,0.00768,324.0,Switzerland,CHE,CHE,20210207
0.001516,0.000842,0.000842,0.00113,1187.0,Taiwan,TWN,TWN,20210207
0.008033,0.003114,0.007653,0.00319,784.0,Thailand,THA,THA,20210207
0.007934,0.005808,0.00823,0.005703,243.0,Tunisia,TUN,TUN,20210207
0.01393,0.003353,0.008906,0.004183,786.0,Turkey,TUR,TUR,20210207
0.011986,0.003599,0.012539,0.00352,957.0,Ukraine,UKR,UKR,20210207
0.018627,0.005119,0.015464,0.005609,582.0,United Kingdom,GBR,GBR,20210207
0.009202,0.004065,0.004065,0.0061,246.0,Uruguay,URY,URY,20210207
0.008265,0.006538,0.014706,0.004917,340.0,Venezuela,VEN,VEN,20210207
0.006831,0.002343,0.007435,0.002247,1345.0,Vietnam,VNM,VNM,20210207
0.039406,0.012482,0.035874,0.013058,223.0,Algeria,DZA,DZA,20210208
0.009348,0.002703,0.009002,0.002754,1222.0,Argentina,ARG,ARG,20210208
0.007994,0.003937,0.008834,0.003746,566.0,Australia,AUS,AUS,20210208
0.03564,0.01061,0.030418,0.011454,263.0,Austria,AUT,AUT,20210208
0.031086,0.013651,0.044053,0.011544,227.0,Bangladesh,BGD,BGD,20210208
0.007084,0.007092,0.007092,0.007088,141.0,Belarus,BLR,BLR,20210208
0.008313,0.00477,0.006757,0.005286,296.0,Belgium,BEL,BEL,20210208
0.011424,0.00566,0.009836,0.006095,305.0,Bolivia,BOL,BOL,20210208
0.019372,0.002342,0.015295,0.002631,2746.0,Brazil,BRA,BRA,20210208
0.0,0.0,0.0,0.0,288.0,Bulgaria,BGR,BGR,20210208
0.005838,0.003126,0.007682,0.002728,781.0,Canada,CAN,CAN,20210208
0.007135,0.003125,0.004425,0.003963,452.0,Chile,CHL,CHL,20210208
0.02918,0.004215,0.018537,0.00526,1025.0,Colombia,COL,COL,20210208
0.045479,0.013404,0.019048,0.020431,105.0,Costa Rica,CRI,CRI,20210208
0.006904,0.006849,0.006849,0.006876,146.0,Croatia,HRV,HRV,20210208
0.013716,0.005932,0.015801,0.005532,443.0,Czech Republic,CZE,CZE,20210208
0.011303,0.006882,0.009756,0.007401,205.0,Denmark,DNK,DNK,20210208
0.042057,0.015949,0.039735,0.016389,151.0,Dominican Republic,DOM,DOM,20210208
0.025409,0.003324,0.004706,0.007642,425.0,Ecuador,ECU,ECU,20210208
0.006586,0.00449,0.010081,0.003636,496.0,Egypt,EGY,EGY,20210208
0.0,0.0,0.0,0.0,187.0,El Salvador,SLV,SLV,20210208
0.005404,0.001367,0.00411,0.001567,2190.0,France,FRA,FRA,20210208
0.010753,0.002508,0.010391,0.002551,1636.0,Germany,DEU,DEU,20210208
0.024594,0.012847,0.02907,0.011844,172.0,Ghana,GHA,GHA,20210208
0.005722,0.003576,0.005063,0.0038,395.0,Greece,GRC,GRC,20210208
0.022593,0.01237,0.021583,0.01265,139.0,Guatemala,GTM,GTM,20210208
0.049657,0.012537,0.025316,0.017337,158.0,Honduras,HND,HND,20210208
0.008598,0.003796,0.008518,0.003814,587.0,Hungary,HUN,HUN,20210208
0.009486,0.003433,0.015468,0.002697,1293.0,India,IND,IND,20210208
0.045731,0.007234,0.045618,0.007242,833.0,Indonesia,IDN,IDN,20210208
0.036465,0.011759,0.035857,0.011855,251.0,Iraq,IRQ,IRQ,20210208
0.013103,0.010065,0.014286,0.009645,140.0,Ireland,IRL,IRL,20210208
0.025656,0.018257,0.037037,0.015285,108.0,Israel,ISR,ISR,20210208
0.00739,0.001954,0.005181,0.002331,1351.0,Italy,ITA,ITA,20210208
0.001521,0.000732,0.002538,0.000567,4728.0,Japan,JPN,JPN,20210208
0.020675,0.014333,0.028986,0.012157,138.0,Jordan,JOR,JOR,20210208
0.011317,0.009009,0.009009,0.010085,111.0,Kazakhstan,KAZ,KAZ,20210208
0.006366,0.009855,0.013986,0.006674,143.0,Kenya,KEN,KEN,20210208
0.028405,0.007511,0.021448,0.008613,373.0,Malaysia,MYS,MYS,20210208
0.004051,0.001103,0.003125,0.001256,2560.0,Mexico,MEX,MEX,20210208
0.006306,0.012683,0.018018,0.007547,111.0,Morocco,MAR,MAR,20210208
0.0,0.0,0.0,0.0,118.0,Nepal,NPL,NPL,20210208
0.041236,0.007075,0.024793,0.009047,484.0,Netherlands,NLD,NLD,20210208
0.014351,0.007012,0.012195,0.007598,246.0,New Zealand,NZL,NZL,20210208
0.041014,0.012896,0.043651,0.012518,252.0,Nigeria,NGA,NGA,20210208
0.00854,0.006321,0.010989,0.005579,273.0,Norway,NOR,NOR,20210208
0.034607,0.012373,0.035556,0.012213,225.0,Pakistan,PAK,PAK,20210208
0.010351,0.013636,0.02381,0.009053,126.0,Paraguay,PRY,PRY,20210208
0.024099,0.005868,0.022187,0.00611,631.0,Peru,PER,PER,20210208
0.035941,0.00465,0.017544,0.006594,798.0,Philippines,PHL,PHL,20210208
0.001453,0.001869,0.001869,0.001648,535.0,Poland,POL,POL,20210208
0.000809,0.001724,0.001724,0.001182,580.0,Portugal,PRT,PRT,20210208
0.029137,0.013556,0.027397,0.013967,146.0,"Puerto Rico, U.S.",PRI,PRI,20210208
0.013162,0.006263,0.014085,0.006057,355.0,Romania,ROU,ROU,20210208
0.005852,0.003281,0.008065,0.002798,744.0,Russia,RUS,RUS,20210208
0.019764,0.01166,0.023529,0.010707,170.0,Saudi Arabia,SAU,SAU,20210208
0.023188,0.007385,0.010471,0.010918,191.0,Serbia,SRB,SRB,20210208
0.019392,0.009684,0.019512,0.009655,205.0,Slovakia,SVK,SVK,20210208
0.023277,0.012797,0.018182,0.014442,110.0,Slovenia,SVN,SVN,20210208
0.056187,0.010207,0.051282,0.010656,468.0,South Africa,ZAF,ZAF,20210208
0.011155,0.004971,0.007042,0.006243,284.0,South Korea,KOR,KOR,20210208
0.0042,0.001512,0.002139,0.002116,935.0,Spain,ESP,ESP,20210208
0.003281,0.002272,0.003215,0.002295,622.0,Sweden,SWE,SWE,20210208
0.008727,0.005396,0.009375,0.005208,320.0,Switzerland,CHE,CHE,20210208
0.002987,0.001848,0.0037,0.00166,1081.0,Taiwan,TWN,TWN,20210208
0.008936,0.003732,0.009915,0.003544,706.0,Thailand,THA,THA,20210208
0.0,0.0,0.0,0.0,222.0,Tunisia,TUN,TUN,20210208
0.008755,0.003467,0.008523,0.003514,704.0,Turkey,TUR,TUR,20210208
0.015968,0.004182,0.016322,0.004137,919.0,Ukraine,UKR,UKR,20210208
0.024082,0.005328,0.0161,0.00649,559.0,United Kingdom,GBR,GBR,20210208
0.01473,0.005115,0.007246,0.007264,276.0,Uruguay,URY,URY,20210208
0.012852,0.007369,0.019663,0.005978,356.0,Venezuela,VEN,VEN,20210208
0.006264,0.001768,0.005013,0.001976,1596.0,Vietnam,VNM,VNM,20210208
0.015329,0.007277,0.012658,0.007997,237.0,Algeria,DZA,DZA,20210209
0.006772,0.002295,0.006087,0.00242,1150.0,Argentina,ARG,ARG,20210209
0.020393,0.005692,0.0199,0.005761,603.0,Australia,AUS,AUS,20210209
0.033157,0.011198,0.032129,0.01137,249.0,Austria,AUT,AUT,20210209
0.020509,0.013952,0.034682,0.010807,173.0,Bangladesh,BGD,BGD,20210209
0.005558,0.008333,0.008333,0.006815,120.0,Belarus,BLR,BLR,20210209
0.0,0.0,0.0,0.0,277.0,Belgium,BEL,BEL,20210209
0.013342,0.006677,0.013423,0.006658,298.0,Bolivia,BOL,BOL,20210209
0.013384,0.002343,0.014739,0.002234,2646.0,Brazil,BRA,BRA,20210209
0.002475,0.004525,0.004525,0.00335,221.0,Bulgaria,BGR,BGR,20210209
0.012123,0.00352,0.01,0.003872,800.0,Canada,CAN,CAN,20210209
0.028209,0.007501,0.023981,0.008118,417.0,Chile,CHL,CHL,20210209
0.021185,0.003706,0.014451,0.004472,1038.0,Colombia,COL,COL,20210209
0.025191,0.01145,0.01626,0.014187,123.0,Costa Rica,CRI,CRI,20210209
0.049282,0.011702,0.020408,0.017914,147.0,Croatia,HRV,HRV,20210209
0.011569,0.004635,0.009302,0.005163,430.0,Czech Republic,CZE,CZE,20210209
0.011086,0.00565,0.00565,0.007892,177.0,Denmark,DNK,DNK,20210209
0.014987,0.009273,0.013158,0.009888,152.0,Dominican Republic,DOM,DOM,20210209
0.020106,0.005673,0.016162,0.006315,495.0,Ecuador,ECU,ECU,20210209
0.01106,0.005399,0.014374,0.004744,487.0,Egypt,EGY,EGY,20210209
0.038775,0.007749,0.010989,0.01435,182.0,El Salvador,SLV,SLV,20210209
0.004812,0.001487,0.004713,0.001503,2122.0,France,FRA,FRA,20210209
0.009345,0.002585,0.010712,0.002416,1587.0,Germany,DEU,DEU,20210209
0.00872,0.01021,0.014493,0.007943,138.0,Ghana,GHA,GHA,20210209
0.008203,0.00527,0.010582,0.004645,378.0,Greece,GRC,GRC,20210209
0.045383,0.014141,0.038043,0.015386,184.0,Guatemala,GTM,GTM,20210209
0.038362,0.010625,0.018519,0.015137,162.0,Honduras,HND,HND,20210209
0.0,0.0,0.0,0.0,113.0,Hong Kong,HKG,HKG,20210209
0.017574,0.004793,0.01275,0.005613,549.0,Hungary,HUN,HUN,20210209
0.011221,0.003373,0.015942,0.002836,1380.0,India,IND,IND,20210209
0.03457,0.007367,0.045849,0.006435,807.0,Indonesia,IDN,IDN,20210209
0.012609,0.008534,0.019231,0.006933,260.0,Iraq,IRQ,IRQ,20210209
0.026206,0.013465,0.027211,0.013221,147.0,Ireland,IRL,IRL,20210209
0.00571,0.008696,0.008696,0.007057,115.0,Israel,ISR,ISR,20210209
0.002543,0.001584,0.003172,0.001419,1261.0,Italy,ITA,ITA,20210209
0.002077,0.00067,0.002011,0.000681,4476.0,Japan,JPN,JPN,20210209
0.009173,0.010128,0.017647,0.007334,170.0,Jordan,JOR,JOR,20210209
0.040633,0.013033,0.018519,0.019087,108.0,Kazakhstan,KAZ,KAZ,20210209
0.022848,0.009153,0.012987,0.01208,154.0,Kenya,KEN,KEN,20210209
0.030591,0.006999,0.018667,0.008905,375.0,Malaysia,MYS,MYS,20210209
0.005995,0.00147,0.00571,0.001506,2627.0,Mexico,MEX,MEX,20210209
0.009953,0.012459,0.017699,0.00938,113.0,Nepal,NPL,NPL,20210209
0.017116,0.005177,0.01378,0.00576,508.0,Netherlands,NLD,NLD,20210209
0.012181,0.007664,0.013333,0.007329,225.0,New Zealand,NZL,NZL,20210209
0.024134,0.016492,0.028846,0.015121,104.0,Nicaragua,NIC,NIC,20210209
0.044586,0.011891,0.043771,0.011996,297.0,Nigeria,NGA,NGA,20210209
0.0,0.0,0.0,0.0,286.0,Norway,NOR,NOR,20210209
0.035778,0.012301,0.033019,0.012787,212.0,Pakistan,PAK,PAK,20210209
0.027979,0.012243,0.017391,0.015445,115.0,Paraguay,PRY,PRY,20210209
0.015637,0.004906,0.015625,0.004908,640.0,Peru,PER,PER,20210209
0.025987,0.003807,0.01148,0.005686,784.0,Philippines,PHL,PHL,20210209
0.010762,0.004195,0.009416,0.004482,531.0,Poland,POL,POL,20210209
0.0,0.0,0.0,0.0,585.0,Portugal,PRT,PRT,20210209
0.0,0.0,0.0,0.0,107.0,"Puerto Rico, U.S.",PRI,PRI,20210209
0.027846,0.006848,0.020737,0.007907,434.0,Romania,ROU,ROU,20210209
0.022558,0.00441,0.015385,0.00532,780.0,Russia,RUS,RUS,20210209
0.010944,0.012459,0.021739,0.008889,138.0,Saudi Arabia,SAU,SAU,20210209
0.040323,0.01343,0.038647,0.013706,207.0,Serbia,SRB,SRB,20210209
0.016452,0.00849,0.014778,0.00895,203.0,Slovakia,SVK,SVK,20210209
0.025027,0.016184,0.028302,0.015244,106.0,Slovenia,SVN,SVN,20210209
0.053818,0.009454,0.040909,0.01077,440.0,South Africa,ZAF,ZAF,20210209
0.0,0.0,0.0,0.0,274.0,South Korea,KOR,KOR,20210209
0.00674,0.002946,0.007821,0.002737,895.0,Spain,ESP,ESP,20210209
0.003992,0.002698,0.00468,0.002493,641.0,Sweden,SWE,SWE,20210209
0.023276,0.008316,0.020548,0.008839,292.0,Switzerland,CHE,CHE,20210209
0.000324,0.000885,0.000885,0.000536,1130.0,Taiwan,TWN,TWN,20210209
0.003924,0.002647,0.005305,0.002278,754.0,Thailand,THA,THA,20210209
0.017701,0.006562,0.009302,0.009014,215.0,Tunisia,TUN,TUN,20210209
0.002724,0.003561,0.007987,0.002085,626.0,Turkey,TUR,TUR,20210209
0.023589,0.00509,0.023015,0.005151,869.0,Ukraine,UKR,UKR,20210209
0.031157,0.005223,0.01487,0.007498,538.0,United Kingdom,GBR,GBR,20210209
0.0,0.0,0.0,0.0,254.0,Uruguay,URY,URY,20210209
0.009119,0.005722,0.011494,0.005103,348.0,Venezuela,VEN,VEN,20210209
0.004278,0.00175,0.004295,0.001747,1397.0,Vietnam,VNM,VNM,20210209
0.002318,0.004587,0.004587,0.003264,218.0,Algeria,DZA,DZA,20210210
0.006251,0.002421,0.006422,0.002388,1090.0,Argentina,ARG,ARG,20210210
0.00814,0.004433,0.010909,0.003835,550.0,Australia,AUS,AUS,20210210
0.01521,0.006873,0.011952,0.00774,251.0,Austria,AUT,AUT,20210210
0.014612,0.012213,0.030303,0.008549,198.0,Bangladesh,BGD,BGD,20210210
0.0,0.0,0.0,0.0,133.0,Belarus,BLR,BLR,20210210
0.004528,0.003546,0.003546,0.004005,282.0,Belgium,BEL,BEL,20210210
0.046705,0.009257,0.028125,0.011814,320.0,Bolivia,BOL,BOL,20210210
0.019475,0.002471,0.015145,0.002796,2443.0,Brazil,BRA,BRA,20210210
0.024401,0.008731,0.021583,0.00927,278.0,Bulgaria,BGR,BGR,20210210
0.012895,0.004247,0.014815,0.003967,810.0,Canada,CAN,CAN,20210210
0.0,0.0,0.0,0.0,402.0,Chile,CHL,CHL,20210210
0.02128,0.004092,0.016495,0.004636,970.0,Colombia,COL,COL,20210210
0.02758,0.01519,0.026549,0.015474,113.0,Costa Rica,CRI,CRI,20210210
0.004365,0.006369,0.006369,0.005278,157.0,Croatia,HRV,HRV,20210210
0.00975,0.004747,0.010661,0.004542,469.0,Czech Republic,CZE,CZE,20210210
0.0,0.0,0.0,0.0,200.0,Denmark,DNK,DNK,20210210
0.053392,0.016559,0.050847,0.016946,177.0,Dominican Republic,DOM,DOM,20210210
0.049683,0.007784,0.026128,0.010603,421.0,Ecuador,ECU,ECU,20210210
0.002329,0.001949,0.001949,0.00213,513.0,Egypt,EGY,EGY,20210210
0.0,0.0,0.0,0.0,188.0,El Salvador,SLV,SLV,20210210
0.00532,0.001501,0.004757,0.001587,2102.0,France,FRA,FRA,20210210
0.013421,0.002873,0.013564,0.002858,1622.0,Germany,DEU,DEU,20210210
0.039138,0.014975,0.037267,0.015331,161.0,Ghana,GHA,GHA,20210210
0.011916,0.006629,0.016349,0.005672,367.0,Greece,GRC,GRC,20210210
0.014206,0.01201,0.024242,0.009241,165.0,Guatemala,GTM,GTM,20210210
0.072446,0.016267,0.040541,0.021381,148.0,Honduras,HND,HND,20210210
0.0,0.0,0.0,0.0,111.0,Hong Kong,HKG,HKG,20210210
0.015574,0.004141,0.010187,0.005106,589.0,Hungary,HUN,HUN,20210210
0.007581,0.003529,0.017062,0.002363,1348.0,India,IND,IND,20210210
0.050138,0.007764,0.052885,0.00757,832.0,Indonesia,IDN,IDN,20210210
0.030935,0.011352,0.030435,0.011441,230.0,Iraq,IRQ,IRQ,20210210
0.03306,0.015325,0.026786,0.01697,112.0,Ireland,IRL,IRL,20210210
0.025941,0.013154,0.018692,0.015439,107.0,Israel,ISR,ISR,20210210
0.001167,0.001098,0.001553,0.000952,1288.0,Italy,ITA,ITA,20210210
0.002372,0.000736,0.002657,0.000696,4892.0,Japan,JPN,JPN,20210210
0.018356,0.006329,0.006329,0.010713,158.0,Jordan,JOR,JOR,20210210
0.0,0.0,0.0,0.0,107.0,Kazakhstan,KAZ,KAZ,20210210
0.00972,0.008198,0.011628,0.007503,172.0,Kenya,KEN,KEN,20210210
0.004254,0.009901,0.009901,0.006509,101.0,Lebanon,LBN,LBN,20210210
0.039203,0.008725,0.029333,0.010036,375.0,Malaysia,MYS,MYS,20210210
0.014588,0.001947,0.010166,0.002327,2656.0,Mexico,MEX,MEX,20210210
0.003731,0.007937,0.007937,0.005453,126.0,Nepal,NPL,NPL,20210210
0.018072,0.005432,0.014463,0.006061,484.0,Netherlands,NLD,NLD,20210210
0.009307,0.006162,0.008734,0.006359,229.0,New Zealand,NZL,NZL,20210210
0.017981,0.010787,0.032847,0.008042,274.0,Nigeria,NGA,NGA,20210210
0.011351,0.005932,0.010309,0.006221,291.0,Norway,NOR,NOR,20210210
0.018056,0.011178,0.025253,0.009487,198.0,Pakistan,PAK,PAK,20210210
0.038621,0.01322,0.023077,0.016965,130.0,Paraguay,PRY,PRY,20210210
0.024905,0.005683,0.019868,0.006346,604.0,Peru,PER,PER,20210210
0.032074,0.005273,0.022613,0.006249,796.0,Philippines,PHL,PHL,20210210
0.024887,0.006122,0.019531,0.006891,512.0,Poland,POL,POL,20210210
0.005641,0.002505,0.003546,0.003156,564.0,Portugal,PRT,PRT,20210210
0.013232,0.008403,0.008403,0.010519,119.0,"Puerto Rico, U.S.",PRI,PRI,20210210
0.017296,0.006629,0.016349,0.006815,367.0,Romania,ROU,ROU,20210210
0.012542,0.004077,0.01297,0.004011,771.0,Russia,RUS,RUS,20210210
0.022091,0.010248,0.017857,0.011374,168.0,Saudi Arabia,SAU,SAU,20210210
0.025455,0.012922,0.02924,0.01208,171.0,Serbia,SRB,SRB,20210210
0.0,0.0,0.0,0.0,171.0,Slovakia,SVK,SVK,20210210
0.05151,0.010576,0.048426,0.01089,413.0,South Africa,ZAF,ZAF,20210210
0.000862,0.003311,0.003311,0.001691,302.0,South Korea,KOR,KOR,20210210
0.003223,0.001948,0.003378,0.001903,888.0,Spain,ESP,ESP,20210210
0.003346,0.002355,0.003333,0.002359,600.0,Sweden,SWE,SWE,20210210
0.011024,0.005362,0.009317,0.005828,322.0,Switzerland,CHE,CHE,20210210
0.002336,0.001761,0.003527,0.001434,1134.0,Taiwan,TWN,TWN,20210210
0.010788,0.003845,0.010219,0.00395,685.0,Thailand,THA,THA,20210210
0.003972,0.005076,0.005076,0.004493,197.0,Tunisia,TUN,TUN,20210210
0.01329,0.005063,0.016923,0.004495,650.0,Turkey,TUR,TUR,20210210
0.022072,0.004372,0.018182,0.004807,935.0,Ukraine,UKR,UKR,20210210
0.007883,0.004563,0.010246,0.004008,488.0,United Kingdom,GBR,GBR,20210210
0.003366,0.004065,0.004065,0.0037,246.0,Uruguay,URY,URY,20210210
0.01461,0.007036,0.018767,0.006221,373.0,Venezuela,VEN,VEN,20210210
0.006569,0.002454,0.007788,0.002255,1284.0,Vietnam,VNM,VNM,20210210
0.01786,0.009779,0.019704,0.009319,203.0,Algeria,DZA,DZA,20210211
0.001698,0.001725,0.002991,0.0013,1003.0,Argentina,ARG,ARG,20210211
0.009941,0.003791,0.007605,0.00433,526.0,Australia,AUS,AUS,20210211
0.011778,0.006819,0.011858,0.006796,253.0,Austria,AUT,AUT,20210211
0.010769,0.008443,0.011976,0.008011,167.0,Bangladesh,BGD,BGD,20210211
0.0,0.0,0.0,0.0,123.0,Belarus,BLR,BLR,20210211
0.0,0.0,0.0,0.0,272.0,Belgium,BEL,BEL,20210211
0.011207,0.00623,0.01083,0.006336,277.0,Bolivia,BOL,BOL,20210211
0.015257,0.002213,0.012195,0.002472,2460.0,Brazil,BRA,BRA,20210211
0.023297,0.007827,0.015748,0.009483,254.0,Bulgaria,BGR,BGR,20210211
0.023164,0.005333,0.022222,0.005442,765.0,Canada,CAN,CAN,20210211
0.036659,0.008139,0.021739,0.010489,322.0,Chile,CHL,CHL,20210211
0.015125,0.00427,0.016667,0.004071,900.0,Colombia,COL,COL,20210211
0.080141,0.018779,0.042735,0.025209,117.0,Costa Rica,CRI,CRI,20210211
0.01413,0.011173,0.019481,0.009542,154.0,Croatia,HRV,HRV,20210211
0.00657,0.004094,0.008214,0.003665,487.0,Czech Republic,CZE,CZE,20210211
0.020031,0.007749,0.010989,0.010414,182.0,Denmark,DNK,DNK,20210211
0.010863,0.010011,0.017442,0.007927,172.0,Dominican Republic,DOM,DOM,20210211
0.039865,0.0061,0.015038,0.009807,399.0,Ecuador,ECU,ECU,20210211
0.009611,0.004768,0.010707,0.00452,467.0,Egypt,EGY,EGY,20210211
0.011221,0.005525,0.005525,0.007851,181.0,El Salvador,SLV,SLV,20210211
0.004918,0.001598,0.005066,0.001575,1974.0,France,FRA,FRA,20210211
0.017624,0.003446,0.018397,0.003374,1522.0,Germany,DEU,DEU,20210211
0.012123,0.010593,0.015038,0.009525,133.0,Ghana,GHA,GHA,20210211
0.025461,0.007053,0.015873,0.008889,315.0,Greece,GRC,GRC,20210211
0.028212,0.013799,0.03125,0.013131,160.0,Guatemala,GTM,GTM,20210211
0.005234,0.010137,0.014388,0.006142,139.0,Honduras,HND,HND,20210211
0.002464,0.002626,0.003717,0.002139,538.0,Hungary,HUN,HUN,20210211
0.007453,0.002836,0.011404,0.002297,1403.0,India,IND,IND,20210211
0.039209,0.00739,0.0447,0.006941,783.0,Indonesia,IDN,IDN,20210211
0.009857,0.007448,0.014981,0.006057,267.0,Iraq,IRQ,IRQ,20210211
0.0,0.0,0.0,0.0,107.0,Ireland,IRL,IRL,20210211
0.004953,0.001924,0.00431,0.002062,1160.0,Italy,ITA,ITA,20210211
0.003707,0.000754,0.002614,0.000897,4590.0,Japan,JPN,JPN,20210211
0.0,0.0,0.0,0.0,141.0,Jordan,JOR,JOR,20210211
0.034888,0.016184,0.028302,0.017907,106.0,Kazakhstan,KAZ,KAZ,20210211
0.015514,0.012282,0.021429,0.010482,140.0,Kenya,KEN,KEN,20210211
0.036311,0.009184,0.030899,0.009928,356.0,Malaysia,MYS,MYS,20210211
0.006938,0.001549,0.006017,0.001663,2493.0,Mexico,MEX,MEX,20210211
0.022338,0.013796,0.019608,0.014705,102.0,Morocco,MAR,MAR,20210211
0.019641,0.006631,0.018913,0.006755,423.0,Netherlands,NLD,NLD,20210211
0.017253,0.008747,0.015228,0.009301,197.0,New Zealand,NZL,NZL,20210211
0.019722,0.011949,0.038462,0.00864,260.0,Nigeria,NGA,NGA,20210211
0.006173,0.004115,0.004115,0.005035,243.0,Norway,NOR,NOR,20210211
0.037442,0.012077,0.032407,0.012947,216.0,Pakistan,PAK,PAK,20210211
0.017861,0.011358,0.016129,0.011942,124.0,Paraguay,PRY,PRY,20210211
0.013214,0.004461,0.011864,0.004705,590.0,Peru,PER,PER,20210211
0.031016,0.005028,0.020305,0.00618,788.0,Philippines,PHL,PHL,20210211
0.029287,0.006784,0.023762,0.00751,505.0,Poland,POL,POL,20210211
0.0,0.0,0.0,0.0,551.0,Portugal,PRT,PRT,20210211
0.003625,0.003594,0.005089,0.003035,393.0,Romania,ROU,ROU,20210211
0.021948,0.005014,0.018233,0.005491,713.0,Russia,RUS,RUS,20210211
0.024732,0.010371,0.018072,0.012091,166.0,Saudi Arabia,SAU,SAU,20210211
0.033854,0.014112,0.035088,0.013871,171.0,Serbia,SRB,SRB,20210211
0.007962,0.007792,0.01105,0.006624,181.0,Slovakia,SVK,SVK,20210211
0.060227,0.010996,0.047745,0.012269,377.0,South Africa,ZAF,ZAF,20210211
0.004424,0.004555,0.006452,0.003775,310.0,South Korea,KOR,KOR,20210211
0.006509,0.00212,0.003676,0.002817,816.0,Spain,ESP,ESP,20210211
0.010812,0.003049,0.005291,0.004347,567.0,Sweden,SWE,SWE,20210211
0.025037,0.006819,0.011858,0.009842,253.0,Switzerland,CHE,CHE,20210211
0.0,0.0,0.0,0.0,967.0,Taiwan,TWN,TWN,20210211
0.009701,0.003631,0.008929,0.003784,672.0,Thailand,THA,THA,20210211
0.0,0.0,0.0,0.0,178.0,Tunisia,TUN,TUN,20210211
0.012517,0.003745,0.008403,0.004562,595.0,Turkey,TUR,TUR,20210211
0.011486,0.004025,0.015168,0.003509,923.0,Ukraine,UKR,UKR,20210211
0.001827,0.002837,0.004016,0.001915,498.0,United Kingdom,GBR,GBR,20210211
0.007565,0.00545,0.007722,0.005394,259.0,Uruguay,URY,URY,20210211
0.011303,0.006504,0.013072,0.006053,306.0,Venezuela,VEN,VEN,20210211
0.00058,0.000923,0.000923,0.000732,1084.0,Vietnam,VNM,VNM,20210211
0.016426,0.006221,0.0125,0.007117,320.0,Algeria,DZA,DZA,20210212
0.019015,0.002784,0.011197,0.003614,1429.0,Argentina,ARG,ARG,20210212
0.01348,0.003426,0.011423,0.003718,963.0,Australia,AUS,AUS,20210212
0.037352,0.009097,0.029155,0.010254,343.0,Austria,AUT,AUT,20210212
0.029614,0.01201,0.04059,0.010317,271.0,Bangladesh,BGD,BGD,20210212
0.018222,0.006897,0.006897,0.011146,145.0,Belarus,BLR,BLR,20210212
0.017346,0.006109,0.013736,0.006852,364.0,Belgium,BEL,BEL,20210212
0.041279,0.006085,0.015,0.009959,400.0,Bolivia,BOL,BOL,20210212
0.018397,0.002032,0.01418,0.00231,3385.0,Brazil,BRA,BRA,20210212
0.012902,0.005562,0.0125,0.00565,400.0,Bulgaria,BGR,BGR,20210212
0.012761,0.003496,0.014938,0.003235,1205.0,Canada,CAN,CAN,20210212
0.022135,0.006292,0.022018,0.006308,545.0,Chile,CHL,CHL,20210212
0.017346,0.003729,0.018039,0.003658,1275.0,Colombia,COL,COL,20210212
0.016506,0.009413,0.016393,0.009444,183.0,Costa Rica,CRI,CRI,20210212
0.022965,0.008868,0.017857,0.010031,224.0,Croatia,HRV,HRV,20210212
0.011272,0.004491,0.013554,0.0041,664.0,Czech Republic,CZE,CZE,20210212
0.022618,0.005645,0.008,0.009422,250.0,Denmark,DNK,DNK,20210212
0.041316,0.01318,0.037915,0.013734,211.0,Dominican Republic,DOM,DOM,20210212
0.009101,0.004134,0.010989,0.003766,637.0,Ecuador,ECU,ECU,20210212
0.002992,0.002772,0.005556,0.002037,720.0,Egypt,EGY,EGY,20210212
0.017338,0.008534,0.019231,0.008111,260.0,El Salvador,SLV,SLV,20210212
0.0,0.0,0.0,0.0,101.0,Finland,FIN,FIN,20210212
0.005448,0.001319,0.005119,0.00136,2930.0,France,FRA,FRA,20210212
0.013164,0.00255,0.014526,0.002429,2203.0,Germany,DEU,DEU,20210212
0.03062,0.014421,0.03268,0.013974,153.0,Ghana,GHA,GHA,20210212
0.013814,0.004051,0.009091,0.004981,550.0,Greece,GRC,GRC,20210212
0.035527,0.008601,0.017316,0.012206,231.0,Guatemala,GTM,GTM,20210212
0.053164,0.013717,0.034091,0.01696,176.0,Honduras,HND,HND,20210212
0.005228,0.006061,0.006061,0.005631,165.0,Hong Kong,HKG,HKG,20210212
0.009306,0.0032,0.007864,0.003478,763.0,Hungary,HUN,HUN,20210212
0.005247,0.002454,0.010465,0.001742,1720.0,India,IND,IND,20210212
0.043002,0.005794,0.044741,0.005686,1274.0,Indonesia,IDN,IDN,20210212
0.018212,0.006082,0.016204,0.006441,432.0,Iraq,IRQ,IRQ,20210212
0.023081,0.010388,0.020942,0.010894,191.0,Ireland,IRL,IRL,20210212
0.019322,0.01145,0.01626,0.012463,123.0,Israel,ISR,ISR,20210212
0.007822,0.001155,0.002312,0.002119,1730.0,Italy,ITA,ITA,20210212
0.001832,0.00057,0.001976,0.000549,6072.0,Japan,JPN,JPN,20210212
0.019264,0.008367,0.014563,0.0096,206.0,Jordan,JOR,JOR,20210212
0.043859,0.018469,0.042017,0.018852,119.0,Kazakhstan,KAZ,KAZ,20210212
0.006,0.006984,0.009901,0.005447,202.0,Kenya,KEN,KEN,20210212
0.031229,0.01036,0.014706,0.01497,136.0,Lebanon,LBN,LBN,20210212
0.028435,0.011005,0.015625,0.014749,128.0,Libya,LBY,LBY,20210212
0.034815,0.006396,0.022388,0.007925,536.0,Malaysia,MYS,MYS,20210212
0.012571,0.001488,0.008044,0.001856,3605.0,Mexico,MEX,MEX,20210212
0.053849,0.018771,0.038095,0.022134,105.0,Morocco,MAR,MAR,20210212
0.010031,0.010011,0.017442,0.007621,172.0,Nepal,NPL,NPL,20210212
0.035867,0.005998,0.021849,0.00763,595.0,Netherlands,NLD,NLD,20210212
0.01161,0.005569,0.009677,0.006094,310.0,New Zealand,NZL,NZL,20210212
0.004878,0.007194,0.007194,0.005931,139.0,Nicaragua,NIC,NIC,20210212
0.017761,0.009638,0.032448,0.007184,339.0,Nigeria,NGA,NGA,20210212
0.003741,0.002874,0.002874,0.003277,348.0,Norway,NOR,NOR,20210212
0.041514,0.010009,0.028674,0.011964,279.0,Pakistan,PAK,PAK,20210212
0.010727,0.007878,0.011173,0.007721,179.0,Paraguay,PRY,PRY,20210212
0.015697,0.004005,0.013366,0.004336,823.0,Peru,PER,PER,20210212
0.010889,0.002911,0.010946,0.002903,1279.0,Philippines,PHL,PHL,20210212
0.024519,0.005144,0.020779,0.005577,770.0,Poland,POL,POL,20210212
0.001823,0.001918,0.002714,0.001573,737.0,Portugal,PRT,PRT,20210212
0.025988,0.012616,0.025478,0.012738,157.0,"Puerto Rico, U.S.",PRI,PRI,20210212
0.022702,0.005807,0.020305,0.006132,591.0,Romania,ROU,ROU,20210212
0.006436,0.003563,0.01074,0.002764,838.0,Russia,RUS,RUS,20210212
0.011073,0.006593,0.009346,0.00717,214.0,Saudi Arabia,SAU,SAU,20210212
0.03509,0.009347,0.025,0.011016,280.0,Serbia,SRB,SRB,20210212
0.023685,0.009623,0.02381,0.009598,252.0,Slovakia,SVK,SVK,20210212
0.030623,0.013425,0.023438,0.015289,128.0,Slovenia,SVN,SVN,20210212
0.045286,0.009184,0.046992,0.009023,532.0,South Africa,ZAF,ZAF,20210212
0.033933,0.004969,0.009975,0.009053,401.0,South Korea,KOR,KOR,20210212
0.002239,0.001523,0.002641,0.001403,1136.0,Spain,ESP,ESP,20210212
0.007558,0.002474,0.004957,0.003051,807.0,Sweden,SWE,SWE,20210212
0.020752,0.005748,0.01292,0.007256,387.0,Switzerland,CHE,CHE,20210212
0.002584,0.001369,0.003066,0.001257,1631.0,Taiwan,TWN,TWN,20210212
0.003349,0.001988,0.004452,0.001725,1123.0,Thailand,THA,THA,20210212
0.020807,0.006873,0.011952,0.009028,251.0,Tunisia,TUN,TUN,20210212
0.013166,0.003154,0.007752,0.0041,774.0,Turkey,TUR,TUR,20210212
0.014431,0.003853,0.017376,0.003517,1151.0,Ukraine,UKR,UKR,20210212
0.146238,0.009434,0.009434,0.034483,106.0,United Arab Emirates,ARE,ARE,20210212
0.006216,0.003149,0.007062,0.002956,708.0,United Kingdom,GBR,GBR,20210212
0.0,0.0,0.0,0.0,346.0,Uruguay,URY,URY,20210212
0.005491,0.00551,0.013575,0.003519,442.0,Venezuela,VEN,VEN,20210212
0.007181,0.002058,0.007446,0.002021,1746.0,Vietnam,VNM,VNM,20210212
0.044024,0.008232,0.020339,0.011964,295.0,Algeria,DZA,DZA,20210213
0.010358,0.002496,0.008308,0.002784,1324.0,Argentina,ARG,ARG,20210213
0.01309,0.004252,0.014194,0.004085,775.0,Australia,AUS,AUS,20210213
0.032336,0.0089,0.027027,0.009708,333.0,Austria,AUT,AUT,20210213
0.049648,0.015836,0.051282,0.015595,195.0,Bangladesh,BGD,BGD,20210213
0.015395,0.01078,0.021739,0.009101,184.0,Belarus,BLR,BLR,20210213
0.019152,0.006575,0.016216,0.007135,370.0,Belgium,BEL,BEL,20210213
0.014337,0.005851,0.010169,0.006933,295.0,Bolivia,BOL,BOL,20210213
0.016905,0.002119,0.014633,0.002275,3212.0,Brazil,BRA,BRA,20210213
0.04652,0.008425,0.025568,0.011241,352.0,Bulgaria,BGR,BGR,20210213
0.019833,0.004114,0.017103,0.004425,994.0,Canada,CAN,CAN,20210213
0.013225,0.00484,0.01087,0.005332,460.0,Chile,CHL,CHL,20210213
0.014438,0.003841,0.016423,0.003605,1096.0,Colombia,COL,COL,20210213
0.004066,0.006757,0.006757,0.005249,148.0,Costa Rica,CRI,CRI,20210213
0.023616,0.009637,0.021739,0.010034,230.0,Croatia,HRV,HRV,20210213
0.00735,0.004045,0.010753,0.00335,651.0,Czech Republic,CZE,CZE,20210213
0.0,0.0,0.0,0.0,249.0,Denmark,DNK,DNK,20210213
0.017128,0.009779,0.019704,0.009129,203.0,Dominican Republic,DOM,DOM,20210213
0.024199,0.006579,0.022044,0.006886,499.0,Ecuador,ECU,ECU,20210213
0.004679,0.003763,0.01,0.002581,700.0,Egypt,EGY,EGY,20210213
0.008365,0.006783,0.009615,0.00633,208.0,El Salvador,SLV,SLV,20210213
0.052548,0.015743,0.027523,0.021471,109.0,Finland,FIN,FIN,20210213
0.007334,0.001454,0.005831,0.001629,2744.0,France,FRA,FRA,20210213
0.016,0.002715,0.016423,0.002681,2192.0,Germany,DEU,DEU,20210213
0.007784,0.008443,0.011976,0.006821,167.0,Ghana,GHA,GHA,20210213
0.026526,0.006512,0.02079,0.007335,481.0,Greece,GRC,GRC,20210213
0.044571,0.015075,0.043478,0.015254,184.0,Guatemala,GTM,GTM,20210213
0.006147,0.007308,0.010363,0.005641,193.0,Honduras,HND,HND,20210213
0.0,0.0,0.0,0.0,128.0,Hong Kong,HKG,HKG,20210213
0.004736,0.002527,0.005063,0.002444,790.0,Hungary,HUN,HUN,20210213
0.013238,0.00297,0.015258,0.00277,1704.0,India,IND,IND,20210213
0.060414,0.006457,0.045279,0.007399,1038.0,Indonesia,IDN,IDN,20210213
0.01102,0.005676,0.013986,0.005046,429.0,Iraq,IRQ,IRQ,20210213
0.013794,0.008012,0.011364,0.008817,176.0,Ireland,IRL,IRL,20210213
0.03628,0.013714,0.031056,0.014783,161.0,Israel,ISR,ISR,20210213
0.005989,0.001942,0.006459,0.00187,1703.0,Italy,ITA,ITA,20210213
0.001239,0.00055,0.002061,0.000427,6792.0,Japan,JPN,JPN,20210213
0.001556,0.005025,0.005025,0.002801,199.0,Jordan,JOR,JOR,20210213
0.022781,0.011944,0.020833,0.012477,144.0,Kazakhstan,KAZ,KAZ,20210213
0.02596,0.008327,0.014493,0.011079,207.0,Kenya,KEN,KEN,20210213
0.011158,0.008621,0.008621,0.009795,116.0,Lebanon,LBN,LBN,20210213
0.028103,0.01257,0.017857,0.015687,112.0,Libya,LBY,LBY,20210213
0.027173,0.006919,0.025243,0.007171,515.0,Malaysia,MYS,MYS,20210213
0.007301,0.001386,0.005557,0.001587,2879.0,Mexico,MEX,MEX,20210213
0.010386,0.009901,0.009901,0.010138,101.0,Moldova,MDA,MDA,20210213
0.0,0.0,0.0,0.0,108.0,Morocco,MAR,MAR,20210213
0.013709,0.011031,0.019231,0.00934,156.0,Nepal,NPL,NPL,20210213
0.020908,0.005739,0.020067,0.005856,598.0,Netherlands,NLD,NLD,20210213
0.010428,0.00477,0.006757,0.005914,296.0,New Zealand,NZL,NZL,20210213
0.036424,0.017015,0.034483,0.01747,116.0,Nicaragua,NIC,NIC,20210213
0.033734,0.01197,0.044068,0.01053,295.0,Nigeria,NGA,NGA,20210213
0.0,0.0,0.0,0.0,322.0,Norway,NOR,NOR,20210213
0.056504,0.013148,0.048507,0.01413,268.0,Pakistan,PAK,PAK,20210213
0.003547,0.009009,0.009009,0.005668,111.0,Panama,PAN,PAN,20210213
0.002031,0.007813,0.007813,0.003995,128.0,Paraguay,PRY,PRY,20210213
0.022149,0.005099,0.018545,0.005562,701.0,Peru,PER,PER,20210213
0.01427,0.003688,0.011723,0.004063,853.0,Philippines,PHL,PHL,20210213
0.024878,0.005255,0.019118,0.005977,680.0,Poland,POL,POL,20210213
0.004199,0.002392,0.004149,0.002406,723.0,Portugal,PRT,PRT,20210213
0.019358,0.010514,0.014925,0.011947,134.0,"Puerto Rico, U.S.",PRI,PRI,20210213
0.012459,0.004724,0.012567,0.004704,557.0,Romania,ROU,ROU,20210213
0.017273,0.002966,0.008421,0.004229,950.0,Russia,RUS,RUS,20210213
0.007209,0.004717,0.004717,0.005824,212.0,Saudi Arabia,SAU,SAU,20210213
0.006785,0.005492,0.007782,0.005131,257.0,Serbia,SRB,SRB,20210213
0.008295,0.005247,0.007435,0.00554,269.0,Slovakia,SVK,SVK,20210213
0.01519,0.009434,0.009434,0.011936,106.0,Slovenia,SVN,SVN,20210213
0.046767,0.009308,0.043568,0.009627,482.0,South Africa,ZAF,ZAF,20210213
0.002781,0.002993,0.004237,0.002427,472.0,South Korea,KOR,KOR,20210213
0.003801,0.002035,0.004558,0.001859,1097.0,Spain,ESP,ESP,20210213
0.000796,0.001368,0.001368,0.001044,731.0,Sweden,SWE,SWE,20210213
0.016074,0.005967,0.014706,0.006234,408.0,Switzerland,CHE,CHE,20210213
0.000727,0.000908,0.001285,0.000683,1557.0,Taiwan,TWN,TWN,20210213
0.01579,0.002684,0.006593,0.004135,910.0,Thailand,THA,THA,20210213
0.007313,0.007648,0.015385,0.005294,260.0,Tunisia,TUN,TUN,20210213
0.004891,0.003337,0.010604,0.002273,943.0,Turkey,TUR,TUR,20210213
0.007385,0.002907,0.009683,0.002541,1136.0,Ukraine,UKR,UKR,20210213
0.012574,0.004256,0.012103,0.004337,661.0,United Kingdom,GBR,GBR,20210213
0.007742,0.004706,0.006667,0.005069,300.0,Uruguay,URY,URY,20210213
0.020994,0.006683,0.016484,0.007525,364.0,Venezuela,VEN,VEN,20210213
0.005764,0.001686,0.004779,0.001851,1674.0,Vietnam,VNM,VNM,20210213
0.014458,0.006846,0.011905,0.007535,252.0,Algeria,DZA,DZA,20210214
0.007652,0.002318,0.005693,0.002685,1054.0,Argentina,ARG,ARG,20210214
0.017158,0.004792,0.016012,0.004958,687.0,Australia,AUS,AUS,20210214
0.023063,0.008878,0.025397,0.008471,315.0,Austria,AUT,AUT,20210214
0.032617,0.013891,0.04,0.012592,200.0,Bangladesh,BGD,BGD,20210214
0.01951,0.011079,0.022346,0.010367,179.0,Belarus,BLR,BLR,20210214
0.010066,0.005657,0.011364,0.005328,352.0,Belgium,BEL,BEL,20210214
0.001798,0.003484,0.003484,0.002505,287.0,Bolivia,BOL,BOL,20210214
0.016066,0.00213,0.013388,0.00233,2913.0,Brazil,BRA,BRA,20210214
0.015502,0.007189,0.016181,0.007039,309.0,Bulgaria,BGR,BGR,20210214
0.021489,0.004412,0.017798,0.004839,899.0,Canada,CAN,CAN,20210214
0.020311,0.007145,0.022831,0.006748,438.0,Chile,CHL,CHL,20210214
0.003895,0.002329,0.005219,0.002014,958.0,Colombia,COL,COL,20210214
0.025173,0.011934,0.016949,0.014482,118.0,Costa Rica,CRI,CRI,20210214
0.015207,0.005917,0.005917,0.009441,169.0,Croatia,HRV,HRV,20210214
0.006224,0.003197,0.00641,0.003151,624.0,Czech Republic,CZE,CZE,20210214
0.003071,0.004274,0.004274,0.003625,234.0,Denmark,DNK,DNK,20210214
0.026367,0.01363,0.030864,0.012628,162.0,Dominican Republic,DOM,DOM,20210214
0.032988,0.006725,0.019185,0.008757,417.0,Ecuador,ECU,ECU,20210214
0.004586,0.003672,0.008237,0.002745,607.0,Egypt,EGY,EGY,20210214
0.008733,0.008756,0.012422,0.007355,161.0,El Salvador,SLV,SLV,20210214
0.0,0.0,0.0,0.0,112.0,Finland,FIN,FIN,20210214
0.005557,0.001449,0.005626,0.00144,2666.0,France,FRA,FRA,20210214
0.022079,0.003028,0.01884,0.003273,2017.0,Germany,DEU,DEU,20210214
0.026976,0.012111,0.021127,0.013644,142.0,Ghana,GHA,GHA,20210214
0.020084,0.006355,0.019231,0.006492,468.0,Greece,GRC,GRC,20210214
0.072865,0.01461,0.039326,0.019536,178.0,Guatemala,GTM,GTM,20210214
0.003365,0.008264,0.008264,0.005286,121.0,Honduras,HND,HND,20210214
0.013199,0.01145,0.01626,0.010332,123.0,Hong Kong,HKG,HKG,20210214
0.005678,0.002799,0.00561,0.002816,713.0,Hungary,HUN,HUN,20210214
0.014661,0.002514,0.009104,0.003182,1428.0,India,IND,IND,20210214
0.044002,0.005512,0.032661,0.00636,1041.0,Indonesia,IDN,IDN,20210214
0.014303,0.005755,0.011561,0.006393,346.0,Iraq,IRQ,IRQ,20210214
0.006739,0.006623,0.006623,0.00668,151.0,Ireland,IRL,IRL,20210214
0.0,0.0,0.0,0.0,112.0,Israel,ISR,ISR,20210214
0.007123,0.001516,0.003394,0.002192,1473.0,Italy,ITA,ITA,20210214
0.000799,0.000454,0.001201,0.00037,5830.0,Japan,JPN,JPN,20210214
0.00178,0.005952,0.005952,0.003262,168.0,Jordan,JOR,JOR,20210214
0.0,0.0,0.0,0.0,121.0,Kazakhstan,KAZ,KAZ,20210214
0.015108,0.010188,0.017751,0.009411,169.0,Kenya,KEN,KEN,20210214
0.013236,0.012243,0.017391,0.010704,115.0,Libya,LBY,LBY,20210214
0.034659,0.00898,0.034146,0.009045,410.0,Malaysia,MYS,MYS,20210214
0.006578,0.001445,0.005017,0.001653,2392.0,Mexico,MEX,MEX,20210214
0.005262,0.007692,0.007692,0.00637,130.0,Nepal,NPL,NPL,20210214
0.014293,0.005145,0.015544,0.004937,579.0,Netherlands,NLD,NLD,20210214
0.016831,0.005769,0.017442,0.005669,516.0,New Zealand,NZL,NZL,20210214
0.037361,0.011633,0.028846,0.013181,208.0,Nigeria,NGA,NGA,20210214
0.009562,0.003165,0.003165,0.005483,316.0,Norway,NOR,NOR,20210214
0.020214,0.012924,0.039474,0.009341,228.0,Pakistan,PAK,PAK,20210214
0.0,0.0,0.0,0.0,101.0,Paraguay,PRY,PRY,20210214
0.014132,0.005119,0.014572,0.005042,549.0,Peru,PER,PER,20210214
0.02229,0.003583,0.01139,0.004985,878.0,Philippines,PHL,PHL,20210214
0.01556,0.005621,0.021244,0.004825,659.0,Poland,POL,POL,20210214
0.002971,0.002112,0.00299,0.002106,669.0,Portugal,PRT,PRT,20210214
0.016372,0.016184,0.028302,0.012384,106.0,"Puerto Rico, U.S.",PRI,PRI,20210214
0.015896,0.00541,0.014403,0.005679,486.0,Romania,ROU,ROU,20210214
0.014177,0.004158,0.015099,0.004031,861.0,Russia,RUS,RUS,20210214
0.028897,0.012419,0.02809,0.012591,178.0,Saudi Arabia,SAU,SAU,20210214
0.01427,0.009367,0.018868,0.008165,212.0,Serbia,SRB,SRB,20210214
0.052589,0.009237,0.018605,0.015258,215.0,Slovakia,SVK,SVK,20210214
0.0,0.0,0.0,0.0,102.0,Slovenia,SVN,SVN,20210214
0.050699,0.010278,0.044554,0.010928,404.0,South Africa,ZAF,ZAF,20210214
0.005721,0.003247,0.004598,0.00362,435.0,South Korea,KOR,KOR,20210214
0.001687,0.00131,0.001854,0.00125,1079.0,Spain,ESP,ESP,20210214
0.00672,0.002811,0.005634,0.003068,710.0,Sweden,SWE,SWE,20210214
0.018711,0.006901,0.015528,0.007563,322.0,Switzerland,CHE,CHE,20210214
0.002326,0.001189,0.00206,0.001263,1456.0,Taiwan,TWN,TWN,20210214
0.005956,0.002455,0.00492,0.0027,813.0,Thailand,THA,THA,20210214
0.025388,0.007502,0.010638,0.011503,188.0,Tunisia,TUN,TUN,20210214
0.012447,0.003559,0.010727,0.00383,839.0,Turkey,TUR,TUR,20210214
0.018208,0.00409,0.017,0.00423,1000.0,Ukraine,UKR,UKR,20210214
0.014838,0.004302,0.011438,0.004891,612.0,United Kingdom,GBR,GBR,20210214
0.003949,0.003922,0.003922,0.003935,255.0,Uruguay,URY,URY,20210214
0.011642,0.006107,0.01227,0.00595,326.0,Venezuela,VEN,VEN,20210214
0.011071,0.001746,0.00495,0.002604,1616.0,Vietnam,VNM,VNM,20210214
0.030897,0.009163,0.020661,0.011146,242.0,Algeria,DZA,DZA,20210215
0.004263,0.001755,0.003931,0.001828,1272.0,Argentina,ARG,ARG,20210215
0.039583,0.00597,0.026352,0.007266,721.0,Australia,AUS,AUS,20210215
0.013546,0.007366,0.018182,0.006373,330.0,Austria,AUT,AUT,20210215
0.028903,0.011955,0.034335,0.010999,233.0,Bangladesh,BGD,BGD,20210215
0.011477,0.008922,0.012658,0.008501,158.0,Belarus,BLR,BLR,20210215
0.0108,0.005657,0.011364,0.005517,352.0,Belgium,BEL,BEL,20210215
0.007528,0.007098,0.015974,0.004894,313.0,Bolivia,BOL,BOL,20210215
0.0175,0.002019,0.013789,0.002271,3336.0,Brazil,BRA,BRA,20210215
0.014141,0.006546,0.013158,0.006783,304.0,Bulgaria,BGR,BGR,20210215
0.020215,0.004332,0.019057,0.004459,997.0,Canada,CAN,CAN,20210215
0.025466,0.006499,0.020747,0.007183,482.0,Chile,CHL,CHL,20210215
0.015799,0.003492,0.013146,0.003823,1065.0,Colombia,COL,COL,20210215
0.028613,0.013027,0.026316,0.013567,152.0,Costa Rica,CRI,CRI,20210215
0.025374,0.01056,0.018405,0.012355,163.0,Croatia,HRV,HRV,20210215
0.007804,0.003331,0.006678,0.003598,599.0,Czech Republic,CZE,CZE,20210215
0.0,0.0,0.0,0.0,267.0,Denmark,DNK,DNK,20210215
0.021388,0.010024,0.020202,0.010308,198.0,Dominican Republic,DOM,DOM,20210215
0.017406,0.00567,0.017143,0.005713,525.0,Ecuador,ECU,ECU,20210215
0.003816,0.003388,0.007599,0.002405,658.0,Egypt,EGY,EGY,20210215
0.014713,0.006949,0.009852,0.008472,203.0,El Salvador,SLV,SLV,20210215
0.0,0.0,0.0,0.0,121.0,Finland,FIN,FIN,20210215
0.006147,0.001479,0.005933,0.001505,2697.0,France,FRA,FRA,20210215
0.018898,0.002928,0.016958,0.003087,1946.0,Germany,DEU,DEU,20210215
0.054779,0.016479,0.047619,0.017608,168.0,Ghana,GHA,GHA,20210215
0.00954,0.004872,0.00978,0.004812,409.0,Greece,GRC,GRC,20210215
0.028182,0.012108,0.034783,0.010936,230.0,Guatemala,GTM,GTM,20210215
0.034046,0.013227,0.02994,0.014075,167.0,Honduras,HND,HND,20210215
0.0,0.0,0.0,0.0,130.0,Hong Kong,HKG,HKG,20210215
0.001581,0.002066,0.002924,0.00152,684.0,Hungary,HUN,HUN,20210215
0.013764,0.003252,0.016054,0.003014,1495.0,India,IND,IND,20210215
0.042571,0.006331,0.043893,0.006239,1048.0,Indonesia,IDN,IDN,20210215
0.007009,0.005355,0.010753,0.004331,372.0,Iraq,IRQ,IRQ,20210215
0.017146,0.008294,0.011765,0.009986,170.0,Ireland,IRL,IRL,20210215
0.005821,0.002033,0.006447,0.001932,1551.0,Italy,ITA,ITA,20210215
0.003107,0.00069,0.00249,0.00077,5220.0,Japan,JPN,JPN,20210215
0.001258,0.004717,0.004717,0.00244,212.0,Jordan,JOR,JOR,20210215
0.008776,0.009434,0.009434,0.009102,106.0,Kazakhstan,KAZ,KAZ,20210215
0.035231,0.013891,0.04,0.013069,200.0,Kenya,KEN,KEN,20210215
0.009964,0.005184,0.012766,0.004586,470.0,Malaysia,MYS,MYS,20210215
0.01779,0.00213,0.012495,0.002535,2721.0,Mexico,MEX,MEX,20210215
0.001641,0.007874,0.007874,0.003606,127.0,Nepal,NPL,NPL,20210215
0.010235,0.003972,0.008913,0.004253,561.0,Netherlands,NLD,NLD,20210215
0.006737,0.003823,0.006637,0.003852,452.0,New Zealand,NZL,NZL,20210215
0.018217,0.013532,0.019231,0.013177,104.0,Nicaragua,NIC,NIC,20210215
0.056575,0.011557,0.037175,0.014112,269.0,Nigeria,NGA,NGA,20210215
0.004188,0.00454,0.006431,0.003668,311.0,Norway,NOR,NOR,20210215
0.023207,0.012254,0.043321,0.009063,277.0,Pakistan,PAK,PAK,20210215
0.036303,0.018771,0.038095,0.018341,105.0,Panama,PAN,PAN,20210215
0.014457,0.006369,0.006369,0.009557,157.0,Paraguay,PRY,PRY,20210215
0.01233,0.004409,0.012539,0.004372,638.0,Peru,PER,PER,20210215
0.012149,0.003128,0.009424,0.003547,955.0,Philippines,PHL,PHL,20210215
0.019602,0.005272,0.017628,0.005554,624.0,Poland,POL,POL,20210215
0.011541,0.003197,0.00641,0.004279,624.0,Portugal,PRT,PRT,20210215
0.037895,0.01574,0.035714,0.016195,140.0,"Puerto Rico, U.S.",PRI,PRI,20210215
0.009174,0.002837,0.004016,0.004277,498.0,Romania,ROU,ROU,20210215
0.014171,0.00342,0.01087,0.003899,920.0,Russia,RUS,RUS,20210215
0.006026,0.006385,0.00905,0.005218,221.0,Saudi Arabia,SAU,SAU,20210215
0.022886,0.008979,0.020243,0.009534,247.0,Serbia,SRB,SRB,20210215
0.016478,0.008385,0.016878,0.008287,237.0,Slovakia,SVK,SVK,20210215
0.041238,0.008593,0.037113,0.009038,485.0,South Africa,ZAF,ZAF,20210215
0.001338,0.002545,0.002545,0.001846,393.0,South Korea,KOR,KOR,20210215
0.004171,0.002591,0.006876,0.002021,1018.0,Spain,ESP,ESP,20210215
0.004272,0.001988,0.002813,0.002448,711.0,Sweden,SWE,SWE,20210215
0.001819,0.002653,0.002653,0.002197,377.0,Switzerland,CHE,CHE,20210215
0.004438,0.001337,0.002677,0.00172,1494.0,Taiwan,TWN,TWN,20210215
0.004707,0.002646,0.005931,0.002359,843.0,Thailand,THA,THA,20210215
0.008463,0.005228,0.007407,0.005585,270.0,Tunisia,TUN,TUN,20210215
0.018637,0.004296,0.014342,0.004886,767.0,Turkey,TUR,TUR,20210215
0.008149,0.00336,0.012647,0.002703,1107.0,Ukraine,UKR,UKR,20210215
0.0,0.0,0.0,0.0,102.0,United Arab Emirates,ARE,ARE,20210215
0.007319,0.004079,0.010033,0.003489,598.0,United Kingdom,GBR,GBR,20210215
0.010154,0.005697,0.009901,0.005769,303.0,Uruguay,URY,URY,20210215
0.019311,0.006026,0.016055,0.006598,436.0,Venezuela,VEN,VEN,20210215
0.002265,0.00125,0.003311,0.001034,2114.0,Vietnam,VNM,VNM,20210215
0.009785,0.007247,0.012605,0.006394,238.0,Algeria,DZA,DZA,20210216
0.00993,0.002067,0.005861,0.002685,1365.0,Argentina,ARG,ARG,20210216
0.019054,0.00429,0.014323,0.004937,768.0,Australia,AUS,AUS,20210216
0.02631,0.008906,0.025478,0.009047,314.0,Austria,AUT,AUT,20210216
0.022103,0.011689,0.028986,0.010243,207.0,Bangladesh,BGD,BGD,20210216
0.005686,0.006289,0.006289,0.005982,159.0,Belarus,BLR,BLR,20210216
0.011914,0.004305,0.006098,0.006,328.0,Belgium,BEL,BEL,20210216
0.011302,0.006655,0.013378,0.006123,299.0,Bolivia,BOL,BOL,20210216
0.016858,0.00189,0.011872,0.002246,3285.0,Brazil,BRA,BRA,20210216
0.017295,0.00826,0.020408,0.007616,294.0,Bulgaria,BGR,BGR,20210216
0.022785,0.004573,0.020127,0.004859,944.0,Canada,CAN,CAN,20210216
0.014211,0.005427,0.012195,0.005852,410.0,Chile,CHL,CHL,20210216
0.020713,0.004065,0.017391,0.004429,1035.0,Colombia,COL,COL,20210216
0.021245,0.011702,0.020408,0.011934,147.0,Costa Rica,CRI,CRI,20210216
0.031755,0.014277,0.035503,0.013528,169.0,Croatia,HRV,HRV,20210216
0.015888,0.005138,0.014625,0.005351,547.0,Czech Republic,CZE,CZE,20210216
0.010053,0.004367,0.004367,0.006607,229.0,Denmark,DNK,DNK,20210216
0.021401,0.010697,0.024155,0.010083,207.0,Dominican Republic,DOM,DOM,20210216
0.008999,0.004148,0.010204,0.003898,588.0,Ecuador,ECU,ECU,20210216
0.004897,0.0038,0.009346,0.002757,642.0,Egypt,EGY,EGY,20210216
0.021597,0.008574,0.014925,0.010279,201.0,El Salvador,SLV,SLV,20210216
0.0,0.0,0.0,0.0,100.0,Finland,FIN,FIN,20210216
0.004267,0.001375,0.004775,0.001301,2513.0,France,FRA,FRA,20210216
0.011302,0.002751,0.01466,0.002419,1910.0,Germany,DEU,DEU,20210216
0.034154,0.014032,0.028369,0.01535,141.0,Ghana,GHA,GHA,20210216
0.020456,0.006403,0.015789,0.007271,380.0,Greece,GRC,GRC,20210216
0.01667,0.010722,0.021622,0.009439,185.0,Guatemala,GTM,GTM,20210216
0.014983,0.007407,0.007407,0.010495,135.0,Honduras,HND,HND,20210216
0.0,0.0,0.0,0.0,146.0,Hong Kong,HKG,HKG,20210216
0.007922,0.002815,0.005642,0.003332,709.0,Hungary,HUN,HUN,20210216
0.021284,0.002962,0.013663,0.003683,1537.0,India,IND,IND,20210216
0.049907,0.006482,0.043434,0.006924,990.0,Indonesia,IDN,IDN,20210216
0.002551,0.005095,0.01023,0.002554,391.0,Iraq,IRQ,IRQ,20210216
0.032507,0.012459,0.021739,0.015151,138.0,Ireland,IRL,IRL,20210216
0.008507,0.01092,0.015504,0.008118,129.0,Israel,ISR,ISR,20210216
0.005606,0.001802,0.005418,0.001832,1661.0,Italy,ITA,ITA,20210216
0.002273,0.000702,0.002533,0.000665,5133.0,Japan,JPN,JPN,20210216
0.012737,0.006624,0.00939,0.007702,213.0,Jordan,JOR,JOR,20210216
0.029034,0.014866,0.030075,0.014614,133.0,Kazakhstan,KAZ,KAZ,20210216
0.011074,0.009675,0.016854,0.007866,178.0,Kenya,KEN,KEN,20210216
0.00996,0.004779,0.009592,0.004869,417.0,Malaysia,MYS,MYS,20210216
0.007907,0.001717,0.008085,0.001698,2721.0,Mexico,MEX,MEX,20210216
0.0,0.0,0.0,0.0,145.0,Nepal,NPL,NPL,20210216
0.030189,0.005796,0.021104,0.0069,616.0,Netherlands,NLD,NLD,20210216
0.016083,0.00671,0.019139,0.00616,418.0,New Zealand,NZL,NZL,20210216
0.007709,0.009615,0.009615,0.008618,104.0,Nicaragua,NIC,NIC,20210216
0.041543,0.01201,0.044218,0.011657,294.0,Nigeria,NGA,NGA,20210216
0.011775,0.004644,0.006579,0.006197,304.0,Norway,NOR,NOR,20210216
0.029699,0.011149,0.035842,0.010181,279.0,Pakistan,PAK,PAK,20210216
0.008455,0.009901,0.009901,0.009156,101.0,Panama,PAN,PAN,20210216
0.026457,0.011319,0.019737,0.01306,152.0,Paraguay,PRY,PRY,20210216
0.009534,0.004132,0.012465,0.003619,722.0,Peru,PER,PER,20210216
0.016985,0.003877,0.015121,0.004105,992.0,Philippines,PHL,PHL,20210216
0.021261,0.005071,0.016949,0.005667,649.0,Poland,POL,POL,20210216
0.00788,0.002433,0.004219,0.003318,711.0,Portugal,PRT,PRT,20210216
0.008945,0.01021,0.014493,0.008044,138.0,"Puerto Rico, U.S.",PRI,PRI,20210216
0.011963,0.005206,0.012821,0.005031,468.0,Romania,ROU,ROU,20210216
0.015646,0.003847,0.012835,0.004242,857.0,Russia,RUS,RUS,20210216
0.001482,0.005814,0.005814,0.002941,172.0,Saudi Arabia,SAU,SAU,20210216
0.018557,0.010209,0.023041,0.009183,217.0,Serbia,SRB,SRB,20210216
0.002395,0.004255,0.004255,0.003196,235.0,Slovakia,SVK,SVK,20210216
0.046317,0.009443,0.049336,0.009164,527.0,South Africa,ZAF,ZAF,20210216
0.006886,0.003901,0.005525,0.004352,362.0,South Korea,KOR,KOR,20210216
0.009722,0.002885,0.008687,0.00305,1036.0,Spain,ESP,ESP,20210216
0.003757,0.003176,0.007123,0.002311,702.0,Sweden,SWE,SWE,20210216
0.010429,0.006142,0.010676,0.006071,281.0,Switzerland,CHE,CHE,20210216
0.002591,0.001076,0.001865,0.001268,1609.0,Taiwan,TWN,TWN,20210216
0.01015,0.002697,0.006046,0.003488,827.0,Thailand,THA,THA,20210216
0.004953,0.007197,0.010204,0.005028,196.0,Tunisia,TUN,TUN,20210216
0.015018,0.003797,0.01145,0.004341,786.0,Turkey,TUR,TUR,20210216
0.019811,0.004463,0.022099,0.004231,1086.0,Ukraine,UKR,UKR,20210216
0.004599,0.003404,0.006826,0.002797,586.0,United Kingdom,GBR,GBR,20210216
0.004694,0.003413,0.003413,0.004,293.0,Uruguay,URY,URY,20210216
0.013301,0.005729,0.014118,0.005564,425.0,Venezuela,VEN,VEN,20210216
0.007328,0.001333,0.004005,0.0018,2247.0,Vietnam,VNM,VNM,20210216
0.004572,0.008528,0.017167,0.004429,233.0,Algeria,DZA,DZA,20210217
0.004942,0.00194,0.005143,0.001901,1361.0,Argentina,ARG,ARG,20210217
0.025903,0.006018,0.021922,0.006528,593.0,Australia,AUS,AUS,20210217
0.011095,0.005871,0.010204,0.006119,294.0,Austria,AUT,AUT,20210217
0.036034,0.015064,0.046154,0.013381,195.0,Bangladesh,BGD,BGD,20210217
0.0,0.0,0.0,0.0,165.0,Belarus,BLR,BLR,20210217
0.026414,0.006714,0.015106,0.008828,331.0,Belgium,BEL,BEL,20210217
0.017508,0.002874,0.002874,0.007041,348.0,Bolivia,BOL,BOL,20210217
0.018662,0.002143,0.015114,0.002377,3242.0,Brazil,BRA,BRA,20210217
0.006521,0.004266,0.006042,0.004431,331.0,Bulgaria,BGR,BGR,20210217
0.013419,0.004021,0.015152,0.003787,924.0,Canada,CAN,CAN,20210217
0.00568,0.003514,0.004975,0.003753,402.0,Chile,CHL,CHL,20210217
0.013546,0.003717,0.014,0.003657,1000.0,Colombia,COL,COL,20210217
0.005418,0.006897,0.006897,0.006117,145.0,Costa Rica,CRI,CRI,20210217
0.025528,0.013306,0.03012,0.012279,166.0,Croatia,HRV,HRV,20210217
0.005228,0.002868,0.004975,0.002939,603.0,Czech Republic,CZE,CZE,20210217
0.003567,0.004608,0.004608,0.004056,217.0,Denmark,DNK,DNK,20210217
0.039964,0.016576,0.047904,0.015203,167.0,Dominican Republic,DOM,DOM,20210217
0.010802,0.003829,0.010174,0.003944,688.0,Ecuador,ECU,ECU,20210217
0.004581,0.003292,0.006601,0.002746,606.0,Egypt,EGY,EGY,20210217
0.040987,0.012319,0.035398,0.013217,226.0,El Salvador,SLV,SLV,20210217
0.004446,0.001467,0.005503,0.001319,2544.0,France,FRA,FRA,20210217
0.010544,0.002207,0.009916,0.002275,2017.0,Germany,DEU,DEU,20210217
0.044821,0.014794,0.03681,0.016256,163.0,Ghana,GHA,GHA,20210217
0.00817,0.004813,0.009662,0.00443,414.0,Greece,GRC,GRC,20210217
0.039958,0.011122,0.025126,0.013919,199.0,Guatemala,GTM,GTM,20210217
0.050001,0.015852,0.035971,0.018553,139.0,Honduras,HND,HND,20210217
0.012578,0.01021,0.014493,0.009521,138.0,Hong Kong,HKG,HKG,20210217
0.007774,0.003158,0.007082,0.003308,706.0,Hungary,HUN,HUN,20210217
0.015084,0.003034,0.015588,0.002985,1668.0,India,IND,IND,20210217
0.041318,0.007236,0.053608,0.006394,970.0,Indonesia,IDN,IDN,20210217
0.013226,0.005057,0.010152,0.005763,394.0,Iraq,IRQ,IRQ,20210217
0.0,0.0,0.0,0.0,156.0,Ireland,IRL,IRL,20210217
0.008773,0.009259,0.009259,0.009015,108.0,Israel,ISR,ISR,20210217
0.006286,0.001861,0.005597,0.001972,1608.0,Italy,ITA,ITA,20210217
0.002094,0.000717,0.002487,0.000658,4825.0,Japan,JPN,JPN,20210217
0.014629,0.008151,0.011561,0.009155,173.0,Jordan,JOR,JOR,20210217
0.019322,0.007752,0.007752,0.012167,129.0,Kazakhstan,KAZ,KAZ,20210217
0.021479,0.010074,0.020305,0.010355,197.0,Kenya,KEN,KEN,20210217
0.016531,0.007609,0.024331,0.006297,411.0,Malaysia,MYS,MYS,20210217
0.008503,0.001587,0.006939,0.001755,2738.0,Mexico,MEX,MEX,20210217
0.0,0.0,0.0,0.0,102.0,Morocco,MAR,MAR,20210217
0.013436,0.011179,0.015873,0.010298,126.0,Nepal,NPL,NPL,20210217
0.014154,0.004921,0.015674,0.00468,638.0,Netherlands,NLD,NLD,20210217
0.015895,0.006425,0.014451,0.006734,346.0,New Zealand,NZL,NZL,20210217
0.020543,0.012797,0.018182,0.013587,110.0,Nicaragua,NIC,NIC,20210217
0.069016,0.010554,0.033898,0.014783,295.0,Nigeria,NGA,NGA,20210217
0.003126,0.003636,0.003636,0.003372,275.0,Norway,NOR,NOR,20210217
0.017513,0.009155,0.022642,0.008073,265.0,Pakistan,PAK,PAK,20210217
0.002091,0.006897,0.006897,0.003806,145.0,Paraguay,PRY,PRY,20210217
0.019784,0.005522,0.020864,0.00538,671.0,Peru,PER,PER,20210217
0.016988,0.004093,0.01751,0.004032,1028.0,Philippines,PHL,PHL,20210217
0.017966,0.004501,0.014327,0.005031,698.0,Poland,POL,POL,20210217
0.003406,0.002612,0.004532,0.002266,662.0,Portugal,PRT,PRT,20210217
0.011465,0.011173,0.019481,0.008607,154.0,"Puerto Rico, U.S.",PRI,PRI,20210217
0.017515,0.005814,0.015487,0.006177,452.0,Romania,ROU,ROU,20210217
0.017827,0.003787,0.013742,0.004304,946.0,Russia,RUS,RUS,20210217
0.026328,0.007923,0.011236,0.012035,178.0,Saudi Arabia,SAU,SAU,20210217
0.035825,0.010447,0.023585,0.012795,212.0,Serbia,SRB,SRB,20210217
0.008954,0.006344,0.011029,0.005722,272.0,Slovakia,SVK,SVK,20210217
0.0,0.0,0.0,0.0,129.0,Slovenia,SVN,SVN,20210217
0.038087,0.00848,0.034483,0.008895,464.0,South Africa,ZAF,ZAF,20210217
0.0,0.0,0.0,0.0,359.0,South Korea,KOR,KOR,20210217
0.002123,0.00181,0.003138,0.001489,956.0,Spain,ESP,ESP,20210217
0.003196,0.002807,0.005626,0.002118,711.0,Sweden,SWE,SWE,20210217
0.013495,0.006281,0.014124,0.006141,354.0,Switzerland,CHE,CHE,20210217
0.00096,0.000984,0.001392,0.000817,1437.0,Taiwan,TWN,TWN,20210217
0.008673,0.003073,0.008159,0.003167,858.0,Thailand,THA,THA,20210217
0.060001,0.01396,0.040201,0.016878,199.0,Tunisia,TUN,TUN,20210217
0.016525,0.004906,0.018519,0.00464,756.0,Turkey,TUR,TUR,20210217
0.009623,0.003164,0.011905,0.002848,1176.0,Ukraine,UKR,UKR,20210217
0.019802,0.004724,0.014263,0.005551,631.0,United Kingdom,GBR,GBR,20210217
0.00655,0.00466,0.006601,0.004642,303.0,Uruguay,URY,URY,20210217
0.017727,0.006013,0.016018,0.00632,437.0,Venezuela,VEN,VEN,20210217
0.00502,0.001751,0.006573,0.001532,2130.0,Vietnam,VNM,VNM,20210217
0.018654,0.007041,0.012245,0.008662,245.0,Algeria,DZA,DZA,20210218
0.005632,0.002181,0.005785,0.002152,1210.0,Argentina,ARG,ARG,20210218
0.022409,0.005818,0.019469,0.006232,565.0,Australia,AUS,AUS,20210218
0.020056,0.004977,0.008646,0.007537,347.0,Austria,AUT,AUT,20210218
0.032162,0.016104,0.046512,0.013492,172.0,Bangladesh,BGD,BGD,20210218
0.020769,0.010757,0.01875,0.01131,160.0,Belarus,BLR,BLR,20210218
0.002771,0.003115,0.003115,0.002939,321.0,Belgium,BEL,BEL,20210218
0.045158,0.006056,0.010526,0.012322,285.0,Bolivia,BOL,BOL,20210218
0.017392,0.002153,0.014869,0.002326,3161.0,Brazil,BRA,BRA,20210218
0.018999,0.008123,0.020067,0.007909,299.0,Bulgaria,BGR,BGR,20210218
0.020166,0.004525,0.019376,0.004614,929.0,Canada,CAN,CAN,20210218
0.018495,0.006647,0.016393,0.007052,366.0,Chile,CHL,CHL,20210218
0.019178,0.00374,0.01357,0.004433,958.0,Colombia,COL,COL,20210218
0.003633,0.006944,0.006944,0.005031,144.0,Costa Rica,CRI,CRI,20210218
0.029167,0.014515,0.032895,0.013694,152.0,Croatia,HRV,HRV,20210218
0.012024,0.004012,0.009868,0.004424,608.0,Czech Republic,CZE,CZE,20210218
0.0,0.0,0.0,0.0,251.0,Denmark,DNK,DNK,20210218
0.052374,0.015739,0.042424,0.017396,165.0,Dominican Republic,DOM,DOM,20210218
0.018137,0.005375,0.017974,0.005399,612.0,Ecuador,ECU,ECU,20210218
0.00713,0.003152,0.006319,0.003347,633.0,Egypt,EGY,EGY,20210218
0.002924,0.005682,0.005682,0.004082,176.0,El Salvador,SLV,SLV,20210218
0.01748,0.009174,0.009174,0.01261,109.0,Finland,FIN,FIN,20210218
0.007445,0.001406,0.005082,0.0017,2558.0,France,FRA,FRA,20210218
0.014644,0.002925,0.01694,0.002722,1948.0,Germany,DEU,DEU,20210218
0.018368,0.009523,0.013514,0.011075,148.0,Ghana,GHA,GHA,20210218
0.013441,0.005467,0.012285,0.005715,407.0,Greece,GRC,GRC,20210218
0.010399,0.011546,0.020134,0.008339,149.0,Guatemala,GTM,GTM,20210218
0.024351,0.012942,0.026144,0.012502,153.0,Honduras,HND,HND,20210218
0.0,0.0,0.0,0.0,130.0,Hong Kong,HKG,HKG,20210218
0.015152,0.004174,0.01328,0.004455,753.0,Hungary,HUN,HUN,20210218
0.006245,0.002648,0.010645,0.002033,1503.0,India,IND,IND,20210218
0.054192,0.007172,0.050429,0.00742,932.0,Indonesia,IDN,IDN,20210218
0.020563,0.005472,0.010989,0.007449,364.0,Iraq,IRQ,IRQ,20210218
0.012859,0.009153,0.012987,0.009108,154.0,Ireland,IRL,IRL,20210218
0.008573,0.001884,0.005668,0.002314,1588.0,Italy,ITA,ITA,20210218
0.003418,0.000883,0.003647,0.000855,4661.0,Japan,JPN,JPN,20210218
0.0,0.0,0.0,0.0,146.0,Jordan,JOR,JOR,20210218
0.01627,0.011179,0.015873,0.011316,126.0,Kazakhstan,KAZ,KAZ,20210218
0.035339,0.012305,0.024845,0.014597,161.0,Kenya,KEN,KEN,20210218
0.016924,0.014071,0.02,0.012964,100.0,Lebanon,LBN,LBN,20210218
0.0,0.0,0.0,0.0,100.0,Libya,LBY,LBY,20210218
0.015949,0.006454,0.015915,0.006461,377.0,Malaysia,MYS,MYS,20210218
0.01046,0.001883,0.009266,0.001999,2590.0,Mexico,MEX,MEX,20210218
0.0,0.0,0.0,0.0,103.0,Nepal,NPL,NPL,20210218
0.015401,0.005166,0.014706,0.005285,544.0,Netherlands,NLD,NLD,20210218
0.018004,0.007939,0.019608,0.007614,306.0,New Zealand,NZL,NZL,20210218
0.019456,0.015601,0.027273,0.013229,110.0,Nicaragua,NIC,NIC,20210218
0.038352,0.010591,0.035714,0.010961,308.0,Nigeria,NGA,NGA,20210218
0.001111,0.003704,0.003704,0.002031,270.0,Norway,NOR,NOR,20210218
0.010989,0.010057,0.024896,0.006729,241.0,Pakistan,PAK,PAK,20210218
0.032009,0.012641,0.022059,0.01515,136.0,Paraguay,PRY,PRY,20210218
0.026852,0.006069,0.023772,0.00644,631.0,Peru,PER,PER,20210218
0.017927,0.003447,0.011494,0.004291,957.0,Philippines,PHL,PHL,20210218
0.028123,0.006027,0.025148,0.006363,676.0,Poland,POL,POL,20210218
0.002059,0.001592,0.001592,0.00181,628.0,Portugal,PRT,PRT,20210218
0.0148,0.014676,0.025641,0.011211,117.0,"Puerto Rico, U.S.",PRI,PRI,20210218
0.021156,0.006391,0.018223,0.006876,439.0,Romania,ROU,ROU,20210218
0.006653,0.003881,0.013529,0.002731,887.0,Russia,RUS,RUS,20210218
0.011794,0.011702,0.020408,0.008935,147.0,Saudi Arabia,SAU,SAU,20210218
0.013021,0.007098,0.012346,0.007287,243.0,Serbia,SRB,SRB,20210218
0.0,0.0,0.0,0.0,249.0,Slovakia,SVK,SVK,20210218
0.048095,0.009199,0.044088,0.009588,499.0,South Africa,ZAF,ZAF,20210218
0.002851,0.004497,0.006369,0.003014,314.0,South Korea,KOR,KOR,20210218
0.006101,0.001964,0.003405,0.002625,881.0,Spain,ESP,ESP,20210218
0.005369,0.002536,0.004399,0.0028,682.0,Sweden,SWE,SWE,20210218
0.018611,0.006538,0.014706,0.00734,340.0,Switzerland,CHE,CHE,20210218
0.002473,0.001093,0.001547,0.001382,1293.0,Taiwan,TWN,TWN,20210218
0.009284,0.003277,0.008054,0.003516,745.0,Thailand,THA,THA,20210218
0.0,0.0,0.0,0.0,225.0,Tunisia,TUN,TUN,20210218
0.00662,0.00283,0.006345,0.002891,788.0,Turkey,TUR,TUR,20210218
0.021673,0.003934,0.017288,0.004394,1099.0,Ukraine,UKR,UKR,20210218
0.01737,0.004241,0.010435,0.005453,575.0,United Kingdom,GBR,GBR,20210218
0.009171,0.006536,0.011364,0.005878,264.0,Uruguay,URY,URY,20210218
0.021233,0.006321,0.015584,0.007357,385.0,Venezuela,VEN,VEN,20210218
0.003929,0.00188,0.006799,0.001431,1912.0,Vietnam,VNM,VNM,20210218
0.004914,0.006463,0.011236,0.004287,267.0,Algeria,DZA,DZA,20210219
0.009531,0.003108,0.010358,0.002983,1062.0,Argentina,ARG,ARG,20210219
0.021311,0.006028,0.019231,0.006339,520.0,Australia,AUS,AUS,20210219
0.023709,0.009619,0.025735,0.009242,272.0,Austria,AUT,AUT,20210219
0.012481,0.010957,0.022099,0.008275,181.0,Bangladesh,BGD,BGD,20210219
0.008095,0.009094,0.012903,0.007221,155.0,Belarus,BLR,BLR,20210219
0.010217,0.006766,0.011765,0.00631,255.0,Belgium,BEL,BEL,20210219
0.035836,0.007797,0.015686,0.011663,255.0,Bolivia,BOL,BOL,20210219
0.013902,0.001929,0.011311,0.002136,3006.0,Brazil,BRA,BRA,20210219
0.002435,0.003584,0.003584,0.002956,279.0,Bulgaria,BGR,BGR,20210219
0.026957,0.005431,0.025791,0.005549,853.0,Canada,CAN,CAN,20210219
0.016513,0.006228,0.014006,0.006754,357.0,Chile,CHL,CHL,20210219
0.015811,0.004161,0.01451,0.00434,827.0,Colombia,COL,COL,20210219
0.068969,0.018231,0.049296,0.02134,142.0,Costa Rica,CRI,CRI,20210219
0.029678,0.013971,0.031646,0.013543,158.0,Croatia,HRV,HRV,20210219
0.013531,0.00488,0.013889,0.004818,576.0,Czech Republic,CZE,CZE,20210219
0.007391,0.006502,0.009217,0.005828,217.0,Denmark,DNK,DNK,20210219
0.083665,0.015846,0.039474,0.022533,152.0,Dominican Republic,DOM,DOM,20210219
0.010103,0.004626,0.011385,0.00436,527.0,Ecuador,ECU,ECU,20210219
0.003109,0.003094,0.006202,0.002194,645.0,Egypt,EGY,EGY,20210219
0.018509,0.010011,0.017442,0.010307,172.0,El Salvador,SLV,SLV,20210219
0.00728,0.001702,0.006832,0.001757,2342.0,France,FRA,FRA,20210219
0.011324,0.00233,0.010471,0.002422,1910.0,Germany,DEU,DEU,20210219
0.019004,0.012734,0.022222,0.011795,135.0,Ghana,GHA,GHA,20210219
0.020768,0.005031,0.010101,0.007175,396.0,Greece,GRC,GRC,20210219
0.024003,0.012084,0.027322,0.011345,183.0,Guatemala,GTM,GTM,20210219
0.0636,0.016932,0.038462,0.021486,130.0,Honduras,HND,HND,20210219
0.0,0.0,0.0,0.0,123.0,Hong Kong,HKG,HKG,20210219
0.006014,0.003398,0.007622,0.003021,656.0,Hungary,HUN,HUN,20210219
0.012412,0.002836,0.013076,0.002764,1606.0,India,IND,IND,20210219
0.04934,0.006679,0.03972,0.007407,856.0,Indonesia,IDN,IDN,20210219
0.009724,0.005985,0.015945,0.004689,439.0,Iraq,IRQ,IRQ,20210219
0.023528,0.010593,0.015038,0.013193,133.0,Ireland,IRL,IRL,20210219
0.010186,0.002247,0.007478,0.002619,1471.0,Italy,ITA,ITA,20210219
0.002537,0.000786,0.002837,0.000743,4583.0,Japan,JPN,JPN,20210219
0.028247,0.01215,0.027473,0.012315,182.0,Jordan,JOR,JOR,20210219
0.034369,0.016321,0.033058,0.01663,121.0,Kazakhstan,KAZ,KAZ,20210219
0.018516,0.011348,0.025641,0.009679,195.0,Kenya,KEN,KEN,20210219
0.019938,0.006421,0.017115,0.006921,409.0,Malaysia,MYS,MYS,20210219
0.008888,0.001961,0.009654,0.001883,2486.0,Mexico,MEX,MEX,20210219
0.002639,0.009259,0.009259,0.00496,108.0,Morocco,MAR,MAR,20210219
0.041252,0.017015,0.034483,0.018545,116.0,Nepal,NPL,NPL,20210219
0.023127,0.005946,0.020797,0.006263,577.0,Netherlands,NLD,NLD,20210219
0.016692,0.006837,0.013746,0.007523,291.0,New Zealand,NZL,NZL,20210219
0.05511,0.011917,0.042105,0.013541,285.0,Nigeria,NGA,NGA,20210219
0.002035,0.003774,0.003774,0.002773,265.0,Norway,NOR,NOR,20210219
0.028727,0.012467,0.040161,0.010607,249.0,Pakistan,PAK,PAK,20210219
0.0,0.0,0.0,0.0,137.0,Paraguay,PRY,PRY,20210219
0.024352,0.005981,0.022617,0.0062,619.0,Peru,PER,PER,20210219
0.028807,0.004488,0.019751,0.005396,962.0,Philippines,PHL,PHL,20210219
0.01686,0.004914,0.015649,0.005097,639.0,Poland,POL,POL,20210219
0.0,0.0,0.0,0.0,559.0,Portugal,PRT,PRT,20210219
0.004723,0.008621,0.008621,0.006393,116.0,"Puerto Rico, U.S.",PRI,PRI,20210219
0.009249,0.004745,0.009524,0.004677,420.0,Romania,ROU,ROU,20210219
0.018384,0.003998,0.013937,0.004581,861.0,Russia,RUS,RUS,20210219
0.018233,0.009464,0.016484,0.009945,182.0,Saudi Arabia,SAU,SAU,20210219
0.011509,0.00817,0.014218,0.00736,211.0,Serbia,SRB,SRB,20210219
0.013762,0.006846,0.011905,0.007354,252.0,Slovakia,SVK,SVK,20210219
0.014196,0.009709,0.009709,0.011713,103.0,Slovenia,SVN,SVN,20210219
0.072039,0.01088,0.0625,0.011621,496.0,South Africa,ZAF,ZAF,20210219
0.0,0.0,0.0,0.0,302.0,South Korea,KOR,KOR,20210219
0.001797,0.001119,0.001119,0.001417,894.0,Spain,ESP,ESP,20210219
0.003596,0.002119,0.002999,0.002319,667.0,Sweden,SWE,SWE,20210219
0.00907,0.006956,0.013986,0.005616,286.0,Switzerland,CHE,CHE,20210219
0.005468,0.001315,0.00228,0.002034,1316.0,Taiwan,TWN,TWN,20210219
0.015092,0.003537,0.009396,0.00447,745.0,Thailand,THA,THA,20210219
0.003138,0.004425,0.004425,0.003729,226.0,Tunisia,TUN,TUN,20210219
0.005003,0.003614,0.009602,0.002615,729.0,Turkey,TUR,TUR,20210219
0.006382,0.002982,0.008982,0.002517,1002.0,Ukraine,UKR,UKR,20210219
0.025211,0.006693,0.023438,0.006935,512.0,United Kingdom,GBR,GBR,20210219
0.027895,0.008146,0.016393,0.010564,244.0,Uruguay,URY,URY,20210219
0.005216,0.005079,0.008824,0.003912,340.0,Venezuela,VEN,VEN,20210219
0.002376,0.001278,0.002862,0.001165,1747.0,Vietnam,VNM,VNM,20210219
0.00906,0.006792,0.011811,0.005957,254.0,Algeria,DZA,DZA,20210220
0.012142,0.003102,0.009852,0.003439,1015.0,Argentina,ARG,ARG,20210220
0.039473,0.007038,0.026667,0.008506,525.0,Australia,AUS,AUS,20210220
0.026373,0.007837,0.019355,0.009116,310.0,Austria,AUT,AUT,20210220
0.034975,0.011938,0.024096,0.014302,166.0,Bangladesh,BGD,BGD,20210220
0.0,0.0,0.0,0.0,141.0,Belarus,BLR,BLR,20210220
0.002861,0.003509,0.003509,0.003169,285.0,Belgium,BEL,BEL,20210220
0.010175,0.00623,0.01083,0.006041,277.0,Bolivia,BOL,BOL,20210220
0.017878,0.002265,0.015136,0.002458,2907.0,Brazil,BRA,BRA,20210220
0.006017,0.005078,0.007194,0.004647,278.0,Bulgaria,BGR,BGR,20210220
0.012709,0.004059,0.013547,0.003933,812.0,Canada,CAN,CAN,20210220
0.024381,0.007653,0.021858,0.008073,366.0,Chile,CHL,CHL,20210220
0.032394,0.005509,0.024297,0.006335,782.0,Colombia,COL,COL,20210220
0.021386,0.01145,0.01626,0.013097,123.0,Costa Rica,CRI,CRI,20210220
0.025048,0.016434,0.037313,0.013551,134.0,Croatia,HRV,HRV,20210220
0.013693,0.004219,0.010381,0.004838,578.0,Czech Republic,CZE,CZE,20210220
0.018492,0.009068,0.015789,0.0098,190.0,Denmark,DNK,DNK,20210220
0.027883,0.01223,0.024691,0.012975,162.0,Dominican Republic,DOM,DOM,20210220
0.012625,0.005173,0.012739,0.00515,471.0,Ecuador,ECU,ECU,20210220
0.005912,0.003626,0.007273,0.003272,550.0,Egypt,EGY,EGY,20210220
0.005863,0.008012,0.011364,0.005771,176.0,El Salvador,SLV,SLV,20210220
0.003447,0.001279,0.003845,0.001212,2341.0,France,FRA,FRA,20210220
0.01945,0.003261,0.019477,0.003259,1797.0,Germany,DEU,DEU,20210220
0.017885,0.016434,0.037313,0.011492,134.0,Ghana,GHA,GHA,20210220
0.015168,0.005733,0.012887,0.006213,388.0,Greece,GRC,GRC,20210220
0.005035,0.009719,0.013793,0.005898,145.0,Guatemala,GTM,GTM,20210220
0.041993,0.014079,0.02459,0.018234,122.0,Honduras,HND,HND,20210220
0.0,0.0,0.0,0.0,128.0,Hong Kong,HKG,HKG,20210220
0.015123,0.004365,0.015228,0.00435,788.0,Hungary,HUN,HUN,20210220
0.010622,0.003357,0.018239,0.002572,1590.0,India,IND,IND,20210220
0.035956,0.006537,0.036452,0.006494,823.0,Indonesia,IDN,IDN,20210220
0.005195,0.004667,0.009368,0.003483,427.0,Iraq,IRQ,IRQ,20210220
0.0,0.0,0.0,0.0,160.0,Ireland,IRL,IRL,20210220
0.006978,0.002244,0.007468,0.00217,1473.0,Italy,ITA,ITA,20210220
0.001717,0.000645,0.002041,0.000592,4899.0,Japan,JPN,JPN,20210220
0.008792,0.006882,0.009756,0.006536,205.0,Jordan,JOR,JOR,20210220
0.0,0.0,0.0,0.0,117.0,Kazakhstan,KAZ,KAZ,20210220
0.0,0.0,0.0,0.0,219.0,Kenya,KEN,KEN,20210220
0.011777,0.005642,0.011331,0.00575,353.0,Malaysia,MYS,MYS,20210220
0.013311,0.001838,0.008041,0.002358,2363.0,Mexico,MEX,MEX,20210220
0.009356,0.012243,0.017391,0.009017,115.0,Nepal,NPL,NPL,20210220
0.023195,0.006258,0.022807,0.00631,570.0,Netherlands,NLD,NLD,20210220
0.016071,0.007476,0.015038,0.007725,266.0,New Zealand,NZL,NZL,20210220
0.037589,0.008955,0.02214,0.011575,271.0,Nigeria,NGA,NGA,20210220
0.013775,0.006099,0.010601,0.006941,283.0,Norway,NOR,NOR,20210220
0.02829,0.014102,0.047826,0.010956,230.0,Pakistan,PAK,PAK,20210220
0.006906,0.008929,0.008929,0.00786,112.0,Paraguay,PRY,PRY,20210220
0.0324,0.006653,0.026087,0.00739,575.0,Peru,PER,PER,20210220
0.02224,0.004416,0.019427,0.004718,978.0,Philippines,PHL,PHL,20210220
0.029105,0.006424,0.026016,0.006784,615.0,Poland,POL,POL,20210220
0.005761,0.002316,0.003279,0.003067,610.0,Portugal,PRT,PRT,20210220
0.069329,0.011702,0.020408,0.021022,147.0,"Puerto Rico, U.S.",PRI,PRI,20210220
0.021944,0.005999,0.015982,0.007008,438.0,Romania,ROU,ROU,20210220
0.016262,0.004247,0.014815,0.004447,810.0,Russia,RUS,RUS,20210220
0.003131,0.005495,0.005495,0.004153,182.0,Saudi Arabia,SAU,SAU,20210220
0.003635,0.005025,0.005025,0.004277,199.0,Serbia,SRB,SRB,20210220
0.019843,0.00759,0.015267,0.008632,262.0,Slovakia,SVK,SVK,20210220
0.02854,0.01793,0.036364,0.015949,110.0,Slovenia,SVN,SVN,20210220
0.050518,0.010405,0.043814,0.011133,388.0,South Africa,ZAF,ZAF,20210220
0.004251,0.004454,0.006309,0.00366,317.0,South Korea,KOR,KOR,20210220
0.003776,0.002002,0.003472,0.002088,864.0,Spain,ESP,ESP,20210220
0.009813,0.002222,0.003145,0.003912,636.0,Sweden,SWE,SWE,20210220
0.02402,0.008578,0.021201,0.009118,283.0,Switzerland,CHE,CHE,20210220
0.001729,0.001361,0.002358,0.001165,1272.0,Taiwan,TWN,TWN,20210220
0.00919,0.003582,0.010178,0.003406,786.0,Thailand,THA,THA,20210220
0.001638,0.005618,0.005618,0.00304,178.0,Tunisia,TUN,TUN,20210220
0.016113,0.003911,0.011796,0.004561,763.0,Turkey,TUR,TUR,20210220
0.017613,0.004042,0.015773,0.004268,951.0,Ukraine,UKR,UKR,20210220
0.010989,0.009709,0.009709,0.010322,103.0,United Arab Emirates,ARE,ARE,20210220
0.013107,0.004384,0.009843,0.005051,508.0,United Kingdom,GBR,GBR,20210220
0.025099,0.00819,0.01845,0.00952,271.0,Uruguay,URY,URY,20210220
0.011938,0.005915,0.013298,0.005608,376.0,Venezuela,VEN,VEN,20210220
0.00253,0.001662,0.004405,0.001261,1589.0,Vietnam,VNM,VNM,20210220
0.012007,0.005905,0.008368,0.00706,239.0,Algeria,DZA,DZA,20210221
0.00967,0.003054,0.010176,0.002978,1081.0,Argentina,ARG,ARG,20210221
0.012382,0.005291,0.015066,0.004804,531.0,Australia,AUS,AUS,20210221
0.031314,0.008744,0.026549,0.009473,339.0,Austria,AUT,AUT,20210221
0.09423,0.01511,0.040698,0.022341,172.0,Bangladesh,BGD,BGD,20210221
0.0,0.0,0.0,0.0,162.0,Belarus,BLR,BLR,20210221
0.008364,0.005735,0.009967,0.005258,301.0,Belgium,BEL,BEL,20210221
0.004817,0.003922,0.003922,0.004344,255.0,Bolivia,BOL,BOL,20210221
0.028179,0.002577,0.021478,0.002941,3166.0,Brazil,BRA,BRA,20210221
0.021862,0.007666,0.018927,0.008226,317.0,Bulgaria,BGR,BGR,20210221
0.015552,0.003673,0.012249,0.004131,898.0,Canada,CAN,CAN,20210221
0.00759,0.004058,0.005747,0.004659,348.0,Chile,CHL,CHL,20210221
0.021965,0.00538,0.02372,0.005182,801.0,Colombia,COL,COL,20210221
0.003147,0.00885,0.00885,0.005292,113.0,Costa Rica,CRI,CRI,20210221
0.006144,0.010961,0.019108,0.006256,157.0,Croatia,HRV,HRV,20210221
0.008843,0.003601,0.008078,0.003766,619.0,Czech Republic,CZE,CZE,20210221
0.0,0.0,0.0,0.0,237.0,Denmark,DNK,DNK,20210221
0.015421,0.010137,0.014388,0.010489,139.0,Dominican Republic,DOM,DOM,20210221
0.008407,0.004162,0.008351,0.004176,479.0,Ecuador,ECU,ECU,20210221
0.001979,0.002723,0.004724,0.001765,635.0,Egypt,EGY,EGY,20210221
0.023741,0.007878,0.011173,0.011411,179.0,El Salvador,SLV,SLV,20210221
0.008006,0.001597,0.005991,0.001844,2337.0,France,FRA,FRA,20210221
0.013997,0.00271,0.014698,0.002645,1973.0,Germany,DEU,DEU,20210221
0.034905,0.015321,0.031008,0.016223,129.0,Ghana,GHA,GHA,20210221
0.023528,0.007831,0.023747,0.007796,379.0,Greece,GRC,GRC,20210221
0.02747,0.010665,0.021505,0.012017,186.0,Guatemala,GTM,GTM,20210221
0.00483,0.007407,0.007407,0.005989,135.0,Honduras,HND,HND,20210221
0.006496,0.009434,0.009434,0.00784,106.0,Hong Kong,HKG,HKG,20210221
0.023813,0.004187,0.013977,0.005438,787.0,Hungary,HUN,HUN,20210221
0.01308,0.002656,0.012245,0.002744,1715.0,India,IND,IND,20210221
0.048951,0.007097,0.045924,0.007315,871.0,Indonesia,IDN,IDN,20210221
0.01686,0.004813,0.009662,0.006335,414.0,Iraq,IRQ,IRQ,20210221
0.004591,0.006135,0.006135,0.005311,163.0,Ireland,IRL,IRL,20210221
0.001712,0.001407,0.003151,0.001038,1587.0,Italy,ITA,ITA,20210221
0.002044,0.000737,0.00266,0.000646,4888.0,Japan,JPN,JPN,20210221
0.00317,0.004505,0.004505,0.003781,222.0,Jordan,JOR,JOR,20210221
0.03122,0.014333,0.028986,0.014858,138.0,Kazakhstan,KAZ,KAZ,20210221
0.018352,0.009675,0.016854,0.010089,178.0,Kenya,KEN,KEN,20210221
0.037783,0.006468,0.017241,0.009475,406.0,Malaysia,MYS,MYS,20210221
0.011424,0.001916,0.009024,0.002153,2438.0,Mexico,MEX,MEX,20210221
0.013188,0.014676,0.025641,0.010592,117.0,Nepal,NPL,NPL,20210221
0.023338,0.006422,0.024306,0.006296,576.0,Netherlands,NLD,NLD,20210221
0.007247,0.005793,0.010067,0.004922,298.0,New Zealand,NZL,NZL,20210221
0.038842,0.013749,0.050781,0.0121,256.0,Nigeria,NGA,NGA,20210221
0.007451,0.004754,0.006734,0.004999,297.0,Norway,NOR,NOR,20210221
0.011204,0.008979,0.020243,0.006711,247.0,Pakistan,PAK,PAK,20210221
0.012217,0.009787,0.013889,0.009186,144.0,Paraguay,PRY,PRY,20210221
0.015527,0.005562,0.01773,0.005211,564.0,Peru,PER,PER,20210221
0.030066,0.004613,0.019759,0.005661,911.0,Philippines,PHL,PHL,20210221
0.021521,0.005767,0.023324,0.005544,686.0,Poland,POL,POL,20210221
0.004196,0.002051,0.002903,0.002464,689.0,Portugal,PRT,PRT,20210221
0.008107,0.010593,0.015038,0.007805,133.0,"Puerto Rico, U.S.",PRI,PRI,20210221
0.004261,0.003071,0.004348,0.00304,460.0,Romania,ROU,ROU,20210221
0.008586,0.003538,0.010664,0.003178,844.0,Russia,RUS,RUS,20210221
0.013212,0.008922,0.012658,0.009113,158.0,Saudi Arabia,SAU,SAU,20210221
0.025663,0.011651,0.03125,0.010589,224.0,Serbia,SRB,SRB,20210221
0.0,0.0,0.0,0.0,270.0,Slovakia,SVK,SVK,20210221
0.010777,0.009524,0.009524,0.010124,105.0,Slovenia,SVN,SVN,20210221
0.069708,0.010057,0.052632,0.011469,494.0,South Africa,ZAF,ZAF,20210221
0.000694,0.003165,0.003165,0.001484,316.0,South Korea,KOR,KOR,20210221
0.010123,0.002449,0.005488,0.003318,911.0,Spain,ESP,ESP,20210221
0.001974,0.001931,0.002732,0.001642,732.0,Sweden,SWE,SWE,20210221
0.034137,0.008451,0.022581,0.01033,310.0,Switzerland,CHE,CHE,20210221
0.0,0.0,0.0,0.0,1362.0,Taiwan,TWN,TWN,20210221
0.00638,0.00272,0.006098,0.002782,820.0,Thailand,THA,THA,20210221
0.0,0.0,0.0,0.0,177.0,Tunisia,TUN,TUN,20210221
0.010945,0.003623,0.010922,0.003627,824.0,Turkey,TUR,TUR,20210221
0.028021,0.003562,0.01341,0.00511,1044.0,Ukraine,UKR,UKR,20210221
0.015185,0.005205,0.016584,0.004984,603.0,United Kingdom,GBR,GBR,20210221
0.019139,0.006536,0.011364,0.008449,264.0,Uruguay,URY,URY,20210221
0.009736,0.004838,0.008403,0.005204,357.0,Venezuela,VEN,VEN,20210221
0.00437,0.001948,0.006177,0.00164,1619.0,Vietnam,VNM,VNM,20210221
0.005406,0.00817,0.014218,0.00506,211.0,Algeria,DZA,DZA,20210222
0.008768,0.002612,0.008292,0.002686,1206.0,Argentina,ARG,ARG,20210222
0.009768,0.004715,0.011605,0.00433,517.0,Australia,AUS,AUS,20210222
0.023747,0.008796,0.025157,0.008552,318.0,Austria,AUT,AUT,20210222
0.021938,0.012702,0.028736,0.011137,174.0,Bangladesh,BGD,BGD,20210222
0.004134,0.006135,0.006135,0.005041,163.0,Belarus,BLR,BLR,20210222
0.003256,0.002941,0.002941,0.003094,340.0,Belgium,BEL,BEL,20210222
0.006381,0.004885,0.00692,0.004692,289.0,Bolivia,BOL,BOL,20210222
0.021549,0.002091,0.015336,0.00247,3456.0,Brazil,BRA,BRA,20210222
0.0,0.0,0.0,0.0,308.0,Bulgaria,BGR,BGR,20210222
0.020117,0.00423,0.015945,0.004741,878.0,Canada,CAN,CAN,20210222
0.006441,0.004066,0.007059,0.003885,425.0,Chile,CHL,CHL,20210222
0.017213,0.004021,0.015152,0.004281,924.0,Colombia,COL,COL,20210222
0.021113,0.011469,0.02,0.011777,150.0,Costa Rica,CRI,CRI,20210222
0.013983,0.010691,0.018634,0.009283,161.0,Croatia,HRV,HRV,20210222
0.011357,0.00396,0.00974,0.004273,616.0,Czech Republic,CZE,CZE,20210222
0.0,0.0,0.0,0.0,229.0,Denmark,DNK,DNK,20210222
0.02608,0.011623,0.02027,0.013145,148.0,Dominican Republic,DOM,DOM,20210222
0.012855,0.004482,0.011029,0.004834,544.0,Ecuador,ECU,ECU,20210222
0.003864,0.003684,0.008264,0.002524,605.0,Egypt,EGY,EGY,20210222
0.046771,0.012213,0.030303,0.015044,198.0,El Salvador,SLV,SLV,20210222
0.0,0.0,0.0,0.0,101.0,Finland,FIN,FIN,20210222
0.007353,0.001558,0.006051,0.001716,2479.0,France,FRA,FRA,20210222
0.015391,0.00296,0.017409,0.002786,1953.0,Germany,DEU,DEU,20210222
0.019682,0.013465,0.027211,0.011496,147.0,Ghana,GHA,GHA,20210222
0.018208,0.006471,0.015957,0.006904,376.0,Greece,GRC,GRC,20210222
0.018603,0.01133,0.022857,0.010243,175.0,Guatemala,GTM,GTM,20210222
0.011205,0.009924,0.014085,0.008864,142.0,Honduras,HND,HND,20210222
0.021941,0.014195,0.024793,0.013373,121.0,Hong Kong,HKG,HKG,20210222
0.011486,0.003719,0.010568,0.003875,757.0,Hungary,HUN,HUN,20210222
0.014022,0.002753,0.013575,0.002797,1768.0,India,IND,IND,20210222
0.036852,0.006845,0.042529,0.006391,870.0,Indonesia,IDN,IDN,20210222
0.007625,0.005563,0.011173,0.004604,358.0,Iraq,IRQ,IRQ,20210222
0.00715,0.007519,0.007519,0.007333,133.0,Ireland,IRL,IRL,20210222
0.004444,0.01,0.01,0.006685,100.0,Israel,ISR,ISR,20210222
0.004166,0.001789,0.004743,0.001677,1476.0,Italy,ITA,ITA,20210222
0.001078,0.000587,0.001763,0.000459,5106.0,Japan,JPN,JPN,20210222
0.002469,0.004464,0.004464,0.003324,224.0,Jordan,JOR,JOR,20210222
0.0,0.0,0.0,0.0,121.0,Kazakhstan,KAZ,KAZ,20210222
0.006884,0.006915,0.009804,0.005803,204.0,Kenya,KEN,KEN,20210222
0.0,0.0,0.0,0.0,101.0,Libya,LBY,LBY,20210222
0.015197,0.007393,0.021108,0.006292,379.0,Malaysia,MYS,MYS,20210222
0.005591,0.001468,0.005505,0.001479,2543.0,Mexico,MEX,MEX,20210222
0.008451,0.008929,0.008929,0.008689,112.0,Morocco,MAR,MAR,20210222
0.001746,0.008772,0.008772,0.003927,114.0,Nepal,NPL,NPL,20210222
0.027933,0.00654,0.02649,0.00671,604.0,Netherlands,NLD,NLD,20210222
0.01771,0.007873,0.01773,0.007868,282.0,New Zealand,NZL,NZL,20210222
0.056341,0.013717,0.052632,0.014164,266.0,Nigeria,NGA,NGA,20210222
0.010103,0.004835,0.006849,0.005862,292.0,Norway,NOR,NOR,20210222
0.033678,0.011517,0.033058,0.011621,242.0,Pakistan,PAK,PAK,20210222
0.0,0.0,0.0,0.0,100.0,Panama,PAN,PAN,20210222
0.015585,0.007407,0.007407,0.0107,135.0,Paraguay,PRY,PRY,20210222
0.018126,0.004379,0.013216,0.005116,681.0,Peru,PER,PER,20210222
0.012674,0.003377,0.011259,0.003581,977.0,Philippines,PHL,PHL,20210222
0.021706,0.004772,0.015942,0.005552,690.0,Poland,POL,POL,20210222
0.0,0.0,0.0,0.0,530.0,Portugal,PRT,PRT,20210222
0.040098,0.012859,0.025974,0.015861,154.0,"Puerto Rico, U.S.",PRI,PRI,20210222
0.012503,0.004893,0.010989,0.005215,455.0,Romania,ROU,ROU,20210222
0.030256,0.004068,0.014184,0.005893,846.0,Russia,RUS,RUS,20210222
0.036196,0.014059,0.031847,0.014954,157.0,Saudi Arabia,SAU,SAU,20210222
0.040825,0.013756,0.039604,0.013958,202.0,Serbia,SRB,SRB,20210222
0.022718,0.007827,0.015748,0.009368,254.0,Slovakia,SVK,SVK,20210222
0.038025,0.008994,0.036613,0.009159,437.0,South Africa,ZAF,ZAF,20210222
0.001747,0.003012,0.003012,0.002295,332.0,South Korea,KOR,KOR,20210222
0.004207,0.002194,0.004396,0.002147,910.0,Spain,ESP,ESP,20210222
0.044095,0.016977,0.029703,0.020531,101.0,Sudan,SDN,SDN,20210222
0.003596,0.002025,0.002865,0.002267,698.0,Sweden,SWE,SWE,20210222
0.024941,0.008293,0.022152,0.008786,316.0,Switzerland,CHE,CHE,20210222
0.004992,0.001596,0.003195,0.001993,1252.0,Taiwan,TWN,TWN,20210222
0.002935,0.002896,0.006494,0.001951,770.0,Thailand,THA,THA,20210222
0.0,0.0,0.0,0.0,192.0,Tunisia,TUN,TUN,20210222
0.008451,0.003537,0.009396,0.003356,745.0,Turkey,TUR,TUR,20210222
0.012988,0.003702,0.014437,0.003514,1039.0,Ukraine,UKR,UKR,20210222
0.007529,0.003633,0.007286,0.003693,549.0,United Kingdom,GBR,GBR,20210222
0.004653,0.004786,0.00678,0.003969,295.0,Uruguay,URY,URY,20210222
0.006418,0.005719,0.012853,0.004054,389.0,Venezuela,VEN,VEN,20210222
0.010384,0.001846,0.005232,0.002593,1529.0,Vietnam,VNM,VNM,20210222
