pct_hes_waitlater,hes_waitlater_se,pct_hes_waitlater_unw,hes_waitlater_se_unw,sample_size,country,iso_code,gid_0,survey_date
0.482418,0.031971,0.431535,0.032255,241.0,Algeria,DZA,DZA,20210206
0.51331,0.015491,0.513436,0.015491,1042.0,Argentina,ARG,ARG,20210206
0.566797,0.020261,0.570234,0.02028,598.0,Australia,AUS,AUS,20210206
0.485323,0.033113,0.502183,0.033099,229.0,Austria,AUT,AUT,20210206
0.440059,0.035616,0.489899,0.035367,198.0,Bangladesh,BGD,BGD,20210206
0.3754,0.042865,0.455882,0.041676,136.0,Belarus,BLR,BLR,20210206
0.491255,0.030063,0.476534,0.030092,277.0,Belgium,BEL,BEL,20210206
0.532293,0.028715,0.531353,0.028712,303.0,Bolivia,BOL,BOL,20210206
0.533417,0.009721,0.530148,0.009717,2637.0,Brazil,BRA,BRA,20210206
0.402565,0.031381,0.438247,0.031017,251.0,Bulgaria,BGR,BGR,20210206
0.471877,0.017969,0.490323,0.017944,775.0,Canada,CAN,CAN,20210206
0.559852,0.023701,0.553288,0.023665,441.0,Chile,CHL,CHL,20210206
0.534521,0.01583,0.520562,0.015805,997.0,Colombia,COL,COL,20210206
0.519374,0.049801,0.455446,0.049962,101.0,Costa Rica,CRI,CRI,20210206
0.52241,0.04207,0.521127,0.042065,142.0,Croatia,HRV,HRV,20210206
0.50941,0.023145,0.530043,0.023183,466.0,Czech Republic,CZE,CZE,20210206
0.495031,0.036684,0.467742,0.036759,186.0,Denmark,DNK,DNK,20210206
0.624923,0.038777,0.624204,0.038762,157.0,Dominican Republic,DOM,DOM,20210206
0.540274,0.024748,0.575,0.02495,400.0,Ecuador,ECU,ECU,20210206
0.54561,0.021516,0.560976,0.021587,533.0,Egypt,EGY,EGY,20210206
0.512453,0.037243,0.585227,0.037785,176.0,El Salvador,SLV,SLV,20210206
0.488916,0.010834,0.489202,0.010834,2130.0,France,FRA,FRA,20210206
0.481206,0.012199,0.479142,0.012201,1678.0,Germany,DEU,DEU,20210206
0.590703,0.040517,0.583893,0.040418,149.0,Ghana,GHA,GHA,20210206
0.548834,0.024887,0.577215,0.025069,395.0,Greece,GRC,GRC,20210206
0.500175,0.03869,0.538922,0.038808,167.0,Guatemala,GTM,GTM,20210206
0.510958,0.042429,0.539568,0.042553,139.0,Honduras,HND,HND,20210206
0.63256,0.046075,0.610619,0.045555,113.0,Hong Kong,HKG,HKG,20210206
0.406674,0.021708,0.43295,0.02152,522.0,Hungary,HUN,HUN,20210206
0.433748,0.013073,0.463599,0.012992,1456.0,India,IND,IND,20210206
0.48536,0.017216,0.488152,0.017214,844.0,Indonesia,IDN,IDN,20210206
0.492931,0.030317,0.498168,0.030314,273.0,Iraq,IRQ,IRQ,20210206
0.389995,0.044833,0.430894,0.044159,123.0,Ireland,IRL,IRL,20210206
0.429812,0.0427,0.514493,0.042295,138.0,Israel,ISR,ISR,20210206
0.402139,0.014055,0.418491,0.01397,1233.0,Italy,ITA,ITA,20210206
0.527381,0.006652,0.51781,0.006647,5643.0,Japan,JPN,JPN,20210206
0.650206,0.041452,0.627737,0.040894,137.0,Jordan,JOR,JOR,20210206
0.367615,0.045247,0.37931,0.044961,116.0,Kazakhstan,KAZ,KAZ,20210206
0.615808,0.038741,0.582822,0.038215,163.0,Kenya,KEN,KEN,20210206
0.552715,0.046042,0.591304,0.046568,115.0,Lebanon,LBN,LBN,20210206
0.59441,0.024674,0.594458,0.024674,397.0,Malaysia,MYS,MYS,20210206
0.496322,0.0099,0.508428,0.009901,2551.0,Mexico,MEX,MEX,20210206
0.610351,0.05,0.55,0.049013,100.0,Morocco,MAR,MAR,20210206
0.42205,0.04668,0.438596,0.046461,114.0,Nepal,NPL,NPL,20210206
0.399804,0.023182,0.393258,0.023248,445.0,Netherlands,NLD,NLD,20210206
0.529753,0.033262,0.546667,0.033348,225.0,New Zealand,NZL,NZL,20210206
0.570153,0.029729,0.571942,0.029745,278.0,Nigeria,NGA,NGA,20210206
0.442112,0.031029,0.40873,0.031347,252.0,Norway,NOR,NOR,20210206
0.482995,0.036072,0.487047,0.036064,193.0,Pakistan,PAK,PAK,20210206
0.446624,0.045829,0.491667,0.045573,120.0,Paraguay,PRY,PRY,20210206
0.556346,0.019032,0.57164,0.019108,677.0,Peru,PER,PER,20210206
0.595929,0.016855,0.659924,0.017459,791.0,Philippines,PHL,PHL,20210206
0.440633,0.022218,0.45328,0.022158,503.0,Poland,POL,POL,20210206
0.366018,0.019696,0.348123,0.019916,586.0,Portugal,PRT,PRT,20210206
0.598503,0.044059,0.622951,0.044564,122.0,"Puerto Rico, U.S.",PRI,PRI,20210206
0.430709,0.024157,0.429929,0.024162,421.0,Romania,ROU,ROU,20210206
0.44326,0.017247,0.406404,0.017444,812.0,Russia,RUS,RUS,20210206
0.594167,0.03577,0.609626,0.036006,187.0,Saudi Arabia,SAU,SAU,20210206
0.478825,0.033399,0.488889,0.033378,225.0,Serbia,SRB,SRB,20210206
0.422672,0.034436,0.432692,0.034334,208.0,Slovakia,SVK,SVK,20210206
0.443691,0.049757,0.43,0.049932,100.0,Slovenia,SVN,SVN,20210206
0.511814,0.025509,0.511688,0.025508,385.0,South Africa,ZAF,ZAF,20210206
0.587623,0.025928,0.62931,0.026426,348.0,South Korea,KOR,KOR,20210206
0.360847,0.015588,0.376422,0.015452,967.0,Spain,ESP,ESP,20210206
0.422389,0.019864,0.426731,0.019837,621.0,Sweden,SWE,SWE,20210206
0.467838,0.027744,0.462963,0.027763,324.0,Switzerland,CHE,CHE,20210206
0.657827,0.012862,0.717196,0.01355,1227.0,Taiwan,TWN,TWN,20210206
0.601483,0.016851,0.623188,0.017025,828.0,Thailand,THA,THA,20210206
0.508149,0.036657,0.508021,0.036657,187.0,Tunisia,TUN,TUN,20210206
0.540965,0.017564,0.540943,0.017563,806.0,Turkey,TUR,TUR,20210206
0.3906,0.016124,0.401081,0.01605,925.0,Ukraine,UKR,UKR,20210206
0.37513,0.021149,0.390244,0.020991,533.0,United Kingdom,GBR,GBR,20210206
0.517715,0.031145,0.459144,0.03123,257.0,Uruguay,URY,URY,20210206
0.534391,0.026455,0.539326,0.026474,356.0,Venezuela,VEN,VEN,20210206
0.408143,0.013121,0.419081,0.01307,1415.0,Vietnam,VNM,VNM,20210206
0.51572,0.032272,0.493776,0.032259,241.0,Algeria,DZA,DZA,20210207
0.533585,0.015027,0.537205,0.015035,1102.0,Argentina,ARG,ARG,20210207
0.55034,0.020366,0.54424,0.020343,599.0,Australia,AUS,AUS,20210207
0.474702,0.029669,0.498246,0.029632,285.0,Austria,AUT,AUT,20210207
0.470199,0.032341,0.504167,0.032285,240.0,Bangladesh,BGD,BGD,20210207
0.508969,0.038195,0.476744,0.03823,172.0,Belarus,BLR,BLR,20210207
0.441761,0.028689,0.462046,0.028576,303.0,Belgium,BEL,BEL,20210207
0.471037,0.030081,0.516245,0.030046,277.0,Bolivia,BOL,BOL,20210207
0.536324,0.009839,0.526786,0.009827,2576.0,Brazil,BRA,BRA,20210207
0.37632,0.02847,0.408027,0.028064,299.0,Bulgaria,BGR,BGR,20210207
0.5078,0.016756,0.520225,0.016767,890.0,Canada,CAN,CAN,20210207
0.493746,0.023674,0.505593,0.023674,447.0,Chile,CHL,CHL,20210207
0.507215,0.016004,0.532374,0.016036,973.0,Colombia,COL,COL,20210207
0.414598,0.039714,0.471698,0.039193,159.0,Croatia,HRV,HRV,20210207
0.517458,0.023413,0.50547,0.0234,457.0,Czech Republic,CZE,CZE,20210207
0.399553,0.034537,0.393035,0.034635,201.0,Denmark,DNK,DNK,20210207
0.621292,0.038196,0.649682,0.038836,157.0,Dominican Republic,DOM,DOM,20210207
0.498269,0.025212,0.538265,0.025286,392.0,Ecuador,ECU,ECU,20210207
0.593991,0.02207,0.617284,0.022299,486.0,Egypt,EGY,EGY,20210207
0.515289,0.036214,0.528796,0.036257,191.0,El Salvador,SLV,SLV,20210207
0.492996,0.010398,0.488754,0.0104,2312.0,France,FRA,FRA,20210207
0.497727,0.012031,0.503472,0.012031,1728.0,Germany,DEU,DEU,20210207
0.532103,0.042243,0.561151,0.042475,139.0,Ghana,GHA,GHA,20210207
0.522449,0.024768,0.539409,0.02482,406.0,Greece,GRC,GRC,20210207
0.441095,0.041666,0.503448,0.041377,145.0,Guatemala,GTM,GTM,20210207
0.536849,0.0396,0.54717,0.03967,159.0,Honduras,HND,HND,20210207
0.67207,0.044629,0.657895,0.044163,114.0,Hong Kong,HKG,HKG,20210207
0.389642,0.020029,0.42459,0.019761,610.0,Hungary,HUN,HUN,20210207
0.47097,0.013511,0.468132,0.013515,1365.0,India,IND,IND,20210207
0.483457,0.017519,0.512883,0.017515,815.0,Indonesia,IDN,IDN,20210207
0.504793,0.032615,0.495763,0.032615,236.0,Iraq,IRQ,IRQ,20210207
0.54798,0.04368,0.492424,0.043484,132.0,Ireland,IRL,IRL,20210207
0.507472,0.043508,0.488722,0.043515,133.0,Israel,ISR,ISR,20210207
0.382629,0.013342,0.39299,0.013277,1341.0,Italy,ITA,ITA,20210207
0.530172,0.006998,0.520596,0.006991,5098.0,Japan,JPN,JPN,20210207
0.470072,0.041264,0.462585,0.041306,147.0,Jordan,JOR,JOR,20210207
0.524915,0.048545,0.485981,0.048504,107.0,Kazakhstan,KAZ,KAZ,20210207
0.446291,0.039265,0.484663,0.039056,163.0,Kenya,KEN,KEN,20210207
0.63142,0.045378,0.631579,0.045382,114.0,Lebanon,LBN,LBN,20210207
0.600159,0.025093,0.609499,0.025196,379.0,Malaysia,MYS,MYS,20210207
0.48558,0.010128,0.510874,0.010126,2437.0,Mexico,MEX,MEX,20210207
0.357073,0.048545,0.485981,0.046538,107.0,Nepal,NPL,NPL,20210207
0.428488,0.023942,0.4038,0.024147,421.0,Netherlands,NLD,NLD,20210207
0.506905,0.030863,0.520913,0.030887,263.0,New Zealand,NZL,NZL,20210207
0.520464,0.029428,0.538194,0.029489,288.0,Nigeria,NGA,NGA,20210207
0.473702,0.029791,0.475177,0.029786,282.0,Norway,NOR,NOR,20210207
0.559624,0.032341,0.495833,0.032112,240.0,Pakistan,PAK,PAK,20210207
0.464429,0.044161,0.51938,0.044082,129.0,Paraguay,PRY,PRY,20210207
0.488276,0.019257,0.534226,0.019297,672.0,Peru,PER,PER,20210207
0.602635,0.016666,0.663354,0.017258,805.0,Philippines,PHL,PHL,20210207
0.428678,0.020221,0.453048,0.020103,607.0,Poland,POL,POL,20210207
0.400926,0.019423,0.397799,0.019448,636.0,Portugal,PRT,PRT,20210207
0.631919,0.04243,0.557971,0.041204,138.0,"Puerto Rico, U.S.",PRI,PRI,20210207
0.435252,0.025166,0.478481,0.024978,395.0,Romania,ROU,ROU,20210207
0.408279,0.017099,0.425329,0.016999,837.0,Russia,RUS,RUS,20210207
0.528328,0.042041,0.528169,0.04204,142.0,Saudi Arabia,SAU,SAU,20210207
0.397115,0.035972,0.417989,0.035686,189.0,Serbia,SRB,SRB,20210207
0.471638,0.033328,0.49115,0.03328,226.0,Slovakia,SVK,SVK,20210207
0.509409,0.024098,0.517401,0.024108,431.0,South Africa,ZAF,ZAF,20210207
0.688788,0.027449,0.681661,0.027282,289.0,South Korea,KOR,KOR,20210207
0.376301,0.015056,0.371484,0.015095,1031.0,Spain,ESP,ESP,20210207
0.449019,0.018684,0.437677,0.018733,706.0,Sweden,SWE,SWE,20210207
0.41537,0.027539,0.429012,0.027419,324.0,Switzerland,CHE,CHE,20210207
0.67693,0.013009,0.721988,0.013579,1187.0,Taiwan,TWN,TWN,20210207
0.569847,0.017629,0.581633,0.017693,784.0,Thailand,THA,THA,20210207
0.506427,0.032134,0.510288,0.032139,243.0,Tunisia,TUN,TUN,20210207
0.544157,0.017779,0.543257,0.017776,786.0,Turkey,TUR,TUR,20210207
0.418872,0.016005,0.428422,0.015957,957.0,Ukraine,UKR,UKR,20210207
0.364771,0.020062,0.372852,0.01997,582.0,United Kingdom,GBR,GBR,20210207
0.518251,0.031944,0.5,0.031923,246.0,Uruguay,URY,URY,20210207
0.576487,0.026861,0.573529,0.026837,340.0,Venezuela,VEN,VEN,20210207
0.440636,0.01352,0.434201,0.013542,1345.0,Vietnam,VNM,VNM,20210207
0.471943,0.033541,0.484305,0.033505,223.0,Algeria,DZA,DZA,20210208
0.518489,0.014298,0.51964,0.014299,1222.0,Argentina,ARG,ARG,20210208
0.570797,0.020791,0.575972,0.020823,566.0,Australia,AUS,AUS,20210208
0.500775,0.030879,0.513308,0.03089,263.0,Austria,AUT,AUT,20210208
0.46833,0.032948,0.568282,0.033193,227.0,Bangladesh,BGD,BGD,20210208
0.48767,0.041872,0.432624,0.042245,141.0,Belarus,BLR,BLR,20210208
0.50685,0.029079,0.523649,0.029108,296.0,Belgium,BEL,BEL,20210208
0.473658,0.028676,0.495082,0.028637,305.0,Bolivia,BOL,BOL,20210208
0.536547,0.009509,0.542243,0.009518,2746.0,Brazil,BRA,BRA,20210208
0.426445,0.029428,0.461806,0.029193,288.0,Bulgaria,BGR,BGR,20210208
0.512461,0.017903,0.50064,0.017897,781.0,Canada,CAN,CAN,20210208
0.585169,0.023134,0.59292,0.0232,452.0,Chile,CHL,CHL,20210208
0.530365,0.01561,0.521951,0.015596,1025.0,Colombia,COL,COL,20210208
0.529244,0.049027,0.504762,0.048945,105.0,Costa Rica,CRI,CRI,20210208
0.401317,0.040859,0.410959,0.040706,146.0,Croatia,HRV,HRV,20210208
0.519368,0.023716,0.537246,0.023765,443.0,Czech Republic,CZE,CZE,20210208
0.474428,0.034604,0.42439,0.034961,205.0,Denmark,DNK,DNK,20210208
0.610489,0.040065,0.596026,0.039816,151.0,Dominican Republic,DOM,DOM,20210208
0.587268,0.02412,0.557647,0.023909,425.0,Ecuador,ECU,ECU,20210208
0.529447,0.022368,0.548387,0.022434,496.0,Egypt,EGY,EGY,20210208
0.575986,0.036086,0.588235,0.036236,187.0,El Salvador,SLV,SLV,20210208
0.495493,0.010684,0.510959,0.010686,2190.0,France,FRA,FRA,20210208
0.490045,0.012365,0.498166,0.012363,1636.0,Germany,DEU,DEU,20210208
0.579401,0.037922,0.563953,0.037751,172.0,Ghana,GHA,GHA,20210208
0.481273,0.025183,0.511392,0.025172,395.0,Greece,GRC,GRC,20210208
0.484385,0.042553,0.510791,0.042542,139.0,Guatemala,GTM,GTM,20210208
0.441474,0.039853,0.525316,0.03963,158.0,Honduras,HND,HND,20210208
0.398229,0.020334,0.412266,0.020222,587.0,Hungary,HUN,HUN,20210208
0.490054,0.013904,0.484919,0.013908,1293.0,India,IND,IND,20210208
0.509332,0.017332,0.509004,0.017331,833.0,Indonesia,IDN,IDN,20210208
0.500418,0.031532,0.537849,0.031623,251.0,Iraq,IRQ,IRQ,20210208
0.299645,0.040817,0.364286,0.038856,140.0,Ireland,IRL,IRL,20210208
0.711902,0.046684,0.62963,0.043781,108.0,Israel,ISR,ISR,20210208
0.392797,0.013344,0.401925,0.013292,1351.0,Italy,ITA,ITA,20210208
0.524998,0.007268,0.517978,0.007263,4728.0,Japan,JPN,JPN,20210208
0.403804,0.042718,0.5,0.04192,138.0,Jordan,JOR,JOR,20210208
0.305745,0.044947,0.333333,0.043928,111.0,Kazakhstan,KAZ,KAZ,20210208
0.561224,0.041785,0.545455,0.041643,143.0,Kenya,KEN,KEN,20210208
0.56267,0.02545,0.595174,0.025719,373.0,Malaysia,MYS,MYS,20210208
0.507468,0.009874,0.522266,0.009883,2560.0,Mexico,MEX,MEX,20210208
0.542753,0.047625,0.522523,0.047499,111.0,Morocco,MAR,MAR,20210208
0.568446,0.046225,0.5,0.04579,118.0,Nepal,NPL,NPL,20210208
0.425344,0.022318,0.402893,0.022496,484.0,Netherlands,NLD,NLD,20210208
0.627023,0.030699,0.638211,0.030896,246.0,New Zealand,NZL,NZL,20210208
0.50562,0.031304,0.563492,0.031558,252.0,Nigeria,NGA,NGA,20210208
0.471339,0.030006,0.428571,0.030267,273.0,Norway,NOR,NOR,20210208
0.513993,0.033333,0.466667,0.033395,225.0,Pakistan,PAK,PAK,20210208
0.572252,0.044359,0.563492,0.044252,126.0,Paraguay,PRY,PRY,20210208
0.5121,0.019886,0.529319,0.019915,631.0,Peru,PER,PER,20210208
0.596937,0.016848,0.654135,0.017375,798.0,Philippines,PHL,PHL,20210208
0.439718,0.021573,0.461682,0.021479,535.0,Poland,POL,POL,20210208
0.353709,0.019822,0.35,0.01987,580.0,Portugal,PRT,PRT,20210208
0.606541,0.041331,0.547945,0.040569,146.0,"Puerto Rico, U.S.",PRI,PRI,20210208
0.395508,0.026068,0.402817,0.025988,355.0,Romania,ROU,ROU,20210208
0.416802,0.018202,0.438172,0.018087,744.0,Russia,RUS,RUS,20210208
0.468772,0.038395,0.470588,0.038386,170.0,Saudi Arabia,SAU,SAU,20210208
0.468066,0.036261,0.486911,0.0362,191.0,Serbia,SRB,SRB,20210208
0.49878,0.034957,0.526829,0.035007,205.0,Slovakia,SVK,SVK,20210208
0.381616,0.047093,0.409091,0.04653,110.0,Slovenia,SVN,SVN,20210208
0.548482,0.022959,0.561966,0.023028,468.0,South Africa,ZAF,ZAF,20210208
0.595961,0.028695,0.630282,0.029169,284.0,South Korea,KOR,KOR,20210208
0.397035,0.016037,0.40107,0.01601,935.0,Spain,ESP,ESP,20210208
0.503619,0.020009,0.463023,0.020064,622.0,Sweden,SWE,SWE,20210208
0.426771,0.027871,0.453125,0.027693,320.0,Switzerland,CHE,CHE,20210208
0.687386,0.013315,0.741906,0.014106,1081.0,Taiwan,TWN,TWN,20210208
0.622641,0.01818,0.630312,0.018256,706.0,Thailand,THA,THA,20210208
0.477808,0.033632,0.495495,0.0336,222.0,Tunisia,TUN,TUN,20210208
0.527914,0.018759,0.551136,0.018828,704.0,Turkey,TUR,TUR,20210208
0.420533,0.016447,0.459195,0.016293,919.0,Ukraine,UKR,UKR,20210208
0.379774,0.020502,0.375671,0.020546,559.0,United Kingdom,GBR,GBR,20210208
0.53494,0.030087,0.532609,0.030077,276.0,Uruguay,URY,URY,20210208
0.561033,0.026295,0.567416,0.026339,356.0,Venezuela,VEN,VEN,20210208
0.427823,0.012389,0.427945,0.012388,1596.0,Vietnam,VNM,VNM,20210208
0.441868,0.032268,0.434599,0.032327,237.0,Algeria,DZA,DZA,20210209
0.531177,0.014731,0.526087,0.014722,1150.0,Argentina,ARG,ARG,20210209
0.480242,0.020274,0.55058,0.020363,603.0,Australia,AUS,AUS,20210209
0.537887,0.031676,0.534137,0.031659,249.0,Austria,AUT,AUT,20210209
0.547917,0.037657,0.578035,0.037949,173.0,Bangladesh,BGD,BGD,20210209
0.541191,0.045809,0.516667,0.045679,120.0,Belarus,BLR,BLR,20210209
0.516014,0.030052,0.527076,0.030081,277.0,Belgium,BEL,BEL,20210209
0.461701,0.028989,0.520134,0.028928,298.0,Bolivia,BOL,BOL,20210209
0.545272,0.009682,0.545351,0.009682,2646.0,Brazil,BRA,BRA,20210209
0.454857,0.033527,0.447964,0.033572,221.0,Bulgaria,BGR,BGR,20210209
0.526183,0.017683,0.5125,0.017664,800.0,Canada,CAN,CAN,20210209
0.515045,0.024506,0.513189,0.024503,417.0,Chile,CHL,CHL,20210209
0.532582,0.015476,0.540462,0.015494,1038.0,Colombia,COL,COL,20210209
0.503344,0.045254,0.512195,0.045267,123.0,Costa Rica,CRI,CRI,20210209
0.391497,0.041033,0.435374,0.040394,147.0,Croatia,HRV,HRV,20210209
0.520804,0.024096,0.530233,0.024119,430.0,Czech Republic,CZE,CZE,20210209
0.420618,0.037106,0.412429,0.037211,177.0,Denmark,DNK,DNK,20210209
0.618905,0.038947,0.644737,0.039522,152.0,Dominican Republic,DOM,DOM,20210209
0.53132,0.022394,0.547475,0.022452,495.0,Ecuador,ECU,ECU,20210209
0.639752,0.021921,0.628337,0.021777,487.0,Egypt,EGY,EGY,20210209
0.533428,0.03684,0.565934,0.037082,182.0,El Salvador,SLV,SLV,20210209
0.481754,0.010857,0.498115,0.01085,2122.0,France,FRA,FRA,20210209
0.518234,0.012554,0.505356,0.012547,1587.0,Germany,DEU,DEU,20210209
0.60012,0.041401,0.623188,0.041853,138.0,Ghana,GHA,GHA,20210209
0.469596,0.02575,0.494709,0.025704,378.0,Greece,GRC,GRC,20210209
0.477724,0.036959,0.494565,0.036924,184.0,Guatemala,GTM,GTM,20210209
0.504737,0.039297,0.537037,0.039404,162.0,Honduras,HND,HND,20210209
0.664958,0.044343,0.672566,0.0446,113.0,Hong Kong,HKG,HKG,20210209
0.450689,0.021287,0.459016,0.021255,549.0,Hungary,HUN,HUN,20210209
0.498878,0.013464,0.494203,0.013464,1380.0,India,IND,IND,20210209
0.498277,0.017612,0.49938,0.017612,807.0,Indonesia,IDN,IDN,20210209
0.516517,0.031035,0.476923,0.031052,260.0,Iraq,IRQ,IRQ,20210209
0.432323,0.041164,0.44898,0.040999,147.0,Ireland,IRL,IRL,20210209
0.623535,0.046186,0.582609,0.045377,115.0,Israel,ISR,ISR,20210209
0.371722,0.013795,0.39889,0.013614,1261.0,Italy,ITA,ITA,20210209
0.526205,0.00747,0.517426,0.007464,4476.0,Japan,JPN,JPN,20210209
0.573369,0.038395,0.529412,0.038045,170.0,Jordan,JOR,JOR,20210209
0.425007,0.046684,0.37037,0.04779,108.0,Kazakhstan,KAZ,KAZ,20210209
0.527526,0.040423,0.5,0.040361,154.0,Kenya,KEN,KEN,20210209
0.571953,0.025332,0.6,0.025585,375.0,Malaysia,MYS,MYS,20210209
0.513536,0.009753,0.514275,0.009754,2627.0,Mexico,MEX,MEX,20210209
0.547619,0.047244,0.495575,0.047031,113.0,Nepal,NPL,NPL,20210209
0.407407,0.021717,0.395669,0.021822,508.0,Netherlands,NLD,NLD,20210209
0.47089,0.033391,0.484444,0.033351,225.0,New Zealand,NZL,NZL,20210209
0.471556,0.049184,0.471154,0.049187,104.0,Nicaragua,NIC,NIC,20210209
0.52043,0.029042,0.518519,0.029038,297.0,Nigeria,NGA,NGA,20210209
0.449738,0.029326,0.43007,0.029467,286.0,Norway,NOR,NOR,20210209
0.535199,0.034421,0.5,0.034336,212.0,Pakistan,PAK,PAK,20210209
0.49325,0.046742,0.469565,0.046825,115.0,Paraguay,PRY,PRY,20210209
0.523355,0.019698,0.545313,0.019758,640.0,Peru,PER,PER,20210209
0.63913,0.016619,0.683673,0.017163,784.0,Philippines,PHL,PHL,20210209
0.416634,0.021534,0.435028,0.021415,531.0,Poland,POL,POL,20210209
0.337751,0.019628,0.34188,0.019571,585.0,Portugal,PRT,PRT,20210209
0.69855,0.04722,0.616822,0.044571,107.0,"Puerto Rico, U.S.",PRI,PRI,20210209
0.420891,0.023766,0.426267,0.023726,434.0,Romania,ROU,ROU,20210209
0.428281,0.017784,0.439744,0.017729,780.0,Russia,RUS,RUS,20210209
0.440643,0.042267,0.427536,0.042416,138.0,Saudi Arabia,SAU,SAU,20210209
0.452242,0.03469,0.454106,0.034677,207.0,Serbia,SRB,SRB,20210209
0.431105,0.034991,0.448276,0.034844,203.0,Slovakia,SVK,SVK,20210209
0.55381,0.048577,0.54717,0.048512,106.0,Slovenia,SVN,SVN,20210209
0.522528,0.023861,0.506818,0.023839,440.0,South Africa,ZAF,ZAF,20210209
0.598494,0.028658,0.660584,0.029668,274.0,South Korea,KOR,KOR,20210209
0.378711,0.016269,0.384358,0.016223,895.0,Spain,ESP,ESP,20210209
0.441125,0.019466,0.413417,0.019627,641.0,Sweden,SWE,SWE,20210209
0.50778,0.02931,0.496575,0.029307,292.0,Switzerland,CHE,CHE,20210209
0.680284,0.013556,0.706195,0.01388,1130.0,Taiwan,TWN,TWN,20210209
0.606462,0.017718,0.616711,0.017803,754.0,Thailand,THA,THA,20210209
0.474363,0.034135,0.474419,0.034134,215.0,Tunisia,TUN,TUN,20210209
0.58728,0.019828,0.565495,0.019693,626.0,Turkey,TUR,TUR,20210209
0.412483,0.016908,0.456847,0.016709,869.0,Ukraine,UKR,UKR,20210209
0.383501,0.020937,0.379182,0.020983,538.0,United Kingdom,GBR,GBR,20210209
0.584498,0.031215,0.559055,0.030983,254.0,Uruguay,URY,URY,20210209
0.501482,0.026797,0.528736,0.026841,348.0,Venezuela,VEN,VEN,20210209
0.411271,0.013279,0.438082,0.01317,1397.0,Vietnam,VNM,VNM,20210209
0.474311,0.033851,0.463303,0.033897,218.0,Algeria,DZA,DZA,20210210
0.483173,0.015139,0.479817,0.015143,1090.0,Argentina,ARG,ARG,20210210
0.610733,0.02079,0.612727,0.02081,550.0,Australia,AUS,AUS,20210210
0.441619,0.031411,0.442231,0.031406,251.0,Austria,AUT,AUT,20210210
0.499197,0.035534,0.535354,0.035623,198.0,Bangladesh,BGD,BGD,20210210
0.497024,0.043508,0.511278,0.043519,133.0,Belarus,BLR,BLR,20210210
0.479837,0.029791,0.475177,0.029803,282.0,Belgium,BEL,BEL,20210210
0.493683,0.02794,0.53125,0.027992,320.0,Bolivia,BOL,BOL,20210210
0.529271,0.010106,0.524355,0.010101,2443.0,Brazil,BRA,BRA,20210210
0.405933,0.029663,0.420863,0.029506,278.0,Bulgaria,BGR,BGR,20210210
0.494219,0.017576,0.508642,0.017578,810.0,Canada,CAN,CAN,20210210
0.558689,0.024857,0.547264,0.024796,402.0,Chile,CHL,CHL,20210210
0.549466,0.015993,0.546392,0.015984,970.0,Colombia,COL,COL,20210210
0.413797,0.047021,0.451327,0.046538,113.0,Costa Rica,CRI,CRI,20210210
0.33892,0.038904,0.382166,0.037898,157.0,Croatia,HRV,HRV,20210210
0.5158,0.023032,0.541578,0.023101,469.0,Czech Republic,CZE,CZE,20210210
0.436586,0.034728,0.4,0.035158,200.0,Denmark,DNK,DNK,20210210
0.57115,0.037028,0.59322,0.037305,177.0,Dominican Republic,DOM,DOM,20210210
0.501393,0.02427,0.551069,0.024397,421.0,Ecuador,ECU,ECU,20210210
0.544996,0.022033,0.538012,0.022007,513.0,Egypt,EGY,EGY,20210210
0.616404,0.03603,0.585106,0.035559,188.0,El Salvador,SLV,SLV,20210210
0.494504,0.010904,0.485728,0.010908,2102.0,France,FRA,FRA,20210210
0.496778,0.012417,0.492602,0.012419,1622.0,Germany,DEU,DEU,20210210
0.629968,0.038351,0.621118,0.03817,161.0,Ghana,GHA,GHA,20210210
0.530069,0.026042,0.542234,0.026088,367.0,Greece,GRC,GRC,20210210
0.430641,0.039037,0.509091,0.038666,165.0,Guatemala,GTM,GTM,20210210
0.543627,0.041104,0.540541,0.041082,148.0,Honduras,HND,HND,20210210
0.648377,0.044634,0.675676,0.045526,111.0,Hong Kong,HKG,HKG,20210210
0.384938,0.020263,0.40747,0.020066,589.0,Hungary,HUN,HUN,20210210
0.500915,0.013622,0.493323,0.013623,1348.0,India,IND,IND,20210210
0.530982,0.017293,0.538462,0.017311,832.0,Indonesia,IDN,IDN,20210210
0.530678,0.03301,0.521739,0.032979,230.0,Iraq,IRQ,IRQ,20210210
0.440379,0.047268,0.455357,0.047119,112.0,Ireland,IRL,IRL,20210210
0.622655,0.047793,0.588785,0.04708,107.0,Israel,ISR,ISR,20210210
0.413467,0.013685,0.40528,0.013727,1288.0,Italy,ITA,ITA,20210210
0.493941,0.007149,0.494276,0.007149,4892.0,Japan,JPN,JPN,20210210
0.627522,0.039699,0.550633,0.038585,158.0,Jordan,JOR,JOR,20210210
0.499705,0.048545,0.514019,0.048564,107.0,Kazakhstan,KAZ,KAZ,20210210
0.500586,0.038143,0.534884,0.038236,172.0,Kenya,KEN,KEN,20210210
0.737996,0.044763,0.722772,0.043973,101.0,Lebanon,LBN,LBN,20210210
0.617533,0.025011,0.626667,0.02513,375.0,Malaysia,MYS,MYS,20210210
0.495027,0.009704,0.500377,0.009703,2656.0,Mexico,MEX,MEX,20210210
0.560824,0.044154,0.579365,0.044389,126.0,Nepal,NPL,NPL,20210210
0.441648,0.022512,0.427686,0.022595,484.0,Netherlands,NLD,NLD,20210210
0.578636,0.032882,0.558952,0.032701,229.0,New Zealand,NZL,NZL,20210210
0.549072,0.030079,0.554745,0.030115,274.0,Nigeria,NGA,NGA,20210210
0.470701,0.029172,0.443299,0.029311,291.0,Norway,NOR,NOR,20210210
0.430072,0.035558,0.469697,0.035273,198.0,Pakistan,PAK,PAK,20210210
0.537404,0.043835,0.546154,0.043899,130.0,Paraguay,PRY,PRY,20210210
0.506772,0.020317,0.533113,0.02036,604.0,Peru,PER,PER,20210210
0.674228,0.016217,0.702261,0.016622,796.0,Philippines,PHL,PHL,20210210
0.420095,0.021976,0.443359,0.021834,512.0,Poland,POL,POL,20210210
0.346793,0.020314,0.367021,0.020059,564.0,Portugal,PRT,PRT,20210210
0.68909,0.044641,0.621849,0.04261,119.0,"Puerto Rico, U.S.",PRI,PRI,20210210
0.419731,0.02584,0.425068,0.025796,367.0,Romania,ROU,ROU,20210210
0.3621,0.017581,0.390402,0.01732,771.0,Russia,RUS,RUS,20210210
0.476373,0.038069,0.410714,0.038648,168.0,Saudi Arabia,SAU,SAU,20210210
0.413913,0.037936,0.426901,0.037776,171.0,Serbia,SRB,SRB,20210210
0.493366,0.038348,0.497076,0.038345,171.0,Slovakia,SVK,SVK,20210210
0.54722,0.024588,0.530266,0.024523,413.0,South Africa,ZAF,ZAF,20210210
0.56281,0.02779,0.63245,0.028591,302.0,South Korea,KOR,KOR,20210210
0.367908,0.01633,0.384009,0.016192,888.0,Spain,ESP,ESP,20210210
0.507103,0.020369,0.461667,0.020427,600.0,Sweden,SWE,SWE,20210210
0.476117,0.027888,0.481366,0.027875,322.0,Switzerland,CHE,CHE,20210210
0.734788,0.012842,0.751323,0.013115,1134.0,Taiwan,TWN,TWN,20210210
0.579248,0.018776,0.594161,0.018876,685.0,Thailand,THA,THA,20210210
0.550526,0.035611,0.538071,0.035531,197.0,Tunisia,TUN,TUN,20210210
0.539333,0.019525,0.550769,0.019566,650.0,Turkey,TUR,TUR,20210210
0.410304,0.016286,0.452406,0.016095,935.0,Ukraine,UKR,UKR,20210210
0.395799,0.022233,0.403689,0.02216,488.0,United Kingdom,GBR,GBR,20210210
0.55615,0.031917,0.520325,0.031742,246.0,Uruguay,URY,URY,20210210
0.568487,0.025751,0.557641,0.025679,373.0,Venezuela,VEN,VEN,20210210
0.435116,0.013871,0.443925,0.013841,1284.0,Vietnam,VNM,VNM,20210210
0.506643,0.035056,0.458128,0.035177,203.0,Algeria,DZA,DZA,20210211
0.503449,0.015796,0.499501,0.015795,1003.0,Argentina,ARG,ARG,20210211
0.603381,0.021374,0.60076,0.02135,526.0,Australia,AUS,AUS,20210211
0.511249,0.031495,0.494071,0.031489,253.0,Austria,AUT,AUT,20210211
0.592863,0.037946,0.60479,0.038132,167.0,Bangladesh,BGD,BGD,20210211
0.487064,0.045195,0.528455,0.045253,123.0,Belarus,BLR,BLR,20210211
0.379599,0.029722,0.397059,0.029479,272.0,Belgium,BEL,BEL,20210211
0.466257,0.030087,0.512635,0.030028,277.0,Bolivia,BOL,BOL,20210211
0.55116,0.010023,0.554472,0.01003,2460.0,Brazil,BRA,BRA,20210211
0.423824,0.031152,0.433071,0.031068,254.0,Bulgaria,BGR,BGR,20210211
0.502153,0.018088,0.494118,0.018089,765.0,Canada,CAN,CAN,20210211
0.527524,0.027881,0.521739,0.027865,322.0,Chile,CHL,CHL,20210211
0.592509,0.01643,0.585556,0.016388,900.0,Colombia,COL,COL,20210211
0.501055,0.046381,0.521368,0.046424,117.0,Costa Rica,CRI,CRI,20210211
0.406854,0.03954,0.396104,0.039715,154.0,Croatia,HRV,HRV,20210211
0.51819,0.022672,0.513347,0.022665,487.0,Czech Republic,CZE,CZE,20210211
0.44476,0.036256,0.39011,0.036937,182.0,Denmark,DNK,DNK,20210211
0.510787,0.037188,0.616279,0.038227,172.0,Dominican Republic,DOM,DOM,20210211
0.491389,0.025005,0.533835,0.025059,399.0,Ecuador,ECU,ECU,20210211
0.525974,0.023123,0.528908,0.023131,467.0,Egypt,EGY,EGY,20210211
0.580718,0.035876,0.635359,0.036779,181.0,El Salvador,SLV,SLV,20210211
0.47469,0.011234,0.468592,0.011242,1974.0,France,FRA,FRA,20210211
0.503703,0.01282,0.496058,0.01282,1522.0,Germany,DEU,DEU,20210211
0.610805,0.042321,0.616541,0.042437,133.0,Ghana,GHA,GHA,20210211
0.539066,0.028113,0.542857,0.02813,315.0,Greece,GRC,GRC,20210211
0.592003,0.039541,0.5375,0.038976,160.0,Guatemala,GTM,GTM,20210211
0.585381,0.042074,0.57554,0.041938,139.0,Honduras,HND,HND,20210211
0.376304,0.021216,0.408922,0.020906,538.0,Hungary,HUN,HUN,20210211
0.496037,0.01332,0.464718,0.013353,1403.0,India,IND,IND,20210211
0.455121,0.017866,0.480204,0.017808,783.0,Indonesia,IDN,IDN,20210211
0.466802,0.030646,0.486891,0.030589,267.0,Iraq,IRQ,IRQ,20210211
0.348974,0.04722,0.383178,0.046296,107.0,Ireland,IRL,IRL,20210211
0.439968,0.014517,0.424138,0.014581,1160.0,Italy,ITA,ITA,20210211
0.489434,0.00738,0.494118,0.007379,4590.0,Japan,JPN,JPN,20210211
0.584051,0.042129,0.539007,0.041656,141.0,Jordan,JOR,JOR,20210211
0.465544,0.048656,0.462264,0.048679,106.0,Kazakhstan,KAZ,KAZ,20210211
0.516842,0.04237,0.521429,0.042385,140.0,Kenya,KEN,KEN,20210211
0.537218,0.026455,0.539326,0.026464,356.0,Malaysia,MYS,MYS,20210211
0.497407,0.010016,0.503008,0.010016,2493.0,Mexico,MEX,MEX,20210211
0.339605,0.049406,0.441176,0.047123,102.0,Morocco,MAR,MAR,20210211
0.414851,0.023911,0.406619,0.023984,423.0,Netherlands,NLD,NLD,20210211
0.515823,0.035692,0.517766,0.035696,197.0,New Zealand,NZL,NZL,20210211
0.58062,0.031068,0.5,0.030662,260.0,Nigeria,NGA,NGA,20210211
0.457411,0.031843,0.432099,0.032024,243.0,Norway,NOR,NOR,20210211
0.482967,0.034028,0.467593,0.03408,216.0,Pakistan,PAK,PAK,20210211
0.429524,0.044937,0.540323,0.044633,124.0,Paraguay,PRY,PRY,20210211
0.483302,0.020598,0.510169,0.020591,590.0,Peru,PER,PER,20210211
0.637151,0.016777,0.668782,0.017139,788.0,Philippines,PHL,PHL,20210211
0.423863,0.022212,0.463366,0.022012,505.0,Poland,POL,POL,20210211
0.392047,0.020851,0.395644,0.020817,551.0,Portugal,PRT,PRT,20210211
0.432668,0.025073,0.440204,0.025024,393.0,Romania,ROU,ROU,20210211
0.407518,0.018542,0.42777,0.018415,713.0,Russia,RUS,RUS,20210211
0.631654,0.0381,0.60241,0.037551,166.0,Saudi Arabia,SAU,SAU,20210211
0.432658,0.038,0.432749,0.037999,171.0,Serbia,SRB,SRB,20210211
0.446708,0.036966,0.436464,0.037056,181.0,Slovakia,SVK,SVK,20210211
0.517812,0.025765,0.519894,0.025769,377.0,South Africa,ZAF,ZAF,20210211
0.585145,0.027751,0.609677,0.028029,310.0,South Korea,KOR,KOR,20210211
0.372582,0.016936,0.372549,0.016936,816.0,Spain,ESP,ESP,20210211
0.511012,0.020981,0.470899,0.021011,567.0,Sweden,SWE,SWE,20210211
0.458023,0.031289,0.442688,0.031386,253.0,Switzerland,CHE,CHE,20210211
0.684361,0.014141,0.738366,0.014954,967.0,Taiwan,TWN,TWN,20210211
0.618501,0.018747,0.619048,0.018752,672.0,Thailand,THA,THA,20210211
0.515412,0.037344,0.55618,0.037564,178.0,Tunisia,TUN,TUN,20210211
0.532358,0.020491,0.52437,0.020472,595.0,Turkey,TUR,TUR,20210211
0.424065,0.016356,0.442037,0.016276,923.0,Ukraine,UKR,UKR,20210211
0.416744,0.022218,0.431727,0.022115,498.0,United Kingdom,GBR,GBR,20210211
0.520952,0.031128,0.501931,0.031101,259.0,Uruguay,URY,URY,20210211
0.632825,0.027914,0.611111,0.027601,306.0,Venezuela,VEN,VEN,20210211
0.383838,0.015051,0.431734,0.014778,1084.0,Vietnam,VNM,VNM,20210211
0.476921,0.027854,0.45,0.027965,320.0,Algeria,DZA,DZA,20210212
0.519645,0.013214,0.525542,0.013221,1429.0,Argentina,ARG,ARG,20210212
0.572253,0.015899,0.582555,0.015951,963.0,Australia,AUS,AUS,20210212
0.480228,0.027023,0.483965,0.027016,343.0,Austria,AUT,AUT,20210212
0.525982,0.030112,0.571956,0.030388,271.0,Bangladesh,BGD,BGD,20210212
0.476557,0.041658,0.489655,0.041621,145.0,Belarus,BLR,BLR,20210212
0.441072,0.026165,0.461538,0.02606,364.0,Belgium,BEL,BEL,20210212
0.497489,0.025016,0.5175,0.025031,400.0,Bolivia,BOL,BOL,20210212
0.528789,0.008587,0.521418,0.008581,3385.0,Brazil,BRA,BRA,20210212
0.336544,0.024268,0.3775,0.023656,400.0,Bulgaria,BGR,BGR,20210212
0.515365,0.014404,0.513693,0.014403,1205.0,Canada,CAN,CAN,20210212
0.580865,0.021265,0.563303,0.021155,545.0,Chile,CHL,CHL,20210212
0.528116,0.013993,0.523137,0.013986,1275.0,Colombia,COL,COL,20210212
0.459655,0.036902,0.453552,0.036942,183.0,Costa Rica,CRI,CRI,20210212
0.356343,0.032495,0.379464,0.032071,224.0,Croatia,HRV,HRV,20210212
0.510091,0.019354,0.540663,0.019414,664.0,Czech Republic,CZE,CZE,20210212
0.451889,0.031487,0.444,0.031539,250.0,Denmark,DNK,DNK,20210212
0.606302,0.033909,0.592417,0.033714,211.0,Dominican Republic,DOM,DOM,20210212
0.525672,0.019763,0.540031,0.0198,637.0,Ecuador,ECU,ECU,20210212
0.500834,0.018598,0.536111,0.018647,720.0,Egypt,EGY,EGY,20210212
0.543222,0.031023,0.526923,0.030952,260.0,El Salvador,SLV,SLV,20210212
0.521337,0.049446,0.574257,0.049954,101.0,Finland,FIN,FIN,20210212
0.48944,0.009233,0.482935,0.009237,2930.0,France,FRA,FRA,20210212
0.474279,0.010641,0.474353,0.010641,2203.0,Germany,DEU,DEU,20210212
0.572704,0.039919,0.588235,0.040124,153.0,Ghana,GHA,GHA,20210212
0.501019,0.021308,0.527273,0.021339,550.0,Greece,GRC,GRC,20210212
0.489596,0.032961,0.489177,0.032962,231.0,Guatemala,GTM,GTM,20210212
0.585219,0.037443,0.568182,0.037243,176.0,Honduras,HND,HND,20210212
0.659346,0.037426,0.642424,0.037008,165.0,Hong Kong,HKG,HKG,20210212
0.376113,0.017705,0.394495,0.017548,763.0,Hungary,HUN,HUN,20210212
0.442098,0.012005,0.452326,0.011978,1720.0,India,IND,IND,20210212
0.489926,0.013999,0.522763,0.014011,1274.0,Indonesia,IDN,IDN,20210212
0.48144,0.024072,0.516204,0.024068,432.0,Iraq,IRQ,IRQ,20210212
0.459682,0.036214,0.471204,0.036156,191.0,Ireland,IRL,IRL,20210212
0.471188,0.04523,0.520325,0.045193,123.0,Israel,ISR,ISR,20210212
0.402539,0.011755,0.394798,0.011794,1730.0,Italy,ITA,ITA,20210212
0.494306,0.006416,0.490613,0.006417,6072.0,Japan,JPN,JPN,20210212
0.484343,0.034907,0.485437,0.034904,206.0,Jordan,JOR,JOR,20210212
0.379328,0.045161,0.403361,0.044668,119.0,Kazakhstan,KAZ,KAZ,20210212
0.555191,0.035057,0.554455,0.035052,202.0,Kenya,KEN,KEN,20210212
0.607572,0.040497,0.669118,0.042025,136.0,Lebanon,LBN,LBN,20210212
0.423595,0.043443,0.398438,0.043847,128.0,Libya,LBY,LBY,20210212
0.6194,0.02093,0.625,0.020991,536.0,Malaysia,MYS,MYS,20210212
0.49699,0.008326,0.513454,0.008329,3605.0,Mexico,MEX,MEX,20210212
0.55984,0.04738,0.628571,0.048677,105.0,Morocco,MAR,MAR,20210212
0.389947,0.03765,0.412791,0.037298,172.0,Nepal,NPL,NPL,20210212
0.423849,0.020142,0.405042,0.020276,595.0,Netherlands,NLD,NLD,20210212
0.563609,0.028072,0.580645,0.028213,310.0,New Zealand,NZL,NZL,20210212
0.467704,0.042562,0.496403,0.042474,139.0,Nicaragua,NIC,NIC,20210212
0.541536,0.02711,0.539823,0.027102,339.0,Nigeria,NGA,NGA,20210212
0.49081,0.026754,0.45977,0.026837,348.0,Norway,NOR,NOR,20210212
0.440328,0.029826,0.448029,0.029774,279.0,Pakistan,PAK,PAK,20210212
0.552212,0.037476,0.502793,0.037272,179.0,Paraguay,PRY,PRY,20210212
0.506848,0.017406,0.530984,0.017438,823.0,Peru,PER,PER,20210212
0.632779,0.013222,0.663018,0.013484,1279.0,Philippines,PHL,PHL,20210212
0.447946,0.018006,0.474026,0.017932,770.0,Poland,POL,POL,20210212
0.333307,0.017485,0.341927,0.017376,737.0,Portugal,PRT,PRT,20210212
0.669287,0.039436,0.585987,0.037668,157.0,"Puerto Rico, U.S.",PRI,PRI,20210212
0.399058,0.020381,0.42978,0.020161,591.0,Romania,ROU,ROU,20210212
0.403727,0.017092,0.426014,0.016959,838.0,Russia,RUS,RUS,20210212
0.439868,0.034043,0.443925,0.034011,214.0,Saudi Arabia,SAU,SAU,20210212
0.40906,0.029329,0.4,0.029435,280.0,Serbia,SRB,SRB,20210212
0.430657,0.031364,0.444444,0.031255,252.0,Slovakia,SVK,SVK,20210212
0.432557,0.044102,0.445313,0.043962,128.0,Slovenia,SVN,SVN,20210212
0.518707,0.021691,0.513158,0.021683,532.0,South Africa,ZAF,ZAF,20210212
0.702447,0.023057,0.693267,0.022859,401.0,South Korea,KOR,KOR,20210212
0.384504,0.014356,0.373239,0.01444,1136.0,Spain,ESP,ESP,20210212
0.468176,0.017536,0.453532,0.017576,807.0,Sweden,SWE,SWE,20210212
0.454866,0.025387,0.465116,0.025345,387.0,Switzerland,CHE,CHE,20210212
0.681784,0.011109,0.72103,0.011537,1631.0,Taiwan,TWN,TWN,20210212
0.62925,0.014396,0.632235,0.01442,1123.0,Thailand,THA,THA,20210212
0.507058,0.031532,0.537849,0.03162,251.0,Tunisia,TUN,TUN,20210212
0.512935,0.017964,0.523256,0.017978,774.0,Turkey,TUR,TUR,20210212
0.41261,0.014596,0.429192,0.014517,1151.0,Ukraine,UKR,UKR,20210212
0.600238,0.048368,0.566038,0.047804,106.0,United Arab Emirates,ARE,ARE,20210212
0.347119,0.017975,0.353107,0.017904,708.0,United Kingdom,GBR,GBR,20210212
0.539935,0.026883,0.526012,0.026833,346.0,Uruguay,URY,URY,20210212
0.5275,0.02379,0.520362,0.023773,442.0,Venezuela,VEN,VEN,20210212
0.339912,0.011872,0.436426,0.011339,1746.0,Vietnam,VNM,VNM,20210212
0.547776,0.029072,0.461017,0.029027,295.0,Algeria,DZA,DZA,20210213
0.510075,0.013744,0.509063,0.013744,1324.0,Argentina,ARG,ARG,20210213
0.585029,0.017819,0.565161,0.01771,775.0,Australia,AUS,AUS,20210213
0.491419,0.027435,0.489489,0.027437,333.0,Austria,AUT,AUT,20210213
0.571498,0.035792,0.538462,0.035529,195.0,Bangladesh,BGD,BGD,20210213
0.423637,0.036696,0.440217,0.036527,184.0,Belarus,BLR,BLR,20210213
0.465884,0.025991,0.472973,0.025968,370.0,Belgium,BEL,BEL,20210213
0.472746,0.029147,0.515254,0.029117,295.0,Bolivia,BOL,BOL,20210213
0.528884,0.008817,0.519303,0.008809,3212.0,Brazil,BRA,BRA,20210213
0.420335,0.026497,0.440341,0.026347,352.0,Bulgaria,BGR,BGR,20210213
0.464628,0.015838,0.469819,0.015827,994.0,Canada,CAN,CAN,20210213
0.551884,0.02325,0.543478,0.023212,460.0,Chile,CHL,CHL,20210213
0.556535,0.015034,0.550182,0.015013,1096.0,Colombia,COL,COL,20210213
0.472951,0.040933,0.439189,0.041179,148.0,Costa Rica,CRI,CRI,20210213
0.36004,0.032117,0.382609,0.03172,230.0,Croatia,HRV,HRV,20210213
0.486951,0.01961,0.505376,0.019605,651.0,Czech Republic,CZE,CZE,20210213
0.409999,0.030783,0.37751,0.031231,249.0,Denmark,DNK,DNK,20210213
0.586493,0.034653,0.586207,0.03465,203.0,Dominican Republic,DOM,DOM,20210213
0.474617,0.022405,0.496994,0.022377,499.0,Ecuador,ECU,ECU,20210213
0.545474,0.018748,0.565714,0.018833,700.0,Egypt,EGY,EGY,20210213
0.569191,0.03452,0.557692,0.034418,208.0,El Salvador,SLV,SLV,20210213
0.421409,0.047376,0.412844,0.047514,109.0,Finland,FIN,FIN,20210213
0.469846,0.009537,0.47777,0.009529,2744.0,France,FRA,FRA,20210213
0.477659,0.010664,0.470803,0.010671,2192.0,Germany,DEU,DEU,20210213
0.607667,0.038133,0.592814,0.037897,167.0,Ghana,GHA,GHA,20210213
0.527341,0.022786,0.528067,0.022788,481.0,Greece,GRC,GRC,20210213
0.501668,0.036941,0.516304,0.036961,184.0,Guatemala,GTM,GTM,20210213
0.467819,0.035975,0.53886,0.03601,193.0,Honduras,HND,HND,20210213
0.740448,0.039552,0.726563,0.038901,128.0,Hong Kong,HKG,HKG,20210213
0.395412,0.017558,0.417722,0.017407,790.0,Hungary,HUN,HUN,20210213
0.449676,0.012076,0.459507,0.012055,1704.0,India,IND,IND,20210213
0.490424,0.015525,0.507707,0.015524,1038.0,Indonesia,IDN,IDN,20210213
0.529732,0.024165,0.508159,0.024126,429.0,Iraq,IRQ,IRQ,20210213
0.505399,0.037794,0.505682,0.037794,176.0,Ireland,IRL,IRL,20210213
0.52916,0.039436,0.534161,0.039461,161.0,Israel,ISR,ISR,20210213
0.416275,0.011924,0.410452,0.011949,1703.0,Italy,ITA,ITA,20210213
0.495886,0.006065,0.486307,0.006067,6792.0,Japan,JPN,JPN,20210213
0.516206,0.035529,0.507538,0.035515,199.0,Jordan,JOR,JOR,20210213
0.40128,0.040767,0.388889,0.040989,144.0,Kazakhstan,KAZ,KAZ,20210213
0.593402,0.034276,0.589372,0.034223,207.0,Kenya,KEN,KEN,20210213
0.487312,0.046618,0.508621,0.04661,116.0,Lebanon,LBN,LBN,20210213
0.528211,0.047428,0.482143,0.047382,112.0,Libya,LBY,LBY,20210213
0.578541,0.021395,0.621359,0.02178,515.0,Malaysia,MYS,MYS,20210213
0.493377,0.009319,0.506426,0.009319,2879.0,Mexico,MEX,MEX,20210213
0.401975,0.049287,0.415842,0.04903,101.0,Moldova,MDA,MDA,20210213
0.414207,0.047803,0.425926,0.04762,108.0,Morocco,MAR,MAR,20210213
0.446874,0.040148,0.487179,0.039934,156.0,Nepal,NPL,NPL,20210213
0.388121,0.019809,0.374582,0.019945,598.0,Netherlands,NLD,NLD,20210213
0.585687,0.028918,0.557432,0.02868,296.0,New Zealand,NZL,NZL,20210213
0.587391,0.04618,0.568966,0.045908,116.0,Nicaragua,NIC,NIC,20210213
0.542269,0.029087,0.535593,0.029056,295.0,Nigeria,NGA,NGA,20210213
0.393908,0.026744,0.357143,0.027272,322.0,Norway,NOR,NOR,20210213
0.490187,0.030432,0.447761,0.030594,268.0,Pakistan,PAK,PAK,20210213
0.57386,0.046638,0.603604,0.04715,111.0,Panama,PAN,PAN,20210213
0.541851,0.044232,0.539063,0.044212,128.0,Paraguay,PRY,PRY,20210213
0.538169,0.018875,0.524964,0.018843,701.0,Peru,PER,PER,20210213
0.605182,0.016359,0.6483,0.016746,853.0,Philippines,PHL,PHL,20210213
0.460858,0.019108,0.454412,0.019129,680.0,Poland,POL,POL,20210213
0.357845,0.017889,0.362379,0.01784,723.0,Portugal,PRT,PRT,20210213
0.46779,0.043355,0.5,0.043265,134.0,"Puerto Rico, U.S.",PRI,PRI,20210213
0.383418,0.02092,0.418312,0.02062,557.0,Romania,ROU,ROU,20210213
0.328289,0.015798,0.385263,0.015244,950.0,Russia,RUS,RUS,20210213
0.443306,0.034421,0.5,0.034199,212.0,Saudi Arabia,SAU,SAU,20210213
0.405119,0.030723,0.40856,0.030682,257.0,Serbia,SRB,SRB,20210213
0.437223,0.030481,0.468401,0.030301,269.0,Slovakia,SVK,SVK,20210213
0.462585,0.048577,0.45283,0.048658,106.0,Slovenia,SVN,SVN,20210213
0.5568,0.022748,0.533195,0.02265,482.0,South Africa,ZAF,ZAF,20210213
0.655359,0.022203,0.633475,0.021898,472.0,South Korea,KOR,KOR,20210213
0.370166,0.0145,0.360073,0.014585,1097.0,Spain,ESP,ESP,20210213
0.470592,0.018283,0.422709,0.018474,731.0,Sweden,SWE,SWE,20210213
0.442006,0.024612,0.441176,0.024617,408.0,Switzerland,CHE,CHE,20210213
0.694401,0.011218,0.73282,0.011678,1557.0,Taiwan,TWN,TWN,20210213
0.573813,0.016319,0.589011,0.016402,910.0,Thailand,THA,THA,20210213
0.566402,0.030832,0.561538,0.030793,260.0,Tunisia,TUN,TUN,20210213
0.533059,0.016282,0.516437,0.016255,943.0,Turkey,TUR,TUR,20210213
0.438424,0.01475,0.444542,0.014728,1136.0,Ukraine,UKR,UKR,20210213
0.402924,0.019015,0.393343,0.019092,661.0,United Kingdom,GBR,GBR,20210213
0.510841,0.0289,0.516667,0.028909,300.0,Uruguay,URY,URY,20210213
0.574453,0.026014,0.565934,0.025951,364.0,Venezuela,VEN,VEN,20210213
0.383084,0.012029,0.410992,0.011885,1674.0,Vietnam,VNM,VNM,20210213
0.503658,0.031511,0.472222,0.031559,252.0,Algeria,DZA,DZA,20210214
0.49279,0.015404,0.487666,0.015407,1054.0,Argentina,ARG,ARG,20210214
0.557485,0.018963,0.557496,0.018964,687.0,Australia,AUS,AUS,20210214
0.489456,0.028213,0.507937,0.02821,315.0,Austria,AUT,AUT,20210214
0.529162,0.034654,0.605,0.035384,200.0,Bangladesh,BGD,BGD,20210214
0.552365,0.037265,0.553073,0.03727,179.0,Belarus,BLR,BLR,20210214
0.448463,0.026591,0.457386,0.026546,352.0,Belgium,BEL,BEL,20210214
0.507935,0.029535,0.522648,0.029562,287.0,Bolivia,BOL,BOL,20210214
0.538503,0.009249,0.530038,0.009238,2913.0,Brazil,BRA,BRA,20210214
0.432707,0.02813,0.420712,0.028231,309.0,Bulgaria,BGR,BGR,20210214
0.489078,0.016683,0.491657,0.016681,899.0,Canada,CAN,CAN,20210214
0.484987,0.023916,0.506849,0.023907,438.0,Chile,CHL,CHL,20210214
0.58208,0.016044,0.560543,0.015943,958.0,Colombia,COL,COL,20210214
0.41423,0.045798,0.432203,0.04554,118.0,Costa Rica,CRI,CRI,20210214
0.350033,0.037739,0.39645,0.0368,169.0,Croatia,HRV,HRV,20210214
0.497729,0.020027,0.488782,0.020032,624.0,Czech Republic,CZE,CZE,20210214
0.424997,0.032366,0.423077,0.032385,234.0,Denmark,DNK,DNK,20210214
0.647401,0.038306,0.617284,0.037654,162.0,Dominican Republic,DOM,DOM,20210214
0.477637,0.024506,0.513189,0.02449,417.0,Ecuador,ECU,ECU,20210214
0.572864,0.020061,0.578254,0.020094,607.0,Egypt,EGY,EGY,20210214
0.503328,0.039491,0.521739,0.039528,161.0,El Salvador,SLV,SLV,20210214
0.568382,0.04739,0.526786,0.047012,112.0,Finland,FIN,FIN,20210214
0.49607,0.009679,0.482371,0.009685,2666.0,France,FRA,FRA,20210214
0.477787,0.011128,0.480912,0.011125,2017.0,Germany,DEU,DEU,20210214
0.672817,0.041024,0.612676,0.039512,142.0,Ghana,GHA,GHA,20210214
0.538451,0.022892,0.57265,0.023069,468.0,Greece,GRC,GRC,20210214
0.476122,0.037561,0.516854,0.037539,178.0,Guatemala,GTM,GTM,20210214
0.361736,0.04563,0.512397,0.043864,121.0,Honduras,HND,HND,20210214
0.683478,0.041833,0.691057,0.04211,123.0,Hong Kong,HKG,HKG,20210214
0.434157,0.018585,0.436185,0.018575,713.0,Hungary,HUN,HUN,20210214
0.42856,0.013167,0.44888,0.0131,1428.0,India,IND,IND,20210214
0.49672,0.015504,0.495677,0.015504,1041.0,Indonesia,IDN,IDN,20210214
0.419313,0.026756,0.445087,0.026566,346.0,Iraq,IRQ,IRQ,20210214
0.398664,0.039713,0.384106,0.039978,151.0,Ireland,IRL,IRL,20210214
0.471169,0.046971,0.428571,0.047379,112.0,Israel,ISR,ISR,20210214
0.4032,0.012738,0.394433,0.012786,1473.0,Italy,ITA,ITA,20210214
0.489556,0.006546,0.485077,0.006548,5830.0,Japan,JPN,JPN,20210214
0.477493,0.038647,0.52381,0.038652,168.0,Jordan,JOR,JOR,20210214
0.299306,0.041391,0.289256,0.041805,121.0,Kazakhstan,KAZ,KAZ,20210214
0.493408,0.03857,0.491124,0.038572,169.0,Kenya,KEN,KEN,20210214
0.481489,0.046828,0.495652,0.046797,115.0,Libya,LBY,LBY,20210214
0.554506,0.024248,0.597561,0.024576,410.0,Malaysia,MYS,MYS,20210214
0.48284,0.010225,0.500836,0.010219,2392.0,Mexico,MEX,MEX,20210214
0.406432,0.044002,0.484615,0.043245,130.0,Nepal,NPL,NPL,20210214
0.426432,0.020582,0.428325,0.020571,579.0,Netherlands,NLD,NLD,20210214
0.579655,0.02184,0.565891,0.021751,516.0,New Zealand,NZL,NZL,20210214
0.574564,0.034622,0.543269,0.034364,208.0,Nigeria,NGA,NGA,20210214
0.471483,0.027817,0.420886,0.028126,316.0,Norway,NOR,NOR,20210214
0.504234,0.03314,0.473684,0.033185,228.0,Pakistan,PAK,PAK,20210214
0.609658,0.049703,0.554455,0.048783,101.0,Paraguay,PRY,PRY,20210214
0.512262,0.021353,0.51184,0.021353,549.0,Peru,PER,PER,20210214
0.59453,0.016102,0.650342,0.016579,878.0,Philippines,PHL,PHL,20210214
0.423718,0.019351,0.440061,0.019264,659.0,Poland,POL,POL,20210214
0.347222,0.018624,0.364723,0.01842,669.0,Portugal,PRT,PRT,20210214
0.585996,0.048368,0.566038,0.048068,106.0,"Puerto Rico, U.S.",PRI,PRI,20210214
0.421134,0.022542,0.440329,0.02242,486.0,Romania,ROU,ROU,20210214
0.390551,0.016826,0.41928,0.016636,861.0,Russia,RUS,RUS,20210214
0.459403,0.03758,0.505618,0.037458,178.0,Saudi Arabia,SAU,SAU,20210214
0.428167,0.033976,0.419811,0.034064,212.0,Serbia,SRB,SRB,20210214
0.378488,0.033669,0.413953,0.033155,215.0,Slovakia,SVK,SVK,20210214
0.501612,0.049742,0.509804,0.049752,102.0,Slovenia,SVN,SVN,20210214
0.553929,0.024772,0.55198,0.024761,404.0,South Africa,ZAF,ZAF,20210214
0.615054,0.022989,0.643678,0.023357,435.0,South Korea,KOR,KOR,20210214
0.393665,0.014776,0.379055,0.01488,1079.0,Spain,ESP,ESP,20210214
0.462861,0.01867,0.446479,0.018726,710.0,Sweden,SWE,SWE,20210214
0.518411,0.027902,0.509317,0.027888,322.0,Switzerland,CHE,CHE,20210214
0.696471,0.011562,0.735577,0.012054,1456.0,Taiwan,TWN,TWN,20210214
0.605853,0.017096,0.612546,0.017149,813.0,Thailand,THA,THA,20210214
0.565539,0.036264,0.56383,0.036248,188.0,Tunisia,TUN,TUN,20210214
0.527258,0.017245,0.52801,0.017247,839.0,Turkey,TUR,TUR,20210214
0.374254,0.015525,0.404,0.015311,1000.0,Ukraine,UKR,UKR,20210214
0.373577,0.019752,0.392157,0.019571,612.0,United Kingdom,GBR,GBR,20210214
0.512171,0.031371,0.494118,0.031363,255.0,Uruguay,URY,URY,20210214
0.602623,0.027293,0.588957,0.027145,326.0,Venezuela,VEN,VEN,20210214
0.411569,0.012381,0.450495,0.012246,1616.0,Vietnam,VNM,VNM,20210214
0.494622,0.032098,0.458678,0.032206,242.0,Algeria,DZA,DZA,20210215
0.538621,0.014015,0.518868,0.013983,1272.0,Argentina,ARG,ARG,20210215
0.543894,0.018491,0.56172,0.018562,721.0,Australia,AUS,AUS,20210215
0.468292,0.027525,0.472727,0.02751,330.0,Austria,AUT,AUT,20210215
0.597466,0.031829,0.622318,0.032197,233.0,Bangladesh,BGD,BGD,20210215
0.407964,0.039699,0.449367,0.039222,158.0,Belarus,BLR,BLR,20210215
0.471459,0.026626,0.465909,0.026645,352.0,Belgium,BEL,BEL,20210215
0.451019,0.028306,0.504792,0.028171,313.0,Bolivia,BOL,BOL,20210215
0.522394,0.008645,0.527278,0.008649,3336.0,Brazil,BRA,BRA,20210215
0.417445,0.028619,0.457237,0.02833,304.0,Bulgaria,BGR,BGR,20210215
0.507236,0.015843,0.496489,0.015841,997.0,Canada,CAN,CAN,20210215
0.492511,0.022774,0.522822,0.022795,482.0,Chile,CHL,CHL,20210215
0.524729,0.015311,0.523944,0.01531,1065.0,Colombia,COL,COL,20210215
0.547576,0.040689,0.5,0.040505,152.0,Costa Rica,CRI,CRI,20210215
0.390296,0.03847,0.398773,0.038326,163.0,Croatia,HRV,HRV,20210215
0.512198,0.020407,0.530885,0.02044,599.0,Czech Republic,CZE,CZE,20210215
0.457487,0.030257,0.419476,0.030546,267.0,Denmark,DNK,DNK,20210215
0.575002,0.035212,0.575758,0.03522,198.0,Dominican Republic,DOM,DOM,20210215
0.530324,0.021776,0.539048,0.021802,525.0,Ecuador,ECU,ECU,20210215
0.56239,0.019307,0.571429,0.019354,658.0,Egypt,EGY,EGY,20210215
0.517168,0.034767,0.576355,0.035159,203.0,El Salvador,SLV,SLV,20210215
0.528738,0.045517,0.53719,0.045568,121.0,Finland,FIN,FIN,20210215
0.488235,0.009629,0.493141,0.009627,2697.0,France,FRA,FRA,20210215
0.484142,0.011336,0.491264,0.011332,1946.0,Germany,DEU,DEU,20210215
0.533505,0.038557,0.541667,0.038604,168.0,Ghana,GHA,GHA,20210215
0.488236,0.024745,0.513447,0.024747,409.0,Greece,GRC,GRC,20210215
0.398233,0.03294,0.53913,0.032349,230.0,Guatemala,GTM,GTM,20210215
0.51574,0.038723,0.532934,0.038788,167.0,Honduras,HND,HND,20210215
0.630867,0.041174,0.676923,0.042488,130.0,Hong Kong,HKG,HKG,20210215
0.383155,0.018794,0.406433,0.018602,684.0,Hungary,HUN,HUN,20210215
0.426485,0.012875,0.451505,0.012795,1495.0,India,IND,IND,20210215
0.468514,0.01545,0.491412,0.015422,1048.0,Indonesia,IDN,IDN,20210215
0.542951,0.025793,0.556452,0.025863,372.0,Iraq,IRQ,IRQ,20210215
0.436618,0.037936,0.417647,0.038151,170.0,Ireland,IRL,IRL,20210215
0.4233,0.012561,0.426177,0.01255,1551.0,Italy,ITA,ITA,20210215
0.512834,0.006919,0.48659,0.006919,5220.0,Japan,JPN,JPN,20210215
0.538648,0.034366,0.528302,0.034318,212.0,Jordan,JOR,JOR,20210215
0.441946,0.047732,0.396226,0.048465,106.0,Kazakhstan,KAZ,KAZ,20210215
0.448467,0.03538,0.47,0.035255,200.0,Kenya,KEN,KEN,20210215
0.592404,0.02247,0.614894,0.02269,470.0,Malaysia,MYS,MYS,20210215
0.51317,0.009584,0.513414,0.009584,2721.0,Mexico,MEX,MEX,20210215
0.423338,0.044232,0.440945,0.044017,127.0,Nepal,NPL,NPL,20210215
0.388732,0.020508,0.379679,0.020599,561.0,Netherlands,NLD,NLD,20210215
0.547208,0.023469,0.539823,0.023439,452.0,New Zealand,NZL,NZL,20210215
0.499986,0.049257,0.509615,0.049266,104.0,Nicaragua,NIC,NIC,20210215
0.526576,0.030532,0.513011,0.030499,269.0,Nigeria,NGA,NGA,20210215
0.435385,0.027846,0.401929,0.02816,311.0,Norway,NOR,NOR,20210215
0.381197,0.029855,0.436823,0.029235,277.0,Pakistan,PAK,PAK,20210215
0.67225,0.044729,0.704762,0.046028,105.0,Panama,PAN,PAN,20210215
0.555597,0.039992,0.522293,0.039784,157.0,Paraguay,PRY,PRY,20210215
0.505463,0.019789,0.523511,0.01981,638.0,Peru,PER,PER,20210215
0.611736,0.015246,0.668063,0.015779,955.0,Philippines,PHL,PHL,20210215
0.502695,0.020006,0.525641,0.020032,624.0,Poland,POL,POL,20210215
0.355044,0.018931,0.336538,0.019172,624.0,Portugal,PRT,PRT,20210215
0.630044,0.041974,0.571429,0.04095,140.0,"Puerto Rico, U.S.",PRI,PRI,20210215
0.429235,0.022332,0.453815,0.022202,498.0,Romania,ROU,ROU,20210215
0.384691,0.016153,0.398913,0.016049,920.0,Russia,RUS,RUS,20210215
0.550953,0.033494,0.556561,0.033535,221.0,Saudi Arabia,SAU,SAU,20210215
0.442205,0.031593,0.433198,0.031665,247.0,Serbia,SRB,SRB,20210215
0.427959,0.03223,0.43038,0.032208,237.0,Slovakia,SVK,SVK,20210215
0.516762,0.022713,0.517526,0.022714,485.0,South Africa,ZAF,ZAF,20210215
0.639141,0.024187,0.643766,0.024256,393.0,South Korea,KOR,KOR,20210215
0.390408,0.015237,0.382122,0.015297,1018.0,Spain,ESP,ESP,20210215
0.436432,0.018526,0.420534,0.018612,711.0,Sweden,SWE,SWE,20210215
0.478753,0.025775,0.485411,0.025762,377.0,Switzerland,CHE,CHE,20210215
0.714146,0.01113,0.75502,0.011693,1494.0,Taiwan,TWN,TWN,20210215
0.577504,0.016847,0.604982,0.017023,843.0,Thailand,THA,THA,20210215
0.537804,0.030384,0.540741,0.030398,270.0,Tunisia,TUN,TUN,20210215
0.562198,0.018047,0.522816,0.017925,767.0,Turkey,TUR,TUR,20210215
0.445259,0.015021,0.478771,0.014944,1107.0,Ukraine,UKR,UKR,20210215
0.585823,0.048971,0.588235,0.049013,102.0,United Arab Emirates,ARE,ARE,20210215
0.425097,0.020231,0.424749,0.020233,598.0,United Kingdom,GBR,GBR,20210215
0.561466,0.028736,0.524752,0.028554,303.0,Uruguay,URY,URY,20210215
0.595938,0.02348,0.600917,0.023528,436.0,Venezuela,VEN,VEN,20210215
0.42877,0.010857,0.469726,0.010766,2114.0,Vietnam,VNM,VNM,20210215
0.416448,0.032284,0.445378,0.032022,238.0,Algeria,DZA,DZA,20210216
0.520886,0.013538,0.502564,0.013526,1365.0,Argentina,ARG,ARG,20210216
0.563327,0.01793,0.558594,0.017909,768.0,Australia,AUS,AUS,20210216
0.437264,0.028149,0.455414,0.028038,314.0,Austria,AUT,AUT,20210216
0.46864,0.034826,0.512077,0.034768,207.0,Bangladesh,BGD,BGD,20210216
0.37158,0.0396,0.45283,0.038443,159.0,Belarus,BLR,BLR,20210216
0.431574,0.0274,0.432927,0.02739,328.0,Belgium,BEL,BEL,20210216
0.491699,0.02896,0.491639,0.02896,299.0,Bolivia,BOL,BOL,20210216
0.525967,0.00871,0.529376,0.008713,3285.0,Brazil,BRA,BRA,20210216
0.426322,0.028911,0.428571,0.028891,294.0,Bulgaria,BGR,BGR,20210216
0.486841,0.016281,0.493644,0.016277,944.0,Canada,CAN,CAN,20210216
0.505008,0.024681,0.529268,0.024722,410.0,Chile,CHL,CHL,20210216
0.555898,0.015511,0.535266,0.015452,1035.0,Colombia,COL,COL,20210216
0.477749,0.041264,0.462585,0.041339,147.0,Costa Rica,CRI,CRI,20210216
0.338431,0.036149,0.325444,0.036506,169.0,Croatia,HRV,HRV,20210216
0.511505,0.021392,0.511883,0.021392,547.0,Czech Republic,CZE,CZE,20210216
0.443528,0.032468,0.401747,0.032901,229.0,Denmark,DNK,DNK,20210216
0.645053,0.03329,0.647343,0.033338,207.0,Dominican Republic,DOM,DOM,20210216
0.453314,0.020636,0.505102,0.020547,588.0,Ecuador,ECU,ECU,20210216
0.537033,0.019595,0.562305,0.019695,642.0,Egypt,EGY,EGY,20210216
0.495142,0.035257,0.537313,0.035354,201.0,El Salvador,SLV,SLV,20210216
0.604867,0.050161,0.53,0.049134,100.0,Finland,FIN,FIN,20210216
0.502682,0.009975,0.49423,0.009976,2513.0,France,FRA,FRA,20210216
0.496367,0.011442,0.491099,0.011443,1910.0,Germany,DEU,DEU,20210216
0.541696,0.041786,0.574468,0.042111,141.0,Ghana,GHA,GHA,20210216
0.561151,0.025568,0.547368,0.02549,380.0,Greece,GRC,GRC,20210216
0.499882,0.03686,0.502703,0.03686,185.0,Guatemala,GTM,GTM,20210216
0.496442,0.043183,0.488889,0.043192,135.0,Honduras,HND,HND,20210216
0.713628,0.035794,0.753425,0.037542,146.0,Hong Kong,HKG,HKG,20210216
0.442041,0.018656,0.440056,0.018664,709.0,Hungary,HUN,HUN,20210216
0.489555,0.012754,0.487313,0.012755,1537.0,India,IND,IND,20210216
0.492202,0.015895,0.511111,0.015897,990.0,Indonesia,IDN,IDN,20210216
0.540925,0.025318,0.503836,0.025234,391.0,Iraq,IRQ,IRQ,20210216
0.403075,0.041554,0.384058,0.041908,138.0,Ireland,IRL,IRL,20210216
0.553333,0.044129,0.472868,0.043942,129.0,Israel,ISR,ISR,20210216
0.399869,0.012082,0.412402,0.012023,1661.0,Italy,ITA,ITA,20210216
0.484635,0.006972,0.476719,0.006976,5133.0,Japan,JPN,JPN,20210216
0.501644,0.034331,0.511737,0.03434,213.0,Jordan,JOR,JOR,20210216
0.402079,0.042864,0.413534,0.042677,133.0,Kazakhstan,KAZ,KAZ,20210216
0.536288,0.037573,0.511236,0.037483,178.0,Kenya,KEN,KEN,20210216
0.60254,0.023814,0.618705,0.023993,417.0,Malaysia,MYS,MYS,20210216
0.511389,0.009583,0.514884,0.009585,2721.0,Mexico,MEX,MEX,20210216
0.553094,0.041658,0.510345,0.041431,145.0,Nepal,NPL,NPL,20210216
0.376848,0.019749,0.399351,0.019541,616.0,Netherlands,NLD,NLD,20210216
0.502555,0.024438,0.5311,0.024485,418.0,New Zealand,NZL,NZL,20210216
0.480697,0.049266,0.5,0.04923,104.0,Nicaragua,NIC,NIC,20210216
0.536589,0.029058,0.55102,0.029132,294.0,Nigeria,NGA,NGA,20210216
0.502431,0.028475,0.434211,0.028724,304.0,Norway,NOR,NOR,20210216
0.487271,0.029867,0.455197,0.029978,279.0,Pakistan,PAK,PAK,20210216
0.620128,0.048686,0.613861,0.048535,101.0,Panama,PAN,PAN,20210216
0.564535,0.040633,0.526316,0.040349,152.0,Paraguay,PRY,PRY,20210216
0.494338,0.018609,0.518006,0.01862,722.0,Peru,PER,PER,20210216
0.625858,0.015023,0.662298,0.015372,992.0,Philippines,PHL,PHL,20210216
0.414339,0.019517,0.44376,0.019351,649.0,Poland,POL,POL,20210216
0.371047,0.01803,0.361463,0.01813,711.0,Portugal,PRT,PRT,20210216
0.572181,0.0427,0.485507,0.04227,138.0,"Puerto Rico, U.S.",PRI,PRI,20210216
0.420973,0.022933,0.433761,0.022846,468.0,Romania,ROU,ROU,20210216
0.430524,0.016883,0.422404,0.016924,857.0,Russia,RUS,RUS,20210216
0.439441,0.038195,0.476744,0.037954,172.0,Saudi Arabia,SAU,SAU,20210216
0.467502,0.033939,0.465438,0.033949,217.0,Serbia,SRB,SRB,20210216
0.431734,0.032436,0.438298,0.03238,235.0,Slovakia,SVK,SVK,20210216
0.567589,0.021635,0.56167,0.021601,527.0,South Africa,ZAF,ZAF,20210216
0.58625,0.025665,0.610497,0.025921,362.0,South Korea,KOR,KOR,20210216
0.40073,0.015105,0.382239,0.015232,1036.0,Spain,ESP,ESP,20210216
0.467308,0.018736,0.437322,0.018844,702.0,Sweden,SWE,SWE,20210216
0.477906,0.029762,0.455516,0.029852,281.0,Switzerland,CHE,CHE,20210216
0.693604,0.010805,0.749534,0.011496,1609.0,Taiwan,TWN,TWN,20210216
0.638885,0.016865,0.622733,0.016713,827.0,Thailand,THA,THA,20210216
0.495568,0.035654,0.545918,0.035804,196.0,Tunisia,TUN,TUN,20210216
0.545423,0.017833,0.519084,0.017772,786.0,Turkey,TUR,TUR,20210216
0.402126,0.015112,0.453039,0.014886,1086.0,Ukraine,UKR,UKR,20210216
0.353133,0.020002,0.37372,0.019761,586.0,United Kingdom,GBR,GBR,20210216
0.543596,0.02917,0.539249,0.029149,293.0,Uruguay,URY,URY,20210216
0.56233,0.024063,0.567059,0.024093,425.0,Venezuela,VEN,VEN,20210216
0.428284,0.01051,0.456164,0.010441,2247.0,Vietnam,VNM,VNM,20210216
0.432754,0.032363,0.416309,0.032528,233.0,Algeria,DZA,DZA,20210217
0.49882,0.013548,0.519471,0.013558,1361.0,Argentina,ARG,ARG,20210217
0.569025,0.020261,0.583474,0.020353,593.0,Australia,AUS,AUS,20210217
0.530419,0.029177,0.52381,0.029156,294.0,Austria,AUT,AUT,20210217
0.559185,0.035727,0.548718,0.035646,195.0,Bangladesh,BGD,BGD,20210217
0.441565,0.038593,0.424242,0.038776,165.0,Belarus,BLR,BLR,20210217
0.471461,0.02737,0.44713,0.027479,331.0,Belgium,BEL,BEL,20210217
0.530933,0.026788,0.531609,0.02679,348.0,Bolivia,BOL,BOL,20210217
0.503526,0.00878,0.512647,0.008783,3242.0,Brazil,BRA,BRA,20210217
0.484166,0.027387,0.450151,0.02751,331.0,Bulgaria,BGR,BGR,20210217
0.502378,0.016455,0.508658,0.016458,924.0,Canada,CAN,CAN,20210217
0.521657,0.024954,0.517413,0.024945,402.0,Chile,CHL,CHL,20210217
0.565415,0.015789,0.531,0.015683,1000.0,Colombia,COL,COL,20210217
0.488338,0.041666,0.503448,0.041655,145.0,Costa Rica,CRI,CRI,20210217
0.329896,0.036472,0.325301,0.036603,166.0,Croatia,HRV,HRV,20210217
0.539502,0.020281,0.548922,0.020315,603.0,Czech Republic,CZE,CZE,20210217
0.435821,0.033068,0.382488,0.033739,217.0,Denmark,DNK,DNK,20210217
0.636095,0.037372,0.634731,0.037342,167.0,Dominican Republic,DOM,DOM,20210217
0.47374,0.019004,0.543605,0.01905,688.0,Ecuador,ECU,ECU,20210217
0.564794,0.020214,0.552805,0.020156,606.0,Egypt,EGY,EGY,20210217
0.487054,0.033332,0.504425,0.033322,226.0,El Salvador,SLV,SLV,20210217
0.489969,0.009915,0.498821,0.009913,2544.0,France,FRA,FRA,20210217
0.476676,0.011131,0.48587,0.011124,2017.0,Germany,DEU,DEU,20210217
0.572288,0.039224,0.527607,0.038871,163.0,Ghana,GHA,GHA,20210217
0.51064,0.024547,0.533816,0.024598,414.0,Greece,GRC,GRC,20210217
0.403226,0.035497,0.477387,0.034862,199.0,Guatemala,GTM,GTM,20210217
0.56537,0.042509,0.52518,0.042197,139.0,Honduras,HND,HND,20210217
0.623271,0.040691,0.652174,0.041399,138.0,Hong Kong,HKG,HKG,20210217
0.395328,0.018478,0.403683,0.018414,706.0,Hungary,HUN,HUN,20210217
0.480193,0.012244,0.490408,0.012237,1668.0,India,IND,IND,20210217
0.472669,0.01606,0.490722,0.016038,970.0,Indonesia,IDN,IDN,20210217
0.442449,0.025182,0.472081,0.025054,394.0,Iraq,IRQ,IRQ,20210217
0.445292,0.040042,0.461538,0.03992,156.0,Ireland,IRL,IRL,20210217
0.488549,0.048204,0.462963,0.048324,108.0,Israel,ISR,ISR,20210217
0.423781,0.012314,0.420398,0.012327,1608.0,Italy,ITA,ITA,20210217
0.47522,0.007165,0.451192,0.00719,4825.0,Japan,JPN,JPN,20210217
0.477169,0.038124,0.50289,0.038085,173.0,Jordan,JOR,JOR,20210217
0.403582,0.043356,0.403101,0.043365,129.0,Kazakhstan,KAZ,KAZ,20210217
0.600225,0.035426,0.563452,0.034989,197.0,Kenya,KEN,KEN,20210217
0.601457,0.023809,0.632603,0.02418,411.0,Malaysia,MYS,MYS,20210217
0.50207,0.009544,0.526297,0.009557,2738.0,Mexico,MEX,MEX,20210217
0.297755,0.049281,0.431373,0.0455,102.0,Morocco,MAR,MAR,20210217
0.354448,0.044671,0.47619,0.042785,126.0,Nepal,NPL,NPL,20210217
0.435421,0.019585,0.424765,0.019645,638.0,Netherlands,NLD,NLD,20210217
0.555664,0.026739,0.557803,0.026752,346.0,New Zealand,NZL,NZL,20210217
0.52897,0.047764,0.536364,0.047811,110.0,Nicaragua,NIC,NIC,20210217
0.532697,0.029156,0.508475,0.029098,295.0,Nigeria,NGA,NGA,20210217
0.47549,0.029901,0.429091,0.03017,275.0,Norway,NOR,NOR,20210217
0.530079,0.030755,0.483019,0.030717,265.0,Pakistan,PAK,PAK,20210217
0.528202,0.041379,0.558621,0.0416,145.0,Paraguay,PRY,PRY,20210217
0.505041,0.019301,0.520119,0.019316,671.0,Peru,PER,PER,20210217
0.634022,0.014461,0.687743,0.015031,1028.0,Philippines,PHL,PHL,20210217
0.513953,0.018911,0.527221,0.018931,698.0,Poland,POL,POL,20210217
0.338986,0.018576,0.351964,0.018412,662.0,Portugal,PRT,PRT,20210217
0.554508,0.039929,0.577922,0.040182,154.0,"Puerto Rico, U.S.",PRI,PRI,20210217
0.409756,0.023226,0.418142,0.023157,452.0,Romania,ROU,ROU,20210217
0.396654,0.016081,0.424947,0.015914,946.0,Russia,RUS,RUS,20210217
0.513943,0.037523,0.52809,0.037568,178.0,Saudi Arabia,SAU,SAU,20210217
0.438764,0.034075,0.429245,0.034162,212.0,Serbia,SRB,SRB,20210217
0.456555,0.030306,0.466912,0.030258,272.0,Slovakia,SVK,SVK,20210217
0.388477,0.043063,0.387597,0.043081,129.0,Slovenia,SVN,SVN,20210217
0.555044,0.023122,0.549569,0.023096,464.0,South Africa,ZAF,ZAF,20210217
0.578971,0.024983,0.662953,0.026094,359.0,South Korea,KOR,KOR,20210217
0.364045,0.015679,0.376569,0.01557,956.0,Spain,ESP,ESP,20210217
0.411095,0.018423,0.405063,0.018466,711.0,Sweden,SWE,SWE,20210217
0.532204,0.026612,0.5,0.026557,354.0,Switzerland,CHE,CHE,20210217
0.698232,0.011445,0.748782,0.012113,1437.0,Taiwan,TWN,TWN,20210217
0.611867,0.016691,0.606061,0.016647,858.0,Thailand,THA,THA,20210217
0.460715,0.035295,0.442211,0.035424,199.0,Tunisia,TUN,TUN,20210217
0.567993,0.018084,0.555556,0.018028,756.0,Turkey,TUR,TUR,20210217
0.441636,0.014474,0.437925,0.014487,1176.0,Ukraine,UKR,UKR,20210217
0.376094,0.019417,0.388273,0.019299,631.0,United Kingdom,GBR,GBR,20210217
0.545823,0.028736,0.524752,0.028651,303.0,Uruguay,URY,URY,20210217
0.576056,0.023696,0.572082,0.023667,437.0,Venezuela,VEN,VEN,20210217
0.43497,0.01076,0.440845,0.010744,2130.0,Vietnam,VNM,VNM,20210217
0.504043,0.031932,0.465306,0.032008,245.0,Algeria,DZA,DZA,20210218
0.502904,0.014372,0.516529,0.01438,1210.0,Argentina,ARG,ARG,20210218
0.561089,0.020877,0.564602,0.020896,565.0,Australia,AUS,AUS,20210218
0.466342,0.026877,0.492795,0.026819,347.0,Austria,AUT,AUT,20210218
0.46147,0.038226,0.488372,0.038122,172.0,Bangladesh,BGD,BGD,20210218
0.455634,0.039653,0.5,0.039496,160.0,Belarus,BLR,BLR,20210218
0.463484,0.027879,0.464174,0.027876,321.0,Belgium,BEL,BEL,20210218
0.533782,0.029628,0.526316,0.029602,285.0,Bolivia,BOL,BOL,20210218
0.511807,0.008891,0.513445,0.008892,3161.0,Brazil,BRA,BRA,20210218
0.408298,0.028604,0.421405,0.028473,299.0,Bulgaria,BGR,BGR,20210218
0.500454,0.016413,0.502691,0.016413,929.0,Canada,CAN,CAN,20210218
0.533911,0.026146,0.521858,0.026111,366.0,Chile,CHL,CHL,20210218
0.568701,0.016074,0.552192,0.016009,958.0,Colombia,COL,COL,20210218
0.491399,0.041812,0.5,0.041806,144.0,Costa Rica,CRI,CRI,20210218
0.326675,0.037151,0.296053,0.038166,152.0,Croatia,HRV,HRV,20210218
0.515917,0.020266,0.526316,0.020284,608.0,Czech Republic,CZE,CZE,20210218
0.43404,0.031277,0.426295,0.031346,251.0,Denmark,DNK,DNK,20210218
0.538364,0.038662,0.569697,0.038928,165.0,Dominican Republic,DOM,DOM,20210218
0.483301,0.0202,0.526144,0.020217,612.0,Ecuador,ECU,ECU,20210218
0.579102,0.019634,0.579779,0.019638,633.0,Egypt,EGY,EGY,20210218
0.537689,0.037677,0.539773,0.037689,176.0,El Salvador,SLV,SLV,20210218
0.555332,0.047029,0.605505,0.047817,109.0,Finland,FIN,FIN,20210218
0.507543,0.009886,0.510946,0.009887,2558.0,France,FRA,FRA,20210218
0.453421,0.011307,0.467146,0.011282,1948.0,Germany,DEU,DEU,20210218
0.558402,0.040598,0.587838,0.040957,148.0,Ghana,GHA,GHA,20210218
0.551711,0.024619,0.562654,0.024682,407.0,Greece,GRC,GRC,20210218
0.598339,0.040764,0.563758,0.040297,149.0,Guatemala,GTM,GTM,20210218
0.537397,0.04045,0.535948,0.040442,153.0,Honduras,HND,HND,20210218
0.72189,0.038693,0.738462,0.03945,130.0,Hong Kong,HKG,HKG,20210218
0.373427,0.017722,0.38247,0.017639,753.0,Hungary,HUN,HUN,20210218
0.453433,0.012874,0.467731,0.012845,1503.0,India,IND,IND,20210218
0.492055,0.016387,0.502146,0.016385,932.0,Indonesia,IDN,IDN,20210218
0.527712,0.026128,0.546703,0.026203,364.0,Iraq,IRQ,IRQ,20210218
0.353087,0.039425,0.38961,0.038638,154.0,Ireland,IRL,IRL,20210218
0.394171,0.012316,0.403652,0.012267,1588.0,Italy,ITA,ITA,20210218
0.456896,0.007295,0.455053,0.007297,4661.0,Japan,JPN,JPN,20210218
0.431726,0.041519,0.506849,0.041134,146.0,Jordan,JOR,JOR,20210218
0.453329,0.044263,0.428571,0.044526,126.0,Kazakhstan,KAZ,KAZ,20210218
0.622744,0.039049,0.57764,0.038319,161.0,Kenya,KEN,KEN,20210218
0.617015,0.049757,0.57,0.048856,100.0,Lebanon,LBN,LBN,20210218
0.513295,0.050212,0.52,0.050234,100.0,Libya,LBY,LBY,20210218
0.588081,0.025489,0.575597,0.025382,377.0,Malaysia,MYS,MYS,20210218
0.510146,0.009818,0.520463,0.009825,2590.0,Mexico,MEX,MEX,20210218
0.539355,0.049486,0.514563,0.049354,103.0,Nepal,NPL,NPL,20210218
0.424749,0.020997,0.397059,0.021213,544.0,Netherlands,NLD,NLD,20210218
0.589563,0.028245,0.581699,0.028167,306.0,New Zealand,NZL,NZL,20210218
0.522817,0.04782,0.527273,0.047841,110.0,Nicaragua,NIC,NIC,20210218
0.525326,0.028341,0.558442,0.0285,308.0,Nigeria,NGA,NGA,20210218
0.440634,0.030114,0.422222,0.03027,270.0,Norway,NOR,NOR,20210218
0.444659,0.032072,0.443983,0.032077,241.0,Pakistan,PAK,PAK,20210218
0.554097,0.042865,0.544118,0.042781,136.0,Paraguay,PRY,PRY,20210218
0.469926,0.019907,0.481775,0.019884,631.0,Peru,PER,PER,20210218
0.643879,0.014976,0.68861,0.015487,957.0,Philippines,PHL,PHL,20210218
0.463778,0.019233,0.482249,0.019194,676.0,Poland,POL,POL,20210218
0.390344,0.019494,0.39172,0.019482,628.0,Portugal,PRT,PRT,20210218
0.559313,0.045808,0.581197,0.046096,117.0,"Puerto Rico, U.S.",PRI,PRI,20210218
0.448048,0.023742,0.444191,0.023762,439.0,Romania,ROU,ROU,20210218
0.414465,0.016614,0.426156,0.01655,887.0,Russia,RUS,RUS,20210218
0.401849,0.041264,0.462585,0.040575,147.0,Saudi Arabia,SAU,SAU,20210218
0.429868,0.031912,0.440329,0.031823,243.0,Serbia,SRB,SRB,20210218
0.403561,0.031273,0.413655,0.031154,249.0,Slovakia,SVK,SVK,20210218
0.569278,0.022203,0.567134,0.022189,499.0,South Africa,ZAF,ZAF,20210218
0.66227,0.026403,0.678344,0.026732,314.0,South Korea,KOR,KOR,20210218
0.387227,0.016585,0.410897,0.016421,881.0,Spain,ESP,ESP,20210218
0.428808,0.018936,0.423754,0.018965,682.0,Sweden,SWE,SWE,20210218
0.400396,0.026701,0.408824,0.026612,340.0,Switzerland,CHE,CHE,20210218
0.722327,0.011851,0.761794,0.01246,1293.0,Taiwan,TWN,TWN,20210218
0.615622,0.017757,0.624161,0.017834,745.0,Thailand,THA,THA,20210218
0.451414,0.033166,0.44,0.03325,225.0,Tunisia,TUN,TUN,20210218
0.53199,0.017744,0.546954,0.017787,788.0,Turkey,TUR,TUR,20210218
0.417341,0.015009,0.44859,0.014882,1099.0,Ukraine,UKR,UKR,20210218
0.353114,0.020176,0.372174,0.019949,575.0,United Kingdom,GBR,GBR,20210218
0.518165,0.030775,0.469697,0.030811,264.0,Uruguay,URY,URY,20210218
0.569284,0.025397,0.548052,0.025269,385.0,Venezuela,VEN,VEN,20210218
0.397794,0.011304,0.42364,0.011196,1912.0,Vietnam,VNM,VNM,20210218
0.503765,0.030621,0.475655,0.030656,267.0,Algeria,DZA,DZA,20210219
0.46545,0.015282,0.452919,0.015313,1062.0,Argentina,ARG,ARG,20210219
0.579848,0.021748,0.567308,0.021666,520.0,Australia,AUS,AUS,20210219
0.488652,0.03036,0.485294,0.030365,272.0,Austria,AUT,AUT,20210219
0.512717,0.037267,0.502762,0.037256,181.0,Bangladesh,BGD,BGD,20210219
0.458608,0.039675,0.412903,0.040153,155.0,Belarus,BLR,BLR,20210219
0.417008,0.030965,0.419608,0.030938,255.0,Belgium,BEL,BEL,20210219
0.551438,0.031266,0.541176,0.031206,255.0,Bolivia,BOL,BOL,20210219
0.535298,0.009114,0.51996,0.009098,3006.0,Brazil,BRA,BRA,20210219
0.410447,0.029723,0.433692,0.029503,279.0,Bulgaria,BGR,BGR,20210219
0.503794,0.01713,0.498242,0.017129,853.0,Canada,CAN,CAN,20210219
0.529717,0.026435,0.535014,0.026453,357.0,Chile,CHL,CHL,20210219
0.54424,0.017343,0.539299,0.017329,827.0,Colombia,COL,COL,20210219
0.336233,0.041157,0.394366,0.039785,142.0,Costa Rica,CRI,CRI,20210219
0.362457,0.038604,0.373418,0.038365,158.0,Croatia,HRV,HRV,20210219
0.47356,0.020845,0.487847,0.020822,576.0,Czech Republic,CZE,CZE,20210219
0.45674,0.03396,0.470046,0.033893,217.0,Denmark,DNK,DNK,20210219
0.570119,0.039993,0.592105,0.040287,152.0,Dominican Republic,DOM,DOM,20210219
0.534423,0.021645,0.559772,0.021749,527.0,Ecuador,ECU,ECU,20210219
0.517633,0.019674,0.527132,0.019691,645.0,Egypt,EGY,EGY,20210219
0.584837,0.037977,0.55814,0.037682,172.0,El Salvador,SLV,SLV,20210219
0.479516,0.010325,0.479505,0.010325,2342.0,France,FRA,FRA,20210219
0.464613,0.011417,0.465969,0.011415,1910.0,Germany,DEU,DEU,20210219
0.630394,0.042039,0.614815,0.041699,135.0,Ghana,GHA,GHA,20210219
0.532171,0.025111,0.530303,0.025106,396.0,Greece,GRC,GRC,20210219
0.481524,0.037062,0.497268,0.037037,183.0,Guatemala,GTM,GTM,20210219
0.487086,0.044002,0.484615,0.044008,130.0,Honduras,HND,HND,20210219
0.626068,0.043608,0.634146,0.043805,123.0,Hong Kong,HKG,HKG,20210219
0.404463,0.019308,0.42378,0.019177,656.0,Hungary,HUN,HUN,20210219
0.465774,0.012418,0.450187,0.012451,1606.0,India,IND,IND,20210219
0.518273,0.017077,0.525701,0.017088,856.0,Indonesia,IDN,IDN,20210219
0.494423,0.023864,0.476082,0.023889,439.0,Iraq,IRQ,IRQ,20210219
0.451801,0.042744,0.406015,0.043317,133.0,Ireland,IRL,IRL,20210219
0.378511,0.012731,0.39157,0.01265,1471.0,Italy,ITA,ITA,20210219
0.469988,0.007362,0.459088,0.007373,4583.0,Japan,JPN,JPN,20210219
0.675676,0.037021,0.543956,0.034795,182.0,Jordan,JOR,JOR,20210219
0.307227,0.04237,0.31405,0.042115,121.0,Kazakhstan,KAZ,KAZ,20210219
0.572416,0.035761,0.54359,0.035519,195.0,Kenya,KEN,KEN,20210219
0.553972,0.024378,0.586797,0.024609,409.0,Malaysia,MYS,MYS,20210219
0.481766,0.010023,0.481496,0.010023,2486.0,Mexico,MEX,MEX,20210219
0.47697,0.048038,0.444444,0.048286,108.0,Morocco,MAR,MAR,20210219
0.485051,0.046375,0.448276,0.046604,116.0,Nepal,NPL,NPL,20210219
0.410624,0.020458,0.405546,0.020498,577.0,Netherlands,NLD,NLD,20210219
0.466658,0.029347,0.484536,0.029296,291.0,New Zealand,NZL,NZL,20210219
0.488201,0.029639,0.522807,0.029661,285.0,Nigeria,NGA,NGA,20210219
0.369,0.029515,0.358491,0.029698,265.0,Norway,NOR,NOR,20210219
0.375033,0.03159,0.449799,0.030742,249.0,Pakistan,PAK,PAK,20210219
0.416006,0.042846,0.481752,0.042265,137.0,Paraguay,PRY,PRY,20210219
0.45497,0.020033,0.455574,0.020031,619.0,Peru,PER,PER,20210219
0.634484,0.015314,0.656965,0.015535,962.0,Philippines,PHL,PHL,20210219
0.446025,0.019772,0.475743,0.01968,639.0,Poland,POL,POL,20210219
0.344623,0.020052,0.339893,0.020119,559.0,Portugal,PRT,PRT,20210219
0.610992,0.04606,0.577586,0.045462,116.0,"Puerto Rico, U.S.",PRI,PRI,20210219
0.401647,0.024085,0.416667,0.023949,420.0,Romania,ROU,ROU,20210219
0.406763,0.016757,0.407666,0.016751,861.0,Russia,RUS,RUS,20210219
0.406601,0.036722,0.423077,0.036511,182.0,Saudi Arabia,SAU,SAU,20210219
0.451976,0.034298,0.445498,0.034344,211.0,Serbia,SRB,SRB,20210219
0.452393,0.031416,0.452381,0.031416,252.0,Slovakia,SVK,SVK,20210219
0.465261,0.049449,0.475728,0.049388,103.0,Slovenia,SVN,SVN,20210219
0.491756,0.022464,0.485887,0.02247,496.0,South Africa,ZAF,ZAF,20210219
0.712491,0.026764,0.68543,0.026087,302.0,South Korea,KOR,KOR,20210219
0.333914,0.016053,0.35906,0.015782,894.0,Spain,ESP,ESP,20210219
0.40346,0.018924,0.392804,0.01901,667.0,Sweden,SWE,SWE,20210219
0.497478,0.029545,0.465035,0.029617,286.0,Switzerland,CHE,CHE,20210219
0.701627,0.012059,0.742401,0.012617,1316.0,Taiwan,TWN,TWN,20210219
0.588335,0.018027,0.590604,0.018043,745.0,Thailand,THA,THA,20210219
0.434625,0.033328,0.50885,0.033047,226.0,Tunisia,TUN,TUN,20210219
0.571489,0.018466,0.541838,0.018341,729.0,Turkey,TUR,TUR,20210219
0.404544,0.015639,0.428144,0.015513,1002.0,Ukraine,UKR,UKR,20210219
0.394915,0.021416,0.375,0.021625,512.0,United Kingdom,GBR,GBR,20210219
0.479167,0.032036,0.47541,0.032047,244.0,Uruguay,URY,URY,20210219
0.615345,0.026884,0.570588,0.026424,340.0,Venezuela,VEN,VEN,20210219
0.390332,0.011838,0.427018,0.011675,1747.0,Vietnam,VNM,VNM,20210219
0.41532,0.031184,0.437008,0.030981,254.0,Algeria,DZA,DZA,20210220
0.476525,0.015679,0.472906,0.015685,1015.0,Argentina,ARG,ARG,20210220
0.544214,0.021776,0.539048,0.021757,525.0,Australia,AUS,AUS,20210220
0.429646,0.028252,0.441935,0.028161,310.0,Austria,AUT,AUT,20210220
0.420706,0.038854,0.53012,0.038432,166.0,Bangladesh,BGD,BGD,20210220
0.46002,0.041949,0.439716,0.042122,141.0,Belarus,BLR,BLR,20210220
0.4906,0.029639,0.522807,0.029664,285.0,Belgium,BEL,BEL,20210220
0.522933,0.030073,0.519856,0.030065,277.0,Bolivia,BOL,BOL,20210220
0.53128,0.009269,0.51806,0.009257,2907.0,Brazil,BRA,BRA,20210220
0.419183,0.029663,0.420863,0.029647,278.0,Bulgaria,BGR,BGR,20210220
0.508059,0.017557,0.495074,0.017555,812.0,Canada,CAN,CAN,20210220
0.535591,0.026132,0.527322,0.026105,366.0,Chile,CHL,CHL,20210220
0.531412,0.01786,0.529412,0.017856,782.0,Colombia,COL,COL,20210220
0.534645,0.045266,0.495935,0.045159,123.0,Costa Rica,CRI,CRI,20210220
0.237995,0.038436,0.268657,0.036926,134.0,Croatia,HRV,HRV,20210220
0.524327,0.020749,0.539792,0.020791,578.0,Czech Republic,CZE,CZE,20210220
0.484791,0.036078,0.436842,0.036353,190.0,Denmark,DNK,DNK,20210220
0.506852,0.039104,0.561728,0.039402,162.0,Dominican Republic,DOM,DOM,20210220
0.498304,0.023061,0.507431,0.023063,471.0,Ecuador,ECU,ECU,20210220
0.521216,0.021166,0.563636,0.02132,550.0,Egypt,EGY,EGY,20210220
0.51505,0.0375,0.5625,0.037779,176.0,El Salvador,SLV,SLV,20210220
0.479857,0.010323,0.475011,0.010328,2341.0,France,FRA,FRA,20210220
0.444885,0.01174,0.450195,0.011726,1797.0,Germany,DEU,DEU,20210220
0.624241,0.042255,0.61194,0.041996,134.0,Ghana,GHA,GHA,20210220
0.564371,0.025294,0.548969,0.025205,388.0,Greece,GRC,GRC,20210220
0.579573,0.040938,0.593103,0.041136,145.0,Guatemala,GTM,GTM,20210220
0.5926,0.045154,0.557377,0.044668,122.0,Honduras,HND,HND,20210220
0.632356,0.042577,0.640625,0.042785,128.0,Hong Kong,HKG,HKG,20210220
0.396258,0.017556,0.413706,0.017435,788.0,Hungary,HUN,HUN,20210220
0.472996,0.012532,0.478616,0.012525,1590.0,India,IND,IND,20210220
0.44828,0.017439,0.498177,0.017346,823.0,Indonesia,IDN,IDN,20210220
0.446155,0.024217,0.487119,0.024084,427.0,Iraq,IRQ,IRQ,20210220
0.54047,0.039541,0.5375,0.039522,160.0,Ireland,IRL,IRL,20210220
0.395749,0.012682,0.384929,0.012746,1473.0,Italy,ITA,ITA,20210220
0.451087,0.0071,0.444376,0.00711,4899.0,Japan,JPN,JPN,20210220
0.463883,0.035007,0.497561,0.034916,205.0,Jordan,JOR,JOR,20210220
0.35679,0.045931,0.42735,0.044479,117.0,Kazakhstan,KAZ,KAZ,20210220
0.5116,0.033861,0.493151,0.033855,219.0,Kenya,KEN,KEN,20210220
0.585792,0.026348,0.575071,0.026255,353.0,Malaysia,MYS,MYS,20210220
0.484792,0.010287,0.494287,0.010283,2363.0,Mexico,MEX,MEX,20210220
0.382296,0.046813,0.486957,0.045513,115.0,Nepal,NPL,NPL,20210220
0.381107,0.020319,0.377193,0.02036,570.0,Netherlands,NLD,NLD,20210220
0.503596,0.030711,0.507519,0.030714,266.0,New Zealand,NZL,NZL,20210220
0.605838,0.030203,0.560886,0.02974,271.0,Nigeria,NGA,NGA,20210220
0.44566,0.029287,0.409894,0.029598,283.0,Norway,NOR,NOR,20210220
0.442291,0.032537,0.413043,0.03282,230.0,Pakistan,PAK,PAK,20210220
0.485946,0.047428,0.517857,0.047439,112.0,Paraguay,PRY,PRY,20210220
0.492204,0.020858,0.516522,0.020867,575.0,Peru,PER,PER,20210220
0.606482,0.015365,0.639059,0.015629,978.0,Philippines,PHL,PHL,20210220
0.430868,0.020119,0.461789,0.019985,615.0,Poland,POL,POL,20210220
0.351284,0.019496,0.363934,0.019344,610.0,Portugal,PRT,PRT,20210220
0.543225,0.041379,0.496599,0.041225,147.0,"Puerto Rico, U.S.",PRI,PRI,20210220
0.430091,0.023774,0.445205,0.023683,438.0,Romania,ROU,ROU,20210220
0.406604,0.017314,0.41358,0.01727,810.0,Russia,RUS,RUS,20210220
0.464373,0.037055,0.538462,0.03707,182.0,Saudi Arabia,SAU,SAU,20210220
0.389586,0.0351,0.422111,0.034656,199.0,Serbia,SRB,SRB,20210220
0.418927,0.030334,0.400763,0.03054,262.0,Slovakia,SVK,SVK,20210220
0.482655,0.04786,0.481818,0.047862,110.0,Slovenia,SVN,SVN,20210220
0.523769,0.025395,0.520619,0.025388,388.0,South Africa,ZAF,ZAF,20210220
0.640245,0.027146,0.630915,0.026998,317.0,South Korea,KOR,KOR,20210220
0.360387,0.016373,0.363426,0.016343,864.0,Spain,ESP,ESP,20210220
0.452402,0.019575,0.418239,0.019752,636.0,Sweden,SWE,SWE,20210220
0.442794,0.029519,0.434629,0.029579,283.0,Switzerland,CHE,CHE,20210220
0.728106,0.011962,0.761006,0.01248,1272.0,Taiwan,TWN,TWN,20210220
0.612039,0.017552,0.590331,0.017392,786.0,Thailand,THA,THA,20210220
0.499628,0.03758,0.494382,0.037582,178.0,Tunisia,TUN,TUN,20210220
0.512273,0.018113,0.496723,0.018108,763.0,Turkey,TUR,TUR,20210220
0.45067,0.016141,0.450053,0.016143,951.0,Ukraine,UKR,UKR,20210220
0.530909,0.049393,0.466019,0.049413,103.0,United Arab Emirates,ARE,ARE,20210220
0.366931,0.021639,0.387795,0.021405,508.0,United Kingdom,GBR,GBR,20210220
0.552546,0.030369,0.531365,0.030261,271.0,Uruguay,URY,URY,20210220
0.551985,0.025688,0.550532,0.02568,376.0,Venezuela,VEN,VEN,20210220
0.396217,0.012456,0.439899,0.012274,1589.0,Vietnam,VNM,VNM,20210220
0.406292,0.032171,0.439331,0.031836,239.0,Algeria,DZA,DZA,20210221
0.499716,0.015206,0.482886,0.015215,1081.0,Argentina,ARG,ARG,20210221
0.544352,0.021647,0.54049,0.021633,531.0,Australia,AUS,AUS,20210221
0.462448,0.027122,0.463127,0.02712,339.0,Austria,AUT,AUT,20210221
0.581378,0.038213,0.517442,0.037726,172.0,Bangladesh,BGD,BGD,20210221
0.461629,0.039258,0.45679,0.039289,162.0,Belarus,BLR,BLR,20210221
0.456295,0.028672,0.44186,0.028757,301.0,Belgium,BEL,BEL,20210221
0.455894,0.031286,0.462745,0.03125,255.0,Bolivia,BOL,BOL,20210221
0.51086,0.008885,0.511371,0.008885,3166.0,Brazil,BRA,BRA,20210221
0.40075,0.027891,0.435331,0.027567,317.0,Bulgaria,BGR,BGR,20210221
0.50198,0.016695,0.5,0.016694,898.0,Canada,CAN,CAN,20210221
0.527871,0.026841,0.502874,0.0268,348.0,Chile,CHL,CHL,20210221
0.516604,0.017642,0.531835,0.017668,801.0,Colombia,COL,COL,20210221
0.52167,0.047229,0.486726,0.047201,113.0,Costa Rica,CRI,CRI,20210221
0.430046,0.039849,0.452229,0.039638,157.0,Croatia,HRV,HRV,20210221
0.508532,0.020103,0.515347,0.02011,619.0,Czech Republic,CZE,CZE,20210221
0.427987,0.031659,0.383966,0.032208,237.0,Denmark,DNK,DNK,20210221
0.554944,0.042429,0.539568,0.042305,139.0,Dominican Republic,DOM,DOM,20210221
0.490876,0.022838,0.526096,0.022866,479.0,Ecuador,ECU,ECU,20210221
0.541793,0.019777,0.544882,0.019788,635.0,Egypt,EGY,EGY,20210221
0.523103,0.037471,0.50838,0.037437,179.0,El Salvador,SLV,SLV,20210221
0.493694,0.010343,0.4908,0.010344,2337.0,France,FRA,FRA,20210221
0.463193,0.011183,0.441967,0.011229,1973.0,Germany,DEU,DEU,20210221
0.622455,0.043215,0.604651,0.042848,129.0,Ghana,GHA,GHA,20210221
0.480696,0.025685,0.474934,0.025698,379.0,Greece,GRC,GRC,20210221
0.495012,0.036656,0.537634,0.036759,186.0,Guatemala,GTM,GTM,20210221
0.463769,0.043164,0.518519,0.04308,135.0,Honduras,HND,HND,20210221
0.700863,0.046217,0.660377,0.044684,106.0,Hong Kong,HKG,HKG,20210221
0.4058,0.017529,0.407878,0.017515,787.0,Hungary,HUN,HUN,20210221
0.439127,0.012061,0.474052,0.011987,1715.0,India,IND,IND,20210221
0.508815,0.016948,0.509759,0.016949,871.0,Indonesia,IDN,IDN,20210221
0.428636,0.024555,0.531401,0.024352,414.0,Iraq,IRQ,IRQ,20210221
0.445964,0.039224,0.472393,0.039054,163.0,Ireland,IRL,IRL,20210221
0.421274,0.012371,0.414619,0.012398,1587.0,Italy,ITA,ITA,20210221
0.464436,0.007113,0.447831,0.007134,4888.0,Japan,JPN,JPN,20210221
0.535867,0.033628,0.490991,0.033547,222.0,Jordan,JOR,JOR,20210221
0.398183,0.041401,0.376812,0.041823,138.0,Kazakhstan,KAZ,KAZ,20210221
0.530659,0.037466,0.539326,0.037512,178.0,Kenya,KEN,KEN,20210221
0.639242,0.024016,0.628079,0.023862,406.0,Malaysia,MYS,MYS,20210221
0.487571,0.010128,0.494258,0.010125,2438.0,Mexico,MEX,MEX,20210221
0.356341,0.045931,0.42735,0.044466,117.0,Nepal,NPL,NPL,20210221
0.402403,0.020424,0.399306,0.02045,576.0,Netherlands,NLD,NLD,20210221
0.506314,0.028981,0.52349,0.029011,298.0,New Zealand,NZL,NZL,20210221
0.561299,0.031303,0.511719,0.031075,256.0,Nigeria,NGA,NGA,20210221
0.505091,0.028559,0.407407,0.02906,297.0,Norway,NOR,NOR,20210221
0.452088,0.031835,0.473684,0.031732,247.0,Pakistan,PAK,PAK,20210221
0.536778,0.041711,0.534722,0.041699,144.0,Paraguay,PRY,PRY,20210221
0.513789,0.021072,0.501773,0.021064,564.0,Peru,PER,PER,20210221
0.634048,0.015778,0.653128,0.015968,911.0,Philippines,PHL,PHL,20210221
0.449306,0.019086,0.478134,0.019006,686.0,Poland,POL,POL,20210221
0.325922,0.017919,0.329463,0.01787,689.0,Portugal,PRT,PRT,20210221
0.585253,0.04342,0.533835,0.042882,133.0,"Puerto Rico, U.S.",PRI,PRI,20210221
0.428114,0.023295,0.469565,0.023096,460.0,Romania,ROU,ROU,20210221
0.457368,0.017131,0.449052,0.017158,844.0,Russia,RUS,RUS,20210221
0.548517,0.039876,0.518987,0.039716,158.0,Saudi Arabia,SAU,SAU,20210221
0.41665,0.033139,0.428571,0.033014,224.0,Serbia,SRB,SRB,20210221
0.462441,0.030472,0.485185,0.030399,270.0,Slovakia,SVK,SVK,20210221
0.458252,0.048849,0.457143,0.048858,105.0,Slovenia,SVN,SVN,20210221
0.582606,0.022352,0.560729,0.022209,494.0,South Africa,ZAF,ZAF,20210221
0.592292,0.027254,0.626582,0.027688,316.0,South Korea,KOR,KOR,20210221
0.380304,0.016107,0.381998,0.016093,911.0,Spain,ESP,ESP,20210221
0.479018,0.018327,0.43306,0.018477,732.0,Sweden,SWE,SWE,20210221
0.471437,0.028429,0.483871,0.028398,310.0,Switzerland,CHE,CHE,20210221
0.689233,0.011867,0.741557,0.012545,1362.0,Taiwan,TWN,TWN,20210221
0.632125,0.016996,0.615854,0.01685,820.0,Thailand,THA,THA,20210221
0.483934,0.037587,0.536723,0.037669,177.0,Tunisia,TUN,TUN,20210221
0.516837,0.017428,0.504854,0.017419,824.0,Turkey,TUR,TUR,20210221
0.41399,0.015308,0.425287,0.015251,1044.0,Ukraine,UKR,UKR,20210221
0.416635,0.020043,0.409619,0.020093,603.0,United Kingdom,GBR,GBR,20210221
0.504581,0.03083,0.503788,0.03083,264.0,Uruguay,URY,URY,20210221
0.643915,0.025774,0.616246,0.025379,357.0,Venezuela,VEN,VEN,20210221
0.421594,0.012268,0.419395,0.012276,1619.0,Vietnam,VNM,VNM,20210221
0.524828,0.034416,0.464455,0.034461,211.0,Algeria,DZA,DZA,20210222
0.461682,0.014342,0.453566,0.014361,1206.0,Argentina,ARG,ARG,20210222
0.567548,0.021803,0.568665,0.021809,517.0,Australia,AUS,AUS,20210222
0.459228,0.028003,0.462264,0.027989,318.0,Austria,AUT,AUT,20210222
0.47821,0.037974,0.477011,0.037978,174.0,Bangladesh,BGD,BGD,20210222
0.499432,0.039265,0.515337,0.039284,163.0,Belarus,BLR,BLR,20210222
0.504776,0.027145,0.514706,0.027155,340.0,Belgium,BEL,BEL,20210222
0.461782,0.029463,0.49827,0.029377,289.0,Bolivia,BOL,BOL,20210222
0.506402,0.008506,0.505787,0.008506,3456.0,Brazil,BRA,BRA,20210222
0.414876,0.028094,0.412338,0.02812,308.0,Bulgaria,BGR,BGR,20210222
0.537097,0.016859,0.527335,0.016837,878.0,Canada,CAN,CAN,20210222
0.525765,0.02418,0.545882,0.02425,425.0,Chile,CHL,CHL,20210222
0.515182,0.016421,0.53355,0.01645,924.0,Colombia,COL,COL,20210222
0.465818,0.040947,0.486667,0.040866,150.0,Costa Rica,CRI,CRI,20210222
0.343473,0.037493,0.341615,0.037542,161.0,Croatia,HRV,HRV,20210222
0.495522,0.020157,0.511364,0.020161,616.0,Czech Republic,CZE,CZE,20210222
0.417438,0.032524,0.406114,0.032659,229.0,Denmark,DNK,DNK,20210222
0.614561,0.040136,0.614865,0.040142,148.0,Dominican Republic,DOM,DOM,20210222
0.496332,0.021457,0.5,0.021456,544.0,Ecuador,ECU,ECU,20210222
0.510357,0.020254,0.547107,0.02034,605.0,Egypt,EGY,EGY,20210222
0.570192,0.035212,0.575758,0.035271,198.0,El Salvador,SLV,SLV,20210222
0.518568,0.049107,0.594059,0.049966,101.0,Finland,FIN,FIN,20210222
0.490738,0.010039,0.483663,0.010043,2479.0,France,FRA,FRA,20210222
0.480374,0.011309,0.481311,0.011308,1953.0,Germany,DEU,DEU,20210222
0.5903,0.040956,0.571429,0.0407,147.0,Ghana,GHA,GHA,20210222
0.48841,0.02582,0.50266,0.025813,376.0,Greece,GRC,GRC,20210222
0.582447,0.03783,0.531429,0.037386,175.0,Guatemala,GTM,GTM,20210222
0.469397,0.04207,0.521127,0.042029,142.0,Honduras,HND,HND,20210222
0.730133,0.03985,0.743802,0.040521,121.0,Hong Kong,HKG,HKG,20210222
0.371502,0.017769,0.393659,0.017574,757.0,Hungary,HUN,HUN,20210222
0.458047,0.011866,0.465498,0.011853,1768.0,India,IND,IND,20210222
0.456265,0.016953,0.483908,0.016896,870.0,Indonesia,IDN,IDN,20210222
0.542528,0.026459,0.50838,0.026367,358.0,Iraq,IRQ,IRQ,20210222
0.41456,0.042744,0.406015,0.042879,133.0,Ireland,IRL,IRL,20210222
0.438247,0.050242,0.49,0.049867,100.0,Israel,ISR,ISR,20210222
0.415462,0.012809,0.410569,0.012831,1476.0,Italy,ITA,ITA,20210222
0.456909,0.006942,0.437133,0.006972,5106.0,Japan,JPN,JPN,20210222
0.537483,0.033321,0.549107,0.033388,224.0,Jordan,JOR,JOR,20210222
0.34673,0.044811,0.404959,0.043446,121.0,Kazakhstan,KAZ,KAZ,20210222
0.552601,0.034888,0.553922,0.034898,204.0,Kenya,KEN,KEN,20210222
0.492014,0.049584,0.435644,0.049994,101.0,Libya,LBY,LBY,20210222
0.611101,0.024861,0.627968,0.025074,379.0,Malaysia,MYS,MYS,20210222
0.495357,0.009916,0.492332,0.009917,2543.0,Mexico,MEX,MEX,20210222
0.515132,0.04745,0.491071,0.047436,112.0,Morocco,MAR,MAR,20210222
0.571985,0.046775,0.552632,0.046546,114.0,Nepal,NPL,NPL,20210222
0.407136,0.019899,0.39404,0.020007,604.0,Netherlands,NLD,NLD,20210222
0.598805,0.029392,0.585106,0.029239,282.0,New Zealand,NZL,NZL,20210222
0.590342,0.030715,0.5,0.030209,266.0,Nigeria,NGA,NGA,20210222
0.445466,0.028912,0.417808,0.029136,292.0,Norway,NOR,NOR,20210222
0.433494,0.032154,0.471074,0.031922,242.0,Pakistan,PAK,PAK,20210222
0.604777,0.049604,0.58,0.049136,100.0,Panama,PAN,PAN,20210222
0.440791,0.043135,0.474074,0.04289,135.0,Paraguay,PRY,PRY,20210222
0.497933,0.019152,0.524229,0.019174,681.0,Peru,PER,PER,20210222
0.642881,0.01507,0.668373,0.015337,977.0,Philippines,PHL,PHL,20210222
0.446174,0.019013,0.469565,0.018938,690.0,Poland,POL,POL,20210222
0.369392,0.021033,0.373585,0.020984,530.0,Portugal,PRT,PRT,20210222
0.575709,0.040146,0.558442,0.039957,154.0,"Puerto Rico, U.S.",PRI,PRI,20210222
0.410654,0.023128,0.415385,0.023088,455.0,Romania,ROU,ROU,20210222
0.447757,0.017044,0.432624,0.017106,846.0,Russia,RUS,RUS,20210222
0.579281,0.039934,0.535032,0.039526,157.0,Saudi Arabia,SAU,SAU,20210222
0.417846,0.034703,0.410891,0.034788,202.0,Serbia,SRB,SRB,20210222
0.477736,0.031356,0.464567,0.031404,254.0,Slovakia,SVK,SVK,20210222
0.501478,0.023938,0.512586,0.023946,437.0,South Africa,ZAF,ZAF,20210222
0.530771,0.02706,0.587349,0.02743,332.0,South Korea,KOR,KOR,20210222
0.359529,0.015935,0.361538,0.015916,910.0,Spain,ESP,ESP,20210222
0.454589,0.049107,0.405941,0.049793,101.0,Sudan,SDN,SDN,20210222
0.450303,0.018751,0.429799,0.018845,698.0,Sweden,SWE,SWE,20210222
0.466544,0.028103,0.46519,0.028109,316.0,Switzerland,CHE,CHE,20210222
0.66789,0.012586,0.727636,0.013316,1252.0,Taiwan,TWN,TWN,20210222
0.594074,0.017721,0.592208,0.017708,770.0,Thailand,THA,THA,20210222
0.621916,0.03493,0.630208,0.035087,192.0,Tunisia,TUN,TUN,20210222
0.534724,0.018294,0.531544,0.018287,745.0,Turkey,TUR,TUR,20210222
0.417526,0.01541,0.440808,0.015307,1039.0,Ukraine,UKR,UKR,20210222
0.428065,0.021148,0.429872,0.021137,549.0,United Kingdom,GBR,GBR,20210222
0.517262,0.029159,0.494915,0.029143,295.0,Uruguay,URY,URY,20210222
0.627868,0.025004,0.586118,0.02454,389.0,Venezuela,VEN,VEN,20210222
0.427597,0.012618,0.41792,0.012656,1529.0,Vietnam,VNM,VNM,20210222
0.478576,0.031125,0.455253,0.031221,257.0,Algeria,DZA,DZA,20210223
0.44218,0.014853,0.434978,0.01488,1115.0,Argentina,ARG,ARG,20210223
0.544807,0.02064,0.545455,0.020642,583.0,Australia,AUS,AUS,20210223
0.525483,0.02931,0.503425,0.029272,292.0,Austria,AUT,AUT,20210223
0.475128,0.038823,0.463855,0.038877,166.0,Bangladesh,BGD,BGD,20210223
0.475104,0.040304,0.444444,0.040505,153.0,Belarus,BLR,BLR,20210223
0.44836,0.027778,0.472222,0.027672,324.0,Belgium,BEL,BEL,20210223
0.469611,0.029988,0.501792,0.029933,279.0,Bolivia,BOL,BOL,20210223
0.500038,0.008561,0.503224,0.008561,3412.0,Brazil,BRA,BRA,20210223
0.401559,0.028878,0.414384,0.028737,292.0,Bulgaria,BGR,BGR,20210223
0.478981,0.016807,0.503386,0.016792,886.0,Canada,CAN,CAN,20210223
0.483096,0.024876,0.475248,0.024893,404.0,Chile,CHL,CHL,20210223
0.503881,0.016933,0.516055,0.016941,872.0,Colombia,COL,COL,20210223
0.460793,0.043235,0.462687,0.043222,134.0,Costa Rica,CRI,CRI,20210223
0.367381,0.038155,0.393939,0.037645,165.0,Croatia,HRV,HRV,20210223
0.494459,0.020076,0.510467,0.020079,621.0,Czech Republic,CZE,CZE,20210223
0.371178,0.031585,0.367521,0.03165,234.0,Denmark,DNK,DNK,20210223
0.639059,0.041696,0.608696,0.041033,138.0,Dominican Republic,DOM,DOM,20210223
0.486603,0.021926,0.50096,0.021919,521.0,Ecuador,ECU,ECU,20210223
0.509815,0.019783,0.543307,0.019854,635.0,Egypt,EGY,EGY,20210223
0.391734,0.035529,0.492462,0.03469,199.0,El Salvador,SLV,SLV,20210223
0.488675,0.010131,0.4922,0.01013,2436.0,France,FRA,FRA,20210223
0.458714,0.011222,0.456114,0.011227,1971.0,Germany,DEU,DEU,20210223
0.665622,0.042034,0.59854,0.040454,137.0,Ghana,GHA,GHA,20210223
0.527261,0.025635,0.51706,0.025611,381.0,Greece,GRC,GRC,20210223
0.401576,0.035428,0.515,0.034751,200.0,Guatemala,GTM,GTM,20210223
0.473662,0.04543,0.483607,0.045391,122.0,Honduras,HND,HND,20210223
0.707048,0.041678,0.724138,0.04244,116.0,Hong Kong,HKG,HKG,20210223
0.371607,0.0173,0.371319,0.017303,781.0,Hungary,HUN,HUN,20210223
0.44637,0.011731,0.465451,0.011691,1809.0,India,IND,IND,20210223
0.464637,0.016854,0.493757,0.016813,881.0,Indonesia,IDN,IDN,20210223
0.460454,0.025738,0.484127,0.025671,378.0,Iraq,IRQ,IRQ,20210223
0.481379,0.039999,0.455128,0.040133,156.0,Ireland,IRL,IRL,20210223
0.384024,0.012648,0.384875,0.012642,1481.0,Italy,ITA,ITA,20210223
0.448761,0.007277,0.442489,0.007287,4660.0,Japan,JPN,JPN,20210223
0.480797,0.034895,0.519417,0.034896,206.0,Jordan,JOR,JOR,20210223
0.417896,0.041033,0.435374,0.040819,147.0,Kazakhstan,KAZ,KAZ,20210223
0.557824,0.036297,0.531579,0.036126,190.0,Kenya,KEN,KEN,20210223
0.613553,0.024505,0.651715,0.025045,379.0,Malaysia,MYS,MYS,20210223
0.501501,0.009847,0.511249,0.009849,2578.0,Mexico,MEX,MEX,20210223
0.509849,0.04923,0.480769,0.049257,104.0,Morocco,MAR,MAR,20210223
0.473884,0.047883,0.509091,0.047826,110.0,Nepal,NPL,NPL,20210223
0.419408,0.020367,0.411966,0.02042,585.0,Netherlands,NLD,NLD,20210223
0.534647,0.026968,0.523256,0.026933,344.0,New Zealand,NZL,NZL,20210223
0.474618,0.049666,0.470588,0.049688,102.0,Nicaragua,NIC,NIC,20210223
0.476861,0.030432,0.47037,0.030453,270.0,Nigeria,NGA,NGA,20210223
0.449878,0.028814,0.412969,0.029113,293.0,Norway,NOR,NOR,20210223
0.465251,0.030735,0.426923,0.030993,260.0,Pakistan,PAK,PAK,20210223
0.553517,0.040781,0.523179,0.04059,151.0,Paraguay,PRY,PRY,20210223
0.443334,0.01936,0.5,0.019235,668.0,Peru,PER,PER,20210223
0.615547,0.015422,0.6551,0.015783,951.0,Philippines,PHL,PHL,20210223
0.432771,0.018917,0.455331,0.018821,694.0,Poland,POL,POL,20210223
0.360203,0.020484,0.351103,0.020601,544.0,Portugal,PRT,PRT,20210223
0.534779,0.042239,0.595588,0.042929,136.0,"Puerto Rico, U.S.",PRI,PRI,20210223
0.366019,0.022563,0.362637,0.022608,455.0,Romania,ROU,ROU,20210223
0.37526,0.016203,0.412338,0.015937,924.0,Russia,RUS,RUS,20210223
0.544379,0.040261,0.582781,0.040664,151.0,Saudi Arabia,SAU,SAU,20210223
0.502249,0.032612,0.491525,0.032616,236.0,Serbia,SRB,SRB,20210223
0.42407,0.031173,0.453125,0.030948,256.0,Slovakia,SVK,SVK,20210223
0.470136,0.04892,0.466667,0.048942,105.0,Slovenia,SVN,SVN,20210223
0.491594,0.022656,0.495902,0.022654,488.0,South Africa,ZAF,ZAF,20210223
0.579863,0.028269,0.601329,0.028497,301.0,South Korea,KOR,KOR,20210223
0.362225,0.016621,0.377934,0.016476,852.0,Spain,ESP,ESP,20210223
0.433176,0.018551,0.424754,0.018596,711.0,Sweden,SWE,SWE,20210223
0.515299,0.026837,0.508621,0.026829,348.0,Switzerland,CHE,CHE,20210223
0.696476,0.012223,0.733945,0.012718,1308.0,Taiwan,TWN,TWN,20210223
0.576989,0.017222,0.597291,0.017348,812.0,Thailand,THA,THA,20210223
0.523626,0.040108,0.525641,0.040116,156.0,Tunisia,TUN,TUN,20210223
0.539004,0.017627,0.522388,0.017591,804.0,Turkey,TUR,TUR,20210223
0.45271,0.015218,0.464186,0.015189,1075.0,Ukraine,UKR,UKR,20210223
0.39592,0.022115,0.395918,0.022115,490.0,United Kingdom,GBR,GBR,20210223
0.513633,0.029361,0.501718,0.02935,291.0,Uruguay,URY,URY,20210223
0.627805,0.024713,0.608696,0.024477,391.0,Venezuela,VEN,VEN,20210223
0.389997,0.013317,0.421512,0.013154,1376.0,Vietnam,VNM,VNM,20210223
