pct_hes_wontwork,hes_wontwork_se,pct_hes_wontwork_unw,hes_wontwork_se_unw,sample_size,country,iso_code,gid_0,survey_date
0.418297,0.031601,0.39834,0.031841,241.0,Algeria,DZA,DZA,20210206
0.247226,0.013412,0.24952,0.013371,1042.0,Argentina,ARG,ARG,20210206
0.298115,0.018082,0.265886,0.018721,598.0,Australia,AUS,AUS,20210206
0.227388,0.02716,0.213974,0.027759,229.0,Austria,AUT,AUT,20210206
0.246779,0.031156,0.257576,0.030717,198.0,Bangladesh,BGD,BGD,20210206
0.222397,0.038301,0.272059,0.035791,136.0,Belarus,BLR,BLR,20210206
0.26254,0.027668,0.303249,0.026486,277.0,Belgium,BEL,BEL,20210206
0.267826,0.026034,0.287129,0.025482,303.0,Bolivia,BOL,BOL,20210206
0.262348,0.008525,0.258248,0.008568,2637.0,Brazil,BRA,BRA,20210206
0.222309,0.027276,0.247012,0.026297,251.0,Bulgaria,BGR,BGR,20210206
0.275104,0.015804,0.261935,0.016052,775.0,Canada,CAN,CAN,20210206
0.296071,0.021832,0.29932,0.021764,441.0,Chile,CHL,CHL,20210206
0.341557,0.014999,0.339017,0.015027,997.0,Colombia,COL,COL,20210206
0.291503,0.044256,0.267327,0.045445,101.0,Costa Rica,CRI,CRI,20210206
0.298598,0.037882,0.28169,0.038541,142.0,Croatia,HRV,HRV,20210206
0.326088,0.021849,0.332618,0.021739,466.0,Czech Republic,CZE,CZE,20210206
0.261669,0.032386,0.263441,0.032316,186.0,Denmark,DNK,DNK,20210206
0.385686,0.039138,0.394904,0.038972,157.0,Dominican Republic,DOM,DOM,20210206
0.350444,0.023878,0.35,0.023885,400.0,Ecuador,ECU,ECU,20210206
0.425872,0.02122,0.397749,0.021438,533.0,Egypt,EGY,EGY,20210206
0.287762,0.035685,0.335227,0.034222,176.0,El Salvador,SLV,SLV,20210206
0.369728,0.010376,0.355869,0.010462,2130.0,France,FRA,FRA,20210206
0.246452,0.010611,0.252682,0.010523,1678.0,Germany,DEU,DEU,20210206
0.299503,0.037498,0.295302,0.037651,149.0,Ghana,GHA,GHA,20210206
0.308716,0.023276,0.308861,0.023273,395.0,Greece,GRC,GRC,20210206
0.297552,0.035747,0.305389,0.035484,167.0,Guatemala,GTM,GTM,20210206
0.347314,0.040475,0.345324,0.04053,139.0,Honduras,HND,HND,20210206
0.395681,0.046573,0.415929,0.046206,113.0,Hong Kong,HKG,HKG,20210206
0.287235,0.020055,0.298851,0.019823,522.0,Hungary,HUN,HUN,20210206
0.181802,0.010524,0.201923,0.010111,1456.0,India,IND,IND,20210206
0.285945,0.016112,0.32346,0.015563,844.0,Indonesia,IDN,IDN,20210206
0.218898,0.026476,0.25641,0.025072,273.0,Iraq,IRQ,IRQ,20210206
0.166609,0.0353,0.186992,0.033736,123.0,Ireland,IRL,IRL,20210206
0.196033,0.036057,0.231884,0.033917,138.0,Israel,ISR,ISR,20210206
0.257441,0.012197,0.241687,0.012457,1233.0,Italy,ITA,ITA,20210206
0.289601,0.005973,0.279284,0.006039,5643.0,Japan,JPN,JPN,20210206
0.385033,0.040708,0.343066,0.041726,137.0,Jordan,JOR,JOR,20210206
0.138504,0.032155,0.137931,0.032211,116.0,Kazakhstan,KAZ,KAZ,20210206
0.151963,0.028312,0.153374,0.028205,163.0,Kenya,KEN,KEN,20210206
0.226375,0.040197,0.243478,0.039195,115.0,Lebanon,LBN,LBN,20210206
0.375778,0.024571,0.395466,0.024338,397.0,Malaysia,MYS,MYS,20210206
0.265327,0.008856,0.276362,0.008743,2551.0,Mexico,MEX,MEX,20210206
0.358122,0.046057,0.3,0.048186,100.0,Morocco,MAR,MAR,20210206
0.209396,0.038352,0.210526,0.038276,114.0,Nepal,NPL,NPL,20210206
0.233578,0.019447,0.213483,0.02008,445.0,Netherlands,NLD,NLD,20210206
0.236021,0.028353,0.235556,0.028372,225.0,New Zealand,NZL,NZL,20210206
0.193168,0.02252,0.169065,0.02372,278.0,Nigeria,NGA,NGA,20210206
0.166192,0.022587,0.150794,0.023496,252.0,Norway,NOR,NOR,20210206
0.183658,0.030031,0.222798,0.027944,193.0,Pakistan,PAK,PAK,20210206
0.387846,0.043214,0.333333,0.044667,120.0,Paraguay,PRY,PRY,20210206
0.342594,0.018483,0.361891,0.018253,677.0,Peru,PER,PER,20210206
0.311012,0.016745,0.331226,0.01647,791.0,Philippines,PHL,PHL,20210206
0.307551,0.020717,0.314115,0.020597,503.0,Poland,POL,POL,20210206
0.198588,0.016527,0.199659,0.016494,586.0,Portugal,PRT,PRT,20210206
0.248039,0.041789,0.303279,0.039261,122.0,"Puerto Rico, U.S.",PRI,PRI,20210206
0.191221,0.019923,0.211401,0.019189,421.0,Romania,ROU,ROU,20210206
0.214236,0.013035,0.165025,0.014407,812.0,Russia,RUS,RUS,20210206
0.313983,0.034075,0.315508,0.03403,187.0,Saudi Arabia,SAU,SAU,20210206
0.218626,0.026726,0.2,0.027616,225.0,Serbia,SRB,SRB,20210206
0.250777,0.030653,0.264423,0.030128,208.0,Slovakia,SVK,SVK,20210206
0.276231,0.046482,0.31,0.044938,100.0,Slovenia,SVN,SVN,20210206
0.250219,0.022304,0.257143,0.022104,385.0,South Africa,ZAF,ZAF,20210206
0.286504,0.024505,0.295977,0.024271,348.0,South Korea,KOR,KOR,20210206
0.252166,0.014248,0.267839,0.013972,967.0,Spain,ESP,ESP,20210206
0.224181,0.017111,0.238325,0.016749,621.0,Sweden,SWE,SWE,20210206
0.289049,0.02533,0.29321,0.025223,324.0,Switzerland,CHE,CHE,20210206
0.430214,0.014261,0.474328,0.01414,1227.0,Taiwan,TWN,TWN,20210206
0.365715,0.017016,0.397343,0.016748,828.0,Thailand,THA,THA,20210206
0.389401,0.036218,0.42246,0.035754,187.0,Tunisia,TUN,TUN,20210206
0.408611,0.017178,0.388337,0.017326,806.0,Turkey,TUR,TUR,20210206
0.175155,0.013078,0.196757,0.012504,925.0,Ukraine,UKR,UKR,20210206
0.198164,0.017487,0.204503,0.017282,533.0,United Kingdom,GBR,GBR,20210206
0.283497,0.027439,0.2607,0.028168,257.0,Uruguay,URY,URY,20210206
0.258445,0.023854,0.280899,0.023235,356.0,Venezuela,VEN,VEN,20210206
0.354757,0.012941,0.385159,0.012723,1415.0,Vietnam,VNM,VNM,20210206
0.306045,0.030672,0.344398,0.029748,241.0,Algeria,DZA,DZA,20210207
0.242908,0.012846,0.238657,0.012924,1102.0,Argentina,ARG,ARG,20210207
0.219172,0.017131,0.227045,0.016917,599.0,Australia,AUS,AUS,20210207
0.229053,0.024762,0.224561,0.024936,285.0,Austria,AUT,AUT,20210207
0.239451,0.028883,0.275,0.027604,240.0,Bangladesh,BGD,BGD,20210207
0.234726,0.033848,0.267442,0.032411,172.0,Belarus,BLR,BLR,20210207
0.327444,0.026846,0.320132,0.027004,303.0,Belgium,BEL,BEL,20210207
0.270679,0.026518,0.263538,0.026744,277.0,Bolivia,BOL,BOL,20210207
0.246593,0.008598,0.255823,0.008494,2576.0,Brazil,BRA,BRA,20210207
0.222408,0.024529,0.234114,0.02409,299.0,Bulgaria,BGR,BGR,20210207
0.264523,0.014661,0.257303,0.014793,890.0,Canada,CAN,CAN,20210207
0.278841,0.021147,0.275168,0.021234,447.0,Chile,CHL,CHL,20210207
0.352195,0.015174,0.338129,0.015321,973.0,Colombia,COL,COL,20210207
0.356342,0.038433,0.371069,0.038101,159.0,Croatia,HRV,HRV,20210207
0.35969,0.022432,0.356674,0.022474,457.0,Czech Republic,CZE,CZE,20210207
0.231495,0.029475,0.223881,0.029825,201.0,Denmark,DNK,DNK,20210207
0.248313,0.035441,0.267516,0.03459,157.0,Dominican Republic,DOM,DOM,20210207
0.312239,0.02403,0.344388,0.023435,392.0,Ecuador,ECU,ECU,20210207
0.335626,0.021824,0.36214,0.021442,486.0,Egypt,EGY,EGY,20210207
0.34234,0.033969,0.324607,0.034423,191.0,El Salvador,SLV,SLV,20210207
0.369195,0.009994,0.361592,0.010039,2312.0,France,FRA,FRA,20210207
0.260636,0.010576,0.261574,0.010563,1728.0,Germany,DEU,DEU,20210207
0.290291,0.039089,0.302158,0.038638,139.0,Ghana,GHA,GHA,20210207
0.293151,0.023038,0.312808,0.022619,406.0,Greece,GRC,GRC,20210207
0.314728,0.038553,0.310345,0.038701,145.0,Guatemala,GTM,GTM,20210207
0.361846,0.038563,0.377358,0.038229,159.0,Honduras,HND,HND,20210207
0.38922,0.046152,0.403509,0.045867,114.0,Hong Kong,HKG,HKG,20210207
0.288881,0.018421,0.291803,0.018366,610.0,Hungary,HUN,HUN,20210207
0.167189,0.010374,0.178755,0.010103,1365.0,India,IND,IND,20210207
0.29934,0.015976,0.294479,0.016052,815.0,Indonesia,IDN,IDN,20210207
0.271255,0.029141,0.275424,0.029003,236.0,Iraq,IRQ,IRQ,20210207
0.229256,0.036614,0.227273,0.036727,132.0,Ireland,IRL,IRL,20210207
0.27406,0.03932,0.285714,0.038823,133.0,Israel,ISR,ISR,20210207
0.211718,0.011218,0.214765,0.01116,1341.0,Italy,ITA,ITA,20210207
0.286047,0.006276,0.278148,0.00633,5098.0,Japan,JPN,JPN,20210207
0.309989,0.038143,0.306122,0.038276,147.0,Jordan,JOR,JOR,20210207
0.188221,0.039254,0.205607,0.037966,107.0,Kazakhstan,KAZ,KAZ,20210207
0.179259,0.030833,0.190184,0.030136,163.0,Kenya,KEN,KEN,20210207
0.307921,0.043037,0.298246,0.043427,114.0,Lebanon,LBN,LBN,20210207
0.338388,0.02459,0.353562,0.024337,379.0,Malaysia,MYS,MYS,20210207
0.265251,0.009067,0.27698,0.008945,2437.0,Mexico,MEX,MEX,20210207
0.262293,0.043173,0.271028,0.042725,107.0,Nepal,NPL,NPL,20210207
0.25542,0.020621,0.232779,0.021279,421.0,Netherlands,NLD,NLD,20210207
0.215951,0.026368,0.239544,0.025421,263.0,New Zealand,NZL,NZL,20210207
0.162234,0.022358,0.173611,0.021762,288.0,Nigeria,NGA,NGA,20210207
0.19042,0.023637,0.195035,0.023422,282.0,Norway,NOR,NOR,20210207
0.224323,0.027011,0.225,0.026982,240.0,Pakistan,PAK,PAK,20210207
0.327074,0.040594,0.302326,0.041467,129.0,Paraguay,PRY,PRY,20210207
0.353214,0.018336,0.34375,0.018452,672.0,Peru,PER,PER,20210207
0.317784,0.016492,0.322981,0.016421,805.0,Philippines,PHL,PHL,20210207
0.293602,0.018613,0.299835,0.0185,607.0,Poland,POL,POL,20210207
0.213662,0.016442,0.220126,0.016266,636.0,Portugal,PRT,PRT,20210207
0.357152,0.038762,0.289855,0.040937,138.0,"Puerto Rico, U.S.",PRI,PRI,20210207
0.236847,0.021759,0.248101,0.021419,395.0,Romania,ROU,ROU,20210207
0.16447,0.012605,0.157706,0.012821,837.0,Russia,RUS,RUS,20210207
0.218619,0.037283,0.267606,0.034807,142.0,Saudi Arabia,SAU,SAU,20210207
0.231397,0.031297,0.243386,0.030758,189.0,Serbia,SRB,SRB,20210207
0.257451,0.029118,0.256637,0.029149,226.0,Slovakia,SVK,SVK,20210207
0.275065,0.021615,0.278422,0.021534,431.0,South Africa,ZAF,ZAF,20210207
0.309687,0.026849,0.294118,0.027245,289.0,South Korea,KOR,KOR,20210207
0.253546,0.013796,0.267701,0.013555,1031.0,Spain,ESP,ESP,20210207
0.221876,0.016293,0.249292,0.015649,706.0,Sweden,SWE,SWE,20210207
0.2686,0.02533,0.29321,0.024662,324.0,Switzerland,CHE,CHE,20210207
0.406608,0.014427,0.443976,0.014263,1187.0,Taiwan,TWN,TWN,20210207
0.390631,0.017529,0.403061,0.017436,784.0,Thailand,THA,THA,20210207
0.362555,0.031806,0.427984,0.030903,243.0,Tunisia,TUN,TUN,20210207
0.40408,0.017433,0.39313,0.017514,786.0,Turkey,TUR,TUR,20210207
0.233399,0.013941,0.246604,0.013681,957.0,Ukraine,UKR,UKR,20210207
0.211482,0.016887,0.209622,0.016942,582.0,United Kingdom,GBR,GBR,20210207
0.285029,0.028572,0.276423,0.028841,246.0,Uruguay,URY,URY,20210207
0.30289,0.025468,0.326471,0.024957,340.0,Venezuela,VEN,VEN,20210207
0.298876,0.013018,0.350929,0.012487,1345.0,Vietnam,VNM,VNM,20210207
0.36383,0.031709,0.336323,0.032289,223.0,Algeria,DZA,DZA,20210208
0.251394,0.012303,0.244681,0.012415,1222.0,Argentina,ARG,ARG,20210208
0.233081,0.018064,0.243816,0.017787,566.0,Australia,AUS,AUS,20210208
0.220483,0.026649,0.247148,0.025612,263.0,Austria,AUT,AUT,20210208
0.296894,0.030597,0.303965,0.030392,227.0,Bangladesh,BGD,BGD,20210208
0.192728,0.036153,0.241135,0.033336,141.0,Belarus,BLR,BLR,20210208
0.328297,0.027733,0.347973,0.027341,296.0,Belgium,BEL,BEL,20210208
0.301957,0.026483,0.308197,0.026332,305.0,Bolivia,BOL,BOL,20210208
0.246446,0.00823,0.246905,0.008225,2746.0,Brazil,BRA,BRA,20210208
0.313133,0.027826,0.333333,0.027375,288.0,Bulgaria,BGR,BGR,20210208
0.261438,0.015524,0.25096,0.015734,781.0,Canada,CAN,CAN,20210208
0.324234,0.021899,0.316372,0.022041,452.0,Chile,CHL,CHL,20210208
0.354056,0.014936,0.353171,0.014945,1025.0,Colombia,COL,COL,20210208
0.280631,0.043843,0.27619,0.044058,105.0,Costa Rica,CRI,CRI,20210208
0.169426,0.030779,0.164384,0.031153,146.0,Croatia,HRV,HRV,20210208
0.374772,0.023024,0.374718,0.023025,443.0,Czech Republic,CZE,CZE,20210208
0.187584,0.02748,0.190244,0.027332,205.0,Denmark,DNK,DNK,20210208
0.37208,0.039838,0.390728,0.039466,151.0,Dominican Republic,DOM,DOM,20210208
0.432283,0.023837,0.404706,0.024058,425.0,Ecuador,ECU,ECU,20210208
0.35106,0.021783,0.377016,0.021453,496.0,Egypt,EGY,EGY,20210208
0.263575,0.034656,0.336898,0.032304,187.0,El Salvador,SLV,SLV,20210208
0.3863,0.010367,0.378539,0.010407,2190.0,France,FRA,FRA,20210208
0.285594,0.011013,0.272616,0.011171,1636.0,Germany,DEU,DEU,20210208
0.357549,0.035834,0.325581,0.036651,172.0,Ghana,GHA,GHA,20210208
0.316747,0.023223,0.306329,0.023437,395.0,Greece,GRC,GRC,20210208
0.365679,0.040056,0.330935,0.040998,139.0,Guatemala,GTM,GTM,20210208
0.297811,0.038018,0.348101,0.036496,158.0,Honduras,HND,HND,20210208
0.326876,0.019077,0.308348,0.019377,587.0,Hungary,HUN,HUN,20210208
0.189609,0.010603,0.176334,0.010906,1293.0,India,IND,IND,20210208
0.314688,0.016013,0.308523,0.0161,833.0,Indonesia,IDN,IDN,20210208
0.315349,0.029471,0.318725,0.029387,251.0,Iraq,IRQ,IRQ,20210208
0.200593,0.034803,0.214286,0.033965,140.0,Ireland,IRL,IRL,20210208
0.489614,0.047501,0.407407,0.048326,108.0,Israel,ISR,ISR,20210208
0.23831,0.011846,0.253886,0.011596,1351.0,Italy,ITA,ITA,20210208
0.315009,0.006628,0.294205,0.006756,4728.0,Japan,JPN,JPN,20210208
0.29862,0.041239,0.369565,0.0391,138.0,Jordan,JOR,JOR,20210208
0.162649,0.036645,0.18018,0.035187,111.0,Kazakhstan,KAZ,KAZ,20210208
0.201499,0.034579,0.216783,0.033661,143.0,Kenya,KEN,KEN,20210208
0.300642,0.024569,0.340483,0.023774,373.0,Malaysia,MYS,MYS,20210208
0.277882,0.00888,0.280469,0.008855,2560.0,Mexico,MEX,MEX,20210208
0.272699,0.04358,0.297297,0.042462,111.0,Morocco,MAR,MAR,20210208
0.279894,0.039803,0.245763,0.041505,118.0,Nepal,NPL,NPL,20210208
0.251588,0.018882,0.221074,0.019744,484.0,Netherlands,NLD,NLD,20210208
0.336981,0.030024,0.329268,0.030198,246.0,New Zealand,NZL,NZL,20210208
0.104278,0.022087,0.142857,0.019291,252.0,Nigeria,NGA,NGA,20210208
0.164956,0.022497,0.164835,0.022504,273.0,Norway,NOR,NOR,20210208
0.231391,0.027372,0.213333,0.028177,225.0,Pakistan,PAK,PAK,20210208
0.152737,0.039702,0.269841,0.032176,126.0,Paraguay,PRY,PRY,20210208
0.345397,0.019175,0.364501,0.018944,631.0,Peru,PER,PER,20210208
0.36199,0.016891,0.349624,0.017023,798.0,Philippines,PHL,PHL,20210208
0.36406,0.020684,0.353271,0.020822,535.0,Poland,POL,POL,20210208
0.21195,0.01733,0.224138,0.016985,580.0,Portugal,PRT,PRT,20210208
0.345709,0.037854,0.294521,0.039496,146.0,"Puerto Rico, U.S.",PRI,PRI,20210208
0.221454,0.022207,0.225352,0.022069,355.0,Romania,ROU,ROU,20210208
0.169603,0.013402,0.158602,0.013768,744.0,Russia,RUS,RUS,20210208
0.213373,0.032629,0.235294,0.031515,170.0,Saudi Arabia,SAU,SAU,20210208
0.189095,0.029519,0.209424,0.028409,191.0,Serbia,SRB,SRB,20210208
0.300822,0.031856,0.292683,0.032109,205.0,Slovakia,SVK,SVK,20210208
0.22274,0.04014,0.227273,0.039854,110.0,Slovenia,SVN,SVN,20210208
0.290351,0.021357,0.307692,0.021005,468.0,South Africa,ZAF,ZAF,20210208
0.282651,0.027222,0.299296,0.026767,284.0,South Korea,KOR,KOR,20210208
0.299069,0.014877,0.291979,0.014981,935.0,Spain,ESP,ESP,20210208
0.209192,0.017127,0.23955,0.016322,622.0,Sweden,SWE,SWE,20210208
0.287109,0.025502,0.29375,0.02533,320.0,Switzerland,CHE,CHE,20210208
0.438811,0.015206,0.482886,0.0151,1081.0,Taiwan,TWN,TWN,20210208
0.404257,0.018519,0.409348,0.018483,706.0,Thailand,THA,THA,20210208
0.516952,0.033437,0.445946,0.033614,222.0,Tunisia,TUN,TUN,20210208
0.423344,0.018513,0.40483,0.018635,704.0,Turkey,TUR,TUR,20210208
0.208666,0.013858,0.228509,0.013412,919.0,Ukraine,UKR,UKR,20210208
0.242648,0.017979,0.236136,0.018148,559.0,United Kingdom,GBR,GBR,20210208
0.297017,0.026479,0.26087,0.027555,276.0,Uruguay,URY,URY,20210208
0.354663,0.024875,0.325843,0.025391,356.0,Venezuela,VEN,VEN,20210208
0.38361,0.012211,0.389724,0.012176,1596.0,Vietnam,VNM,VNM,20210208
0.282292,0.029696,0.295359,0.0293,237.0,Algeria,DZA,DZA,20210209
0.234502,0.012568,0.238261,0.012499,1150.0,Argentina,ARG,ARG,20210209
0.210425,0.017619,0.248756,0.016613,603.0,Australia,AUS,AUS,20210209
0.247181,0.027889,0.261044,0.027392,249.0,Austria,AUT,AUT,20210209
0.287031,0.035676,0.323699,0.034493,173.0,Bangladesh,BGD,BGD,20210209
0.201383,0.03828,0.225,0.036763,120.0,Belarus,BLR,BLR,20210209
0.390826,0.029148,0.375451,0.02937,277.0,Belgium,BEL,BEL,20210209
0.302662,0.027115,0.322148,0.026658,298.0,Bolivia,BOL,BOL,20210209
0.256703,0.008505,0.257748,0.008493,2646.0,Brazil,BRA,BRA,20210209
0.236543,0.029325,0.253394,0.028651,221.0,Bulgaria,BGR,BGR,20210209
0.264008,0.015469,0.2575,0.015595,800.0,Canada,CAN,CAN,20210209
0.316979,0.022941,0.323741,0.022813,417.0,Chile,CHL,CHL,20210209
0.346683,0.014751,0.343931,0.014779,1038.0,Colombia,COL,COL,20210209
0.268378,0.04049,0.276423,0.040118,123.0,Costa Rica,CRI,CRI,20210209
0.363034,0.03957,0.353741,0.039797,147.0,Croatia,HRV,HRV,20210209
0.325315,0.022746,0.332558,0.022619,430.0,Czech Republic,CZE,CZE,20210209
0.249835,0.0318,0.231638,0.032632,177.0,Denmark,DNK,DNK,20210209
0.41454,0.04009,0.414474,0.040091,152.0,Dominican Republic,DOM,DOM,20210209
0.319847,0.021509,0.353535,0.020985,495.0,Ecuador,ECU,ECU,20210209
0.351189,0.022126,0.390144,0.021653,487.0,Egypt,EGY,EGY,20210209
0.35669,0.035849,0.368132,0.035605,182.0,El Salvador,SLV,SLV,20210209
0.381919,0.010636,0.399623,0.01055,2122.0,France,FRA,FRA,20210209
0.290888,0.011464,0.296156,0.011404,1587.0,Germany,DEU,DEU,20210209
0.36027,0.040884,0.355072,0.041016,138.0,Ghana,GHA,GHA,20210209
0.323531,0.02392,0.314815,0.024094,378.0,Greece,GRC,GRC,20210209
0.231734,0.033088,0.277174,0.031191,184.0,Guatemala,GTM,GTM,20210209
0.396679,0.037482,0.345679,0.038555,162.0,Honduras,HND,HND,20210209
0.460326,0.047199,0.477876,0.047097,113.0,Hong Kong,HKG,HKG,20210209
0.286888,0.019448,0.29326,0.019322,549.0,Hungary,HUN,HUN,20210209
0.185573,0.010607,0.192029,0.010469,1380.0,India,IND,IND,20210209
0.314961,0.016444,0.320942,0.016361,807.0,Indonesia,IDN,IDN,20210209
0.328266,0.028679,0.307692,0.029178,260.0,Iraq,IRQ,IRQ,20210209
0.166554,0.032046,0.183673,0.030835,147.0,Ireland,IRL,IRL,20210209
0.298013,0.042366,0.286957,0.042838,115.0,Israel,ISR,ISR,20210209
0.230201,0.011869,0.230769,0.011859,1261.0,Italy,ITA,ITA,20210209
0.291081,0.006757,0.286193,0.006791,4476.0,Japan,JPN,JPN,20210209
0.229772,0.035445,0.305882,0.03236,170.0,Jordan,JOR,JOR,20210209
0.223368,0.040191,0.222222,0.040265,108.0,Kazakhstan,KAZ,KAZ,20210209
0.315648,0.036522,0.285714,0.037575,154.0,Kenya,KEN,KEN,20210209
0.369446,0.025082,0.378667,0.024957,375.0,Malaysia,MYS,MYS,20210209
0.286008,0.008789,0.282832,0.008818,2627.0,Mexico,MEX,MEX,20210209
0.280655,0.040294,0.238938,0.042457,113.0,Nepal,NPL,NPL,20210209
0.236191,0.01847,0.222441,0.018863,508.0,Netherlands,NLD,NLD,20210209
0.262955,0.029547,0.266667,0.029415,225.0,New Zealand,NZL,NZL,20210209
0.33914,0.046876,0.346154,0.046647,104.0,Nicaragua,NIC,NIC,20210209
0.18979,0.02289,0.191919,0.022792,297.0,Nigeria,NGA,NGA,20210209
0.212805,0.024688,0.223776,0.024244,286.0,Norway,NOR,NOR,20210209
0.122118,0.024958,0.15566,0.022541,212.0,Pakistan,PAK,PAK,20210209
0.292601,0.041972,0.278261,0.042611,115.0,Paraguay,PRY,PRY,20210209
0.353687,0.018963,0.357813,0.018914,640.0,Peru,PER,PER,20210209
0.324223,0.017137,0.358418,0.016728,784.0,Philippines,PHL,PHL,20210209
0.310463,0.020358,0.3258,0.020098,531.0,Poland,POL,POL,20210209
0.236353,0.017389,0.22906,0.01758,585.0,Portugal,PRT,PRT,20210209
0.355332,0.044061,0.28972,0.046487,107.0,"Puerto Rico, U.S.",PRI,PRI,20210209
0.231803,0.020165,0.228111,0.020279,434.0,Romania,ROU,ROU,20210209
0.155679,0.013826,0.182051,0.01299,780.0,Russia,RUS,RUS,20210209
0.245045,0.036443,0.23913,0.036747,138.0,Saudi Arabia,SAU,SAU,20210209
0.218892,0.028966,0.222222,0.02881,207.0,Serbia,SRB,SRB,20210209
0.32643,0.033328,0.339901,0.032992,203.0,Slovakia,SVK,SVK,20210209
0.37099,0.047304,0.377358,0.047143,106.0,Slovenia,SVN,SVN,20210209
0.317744,0.022272,0.320455,0.022222,440.0,South Africa,ZAF,ZAF,20210209
0.30816,0.028086,0.313869,0.027945,274.0,South Korea,KOR,KOR,20210209
0.269512,0.015006,0.27933,0.01484,895.0,Spain,ESP,ESP,20210209
0.256356,0.016999,0.24493,0.017259,641.0,Sweden,SWE,SWE,20210209
0.293667,0.026441,0.284247,0.026698,292.0,Switzerland,CHE,CHE,20210209
0.463587,0.014871,0.482301,0.014841,1130.0,Taiwan,TWN,TWN,20210209
0.414665,0.018079,0.437666,0.017954,754.0,Thailand,THA,THA,20210209
0.421377,0.033353,0.390698,0.033754,215.0,Tunisia,TUN,TUN,20210209
0.447362,0.019604,0.400958,0.019889,626.0,Turkey,TUR,TUR,20210209
0.17926,0.013811,0.209436,0.013019,869.0,Ukraine,UKR,UKR,20210209
0.238639,0.018375,0.237918,0.018394,538.0,United Kingdom,GBR,GBR,20210209
0.309941,0.028679,0.295276,0.029075,254.0,Uruguay,URY,URY,20210209
0.306266,0.024641,0.301724,0.024745,348.0,Venezuela,VEN,VEN,20210209
0.344975,0.012928,0.370795,0.012723,1397.0,Vietnam,VNM,VNM,20210209
0.330553,0.031321,0.307339,0.031934,218.0,Algeria,DZA,DZA,20210210
0.22346,0.012828,0.233945,0.012623,1090.0,Argentina,ARG,ARG,20210210
0.288007,0.019201,0.281818,0.019326,550.0,Australia,AUS,AUS,20210210
0.275325,0.028108,0.270916,0.02825,251.0,Austria,AUT,AUT,20210210
0.323564,0.031912,0.277778,0.033332,198.0,Bangladesh,BGD,BGD,20210210
0.269722,0.039003,0.278195,0.038629,133.0,Belarus,BLR,BLR,20210210
0.330051,0.028407,0.347518,0.028052,282.0,Belgium,BEL,BEL,20210210
0.326386,0.026534,0.340625,0.026253,320.0,Bolivia,BOL,BOL,20210210
0.245044,0.008706,0.24519,0.008704,2443.0,Brazil,BRA,BRA,20210210
0.272115,0.026668,0.269784,0.02674,278.0,Bulgaria,BGR,BGR,20210210
0.30302,0.015935,0.288889,0.016157,810.0,Canada,CAN,CAN,20210210
0.280718,0.022741,0.293532,0.022439,402.0,Chile,CHL,CHL,20210210
0.367101,0.015328,0.350515,0.015485,970.0,Colombia,COL,COL,20210210
0.317116,0.042573,0.283186,0.043972,113.0,Costa Rica,CRI,CRI,20210210
0.273474,0.036887,0.305732,0.035688,157.0,Croatia,HRV,HRV,20210210
0.36216,0.02233,0.371002,0.022217,469.0,Czech Republic,CZE,CZE,20210210
0.231763,0.029832,0.23,0.029912,200.0,Denmark,DNK,DNK,20210210
0.364866,0.03656,0.378531,0.036286,177.0,Dominican Republic,DOM,DOM,20210210
0.32934,0.023403,0.35867,0.022932,421.0,Ecuador,ECU,ECU,20210210
0.283944,0.020543,0.315789,0.019928,513.0,Egypt,EGY,EGY,20210210
0.33902,0.034236,0.324468,0.034617,188.0,El Salvador,SLV,SLV,20210210
0.387299,0.010639,0.389629,0.010628,2102.0,France,FRA,FRA,20210210
0.262653,0.011082,0.274353,0.01093,1622.0,Germany,DEU,DEU,20210210
0.380711,0.03847,0.385093,0.038387,161.0,Ghana,GHA,GHA,20210210
0.355693,0.024819,0.343324,0.025023,367.0,Greece,GRC,GRC,20210210
0.288361,0.035466,0.290909,0.035373,165.0,Guatemala,GTM,GTM,20210210
0.425366,0.040001,0.378378,0.040777,148.0,Honduras,HND,HND,20210210
0.284845,0.045776,0.36036,0.043034,111.0,Hong Kong,HKG,HKG,20210210
0.295789,0.018654,0.286927,0.018821,589.0,Hungary,HUN,HUN,20210210
0.174958,0.01092,0.201039,0.010352,1348.0,India,IND,IND,20210210
0.297378,0.016062,0.311298,0.015857,832.0,Indonesia,IDN,IDN,20210210
0.267143,0.030527,0.308696,0.029239,230.0,Iraq,IRQ,IRQ,20210210
0.226633,0.0411,0.25,0.039737,112.0,Ireland,IRL,IRL,20210210
0.316544,0.042188,0.252336,0.045177,107.0,Israel,ISR,ISR,20210210
0.258975,0.01231,0.265528,0.012211,1288.0,Italy,ITA,ITA,20210210
0.269197,0.006341,0.269011,0.006342,4892.0,Japan,JPN,JPN,20210210
0.444732,0.037501,0.329114,0.03966,158.0,Jordan,JOR,JOR,20210210
0.163827,0.036332,0.168224,0.035949,107.0,Kazakhstan,KAZ,KAZ,20210210
0.196274,0.030787,0.203488,0.030373,172.0,Kenya,KEN,KEN,20210210
0.37676,0.047256,0.336634,0.048457,101.0,Lebanon,LBN,LBN,20210210
0.412968,0.025463,0.413333,0.02546,375.0,Malaysia,MYS,MYS,20210210
0.26638,0.008526,0.261295,0.008579,2656.0,Mexico,MEX,MEX,20210210
0.203879,0.038095,0.238095,0.036035,126.0,Nepal,NPL,NPL,20210210
0.301806,0.020587,0.28719,0.020887,484.0,Netherlands,NLD,NLD,20210210
0.235293,0.028963,0.257642,0.028092,229.0,New Zealand,NZL,NZL,20210210
0.270836,0.025029,0.218978,0.026896,274.0,Nigeria,NGA,NGA,20210210
0.225894,0.024849,0.233677,0.024556,291.0,Norway,NOR,NOR,20210210
0.330495,0.031353,0.262626,0.033514,198.0,Pakistan,PAK,PAK,20210210
0.437523,0.043498,0.423077,0.043678,130.0,Paraguay,PRY,PRY,20210210
0.387101,0.019689,0.372517,0.019836,604.0,Peru,PER,PER,20210210
0.319114,0.01703,0.360553,0.016532,796.0,Philippines,PHL,PHL,20210210
0.340029,0.021174,0.355469,0.020956,512.0,Poland,POL,POL,20210210
0.208447,0.017937,0.237589,0.017119,564.0,Portugal,PRT,PRT,20210210
0.426718,0.044641,0.378151,0.045532,119.0,"Puerto Rico, U.S.",PRI,PRI,20210210
0.200723,0.020865,0.19891,0.020937,367.0,Romania,ROU,ROU,20210210
0.163637,0.013064,0.155642,0.013332,771.0,Russia,RUS,RUS,20210210
0.238723,0.032068,0.220238,0.032988,168.0,Saudi Arabia,SAU,SAU,20210210
0.211113,0.031581,0.216374,0.0313,171.0,Serbia,SRB,SRB,20210210
0.361031,0.036997,0.368421,0.036837,171.0,Slovakia,SVK,SVK,20210210
0.313787,0.022881,0.31477,0.022861,413.0,South Africa,ZAF,ZAF,20210210
0.282783,0.025332,0.261589,0.025958,302.0,South Korea,KOR,KOR,20210210
0.289121,0.015347,0.297297,0.015222,888.0,Spain,ESP,ESP,20210210
0.290696,0.018244,0.275,0.018553,600.0,Sweden,SWE,SWE,20210210
0.307042,0.025296,0.28882,0.025745,322.0,Switzerland,CHE,CHE,20210210
0.416837,0.014741,0.438272,0.014647,1134.0,Taiwan,TWN,TWN,20210210
0.36437,0.018635,0.388321,0.018401,685.0,Thailand,THA,THA,20210210
0.436635,0.035636,0.467005,0.035426,197.0,Tunisia,TUN,TUN,20210210
0.393331,0.019429,0.429231,0.019175,650.0,Turkey,TUR,TUR,20210210
0.23829,0.013791,0.231016,0.01394,935.0,Ukraine,UKR,UKR,20210210
0.231111,0.018995,0.227459,0.019102,488.0,United Kingdom,GBR,GBR,20210210
0.305691,0.028441,0.272358,0.029433,246.0,Uruguay,URY,URY,20210210
0.330519,0.024425,0.33244,0.024389,373.0,Venezuela,VEN,VEN,20210210
0.332028,0.013623,0.390966,0.013148,1284.0,Vietnam,VNM,VNM,20210210
0.408298,0.033864,0.364532,0.034583,203.0,Algeria,DZA,DZA,20210211
0.214914,0.013157,0.22333,0.012976,1003.0,Argentina,ARG,ARG,20210211
0.242784,0.018421,0.231939,0.018713,526.0,Australia,AUS,AUS,20210211
0.308295,0.028542,0.288538,0.02909,253.0,Austria,AUT,AUT,20210211
0.266035,0.033405,0.245509,0.034297,167.0,Bangladesh,BGD,BGD,20210211
0.233923,0.039309,0.252033,0.038326,123.0,Belarus,BLR,BLR,20210211
0.361214,0.02935,0.371324,0.029179,272.0,Belgium,BEL,BEL,20210211
0.33674,0.028271,0.32852,0.028447,277.0,Bolivia,BOL,BOL,20210211
0.28476,0.009051,0.279675,0.009101,2460.0,Brazil,BRA,BRA,20210211
0.308666,0.028679,0.295276,0.029042,254.0,Bulgaria,BGR,BGR,20210211
0.215652,0.014913,0.216993,0.014879,765.0,Canada,CAN,CAN,20210211
0.272141,0.025608,0.301242,0.024841,322.0,Chile,CHL,CHL,20210211
0.378327,0.016102,0.37,0.016175,900.0,Colombia,COL,COL,20210211
0.356813,0.043175,0.316239,0.04448,117.0,Costa Rica,CRI,CRI,20210211
0.260173,0.03454,0.24026,0.035469,154.0,Croatia,HRV,HRV,20210211
0.411533,0.022083,0.386037,0.022323,487.0,Czech Republic,CZE,CZE,20210211
0.264113,0.032067,0.247253,0.032769,182.0,Denmark,DNK,DNK,20210211
0.285588,0.036717,0.360465,0.034542,172.0,Dominican Republic,DOM,DOM,20210211
0.318078,0.024073,0.360902,0.023345,399.0,Ecuador,ECU,ECU,20210211
0.382123,0.022474,0.379015,0.022509,467.0,Egypt,EGY,EGY,20210211
0.364052,0.035634,0.353591,0.035864,181.0,El Salvador,SLV,SLV,20210211
0.386164,0.011014,0.396657,0.010961,1974.0,France,FRA,FRA,20210211
0.271963,0.011511,0.279895,0.01141,1522.0,Germany,DEU,DEU,20210211
0.355387,0.041606,0.353383,0.041659,133.0,Ghana,GHA,GHA,20210211
0.277048,0.025578,0.288889,0.025256,315.0,Greece,GRC,GRC,20210211
0.321994,0.036956,0.31875,0.037055,160.0,Guatemala,GTM,GTM,20210211
0.367479,0.040056,0.330935,0.041041,139.0,Honduras,HND,HND,20210211
0.22884,0.018755,0.252788,0.018128,538.0,Hungary,HUN,HUN,20210211
0.211828,0.011042,0.218817,0.010913,1403.0,India,IND,IND,20210211
0.293869,0.016389,0.300128,0.01629,783.0,Indonesia,IDN,IDN,20210211
0.362182,0.028651,0.322097,0.029469,267.0,Iraq,IRQ,IRQ,20210211
0.221597,0.039899,0.214953,0.04034,107.0,Ireland,IRL,IRL,20210211
0.278507,0.013064,0.271552,0.013167,1160.0,Italy,ITA,ITA,20210211
0.271633,0.006471,0.259477,0.006566,4590.0,Japan,JPN,JPN,20210211
0.265945,0.037182,0.262411,0.037342,141.0,Jordan,JOR,JOR,20210211
0.283602,0.04252,0.254717,0.043988,106.0,Kazakhstan,KAZ,KAZ,20210211
0.255841,0.036371,0.242857,0.037009,140.0,Kenya,KEN,KEN,20210211
0.321343,0.02493,0.328652,0.024785,356.0,Malaysia,MYS,MYS,20210211
0.263375,0.008868,0.267549,0.008823,2493.0,Mexico,MEX,MEX,20210211
0.166922,0.04617,0.313725,0.037106,102.0,Morocco,MAR,MAR,20210211
0.251253,0.021029,0.248227,0.021114,423.0,Netherlands,NLD,NLD,20210211
0.317951,0.033314,0.319797,0.033263,197.0,New Zealand,NZL,NZL,20210211
0.158013,0.022646,0.157692,0.022665,260.0,Nigeria,NGA,NGA,20210211
0.209368,0.025987,0.205761,0.026154,243.0,Norway,NOR,NOR,20210211
0.279899,0.030058,0.263889,0.030618,216.0,Pakistan,PAK,PAK,20210211
0.377644,0.041867,0.314516,0.043713,124.0,Paraguay,PRY,PRY,20210211
0.355578,0.020064,0.386441,0.019724,590.0,Peru,PER,PER,20210211
0.369819,0.016976,0.347716,0.017208,788.0,Philippines,PHL,PHL,20210211
0.335841,0.020988,0.332673,0.021037,505.0,Poland,POL,POL,20210211
0.187586,0.017044,0.199637,0.016646,551.0,Portugal,PRT,PRT,20210211
0.244847,0.021467,0.236641,0.021718,393.0,Romania,ROU,ROU,20210211
0.161077,0.013784,0.16129,0.013776,713.0,Russia,RUS,RUS,20210211
0.26898,0.03436,0.26506,0.034521,166.0,Saudi Arabia,SAU,SAU,20210211
0.260284,0.033528,0.25731,0.033654,171.0,Serbia,SRB,SRB,20210211
0.291332,0.033727,0.287293,0.033867,181.0,Slovakia,SVK,SVK,20210211
0.283339,0.023567,0.297082,0.023239,377.0,South Africa,ZAF,ZAF,20210211
0.271166,0.026069,0.3,0.02529,310.0,South Korea,KOR,KOR,20210211
0.250593,0.015192,0.251225,0.01518,816.0,Spain,ESP,ESP,20210211
0.297959,0.018254,0.252205,0.019224,567.0,Sweden,SWE,SWE,20210211
0.295285,0.028424,0.284585,0.028736,253.0,Switzerland,CHE,CHE,20210211
0.397892,0.015943,0.433299,0.015748,967.0,Taiwan,TWN,TWN,20210211
0.380128,0.018802,0.386905,0.018739,672.0,Thailand,THA,THA,20210211
0.304238,0.036806,0.398876,0.034582,178.0,Tunisia,TUN,TUN,20210211
0.444779,0.020193,0.411765,0.02039,595.0,Turkey,TUR,TUR,20210211
0.233684,0.013713,0.223185,0.013936,923.0,Ukraine,UKR,UKR,20210211
0.202331,0.018424,0.214859,0.01802,498.0,United Kingdom,GBR,GBR,20210211
0.234575,0.026417,0.235521,0.02638,259.0,Uruguay,URY,URY,20210211
0.287845,0.026256,0.300654,0.025925,306.0,Venezuela,VEN,VEN,20210211
0.318285,0.0147,0.373616,0.014155,1084.0,Vietnam,VNM,VNM,20210211
0.339811,0.025952,0.3125,0.026519,320.0,Algeria,DZA,DZA,20210212
0.245125,0.011413,0.247026,0.011383,1429.0,Argentina,ARG,ARG,20210212
0.259323,0.014208,0.263759,0.01413,963.0,Australia,AUS,AUS,20210212
0.286495,0.024119,0.274052,0.024448,343.0,Austria,AUT,AUT,20210212
0.201792,0.026385,0.250923,0.024425,271.0,Bangladesh,BGD,BGD,20210212
0.20984,0.032439,0.186207,0.033933,145.0,Belarus,BLR,BLR,20210212
0.356382,0.024875,0.340659,0.025137,364.0,Belgium,BEL,BEL,20210212
0.318859,0.023401,0.3225,0.023331,400.0,Bolivia,BOL,BOL,20210212
0.263607,0.00754,0.25997,0.007574,3385.0,Brazil,BRA,BRA,20210212
0.229514,0.02189,0.2575,0.021052,400.0,Bulgaria,BGR,BGR,20210212
0.268267,0.012663,0.261411,0.012769,1205.0,Canada,CAN,CAN,20210212
0.317129,0.020302,0.33945,0.019952,545.0,Chile,CHL,CHL,20210212
0.350159,0.013382,0.352157,0.013364,1275.0,Colombia,COL,COL,20210212
0.288689,0.034159,0.306011,0.03359,183.0,Costa Rica,CRI,CRI,20210212
0.198081,0.026137,0.1875,0.026689,224.0,Croatia,HRV,HRV,20210212
0.347612,0.018589,0.355422,0.018495,664.0,Czech Republic,CZE,CZE,20210212
0.252966,0.02675,0.232,0.027549,250.0,Denmark,DNK,DNK,20210212
0.304861,0.032124,0.317536,0.031767,211.0,Dominican Republic,DOM,DOM,20210212
0.353194,0.019116,0.367347,0.018952,637.0,Ecuador,ECU,ECU,20210212
0.372843,0.018094,0.379167,0.018034,720.0,Egypt,EGY,EGY,20210212
0.344234,0.030172,0.380769,0.029522,260.0,El Salvador,SLV,SLV,20210212
0.225712,0.045242,0.287129,0.041805,101.0,Finland,FIN,FIN,20210212
0.367278,0.008931,0.372014,0.008907,2930.0,France,FRA,FRA,20210212
0.250218,0.009284,0.254653,0.00923,2203.0,Germany,DEU,DEU,20210212
0.303046,0.037844,0.320261,0.037276,153.0,Ghana,GHA,GHA,20210212
0.278545,0.018968,0.270909,0.019132,550.0,Greece,GRC,GRC,20210212
0.300628,0.030424,0.307359,0.030235,231.0,Guatemala,GTM,GTM,20210212
0.435528,0.0375,0.4375,0.037481,176.0,Honduras,HND,HND,20210212
0.3271,0.037132,0.345455,0.036635,165.0,Hong Kong,HKG,HKG,20210212
0.259684,0.016083,0.269987,0.015884,763.0,Hungary,HUN,HUN,20210212
0.195542,0.009792,0.20814,0.009566,1720.0,India,IND,IND,20210212
0.276577,0.012842,0.299843,0.012537,1274.0,Indonesia,IDN,IDN,20210212
0.31165,0.022371,0.314815,0.02231,432.0,Iraq,IRQ,IRQ,20210212
0.285892,0.031683,0.256545,0.03278,191.0,Ireland,IRL,IRL,20210212
0.212548,0.036433,0.203252,0.037039,123.0,Israel,ISR,ISR,20210212
0.250556,0.010596,0.263584,0.010421,1730.0,Italy,ITA,ITA,20210212
0.274598,0.005675,0.266634,0.005728,6072.0,Japan,JPN,JPN,20210212
0.310621,0.032181,0.305825,0.03232,206.0,Jordan,JOR,JOR,20210212
0.224984,0.037501,0.210084,0.038441,119.0,Kazakhstan,KAZ,KAZ,20210212
0.176402,0.028872,0.212871,0.026885,202.0,Kenya,KEN,KEN,20210212
0.249255,0.03797,0.264706,0.037231,136.0,Lebanon,LBN,LBN,20210212
0.270951,0.038816,0.257813,0.039439,128.0,Libya,LBY,LBY,20210212
0.379162,0.021068,0.38806,0.020976,536.0,Malaysia,MYS,MYS,20210212
0.284141,0.007501,0.282663,0.007513,3605.0,Mexico,MEX,MEX,20210212
0.360994,0.046225,0.333333,0.047096,105.0,Morocco,MAR,MAR,20210212
0.267432,0.034516,0.284884,0.033848,172.0,Nepal,NPL,NPL,20210212
0.245,0.017184,0.226891,0.017647,595.0,Netherlands,NLD,NLD,20210212
0.259079,0.024993,0.26129,0.024924,310.0,New Zealand,NZL,NZL,20210212
0.322018,0.039347,0.309353,0.039775,139.0,Nicaragua,NIC,NIC,20210212
0.269989,0.021781,0.20059,0.024148,339.0,Nigeria,NGA,NGA,20210212
0.235483,0.022073,0.215517,0.022778,348.0,Norway,NOR,NOR,20210212
0.23487,0.024934,0.222222,0.025425,279.0,Pakistan,PAK,PAK,20210212
0.202117,0.031497,0.22905,0.0301,179.0,Paraguay,PRY,PRY,20210212
0.316043,0.016675,0.353584,0.016216,823.0,Peru,PER,PER,20210212
0.321883,0.013259,0.340891,0.013069,1279.0,Philippines,PHL,PHL,20210212
0.338267,0.017054,0.337662,0.017061,770.0,Poland,POL,POL,20210212
0.227795,0.015776,0.24152,0.01546,737.0,Portugal,PRT,PRT,20210212
0.257356,0.034887,0.254777,0.035002,157.0,"Puerto Rico, U.S.",PRI,PRI,20210212
0.248721,0.017632,0.241963,0.017796,591.0,Romania,ROU,ROU,20210212
0.209651,0.013285,0.180191,0.01407,838.0,Russia,RUS,RUS,20210212
0.332962,0.031776,0.313084,0.032291,214.0,Saudi Arabia,SAU,SAU,20210212
0.204064,0.025,0.225,0.024128,280.0,Serbia,SRB,SRB,20210212
0.34127,0.03001,0.345238,0.029927,252.0,Slovakia,SVK,SVK,20210212
0.366063,0.042577,0.359375,0.042746,128.0,Slovenia,SVN,SVN,20210212
0.280076,0.019566,0.283835,0.019487,532.0,South Africa,ZAF,ZAF,20210212
0.30857,0.022897,0.299252,0.023095,401.0,South Korea,KOR,KOR,20210212
0.292446,0.013535,0.294894,0.013502,1136.0,Spain,ESP,ESP,20210212
0.254326,0.015105,0.242875,0.015339,807.0,Sweden,SWE,SWE,20210212
0.313357,0.023542,0.310078,0.02361,387.0,Switzerland,CHE,CHE,20210212
0.412738,0.012339,0.457388,0.012194,1631.0,Taiwan,TWN,TWN,20210212
0.344213,0.014518,0.383793,0.014184,1123.0,Thailand,THA,THA,20210212
0.345952,0.030797,0.386454,0.030084,251.0,Tunisia,TUN,TUN,20210212
0.409574,0.017751,0.419897,0.017687,774.0,Turkey,TUR,TUR,20210212
0.226055,0.01228,0.223284,0.012334,1151.0,Ukraine,UKR,UKR,20210212
0.37083,0.044801,0.301887,0.047139,106.0,United Arab Emirates,ARE,ARE,20210212
0.234575,0.015832,0.230226,0.015936,708.0,United Kingdom,GBR,GBR,20210212
0.271156,0.023949,0.271676,0.023934,346.0,Uruguay,URY,URY,20210212
0.332455,0.022067,0.312217,0.022433,442.0,Venezuela,VEN,VEN,20210212
0.304203,0.011531,0.365979,0.011013,1746.0,Vietnam,VNM,VNM,20210212
0.413483,0.027251,0.322034,0.028721,295.0,Algeria,DZA,DZA,20210213
0.25584,0.011757,0.240937,0.011996,1324.0,Argentina,ARG,ARG,20210213
0.275788,0.015854,0.264516,0.016064,775.0,Australia,AUS,AUS,20210213
0.237379,0.022926,0.225225,0.023351,333.0,Austria,AUT,AUT,20210213
0.237776,0.030927,0.246154,0.030565,195.0,Bangladesh,BGD,BGD,20210213
0.237457,0.031532,0.23913,0.031456,184.0,Belarus,BLR,BLR,20210213
0.312164,0.024262,0.318919,0.024122,370.0,Belgium,BEL,BEL,20210213
0.268392,0.026769,0.301695,0.025843,295.0,Bolivia,BOL,BOL,20210213
0.267314,0.007752,0.261208,0.00781,3212.0,Brazil,BRA,BRA,20210213
0.234676,0.022752,0.238636,0.022621,352.0,Bulgaria,BGR,BGR,20210213
0.262565,0.013859,0.256539,0.013964,994.0,Canada,CAN,CAN,20210213
0.336851,0.021881,0.326087,0.022061,460.0,Chile,CHL,CHL,20210213
0.374887,0.014571,0.367701,0.014629,1096.0,Colombia,COL,COL,20210213
0.352427,0.037941,0.304054,0.039402,148.0,Costa Rica,CRI,CRI,20210213
0.279689,0.02947,0.273913,0.029661,230.0,Croatia,HRV,HRV,20210213
0.366034,0.018711,0.35023,0.018895,651.0,Czech Republic,CZE,CZE,20210213
0.218207,0.026512,0.2249,0.026227,249.0,Denmark,DNK,DNK,20210213
0.3365,0.033765,0.359606,0.033246,203.0,Dominican Republic,DOM,DOM,20210213
0.411667,0.021864,0.390782,0.022053,499.0,Ecuador,ECU,ECU,20210213
0.439045,0.018448,0.39,0.018771,700.0,Egypt,EGY,EGY,20210213
0.382901,0.033561,0.370192,0.033786,208.0,El Salvador,SLV,SLV,20210213
0.241889,0.039873,0.220183,0.041206,109.0,Finland,FIN,FIN,20210213
0.357471,0.009153,0.357872,0.009151,2744.0,France,FRA,FRA,20210213
0.248226,0.009323,0.255931,0.009229,2192.0,Germany,DEU,DEU,20210213
0.322646,0.036801,0.341317,0.036284,167.0,Ghana,GHA,GHA,20210213
0.27553,0.019583,0.243243,0.020393,481.0,Greece,GRC,GRC,20210213
0.286313,0.034653,0.326087,0.033416,184.0,Guatemala,GTM,GTM,20210213
0.379188,0.034235,0.341969,0.035015,193.0,Honduras,HND,HND,20210213
0.378922,0.043708,0.414063,0.043047,128.0,Hong Kong,HKG,HKG,20210213
0.26146,0.015891,0.274684,0.015644,790.0,Hungary,HUN,HUN,20210213
0.168039,0.009395,0.184272,0.00906,1704.0,India,IND,IND,20210213
0.306065,0.014507,0.321773,0.014311,1038.0,Indonesia,IDN,IDN,20210213
0.294904,0.022262,0.305361,0.022042,429.0,Iraq,IRQ,IRQ,20210213
0.183576,0.028796,0.176136,0.029265,176.0,Ireland,IRL,IRL,20210213
0.351529,0.034715,0.26087,0.037746,161.0,Israel,ISR,ISR,20210213
0.248883,0.010571,0.255432,0.01048,1703.0,Italy,ITA,ITA,20210213
0.262698,0.005304,0.257214,0.005341,6792.0,Japan,JPN,JPN,20210213
0.29043,0.032913,0.311558,0.032262,199.0,Jordan,JOR,JOR,20210213
0.193418,0.032166,0.180556,0.03303,144.0,Kazakhstan,KAZ,KAZ,20210213
0.300697,0.030594,0.26087,0.031949,207.0,Kenya,KEN,KEN,20210213
0.262592,0.043141,0.310345,0.041034,116.0,Lebanon,LBN,LBN,20210213
0.26681,0.040073,0.232143,0.041981,112.0,Libya,LBY,LBY,20210213
0.350844,0.021351,0.374757,0.02105,515.0,Malaysia,MYS,MYS,20210213
0.289088,0.008397,0.283084,0.00845,2879.0,Mexico,MEX,MEX,20210213
0.21882,0.041936,0.227723,0.041345,101.0,Moldova,MDA,MDA,20210213
0.241837,0.040191,0.222222,0.041395,108.0,Morocco,MAR,MAR,20210213
0.194316,0.035073,0.25641,0.031781,156.0,Nepal,NPL,NPL,20210213
0.230056,0.0172,0.229097,0.017225,598.0,Netherlands,NLD,NLD,20210213
0.281658,0.026612,0.297297,0.026189,296.0,New Zealand,NZL,NZL,20210213
0.390702,0.045616,0.396552,0.045498,116.0,Nicaragua,NIC,NIC,20210213
0.266279,0.023475,0.20339,0.025779,295.0,Nigeria,NGA,NGA,20210213
0.176715,0.020852,0.167702,0.021289,322.0,Norway,NOR,NOR,20210213
0.277925,0.02566,0.227612,0.027416,268.0,Pakistan,PAK,PAK,20210213
0.215171,0.04358,0.297297,0.039182,111.0,Panama,PAN,PAN,20210213
0.263052,0.039552,0.273438,0.039069,128.0,Paraguay,PRY,PRY,20210213
0.358165,0.017987,0.346648,0.018122,701.0,Peru,PER,PER,20210213
0.305784,0.016013,0.322392,0.015785,853.0,Philippines,PHL,PHL,20210213
0.340197,0.018194,0.341176,0.018182,680.0,Poland,POL,POL,20210213
0.247991,0.015971,0.24343,0.016072,723.0,Portugal,PRT,PRT,20210213
0.273542,0.03697,0.238806,0.038654,134.0,"Puerto Rico, U.S.",PRI,PRI,20210213
0.251813,0.017987,0.235189,0.018408,557.0,Romania,ROU,ROU,20210213
0.163143,0.012268,0.172632,0.011994,950.0,Russia,RUS,RUS,20210213
0.271247,0.03069,0.273585,0.030608,212.0,Saudi Arabia,SAU,SAU,20210213
0.240588,0.026885,0.245136,0.026715,257.0,Serbia,SRB,SRB,20210213
0.337962,0.029125,0.349442,0.028894,269.0,Slovakia,SVK,SVK,20210213
0.251276,0.041989,0.245283,0.042329,106.0,Slovenia,SVN,SVN,20210213
0.310262,0.02111,0.311203,0.021093,482.0,South Africa,ZAF,ZAF,20210213
0.32044,0.02109,0.298729,0.021502,472.0,South Korea,KOR,KOR,20210213
0.251553,0.013107,0.251595,0.013107,1097.0,Spain,ESP,ESP,20210213
0.273181,0.015636,0.232558,0.016492,731.0,Sweden,SWE,SWE,20210213
0.290477,0.022694,0.29902,0.022503,408.0,Switzerland,CHE,CHE,20210213
0.403936,0.012569,0.435453,0.012439,1557.0,Taiwan,TWN,TWN,20210213
0.399223,0.016249,0.4,0.016244,910.0,Thailand,THA,THA,20210213
0.354683,0.03062,0.415385,0.029727,260.0,Tunisia,TUN,TUN,20210213
0.437355,0.016204,0.448568,0.016163,943.0,Turkey,TUR,TUR,20210213
0.199939,0.012262,0.21831,0.011872,1136.0,Ukraine,UKR,UKR,20210213
0.214254,0.015605,0.20121,0.015971,661.0,United Kingdom,GBR,GBR,20210213
0.224937,0.023825,0.216667,0.024147,300.0,Uruguay,URY,URY,20210213
0.363883,0.024776,0.335165,0.025252,364.0,Venezuela,VEN,VEN,20210213
0.311863,0.011634,0.346476,0.011326,1674.0,Vietnam,VNM,VNM,20210213
0.284853,0.028514,0.285714,0.028489,252.0,Algeria,DZA,DZA,20210214
0.247699,0.013284,0.246679,0.013303,1054.0,Argentina,ARG,ARG,20210214
0.26109,0.016604,0.253275,0.01677,687.0,Australia,AUS,AUS,20210214
0.338879,0.026727,0.339683,0.026711,315.0,Austria,AUT,AUT,20210214
0.264088,0.031653,0.275,0.031251,200.0,Bangladesh,BGD,BGD,20210214
0.200536,0.032516,0.251397,0.030011,179.0,Belarus,BLR,BLR,20210214
0.298184,0.025197,0.335227,0.024417,352.0,Belgium,BEL,BEL,20210214
0.314011,0.028108,0.344948,0.027444,287.0,Bolivia,BOL,BOL,20210214
0.259692,0.008158,0.262959,0.008125,2913.0,Brazil,BRA,BRA,20210214
0.275657,0.024857,0.255663,0.025461,309.0,Bulgaria,BGR,BGR,20210214
0.252516,0.014434,0.249166,0.014498,899.0,Canada,CAN,CAN,20210214
0.281128,0.021705,0.289954,0.021505,438.0,Chile,CHL,CHL,20210214
0.390246,0.015754,0.388309,0.015769,958.0,Colombia,COL,COL,20210214
0.291419,0.041101,0.271186,0.042011,118.0,Costa Rica,CRI,CRI,20210214
0.166679,0.030583,0.195266,0.028754,169.0,Croatia,HRV,HRV,20210214
0.395536,0.019445,0.379808,0.01959,624.0,Czech Republic,CZE,CZE,20210214
0.256056,0.028121,0.24359,0.028593,234.0,Denmark,DNK,DNK,20210214
0.462485,0.039213,0.450617,0.039294,162.0,Dominican Republic,DOM,DOM,20210214
0.332117,0.023273,0.342926,0.023091,417.0,Ecuador,ECU,ECU,20210214
0.359902,0.019428,0.354201,0.019498,607.0,Egypt,EGY,EGY,20210214
0.313939,0.036581,0.310559,0.03669,161.0,El Salvador,SLV,SLV,20210214
0.324361,0.043642,0.303571,0.044433,112.0,Finland,FIN,FIN,20210214
0.390154,0.009427,0.385221,0.009449,2666.0,France,FRA,FRA,20210214
0.271699,0.009814,0.263758,0.009907,2017.0,Germany,DEU,DEU,20210214
0.364083,0.041157,0.394366,0.040522,142.0,Ghana,GHA,GHA,20210214
0.237261,0.020677,0.275641,0.019685,468.0,Greece,GRC,GRC,20210214
0.338941,0.035229,0.325843,0.035579,178.0,Guatemala,GTM,GTM,20210214
0.265277,0.042664,0.322314,0.040301,121.0,Honduras,HND,HND,20210214
0.428903,0.044725,0.422764,0.044808,123.0,Hong Kong,HKG,HKG,20210214
0.295336,0.017199,0.301543,0.017097,713.0,Hungary,HUN,HUN,20210214
0.186079,0.010261,0.184174,0.010302,1428.0,India,IND,IND,20210214
0.284469,0.014417,0.316042,0.01399,1041.0,Indonesia,IDN,IDN,20210214
0.327223,0.025723,0.352601,0.025261,346.0,Iraq,IRQ,IRQ,20210214
0.272903,0.03603,0.264901,0.036371,151.0,Ireland,IRL,IRL,20210214
0.244995,0.038946,0.214286,0.040822,112.0,Israel,ISR,ISR,20210214
0.291255,0.011801,0.287848,0.011842,1473.0,Italy,ITA,ITA,20210214
0.280908,0.005711,0.255232,0.005887,5830.0,Japan,JPN,JPN,20210214
0.299153,0.034958,0.285714,0.035432,168.0,Jordan,JOR,JOR,20210214
0.193633,0.036401,0.198347,0.036072,121.0,Kazakhstan,KAZ,KAZ,20210214
0.156876,0.030583,0.195266,0.028059,169.0,Kenya,KEN,KEN,20210214
0.329669,0.043095,0.304348,0.044028,115.0,Libya,LBY,LBY,20210214
0.332296,0.023817,0.365854,0.023291,410.0,Malaysia,MYS,MYS,20210214
0.250545,0.008885,0.252508,0.008862,2392.0,Mexico,MEX,MEX,20210214
0.22709,0.037096,0.230769,0.036887,130.0,Nepal,NPL,NPL,20210214
0.249374,0.01798,0.248705,0.017996,579.0,Netherlands,NLD,NLD,20210214
0.265176,0.019549,0.26938,0.019452,516.0,New Zealand,NZL,NZL,20210214
0.218615,0.028147,0.206731,0.028727,208.0,Nigeria,NGA,NGA,20210214
0.22211,0.022098,0.189873,0.02342,316.0,Norway,NOR,NOR,20210214
0.246336,0.028036,0.232456,0.028598,228.0,Pakistan,PAK,PAK,20210214
0.275441,0.045695,0.29703,0.044674,101.0,Paraguay,PRY,PRY,20210214
0.350771,0.020396,0.351548,0.020385,549.0,Peru,PER,PER,20210214
0.336317,0.01595,0.335991,0.015953,878.0,Philippines,PHL,PHL,20210214
0.368774,0.01884,0.371775,0.018809,659.0,Poland,POL,POL,20210214
0.255998,0.017158,0.269058,0.016886,669.0,Portugal,PRT,PRT,20210214
0.289587,0.045187,0.311321,0.044264,106.0,"Puerto Rico, U.S.",PRI,PRI,20210214
0.232809,0.019356,0.238683,0.01919,486.0,Romania,ROU,ROU,20210214
0.173581,0.0129,0.173055,0.012915,861.0,Russia,RUS,RUS,20210214
0.325266,0.034903,0.314607,0.035213,178.0,Saudi Arabia,SAU,SAU,20210214
0.236036,0.028151,0.212264,0.029234,212.0,Serbia,SRB,SRB,20210214
0.296798,0.032032,0.325581,0.031229,215.0,Slovakia,SVK,SVK,20210214
0.25746,0.044405,0.27451,0.043507,102.0,Slovenia,SVN,SVN,20210214
0.271911,0.022923,0.304455,0.022164,404.0,South Africa,ZAF,ZAF,20210214
0.218917,0.020988,0.257471,0.019849,435.0,South Korea,KOR,KOR,20210214
0.277753,0.013488,0.267841,0.013642,1079.0,Spain,ESP,ESP,20210214
0.244478,0.015862,0.232394,0.016141,710.0,Sweden,SWE,SWE,20210214
0.334098,0.0261,0.322981,0.026326,322.0,Switzerland,CHE,CHE,20210214
0.413623,0.013008,0.438187,0.012911,1456.0,Taiwan,TWN,TWN,20210214
0.356509,0.017024,0.378844,0.016808,813.0,Thailand,THA,THA,20210214
0.472703,0.036095,0.420213,0.036509,188.0,Tunisia,TUN,TUN,20210214
0.422755,0.017012,0.413588,0.017065,839.0,Turkey,TUR,TUR,20210214
0.192206,0.012976,0.214,0.012467,1000.0,Ukraine,UKR,UKR,20210214
0.225936,0.017242,0.238562,0.016918,612.0,United Kingdom,GBR,GBR,20210214
0.312219,0.029307,0.321569,0.029076,255.0,Uruguay,URY,URY,20210214
0.32801,0.026557,0.355828,0.026043,326.0,Venezuela,VEN,VEN,20210214
0.332851,0.012082,0.380569,0.011726,1616.0,Vietnam,VNM,VNM,20210214
0.282114,0.029449,0.297521,0.028989,242.0,Algeria,DZA,DZA,20210215
0.242899,0.011949,0.238208,0.012029,1272.0,Argentina,ARG,ARG,20210215
0.263963,0.016418,0.263523,0.016427,721.0,Australia,AUS,AUS,20210215
0.230428,0.023525,0.239394,0.023216,330.0,Austria,AUT,AUT,20210215
0.249495,0.030219,0.304721,0.02841,233.0,Bangladesh,BGD,BGD,20210215
0.250354,0.03552,0.272152,0.034574,158.0,Belarus,BLR,BLR,20210215
0.308188,0.02492,0.321023,0.024646,352.0,Belgium,BEL,BEL,20210215
0.340562,0.026398,0.319489,0.026829,313.0,Bolivia,BOL,BOL,20210215
0.249807,0.007507,0.250899,0.007496,3336.0,Brazil,BRA,BRA,20210215
0.297763,0.025875,0.282895,0.02627,304.0,Bulgaria,BGR,BGR,20210215
0.270062,0.013789,0.253761,0.014068,997.0,Canada,CAN,CAN,20210215
0.32126,0.021368,0.325726,0.021292,482.0,Chile,CHL,CHL,20210215
0.328875,0.014325,0.322066,0.014403,1065.0,Colombia,COL,COL,20210215
0.351331,0.038947,0.355263,0.038849,152.0,Costa Rica,CRI,CRI,20210215
0.317684,0.035812,0.294479,0.036579,163.0,Croatia,HRV,HRV,20210215
0.3592,0.019675,0.36394,0.019619,599.0,Czech Republic,CZE,CZE,20210215
0.260299,0.025889,0.23221,0.026904,267.0,Denmark,DNK,DNK,20210215
0.339432,0.033949,0.348485,0.033737,198.0,Dominican Republic,DOM,DOM,20210215
0.37784,0.020993,0.361905,0.021181,525.0,Ecuador,ECU,ECU,20210215
0.354195,0.019034,0.390578,0.018659,658.0,Egypt,EGY,EGY,20210215
0.328632,0.034052,0.374384,0.033049,203.0,El Salvador,SLV,SLV,20210215
0.233876,0.04206,0.305785,0.038641,121.0,Finland,FIN,FIN,20210215
0.381565,0.009378,0.386355,0.009356,2697.0,France,FRA,FRA,20210215
0.266204,0.010076,0.270812,0.010022,1946.0,Germany,DEU,DEU,20210215
0.27637,0.03558,0.303571,0.034606,168.0,Ghana,GHA,GHA,20210215
0.309958,0.02265,0.298289,0.022896,409.0,Greece,GRC,GRC,20210215
0.253926,0.031973,0.373913,0.028763,230.0,Guatemala,GTM,GTM,20210215
0.260421,0.035747,0.305389,0.034062,167.0,Honduras,HND,HND,20210215
0.386218,0.04249,0.369231,0.042868,130.0,Hong Kong,HKG,HKG,20210215
0.303172,0.01753,0.299708,0.017587,684.0,Hungary,HUN,HUN,20210215
0.170972,0.010387,0.202007,0.00974,1495.0,India,IND,IND,20210215
0.290914,0.014295,0.310115,0.014036,1048.0,Indonesia,IDN,IDN,20210215
0.354935,0.024964,0.362903,0.024842,372.0,Iraq,IRQ,IRQ,20210215
0.178248,0.030069,0.188235,0.02944,170.0,Ireland,IRL,IRL,20210215
0.245148,0.011029,0.252095,0.010926,1551.0,Italy,ITA,ITA,20210215
0.255257,0.005961,0.245977,0.006035,5220.0,Japan,JPN,JPN,20210215
0.370816,0.033108,0.363208,0.033253,212.0,Jordan,JOR,JOR,20210215
0.221246,0.041989,0.245283,0.040508,106.0,Kazakhstan,KAZ,KAZ,20210215
0.271304,0.030897,0.255,0.031519,200.0,Kenya,KEN,KEN,20210215
0.375876,0.022374,0.376596,0.022365,470.0,Malaysia,MYS,MYS,20210215
0.280452,0.00862,0.281147,0.008613,2721.0,Mexico,MEX,MEX,20210215
0.156247,0.029562,0.125984,0.032347,127.0,Nepal,NPL,NPL,20210215
0.221346,0.017432,0.217469,0.017543,561.0,Netherlands,NLD,NLD,20210215
0.279065,0.021114,0.278761,0.021121,452.0,New Zealand,NZL,NZL,20210215
0.312527,0.04586,0.317308,0.045672,104.0,Nicaragua,NIC,NIC,20210215
0.192471,0.023762,0.185874,0.024082,269.0,Nigeria,NGA,NGA,20210215
0.189667,0.022961,0.205788,0.022266,311.0,Norway,NOR,NOR,20210215
0.211634,0.022968,0.176895,0.024587,277.0,Pakistan,PAK,PAK,20210215
0.389688,0.046545,0.342857,0.047821,105.0,Panama,PAN,PAN,20210215
0.343202,0.037495,0.324841,0.038013,157.0,Paraguay,PRY,PRY,20210215
0.372306,0.018969,0.355799,0.019154,638.0,Peru,PER,PER,20210215
0.3364,0.015429,0.348691,0.015297,955.0,Philippines,PHL,PHL,20210215
0.361618,0.019345,0.370192,0.01925,624.0,Poland,POL,POL,20210215
0.225489,0.016362,0.211538,0.016743,624.0,Portugal,PRT,PRT,20210215
0.25383,0.038317,0.285714,0.036913,140.0,"Puerto Rico, U.S.",PRI,PRI,20210215
0.223856,0.018103,0.204819,0.018697,498.0,Romania,ROU,ROU,20210215
0.170786,0.012565,0.176087,0.012414,920.0,Russia,RUS,RUS,20210215
0.28862,0.030138,0.276018,0.030549,221.0,Saudi Arabia,SAU,SAU,20210215
0.162819,0.023723,0.165992,0.023539,247.0,Serbia,SRB,SRB,20210215
0.266912,0.029937,0.303797,0.028794,237.0,Slovakia,SVK,SVK,20210215
0.299393,0.021009,0.309278,0.020818,485.0,South Africa,ZAF,ZAF,20210215
0.257289,0.023315,0.307888,0.022079,393.0,South Korea,KOR,KOR,20210215
0.217855,0.013515,0.246562,0.012944,1018.0,Spain,ESP,ESP,20210215
0.219896,0.015776,0.229255,0.015544,711.0,Sweden,SWE,SWE,20210215
0.294276,0.023251,0.28382,0.023502,377.0,Switzerland,CHE,CHE,20210215
0.429765,0.012891,0.456493,0.012812,1494.0,Taiwan,TWN,TWN,20210215
0.357361,0.016734,0.380783,0.016515,843.0,Thailand,THA,THA,20210215
0.371073,0.029443,0.37037,0.029455,270.0,Tunisia,TUN,TUN,20210215
0.431333,0.01784,0.421121,0.017895,767.0,Turkey,TUR,TUR,20210215
0.201235,0.012537,0.224029,0.012055,1107.0,Ukraine,UKR,UKR,20210215
0.274788,0.044405,0.27451,0.044419,102.0,United Arab Emirates,ARE,ARE,20210215
0.225449,0.017287,0.232441,0.017103,598.0,United Kingdom,GBR,GBR,20210215
0.245614,0.024007,0.224422,0.02477,303.0,Uruguay,URY,URY,20210215
0.336969,0.022301,0.316514,0.022663,436.0,Venezuela,VEN,VEN,20210215
0.328139,0.010497,0.368969,0.010215,2114.0,Vietnam,VNM,VNM,20210215
0.303082,0.030869,0.344538,0.029854,238.0,Algeria,DZA,DZA,20210216
0.237882,0.011652,0.245421,0.011529,1365.0,Argentina,ARG,ARG,20210216
0.235,0.015581,0.247396,0.01531,768.0,Australia,AUS,AUS,20210216
0.231035,0.023761,0.229299,0.023824,314.0,Austria,AUT,AUT,20210216
0.207496,0.03129,0.280193,0.028253,207.0,Bangladesh,BGD,BGD,20210216
0.216511,0.034229,0.245283,0.032766,159.0,Belarus,BLR,BLR,20210216
0.321766,0.025926,0.32622,0.025834,328.0,Belgium,BEL,BEL,20210216
0.285571,0.026222,0.287625,0.026165,299.0,Bolivia,BOL,BOL,20210216
0.264102,0.007645,0.259056,0.007693,3285.0,Brazil,BRA,BRA,20210216
0.276731,0.026392,0.285714,0.026136,294.0,Bulgaria,BGR,BGR,20210216
0.261856,0.014238,0.257415,0.014317,944.0,Canada,CAN,CAN,20210216
0.287721,0.022443,0.290244,0.022385,410.0,Chile,CHL,CHL,20210216
0.344378,0.014617,0.329469,0.014777,1035.0,Colombia,COL,COL,20210216
0.214435,0.034897,0.231293,0.033967,147.0,Costa Rica,CRI,CRI,20210216
0.318432,0.034569,0.278107,0.035942,169.0,Croatia,HRV,HRV,20210216
0.383929,0.020675,0.371115,0.020813,547.0,Czech Republic,CZE,CZE,20210216
0.213302,0.02563,0.183406,0.027129,229.0,Denmark,DNK,DNK,20210216
0.388443,0.033847,0.381643,0.033958,207.0,Dominican Republic,DOM,DOM,20210216
0.344488,0.019936,0.370748,0.019614,588.0,Ecuador,ECU,ECU,20210216
0.364588,0.019231,0.386293,0.019011,642.0,Egypt,EGY,EGY,20210216
0.319986,0.033333,0.333333,0.032984,201.0,El Salvador,SLV,SLV,20210216
0.368965,0.046883,0.32,0.048496,100.0,Finland,FIN,FIN,20210216
0.366942,0.009726,0.388778,0.009616,2513.0,France,FRA,FRA,20210216
0.262479,0.010029,0.259162,0.01007,1910.0,Germany,DEU,DEU,20210216
0.355125,0.040935,0.375887,0.040445,141.0,Ghana,GHA,GHA,20210216
0.252651,0.022619,0.263158,0.02232,380.0,Greece,GRC,GRC,20210216
0.239995,0.031864,0.248649,0.031485,185.0,Guatemala,GTM,GTM,20210216
0.33,0.041153,0.348148,0.04062,135.0,Honduras,HND,HND,20210216
0.388364,0.040958,0.417808,0.040475,146.0,Hong Kong,HKG,HKG,20210216
0.273342,0.016989,0.286319,0.016749,709.0,Hungary,HUN,HUN,20210216
0.192046,0.010466,0.214053,0.010051,1537.0,India,IND,IND,20210216
0.249334,0.01429,0.280808,0.013757,990.0,Indonesia,IDN,IDN,20210216
0.372066,0.024158,0.350384,0.024476,391.0,Iraq,IRQ,IRQ,20210216
0.162656,0.032383,0.173913,0.03153,138.0,Ireland,IRL,IRL,20210216
0.284754,0.035957,0.209302,0.039889,129.0,Israel,ISR,ISR,20210216
0.248325,0.010791,0.26189,0.010604,1661.0,Italy,ITA,ITA,20210216
0.236893,0.005952,0.238847,0.005935,5133.0,Japan,JPN,JPN,20210216
0.375519,0.032902,0.356808,0.033259,213.0,Jordan,JOR,JOR,20210216
0.18595,0.033472,0.180451,0.033864,133.0,Kazakhstan,KAZ,KAZ,20210216
0.228661,0.031648,0.230337,0.031567,178.0,Kenya,KEN,KEN,20210216
0.291678,0.023113,0.333333,0.022285,417.0,Malaysia,MYS,MYS,20210216
0.281553,0.008596,0.278574,0.008624,2721.0,Mexico,MEX,MEX,20210216
0.324533,0.036647,0.262069,0.039017,145.0,Nepal,NPL,NPL,20210216
0.255234,0.017536,0.253247,0.017581,616.0,Netherlands,NLD,NLD,20210216
0.311435,0.021749,0.270335,0.022677,418.0,New Zealand,NZL,NZL,20210216
0.351447,0.047172,0.355769,0.047042,104.0,Nicaragua,NIC,NIC,20210216
0.211756,0.022291,0.176871,0.023868,294.0,Nigeria,NGA,NGA,20210216
0.253904,0.02394,0.223684,0.025004,304.0,Norway,NOR,NOR,20210216
0.224596,0.025353,0.232975,0.025029,279.0,Pakistan,PAK,PAK,20210216
0.325279,0.046524,0.316832,0.046848,101.0,Panama,PAN,PAN,20210216
0.297439,0.035835,0.263158,0.037201,152.0,Paraguay,PRY,PRY,20210216
0.342031,0.017685,0.34349,0.017667,722.0,Peru,PER,PER,20210216
0.316639,0.015189,0.353831,0.014776,992.0,Philippines,PHL,PHL,20210216
0.346632,0.018772,0.352851,0.018695,649.0,Poland,POL,POL,20210216
0.218869,0.015672,0.225035,0.015518,711.0,Portugal,PRT,PRT,20210216
0.213781,0.038164,0.275362,0.035026,138.0,"Puerto Rico, U.S.",PRI,PRI,20210216
0.229624,0.019433,0.228632,0.019463,468.0,Romania,ROU,ROU,20210216
0.153486,0.012599,0.162194,0.01232,857.0,Russia,RUS,RUS,20210216
0.166577,0.032584,0.238372,0.028493,172.0,Saudi Arabia,SAU,SAU,20210216
0.191739,0.027357,0.202765,0.026786,217.0,Serbia,SRB,SRB,20210216
0.325362,0.030683,0.32766,0.030627,235.0,Slovakia,SVK,SVK,20210216
0.291882,0.019595,0.280835,0.019823,527.0,South Africa,ZAF,ZAF,20210216
0.265828,0.024016,0.29558,0.023251,362.0,South Korea,KOR,KOR,20210216
0.273663,0.013661,0.261583,0.013858,1036.0,Spain,ESP,ESP,20210216
0.214023,0.015593,0.217949,0.015491,702.0,Sweden,SWE,SWE,20210216
0.261099,0.026206,0.259786,0.026249,281.0,Switzerland,CHE,CHE,20210216
0.409962,0.012425,0.458048,0.012265,1609.0,Taiwan,TWN,TWN,20210216
0.366822,0.017056,0.401451,0.016769,827.0,Thailand,THA,THA,20210216
0.372673,0.035536,0.438776,0.034625,196.0,Tunisia,TUN,TUN,20210216
0.445805,0.017608,0.418575,0.017741,786.0,Turkey,TUR,TUR,20210216
0.198299,0.01254,0.218232,0.012105,1086.0,Ukraine,UKR,UKR,20210216
0.192501,0.016256,0.191126,0.016301,586.0,United Kingdom,GBR,GBR,20210216
0.319929,0.027539,0.331058,0.027297,293.0,Uruguay,URY,URY,20210216
0.331191,0.023063,0.343529,0.022856,425.0,Venezuela,VEN,VEN,20210216
0.357278,0.010283,0.388073,0.010111,2247.0,Vietnam,VNM,VNM,20210216
0.33147,0.030673,0.321888,0.030906,233.0,Algeria,DZA,DZA,20210217
0.223399,0.011462,0.232917,0.011295,1361.0,Argentina,ARG,ARG,20210217
0.236929,0.017665,0.244519,0.017476,593.0,Australia,AUS,AUS,20210217
0.235112,0.024506,0.227891,0.024774,294.0,Austria,AUT,AUT,20210217
0.336471,0.032484,0.287179,0.033924,195.0,Bangladesh,BGD,BGD,20210217
0.293299,0.034277,0.260606,0.035551,165.0,Belarus,BLR,BLR,20210217
0.327425,0.025809,0.326284,0.025833,331.0,Belgium,BEL,BEL,20210217
0.282558,0.02508,0.321839,0.02417,348.0,Bolivia,BOL,BOL,20210217
0.26402,0.007732,0.262801,0.007743,3242.0,Brazil,BRA,BRA,20210217
0.306413,0.024578,0.274924,0.025377,331.0,Bulgaria,BGR,BGR,20210217
0.256868,0.014529,0.265152,0.014381,924.0,Canada,CAN,CAN,20210217
0.355512,0.023669,0.340796,0.023904,402.0,Chile,CHL,CHL,20210217
0.319978,0.014854,0.328,0.014758,1000.0,Colombia,COL,COL,20210217
0.260869,0.036952,0.268966,0.036592,145.0,Costa Rica,CRI,CRI,20210217
0.195856,0.03071,0.192771,0.030895,166.0,Croatia,HRV,HRV,20210217
0.322976,0.019165,0.330017,0.019059,603.0,Czech Republic,CZE,CZE,20210217
0.195913,0.026125,0.179724,0.027006,217.0,Denmark,DNK,DNK,20210217
0.335665,0.036954,0.347305,0.036652,167.0,Dominican Republic,DOM,DOM,20210217
0.363258,0.018499,0.377907,0.018349,688.0,Ecuador,ECU,ECU,20210217
0.420477,0.019884,0.39604,0.020069,606.0,Egypt,EGY,EGY,20210217
0.286916,0.031392,0.331858,0.030155,226.0,El Salvador,SLV,SLV,20210217
0.384119,0.009679,0.391509,0.009645,2544.0,France,FRA,FRA,20210217
0.260174,0.009779,0.260783,0.009771,2017.0,Germany,DEU,DEU,20210217
0.319655,0.036231,0.306748,0.036639,163.0,Ghana,GHA,GHA,20210217
0.288215,0.02192,0.272947,0.022287,414.0,Greece,GRC,GRC,20210217
0.375674,0.03425,0.366834,0.034417,199.0,Guatemala,GTM,GTM,20210217
0.48318,0.042074,0.42446,0.042539,139.0,Honduras,HND,HND,20210217
0.394146,0.042267,0.427536,0.04175,138.0,Hong Kong,HKG,HKG,20210217
0.290763,0.017145,0.293201,0.017103,706.0,Hungary,HUN,HUN,20210217
0.19116,0.010015,0.21223,0.009631,1668.0,India,IND,IND,20210217
0.301598,0.014834,0.308247,0.014744,970.0,Indonesia,IDN,IDN,20210217
0.289255,0.023764,0.332487,0.022872,394.0,Iraq,IRQ,IRQ,20210217
0.201934,0.032434,0.205128,0.032245,156.0,Ireland,IRL,IRL,20210217
0.255368,0.039578,0.212963,0.042156,108.0,Israel,ISR,ISR,20210217
0.258394,0.011176,0.277985,0.01092,1608.0,Italy,ITA,ITA,20210217
0.243072,0.006054,0.22943,0.006176,4825.0,Japan,JPN,JPN,20210217
0.297479,0.034961,0.300578,0.034857,173.0,Jordan,JOR,JOR,20210217
0.176225,0.032631,0.162791,0.033677,129.0,Kazakhstan,KAZ,KAZ,20210217
0.269549,0.030219,0.233503,0.031695,197.0,Kenya,KEN,KEN,20210217
0.36411,0.02408,0.389294,0.023764,411.0,Malaysia,MYS,MYS,20210217
0.301415,0.008549,0.276479,0.008771,2738.0,Mexico,MEX,MEX,20210217
0.359668,0.045338,0.294118,0.047752,102.0,Morocco,MAR,MAR,20210217
0.221285,0.039702,0.269841,0.037129,126.0,Nepal,NPL,NPL,20210217
0.277087,0.017417,0.261755,0.017733,638.0,Netherlands,NLD,NLD,20210217
0.249123,0.023703,0.263006,0.023285,346.0,New Zealand,NZL,NZL,20210217
0.285075,0.043503,0.290909,0.043241,110.0,Nicaragua,NIC,NIC,20210217
0.204924,0.022714,0.186441,0.023541,295.0,Nigeria,NGA,NGA,20210217
0.191708,0.022147,0.16,0.023781,275.0,Norway,NOR,NOR,20210217
0.210992,0.025604,0.222642,0.025111,265.0,Pakistan,PAK,PAK,20210217
0.249823,0.036647,0.262069,0.036076,145.0,Paraguay,PRY,PRY,20210217
0.346479,0.018298,0.339791,0.018384,671.0,Peru,PER,PER,20210217
0.353298,0.01496,0.357977,0.014915,1028.0,Philippines,PHL,PHL,20210217
0.365138,0.018161,0.358166,0.018237,698.0,Poland,POL,POL,20210217
0.236416,0.016283,0.226586,0.016526,662.0,Portugal,PRT,PRT,20210217
0.294082,0.035733,0.266234,0.036835,154.0,"Puerto Rico, U.S.",PRI,PRI,20210217
0.207635,0.019111,0.207965,0.0191,452.0,Romania,ROU,ROU,20210217
0.160343,0.011517,0.146934,0.011936,946.0,Russia,RUS,RUS,20210217
0.279444,0.035229,0.325843,0.033728,178.0,Saudi Arabia,SAU,SAU,20210217
0.250635,0.030523,0.268868,0.029835,212.0,Serbia,SRB,SRB,20210217
0.318034,0.028333,0.319853,0.02829,272.0,Slovakia,SVK,SVK,20210217
0.250495,0.038174,0.248062,0.038299,129.0,Slovenia,SVN,SVN,20210217
0.311437,0.021581,0.314655,0.021521,464.0,South Africa,ZAF,ZAF,20210217
0.289835,0.024042,0.292479,0.023978,359.0,South Korea,KOR,KOR,20210217
0.248094,0.014031,0.251046,0.013976,956.0,Spain,ESP,ESP,20210217
0.215701,0.015423,0.21519,0.015436,711.0,Sweden,SWE,SWE,20210217
0.296197,0.02457,0.30791,0.024301,354.0,Switzerland,CHE,CHE,20210217
0.45008,0.013187,0.483646,0.013129,1437.0,Taiwan,TWN,TWN,20210217
0.388696,0.016788,0.407925,0.016651,858.0,Thailand,THA,THA,20210217
0.477767,0.035041,0.417085,0.035498,199.0,Tunisia,TUN,TUN,20210217
0.396302,0.017805,0.396825,0.017801,756.0,Turkey,TUR,TUR,20210217
0.198377,0.011883,0.210034,0.011634,1176.0,Ukraine,UKR,UKR,20210217
0.230995,0.016426,0.217116,0.016792,631.0,United Kingdom,GBR,GBR,20210217
0.263316,0.025263,0.260726,0.025344,303.0,Uruguay,URY,URY,20210217
0.287396,0.021894,0.297483,0.021673,437.0,Venezuela,VEN,VEN,20210217
0.32452,0.010458,0.369014,0.010147,2130.0,Vietnam,VNM,VNM,20210217
0.310169,0.029823,0.318367,0.029613,245.0,Algeria,DZA,DZA,20210218
0.267647,0.012697,0.265289,0.012733,1210.0,Argentina,ARG,ARG,20210218
0.248467,0.017723,0.230088,0.018196,565.0,Australia,AUS,AUS,20210218
0.288977,0.023301,0.25072,0.024369,347.0,Austria,AUT,AUT,20210218
0.20012,0.033366,0.255814,0.030596,172.0,Bangladesh,BGD,BGD,20210218
0.315057,0.035157,0.26875,0.03684,160.0,Belarus,BLR,BLR,20210218
0.314682,0.026588,0.345794,0.02596,321.0,Belgium,BEL,BEL,20210218
0.331839,0.028319,0.350877,0.027941,285.0,Bolivia,BOL,BOL,20210218
0.273161,0.007873,0.26732,0.007927,3161.0,Brazil,BRA,BRA,20210218
0.287203,0.025844,0.274247,0.02621,299.0,Bulgaria,BGR,BGR,20210218
0.264255,0.01429,0.254037,0.014474,929.0,Canada,CAN,CAN,20210218
0.365626,0.024916,0.346995,0.025208,366.0,Chile,CHL,CHL,20210218
0.315329,0.015198,0.329854,0.01502,958.0,Colombia,COL,COL,20210218
0.380035,0.039812,0.347222,0.040591,144.0,Costa Rica,CRI,CRI,20210218
0.234872,0.034923,0.243421,0.034498,152.0,Croatia,HRV,HRV,20210218
0.370495,0.019765,0.386513,0.019602,608.0,Czech Republic,CZE,CZE,20210218
0.184923,0.024873,0.191235,0.024554,251.0,Denmark,DNK,DNK,20210218
0.343009,0.036974,0.339394,0.037069,165.0,Dominican Republic,DOM,DOM,20210218
0.36692,0.019707,0.387255,0.019498,612.0,Ecuador,ECU,ECU,20210218
0.349881,0.019201,0.369668,0.018971,633.0,Egypt,EGY,EGY,20210218
0.34629,0.034861,0.306818,0.035966,176.0,El Salvador,SLV,SLV,20210218
0.285172,0.042521,0.266055,0.043445,109.0,Finland,FIN,FIN,20210218
0.372569,0.009634,0.387412,0.009561,2558.0,France,FRA,FRA,20210218
0.237058,0.009689,0.24076,0.009638,1948.0,Germany,DEU,DEU,20210218
0.300335,0.037184,0.283784,0.037809,148.0,Ghana,GHA,GHA,20210218
0.288179,0.022574,0.292383,0.022478,407.0,Greece,GRC,GRC,20210218
0.30574,0.039001,0.342282,0.037871,149.0,Guatemala,GTM,GTM,20210218
0.331191,0.037636,0.313725,0.038174,153.0,Honduras,HND,HND,20210218
0.344087,0.042834,0.384615,0.041828,130.0,Hong Kong,HKG,HKG,20210218
0.312738,0.016837,0.308101,0.016906,753.0,Hungary,HUN,HUN,20210218
0.154996,0.010235,0.195609,0.009338,1503.0,India,IND,IND,20210218
0.294818,0.015403,0.329399,0.014944,932.0,Indonesia,IDN,IDN,20210218
0.298867,0.024923,0.343407,0.024026,364.0,Iraq,IRQ,IRQ,20210218
0.16645,0.031607,0.188312,0.030114,154.0,Ireland,IRL,IRL,20210218
0.259382,0.01108,0.265113,0.011002,1588.0,Italy,ITA,ITA,20210218
0.228852,0.006061,0.219266,0.006154,4661.0,Japan,JPN,JPN,20210218
0.371569,0.040092,0.369863,0.04013,146.0,Jordan,JOR,JOR,20210218
0.248954,0.038523,0.246032,0.038676,126.0,Kazakhstan,KAZ,KAZ,20210218
0.281698,0.034161,0.248447,0.035562,161.0,Kenya,KEN,KEN,20210218
0.273627,0.044084,0.26,0.044807,100.0,Lebanon,LBN,LBN,20210218
0.333753,0.043519,0.25,0.047393,100.0,Libya,LBY,LBY,20210218
0.347339,0.024684,0.355438,0.024554,377.0,Malaysia,MYS,MYS,20210218
0.303136,0.008918,0.289961,0.009033,2590.0,Mexico,MEX,MEX,20210218
0.225265,0.037602,0.174757,0.041364,103.0,Nepal,NPL,NPL,20210218
0.274369,0.018673,0.253676,0.019148,544.0,Netherlands,NLD,NLD,20210218
0.332339,0.026926,0.330065,0.026972,306.0,New Zealand,NZL,NZL,20210218
0.355226,0.045546,0.345455,0.04584,110.0,Nicaragua,NIC,NIC,20210218
0.1769,0.023419,0.214286,0.021778,308.0,Nigeria,NGA,NGA,20210218
0.170077,0.02166,0.148148,0.022907,270.0,Norway,NOR,NOR,20210218
0.147276,0.02578,0.19917,0.022875,241.0,Pakistan,PAK,PAK,20210218
0.303051,0.038301,0.272059,0.039554,136.0,Paraguay,PRY,PRY,20210218
0.344153,0.018861,0.339144,0.018928,631.0,Peru,PER,PER,20210218
0.360805,0.015577,0.365726,0.015532,957.0,Philippines,PHL,PHL,20210218
0.329817,0.018401,0.35355,0.018096,676.0,Poland,POL,POL,20210218
0.30721,0.017712,0.269108,0.018424,628.0,Portugal,PRT,PRT,20210218
0.226126,0.038058,0.213675,0.03884,117.0,"Puerto Rico, U.S.",PRI,PRI,20210218
0.253928,0.020768,0.252847,0.020797,439.0,Romania,ROU,ROU,20210218
0.154383,0.01256,0.167982,0.012139,887.0,Russia,RUS,RUS,20210218
0.168182,0.035589,0.244898,0.030955,147.0,Saudi Arabia,SAU,SAU,20210218
0.224607,0.026546,0.218107,0.026827,243.0,Serbia,SRB,SRB,20210218
0.278639,0.028161,0.269076,0.028469,249.0,Slovakia,SVK,SVK,20210218
0.312224,0.020507,0.298597,0.020765,499.0,South Africa,ZAF,ZAF,20210218
0.333882,0.026262,0.315287,0.026656,314.0,South Korea,KOR,KOR,20210218
0.29121,0.015636,0.31328,0.015315,881.0,Spain,ESP,ESP,20210218
0.224011,0.015437,0.203812,0.015977,682.0,Sweden,SWE,SWE,20210218
0.222842,0.022302,0.214706,0.022602,340.0,Switzerland,CHE,CHE,20210218
0.422288,0.013853,0.454756,0.013741,1293.0,Taiwan,TWN,TWN,20210218
0.33256,0.017769,0.377181,0.017272,745.0,Thailand,THA,THA,20210218
0.37179,0.032671,0.395556,0.032291,225.0,Tunisia,TUN,TUN,20210218
0.430697,0.017423,0.39467,0.017651,788.0,Turkey,TUR,TUR,20210218
0.220239,0.012739,0.232029,0.012506,1099.0,Ukraine,UKR,UKR,20210218
0.207635,0.01675,0.201739,0.01693,575.0,United Kingdom,GBR,GBR,20210218
0.285665,0.027342,0.268939,0.027855,264.0,Uruguay,URY,URY,20210218
0.26532,0.022926,0.280519,0.02253,385.0,Venezuela,VEN,VEN,20210218
0.367151,0.011056,0.371862,0.011027,1912.0,Vietnam,VNM,VNM,20210218
0.32608,0.028904,0.333333,0.028743,267.0,Algeria,DZA,DZA,20210219
0.239243,0.012744,0.221281,0.013097,1062.0,Argentina,ARG,ARG,20210219
0.280442,0.019725,0.280769,0.019718,520.0,Australia,AUS,AUS,20210219
0.245602,0.025767,0.235294,0.026148,272.0,Austria,AUT,AUT,20210219
0.28873,0.033118,0.270718,0.033777,181.0,Bangladesh,BGD,BGD,20210219
0.191076,0.034028,0.232258,0.031681,155.0,Belarus,BLR,BLR,20210219
0.323246,0.029748,0.341176,0.029347,255.0,Belgium,BEL,BEL,20210219
0.373681,0.029908,0.34902,0.030355,255.0,Bolivia,BOL,BOL,20210219
0.276833,0.008168,0.277445,0.008162,3006.0,Brazil,BRA,BRA,20210219
0.270811,0.027123,0.286738,0.026652,279.0,Bulgaria,BGR,BGR,20210219
0.251327,0.014921,0.254396,0.014861,853.0,Canada,CAN,CAN,20210219
0.307116,0.024409,0.305322,0.024449,357.0,Chile,CHL,CHL,20210219
0.354296,0.016392,0.332527,0.016642,827.0,Colombia,COL,COL,20210219
0.18434,0.035186,0.225352,0.032655,142.0,Costa Rica,CRI,CRI,20210219
0.290605,0.03602,0.28481,0.036236,158.0,Croatia,HRV,HRV,20210219
0.345274,0.019854,0.347222,0.019828,576.0,Czech Republic,CZE,CZE,20210219
0.260987,0.028028,0.21659,0.029882,217.0,Denmark,DNK,DNK,20210219
0.295427,0.038781,0.348684,0.037128,152.0,Dominican Republic,DOM,DOM,20210219
0.387233,0.021294,0.392789,0.021239,527.0,Ecuador,ECU,ECU,20210219
0.398982,0.019031,0.370543,0.019296,645.0,Egypt,EGY,EGY,20210219
0.410497,0.037188,0.383721,0.037618,172.0,El Salvador,SLV,SLV,20210219
0.393791,0.010098,0.393681,0.010098,2342.0,France,FRA,FRA,20210219
0.226813,0.009575,0.226178,0.009585,1910.0,Germany,DEU,DEU,20210219
0.368426,0.041352,0.355556,0.041671,135.0,Ghana,GHA,GHA,20210219
0.265312,0.022073,0.260101,0.022214,396.0,Greece,GRC,GRC,20210219
0.265936,0.033622,0.289617,0.032751,183.0,Guatemala,GTM,GTM,20210219
0.308332,0.041424,0.330769,0.04066,130.0,Honduras,HND,HND,20210219
0.334977,0.043608,0.365854,0.042731,123.0,Hong Kong,HKG,HKG,20210219
0.314357,0.017911,0.300305,0.01814,656.0,Hungary,HUN,HUN,20210219
0.175704,0.009827,0.191781,0.009499,1606.0,India,IND,IND,20210219
0.279439,0.015439,0.285047,0.015346,856.0,Indonesia,IDN,IDN,20210219
0.411411,0.022966,0.362187,0.023513,439.0,Iraq,IRQ,IRQ,20210219
0.257937,0.038672,0.270677,0.038079,133.0,Ireland,IRL,IRL,20210219
0.312008,0.011895,0.295037,0.012084,1471.0,Italy,ITA,ITA,20210219
0.233649,0.00628,0.236744,0.006251,4583.0,Japan,JPN,JPN,20210219
0.423132,0.035849,0.368132,0.036723,182.0,Jordan,JOR,JOR,20210219
0.206,0.03696,0.206612,0.036919,121.0,Kazakhstan,KAZ,KAZ,20210219
0.236376,0.030482,0.235897,0.030503,195.0,Kenya,KEN,KEN,20210219
0.350925,0.023987,0.376528,0.023628,409.0,Malaysia,MYS,MYS,20210219
0.27896,0.00882,0.261866,0.008997,2486.0,Mexico,MEX,MEX,20210219
0.273465,0.042845,0.268519,0.043091,108.0,Morocco,MAR,MAR,20210219
0.194077,0.038887,0.224138,0.036879,116.0,Nepal,NPL,NPL,20210219
0.255026,0.018276,0.259965,0.018161,577.0,Netherlands,NLD,NLD,20210219
0.243178,0.02522,0.243986,0.025192,291.0,New Zealand,NZL,NZL,20210219
0.274664,0.025163,0.235088,0.026486,285.0,Nigeria,NGA,NGA,20210219
0.192751,0.023703,0.181132,0.024277,265.0,Norway,NOR,NOR,20210219
0.262715,0.026679,0.228916,0.027947,249.0,Pakistan,PAK,PAK,20210219
0.333426,0.039536,0.306569,0.040425,137.0,Paraguay,PRY,PRY,20210219
0.318467,0.019045,0.339257,0.018741,619.0,Peru,PER,PER,20210219
0.32767,0.015037,0.319127,0.015141,962.0,Philippines,PHL,PHL,20210219
0.341695,0.01891,0.352113,0.018777,639.0,Poland,POL,POL,20210219
0.24274,0.018471,0.255814,0.01815,559.0,Portugal,PRT,PRT,20210219
0.363105,0.043141,0.310345,0.044844,116.0,"Puerto Rico, U.S.",PRI,PRI,20210219
0.188395,0.019714,0.204762,0.019103,420.0,Romania,ROU,ROU,20210219
0.160712,0.012247,0.152149,0.012524,861.0,Russia,RUS,RUS,20210219
0.268604,0.031574,0.236264,0.032945,182.0,Saudi Arabia,SAU,SAU,20210219
0.267727,0.030641,0.270142,0.030554,211.0,Serbia,SRB,SRB,20210219
0.280062,0.028632,0.289683,0.028342,252.0,Slovakia,SVK,SVK,20210219
0.323381,0.047505,0.359223,0.046316,103.0,Slovenia,SVN,SVN,20210219
0.322924,0.020941,0.318548,0.021017,496.0,South Africa,ZAF,ZAF,20210219
0.279962,0.025435,0.264901,0.025879,302.0,South Korea,KOR,KOR,20210219
0.237109,0.014869,0.270694,0.014232,894.0,Spain,ESP,ESP,20210219
0.200412,0.01535,0.194903,0.015512,667.0,Sweden,SWE,SWE,20210219
0.227224,0.025468,0.244755,0.024822,286.0,Switzerland,CHE,CHE,20210219
0.462061,0.013766,0.471884,0.013748,1316.0,Taiwan,TWN,TWN,20210219
0.414741,0.018,0.405369,0.018062,745.0,Thailand,THA,THA,20210219
0.327268,0.032753,0.40708,0.031281,226.0,Tunisia,TUN,TUN,20210219
0.422959,0.018248,0.412894,0.01831,729.0,Turkey,TUR,TUR,20210219
0.205989,0.013189,0.224551,0.012783,1002.0,Ukraine,UKR,UKR,20210219
0.227722,0.018739,0.234375,0.018552,512.0,United Kingdom,GBR,GBR,20210219
0.328005,0.02889,0.282787,0.030118,244.0,Uruguay,URY,URY,20210219
0.370842,0.025905,0.35,0.026235,340.0,Venezuela,VEN,VEN,20210219
0.309583,0.011575,0.373211,0.011064,1747.0,Vietnam,VNM,VNM,20210219
0.300857,0.029835,0.34252,0.028834,254.0,Algeria,DZA,DZA,20210220
0.211579,0.012939,0.216749,0.012826,1015.0,Argentina,ARG,ARG,20210220
0.27138,0.019274,0.264762,0.019426,525.0,Australia,AUS,AUS,20210220
0.213215,0.023905,0.229032,0.0233,310.0,Austria,AUT,AUT,20210220
0.167007,0.031418,0.204819,0.029037,166.0,Bangladesh,BGD,BGD,20210220
0.343683,0.038651,0.297872,0.040139,141.0,Belarus,BLR,BLR,20210220
0.322907,0.027664,0.319298,0.027746,285.0,Belgium,BEL,BEL,20210220
0.314347,0.027668,0.303249,0.027945,277.0,Bolivia,BOL,BOL,20210220
0.279362,0.008291,0.275886,0.008323,2907.0,Brazil,BRA,BRA,20210220
0.270563,0.026668,0.269784,0.026692,278.0,Bulgaria,BGR,BGR,20210220
0.238295,0.015104,0.245074,0.01496,812.0,Canada,CAN,CAN,20210220
0.343346,0.024725,0.336066,0.024854,366.0,Chile,CHL,CHL,20210220
0.331431,0.016952,0.340153,0.016844,782.0,Colombia,COL,COL,20210220
0.322466,0.04049,0.276423,0.042318,123.0,Costa Rica,CRI,CRI,20210220
0.16565,0.035253,0.208955,0.032236,134.0,Croatia,HRV,HRV,20210220
0.370536,0.020195,0.378893,0.020105,578.0,Czech Republic,CZE,CZE,20210220
0.312358,0.032234,0.268421,0.033711,190.0,Denmark,DNK,DNK,20210220
0.40054,0.038812,0.41358,0.038618,162.0,Dominican Republic,DOM,DOM,20210220
0.358422,0.02239,0.380042,0.022119,471.0,Ecuador,ECU,ECU,20210220
0.313673,0.020595,0.369091,0.019802,550.0,Egypt,EGY,EGY,20210220
0.244031,0.033882,0.278409,0.032468,176.0,El Salvador,SLV,SLV,20210220
0.384036,0.010052,0.383597,0.010054,2341.0,France,FRA,FRA,20210220
0.239531,0.010099,0.241514,0.010071,1797.0,Germany,DEU,DEU,20210220
0.383489,0.042101,0.380597,0.042162,134.0,Ghana,GHA,GHA,20210220
0.338834,0.022783,0.278351,0.02406,388.0,Greece,GRC,GRC,20210220
0.388998,0.039004,0.324138,0.040627,145.0,Guatemala,GTM,GTM,20210220
0.298975,0.041789,0.303279,0.041619,122.0,Honduras,HND,HND,20210220
0.327805,0.042146,0.34375,0.041654,128.0,Hong Kong,HKG,HKG,20210220
0.281868,0.016185,0.290609,0.016038,788.0,Hungary,HUN,HUN,20210220
0.216692,0.010174,0.207547,0.010335,1590.0,India,IND,IND,20210220
0.272,0.016215,0.315917,0.015521,823.0,Indonesia,IDN,IDN,20210220
0.257467,0.021188,0.257611,0.021184,427.0,Iraq,IRQ,IRQ,20210220
0.302917,0.034894,0.2625,0.036442,160.0,Ireland,IRL,IRL,20210220
0.247847,0.0115,0.264766,0.011254,1473.0,Italy,ITA,ITA,20210220
0.234255,0.005968,0.225148,0.006052,4899.0,Japan,JPN,JPN,20210220
0.321377,0.033085,0.336585,0.032697,205.0,Jordan,JOR,JOR,20210220
0.223443,0.039615,0.239316,0.038676,117.0,Kazakhstan,KAZ,KAZ,20210220
0.270009,0.028226,0.223744,0.030069,219.0,Kenya,KEN,KEN,20210220
0.388513,0.025866,0.379603,0.025979,353.0,Malaysia,MYS,MYS,20210220
0.284356,0.009295,0.285654,0.009282,2363.0,Mexico,MEX,MEX,20210220
0.165147,0.038061,0.208696,0.034777,115.0,Nepal,NPL,NPL,20210220
0.267198,0.018577,0.268421,0.01855,570.0,Netherlands,NLD,NLD,20210220
0.306761,0.028171,0.300752,0.028328,266.0,New Zealand,NZL,NZL,20210220
0.291003,0.02496,0.214022,0.027643,271.0,Nigeria,NGA,NGA,20210220
0.148865,0.021578,0.155477,0.021197,283.0,Norway,NOR,NOR,20210220
0.203105,0.024797,0.169565,0.026585,230.0,Pakistan,PAK,PAK,20210220
0.314434,0.044328,0.321429,0.044068,112.0,Paraguay,PRY,PRY,20210220
0.370229,0.020195,0.373913,0.020154,575.0,Peru,PER,PER,20210220
0.326999,0.015172,0.341513,0.015008,978.0,Philippines,PHL,PHL,20210220
0.330336,0.019244,0.349593,0.018981,615.0,Poland,POL,POL,20210220
0.208758,0.016356,0.204918,0.016469,610.0,Portugal,PRT,PRT,20210220
0.271513,0.037115,0.278912,0.036807,147.0,"Puerto Rico, U.S.",PRI,PRI,20210220
0.250191,0.020287,0.23516,0.020719,438.0,Romania,ROU,ROU,20210220
0.171872,0.012865,0.159259,0.013264,810.0,Russia,RUS,RUS,20210220
0.217497,0.031824,0.241758,0.030664,182.0,Saudi Arabia,SAU,SAU,20210220
0.237811,0.030185,0.236181,0.030256,199.0,Serbia,SRB,SRB,20210220
0.230296,0.027004,0.255725,0.026061,262.0,Slovakia,SVK,SVK,20210220
0.298639,0.043503,0.290909,0.043836,110.0,Slovenia,SVN,SVN,20210220
0.242223,0.022717,0.275773,0.021778,388.0,South Africa,ZAF,ZAF,20210220
0.310904,0.025693,0.29653,0.026038,317.0,South Korea,KOR,KOR,20210220
0.266718,0.015168,0.273148,0.015054,864.0,Spain,ESP,ESP,20210220
0.212321,0.015576,0.190252,0.016229,636.0,Sweden,SWE,SWE,20210220
0.242042,0.025443,0.240283,0.025506,283.0,Switzerland,CHE,CHE,20210220
0.431444,0.013905,0.434748,0.013892,1272.0,Taiwan,TWN,TWN,20210220
0.369386,0.01735,0.382952,0.017226,786.0,Thailand,THA,THA,20210220
0.452764,0.036806,0.398876,0.037414,178.0,Tunisia,TUN,TUN,20210220
0.407847,0.017619,0.38401,0.017803,763.0,Turkey,TUR,TUR,20210220
0.21608,0.013365,0.216614,0.013353,951.0,Ukraine,UKR,UKR,20210220
0.437763,0.044987,0.291262,0.049122,103.0,United Arab Emirates,ARE,ARE,20210220
0.221383,0.018411,0.220472,0.018439,508.0,United Kingdom,GBR,GBR,20210220
0.280707,0.026999,0.269373,0.027346,271.0,Uruguay,URY,URY,20210220
0.340306,0.023555,0.295213,0.024468,376.0,Venezuela,VEN,VEN,20210220
0.395414,0.012255,0.3927,0.01227,1589.0,Vietnam,VNM,VNM,20210220
0.362208,0.030773,0.343096,0.031155,239.0,Algeria,DZA,DZA,20210221
0.21526,0.01257,0.218316,0.012506,1081.0,Argentina,ARG,ARG,20210221
0.255831,0.018868,0.252354,0.018953,531.0,Australia,AUS,AUS,20210221
0.264592,0.024104,0.268437,0.023994,339.0,Austria,AUT,AUT,20210221
0.218256,0.031726,0.22093,0.031588,172.0,Bangladesh,BGD,BGD,20210221
0.297907,0.036603,0.314815,0.036043,162.0,Belarus,BLR,BLR,20210221
0.335471,0.027392,0.342193,0.02726,301.0,Belgium,BEL,BEL,20210221
0.310331,0.02949,0.329412,0.029028,255.0,Bolivia,BOL,BOL,20210221
0.263822,0.007874,0.268162,0.007834,3166.0,Brazil,BRA,BRA,20210221
0.265933,0.024124,0.242902,0.024855,317.0,Bulgaria,BGR,BGR,20210221
0.255317,0.014656,0.260579,0.014559,898.0,Canada,CAN,CAN,20210221
0.287167,0.024836,0.310345,0.024288,348.0,Chile,CHL,CHL,20210221
0.350731,0.017041,0.367041,0.016872,801.0,Colombia,COL,COL,20210221
0.252365,0.04216,0.274336,0.041044,113.0,Costa Rica,CRI,CRI,20210221
0.25172,0.035705,0.273885,0.034748,157.0,Croatia,HRV,HRV,20210221
0.37867,0.019629,0.390953,0.019512,619.0,Czech Republic,CZE,CZE,20210221
0.220725,0.026939,0.219409,0.026997,237.0,Denmark,DNK,DNK,20210221
0.261373,0.03794,0.273381,0.037403,139.0,Dominican Republic,DOM,DOM,20210221
0.344115,0.021942,0.359081,0.02173,479.0,Ecuador,ECU,ECU,20210221
0.381268,0.019273,0.379528,0.01929,635.0,Egypt,EGY,EGY,20210221
0.316839,0.034402,0.301676,0.034872,179.0,El Salvador,SLV,SLV,20210221
0.39388,0.01012,0.396234,0.010109,2337.0,France,FRA,FRA,20210221
0.227477,0.009478,0.230106,0.00944,1973.0,Germany,DEU,DEU,20210221
0.351035,0.041667,0.333333,0.042187,129.0,Ghana,GHA,GHA,20210221
0.226662,0.021887,0.237467,0.021534,379.0,Greece,GRC,GRC,20210221
0.330772,0.034658,0.333333,0.034591,186.0,Guatemala,GTM,GTM,20210221
0.275225,0.042039,0.385185,0.038583,135.0,Honduras,HND,HND,20210221
0.409181,0.047304,0.377358,0.047983,106.0,Hong Kong,HKG,HKG,20210221
0.323895,0.01657,0.315121,0.016692,787.0,Hungary,HUN,HUN,20210221
0.19592,0.009965,0.217493,0.009587,1715.0,India,IND,IND,20210221
0.296703,0.015819,0.320321,0.015487,871.0,Indonesia,IDN,IDN,20210221
0.412751,0.023474,0.350242,0.024226,414.0,Iraq,IRQ,IRQ,20210221
0.182852,0.031208,0.196319,0.03037,163.0,Ireland,IRL,IRL,20210221
0.253487,0.011144,0.269691,0.010923,1587.0,Italy,ITA,ITA,20210221
0.228135,0.005917,0.219108,0.006003,4888.0,Japan,JPN,JPN,20210221
0.377897,0.032382,0.364865,0.032615,222.0,Jordan,JOR,JOR,20210221
0.177955,0.032906,0.181159,0.032677,138.0,Kazakhstan,KAZ,KAZ,20210221
0.178173,0.031373,0.224719,0.028762,178.0,Kenya,KEN,KEN,20210221
0.400072,0.024333,0.399015,0.024344,406.0,Malaysia,MYS,MYS,20210221
0.257381,0.008872,0.258819,0.008856,2438.0,Mexico,MEX,MEX,20210221
0.342594,0.041388,0.273504,0.044063,117.0,Nepal,NPL,NPL,20210221
0.274145,0.018302,0.260417,0.018603,576.0,Netherlands,NLD,NLD,20210221
0.2571,0.025612,0.265101,0.025359,298.0,New Zealand,NZL,NZL,20210221
0.146431,0.023626,0.171875,0.022139,256.0,Nigeria,NGA,NGA,20210221
0.239253,0.023191,0.198653,0.024797,297.0,Norway,NOR,NOR,20210221
0.24272,0.026174,0.214575,0.027335,247.0,Pakistan,PAK,PAK,20210221
0.236788,0.036539,0.256944,0.03555,144.0,Paraguay,PRY,PRY,20210221
0.322025,0.019703,0.322695,0.019692,564.0,Peru,PER,PER,20210221
0.351063,0.015824,0.351262,0.015822,911.0,Philippines,PHL,PHL,20210221
0.373009,0.018291,0.355685,0.018478,686.0,Poland,POL,POL,20210221
0.229339,0.016098,0.232221,0.016028,689.0,Portugal,PRT,PRT,20210221
0.232762,0.036378,0.225564,0.036782,133.0,"Puerto Rico, U.S.",PRI,PRI,20210221
0.190419,0.018746,0.202174,0.018326,460.0,Romania,ROU,ROU,20210221
0.183865,0.012587,0.158768,0.013342,844.0,Russia,RUS,RUS,20210221
0.358983,0.037681,0.335443,0.038284,158.0,Saudi Arabia,SAU,SAU,20210221
0.221004,0.026831,0.200893,0.027785,224.0,Serbia,SRB,SRB,20210221
0.311199,0.028661,0.32963,0.028229,270.0,Slovakia,SVK,SVK,20210221
0.271441,0.042857,0.257143,0.043607,105.0,Slovenia,SVN,SVN,20210221
0.313478,0.020824,0.309717,0.020893,494.0,South Africa,ZAF,ZAF,20210221
0.347655,0.02641,0.325949,0.026832,316.0,South Korea,KOR,KOR,20210221
0.268075,0.015022,0.288694,0.014684,911.0,Spain,ESP,ESP,20210221
0.254039,0.015867,0.243169,0.016101,732.0,Sweden,SWE,SWE,20210221
0.282931,0.025284,0.270968,0.025624,310.0,Switzerland,CHE,CHE,20210221
0.396928,0.013345,0.412628,0.013262,1362.0,Taiwan,TWN,TWN,20210221
0.346437,0.016719,0.354878,0.016627,820.0,Thailand,THA,THA,20210221
0.438349,0.03656,0.378531,0.037401,177.0,Tunisia,TUN,TUN,20210221
0.398349,0.017036,0.394417,0.017065,824.0,Turkey,TUR,TUR,20210221
0.191541,0.0125,0.204981,0.012185,1044.0,Ukraine,UKR,UKR,20210221
0.203678,0.016473,0.205638,0.016414,603.0,United Kingdom,GBR,GBR,20210221
0.274122,0.028437,0.306818,0.027506,264.0,Uruguay,URY,URY,20210221
0.321455,0.024345,0.302521,0.024753,357.0,Venezuela,VEN,VEN,20210221
0.292615,0.01181,0.34404,0.011311,1619.0,Vietnam,VNM,VNM,20210221
0.347201,0.030971,0.279621,0.032853,211.0,Algeria,DZA,DZA,20210222
0.239918,0.012193,0.233831,0.012302,1206.0,Argentina,ARG,ARG,20210222
0.239373,0.019196,0.255319,0.018784,517.0,Australia,AUS,AUS,20210222
0.272832,0.024471,0.254717,0.025017,318.0,Austria,AUT,AUT,20210222
0.288863,0.034196,0.281609,0.034459,174.0,Bangladesh,BGD,BGD,20210222
0.287993,0.036231,0.306748,0.035578,163.0,Belarus,BLR,BLR,20210222
0.319672,0.025468,0.326471,0.025329,340.0,Belgium,BEL,BEL,20210222
0.320073,0.028282,0.359862,0.027489,289.0,Bolivia,BOL,BOL,20210222
0.259112,0.007501,0.264178,0.007454,3456.0,Brazil,BRA,BRA,20210222
0.181055,0.023156,0.207792,0.021977,308.0,Bulgaria,BGR,BGR,20210222
0.26598,0.01472,0.255125,0.01492,878.0,Canada,CAN,CAN,20210222
0.295552,0.022425,0.308235,0.022159,425.0,Chile,CHL,CHL,20210222
0.303854,0.015231,0.310606,0.015138,924.0,Colombia,COL,COL,20210222
0.362601,0.037046,0.286667,0.039385,150.0,Costa Rica,CRI,CRI,20210222
0.260525,0.035232,0.273292,0.0347,161.0,Croatia,HRV,HRV,20210222
0.351138,0.019179,0.345779,0.019248,616.0,Czech Republic,CZE,CZE,20210222
0.205342,0.02736,0.218341,0.026752,229.0,Denmark,DNK,DNK,20210222
0.275713,0.037941,0.304054,0.036857,148.0,Dominican Republic,DOM,DOM,20210222
0.312896,0.020192,0.330882,0.019898,544.0,Ecuador,ECU,ECU,20210222
0.362499,0.019718,0.37686,0.01956,605.0,Egypt,EGY,EGY,20210222
0.299984,0.031353,0.262626,0.032649,198.0,El Salvador,SLV,SLV,20210222
0.162869,0.040582,0.207921,0.036925,101.0,Finland,FIN,FIN,20210222
0.379889,0.009772,0.384429,0.00975,2479.0,France,FRA,FRA,20210222
0.205236,0.009267,0.213006,0.009141,1953.0,Germany,DEU,DEU,20210222
0.342998,0.038597,0.319728,0.039287,147.0,Ghana,GHA,GHA,20210222
0.253915,0.022889,0.268617,0.022476,376.0,Greece,GRC,GRC,20210222
0.413933,0.036952,0.388571,0.037339,175.0,Guatemala,GTM,GTM,20210222
0.294942,0.039629,0.330986,0.038404,142.0,Honduras,HND,HND,20210222
0.381146,0.045077,0.421488,0.044335,121.0,Hong Kong,HKG,HKG,20210222
0.327638,0.01698,0.321004,0.01707,757.0,Hungary,HUN,HUN,20210222
0.205243,0.009668,0.20871,0.009608,1768.0,India,IND,IND,20210222
0.260718,0.015528,0.298851,0.014893,870.0,Indonesia,IDN,IDN,20210222
0.290482,0.024028,0.290503,0.024027,358.0,Iraq,IRQ,IRQ,20210222
0.168359,0.033472,0.180451,0.032569,133.0,Ireland,IRL,IRL,20210222
0.33174,0.046482,0.31,0.047321,100.0,Israel,ISR,ISR,20210222
0.244214,0.011385,0.257453,0.011186,1476.0,Italy,ITA,ITA,20210222
0.224576,0.005745,0.214454,0.005841,5106.0,Japan,JPN,JPN,20210222
0.313177,0.031039,0.3125,0.031057,224.0,Jordan,JOR,JOR,20210222
0.155028,0.031722,0.140496,0.03304,121.0,Kazakhstan,KAZ,KAZ,20210222
0.176374,0.028379,0.205882,0.026751,204.0,Kenya,KEN,KEN,20210222
0.374579,0.044763,0.277228,0.048401,101.0,Libya,LBY,LBY,20210222
0.378549,0.024631,0.356201,0.024947,379.0,Malaysia,MYS,MYS,20210222
0.279655,0.008855,0.274872,0.008902,2543.0,Mexico,MEX,MEX,20210222
0.420907,0.044643,0.330357,0.04686,112.0,Morocco,MAR,MAR,20210222
0.343497,0.038352,0.210526,0.044673,114.0,Nepal,NPL,NPL,20210222
0.276092,0.018314,0.281457,0.018206,604.0,Netherlands,NLD,NLD,20210222
0.285777,0.026245,0.262411,0.026951,282.0,New Zealand,NZL,NZL,20210222
0.240505,0.02303,0.169173,0.026254,266.0,Nigeria,NGA,NGA,20210222
0.239159,0.023079,0.191781,0.025006,292.0,Norway,NOR,NOR,20210222
0.141344,0.026641,0.219008,0.022441,242.0,Pakistan,PAK,PAK,20210222
0.287654,0.043519,0.25,0.045495,100.0,Panama,PAN,PAN,20210222
0.349983,0.040491,0.325926,0.041203,135.0,Paraguay,PRY,PRY,20210222
0.351546,0.018405,0.359765,0.018309,681.0,Peru,PER,PER,20210222
0.336881,0.015338,0.357216,0.015129,977.0,Philippines,PHL,PHL,20210222
0.343623,0.018343,0.365217,0.018093,690.0,Poland,POL,POL,20210222
0.244488,0.018609,0.241509,0.018686,530.0,Portugal,PRT,PRT,20210222
0.242987,0.03454,0.24026,0.034673,154.0,"Puerto Rico, U.S.",PRI,PRI,20210222
0.234595,0.019968,0.237363,0.019887,455.0,Romania,ROU,ROU,20210222
0.192067,0.01271,0.163121,0.013551,846.0,Russia,RUS,RUS,20210222
0.358154,0.035441,0.267516,0.038387,157.0,Saudi Arabia,SAU,SAU,20210222
0.198678,0.028872,0.212871,0.028144,202.0,Serbia,SRB,SRB,20210222
0.29326,0.028334,0.283465,0.028622,254.0,Slovakia,SVK,SVK,20210222
0.247136,0.021429,0.276888,0.020658,437.0,South Africa,ZAF,ZAF,20210222
0.232749,0.02492,0.289157,0.023227,332.0,South Korea,KOR,KOR,20210222
0.271809,0.014693,0.268132,0.014756,910.0,Spain,ESP,ESP,20210222
0.412961,0.047587,0.346535,0.049237,101.0,Sudan,SDN,SDN,20210222
0.254152,0.016059,0.234957,0.016491,698.0,Sweden,SWE,SWE,20210222
0.281728,0.025343,0.281646,0.025346,316.0,Switzerland,CHE,CHE,20210222
0.393011,0.013973,0.424121,0.013809,1252.0,Taiwan,TWN,TWN,20210222
0.360057,0.017596,0.390909,0.01731,770.0,Thailand,THA,THA,20210222
0.419348,0.035303,0.390625,0.035705,192.0,Tunisia,TUN,TUN,20210222
0.421493,0.018096,0.420134,0.018104,745.0,Turkey,TUR,TUR,20210222
0.224309,0.013082,0.230991,0.012947,1039.0,Ukraine,UKR,UKR,20210222
0.160274,0.016423,0.180328,0.015671,549.0,United Kingdom,GBR,GBR,20210222
0.242066,0.025721,0.264407,0.024981,295.0,Uruguay,URY,URY,20210222
0.33214,0.024249,0.352185,0.02391,389.0,Venezuela,VEN,VEN,20210222
0.320961,0.012232,0.353826,0.011943,1529.0,Vietnam,VNM,VNM,20210222
0.351938,0.027824,0.272374,0.029848,257.0,Algeria,DZA,DZA,20210223
0.236652,0.012406,0.219731,0.012734,1115.0,Argentina,ARG,ARG,20210223
0.270351,0.018275,0.264151,0.01841,583.0,Australia,AUS,AUS,20210223
0.211945,0.023538,0.202055,0.023958,292.0,Austria,AUT,AUT,20210223
0.285921,0.035295,0.289157,0.035177,166.0,Bangladesh,BGD,BGD,20210223
0.19811,0.035045,0.248366,0.032329,153.0,Belarus,BLR,BLR,20210223
0.398236,0.027237,0.398148,0.027238,324.0,Belgium,BEL,BEL,20210223
0.280277,0.027954,0.318996,0.026937,279.0,Bolivia,BOL,BOL,20210223
0.260245,0.007588,0.268464,0.007513,3412.0,Brazil,BRA,BRA,20210223
0.214908,0.024386,0.222603,0.024079,292.0,Bulgaria,BGR,BGR,20210223
0.259956,0.014997,0.274266,0.014744,886.0,Canada,CAN,CAN,20210223
0.249047,0.02171,0.25495,0.021542,404.0,Chile,CHL,CHL,20210223
0.333328,0.016084,0.34289,0.015973,872.0,Colombia,COL,COL,20210223
0.259168,0.03697,0.238806,0.037995,134.0,Costa Rica,CRI,CRI,20210223
0.208065,0.032251,0.218182,0.031697,165.0,Croatia,HRV,HRV,20210223
0.322782,0.018977,0.336554,0.018777,621.0,Czech Republic,CZE,CZE,20210223
0.222419,0.027047,0.217949,0.027245,234.0,Denmark,DNK,DNK,20210223
0.520303,0.042497,0.449275,0.042683,138.0,Dominican Republic,DOM,DOM,20210223
0.365387,0.021222,0.37428,0.021117,521.0,Ecuador,ECU,ECU,20210223
0.341657,0.019052,0.359055,0.018835,635.0,Egypt,EGY,EGY,20210223
0.147636,0.028743,0.20603,0.02521,199.0,El Salvador,SLV,SLV,20210223
0.373366,0.009833,0.37931,0.009802,2436.0,France,FRA,FRA,20210223
0.219938,0.009537,0.233891,0.009332,1971.0,Germany,DEU,DEU,20210223
0.346314,0.04091,0.350365,0.040799,137.0,Ghana,GHA,GHA,20210223
0.265349,0.023309,0.291339,0.022649,381.0,Greece,GRC,GRC,20210223
0.304563,0.03358,0.34,0.032624,200.0,Guatemala,GTM,GTM,20210223
0.354042,0.044709,0.409836,0.043475,122.0,Honduras,HND,HND,20210223
0.396866,0.046375,0.448276,0.045623,116.0,Hong Kong,HKG,HKG,20210223
0.324999,0.016462,0.303457,0.01677,781.0,Hungary,HUN,HUN,20210223
0.167961,0.009448,0.202322,0.008792,1809.0,India,IND,IND,20210223
0.308364,0.015605,0.31101,0.015568,881.0,Indonesia,IDN,IDN,20210223
0.297818,0.023517,0.296296,0.023552,378.0,Iraq,IRQ,IRQ,20210223
0.222245,0.033842,0.230769,0.033394,156.0,Ireland,IRL,IRL,20210223
0.256366,0.011559,0.271438,0.01135,1481.0,Italy,ITA,ITA,20210223
0.231272,0.006034,0.216524,0.006177,4660.0,Japan,JPN,JPN,20210223
0.274939,0.031575,0.286408,0.031184,206.0,Jordan,JOR,JOR,20210223
0.191268,0.032934,0.197279,0.03255,147.0,Kazakhstan,KAZ,KAZ,20210223
0.213917,0.029655,0.210526,0.029828,190.0,Kenya,KEN,KEN,20210223
0.385859,0.025123,0.39314,0.025038,379.0,Malaysia,MYS,MYS,20210223
0.268161,0.008765,0.271916,0.008727,2578.0,Mexico,MEX,MEX,20210223
0.391147,0.04464,0.288462,0.048085,104.0,Morocco,MAR,MAR,20210223
0.208248,0.04014,0.227273,0.038893,110.0,Nepal,NPL,NPL,20210223
0.256261,0.017435,0.230769,0.018065,585.0,Netherlands,NLD,NLD,20210223
0.261007,0.024062,0.273256,0.023714,344.0,New Zealand,NZL,NZL,20210223
0.34739,0.046907,0.333333,0.047378,102.0,Nicaragua,NIC,NIC,20210223
0.224151,0.024556,0.203704,0.025426,270.0,Nigeria,NGA,NGA,20210223
0.286317,0.025649,0.259386,0.026454,293.0,Norway,NOR,NOR,20210223
0.248312,0.024855,0.2,0.026845,260.0,Pakistan,PAK,PAK,20210223
0.327904,0.035118,0.245033,0.03833,151.0,Paraguay,PRY,PRY,20210223
0.321493,0.018526,0.35479,0.018084,668.0,Peru,PER,PER,20210223
0.327708,0.015411,0.343849,0.015229,951.0,Philippines,PHL,PHL,20210223
0.358856,0.018343,0.370317,0.018221,694.0,Poland,POL,POL,20210223
0.236712,0.018444,0.244485,0.018241,544.0,Portugal,PRT,PRT,20210223
0.36518,0.039763,0.308824,0.041439,136.0,"Puerto Rico, U.S.",PRI,PRI,20210223
0.21523,0.01964,0.226374,0.019288,455.0,Romania,ROU,ROU,20210223
0.164882,0.012203,0.164502,0.012214,924.0,Russia,RUS,RUS,20210223
0.209631,0.035118,0.245033,0.033235,151.0,Saudi Arabia,SAU,SAU,20210223
0.252133,0.027037,0.220339,0.028326,236.0,Serbia,SRB,SRB,20210223
0.239942,0.026679,0.238281,0.026743,256.0,Slovakia,SVK,SVK,20210223
0.339225,0.045884,0.32381,0.046425,105.0,Slovenia,SVN,SVN,20210223
0.263186,0.020582,0.290984,0.019955,488.0,South Africa,ZAF,ZAF,20210223
0.251851,0.026172,0.289037,0.025061,301.0,South Korea,KOR,KOR,20210223
0.265396,0.015341,0.276995,0.015136,852.0,Spain,ESP,ESP,20210223
0.233509,0.01591,0.23488,0.015877,711.0,Sweden,SWE,SWE,20210223
0.238606,0.023334,0.252874,0.022881,348.0,Switzerland,CHE,CHE,20210223
0.378735,0.013702,0.431957,0.013417,1308.0,Taiwan,TWN,TWN,20210223
0.388847,0.01714,0.391626,0.017118,812.0,Thailand,THA,THA,20210223
0.460942,0.040108,0.474359,0.040038,156.0,Tunisia,TUN,TUN,20210223
0.417971,0.017367,0.411692,0.017406,804.0,Turkey,TUR,TUR,20210223
0.204718,0.012726,0.224186,0.012312,1075.0,Ukraine,UKR,UKR,20210223
0.216329,0.018226,0.204082,0.01862,490.0,United Kingdom,GBR,GBR,20210223
0.243594,0.025456,0.250859,0.025206,291.0,Uruguay,URY,URY,20210223
0.307571,0.022831,0.283887,0.023368,391.0,Venezuela,VEN,VEN,20210223
0.2925,0.012865,0.350291,0.012268,1376.0,Vietnam,VNM,VNM,20210223
