pct_hes_other,hes_other_se,pct_hes_other_unw,hes_other_se_unw,sample_size,country,iso_code,gid_0,survey_date
0.066591,0.018205,0.087137,0.016093,241.0,Algeria,DZA,DZA,20210206
0.083709,0.008837,0.089251,0.008584,1042.0,Argentina,ARG,ARG,20210206
0.118122,0.013239,0.118729,0.013209,598.0,Australia,AUS,AUS,20210206
0.123014,0.020285,0.104803,0.021752,229.0,Austria,AUT,AUT,20210206
0.06596,0.023253,0.121212,0.017684,198.0,Bangladesh,BGD,BGD,20210206
0.10346,0.026154,0.102941,0.026212,136.0,Belarus,BLR,BLR,20210206
0.117735,0.019241,0.115523,0.0194,277.0,Belgium,BEL,BEL,20210206
0.059496,0.013602,0.059406,0.013612,303.0,Bolivia,BOL,BOL,20210206
0.098917,0.005816,0.098976,0.005815,2637.0,Brazil,BRA,BRA,20210206
0.136979,0.021643,0.135458,0.021745,251.0,Bulgaria,BGR,BGR,20210206
0.148919,0.012869,0.150968,0.012796,775.0,Canada,CAN,CAN,20210206
0.068549,0.013994,0.095238,0.012046,441.0,Chile,CHL,CHL,20210206
0.067357,0.007988,0.068205,0.007942,997.0,Colombia,COL,COL,20210206
0.107333,0.029868,0.09901,0.030954,101.0,Costa Rica,CRI,CRI,20210206
0.190389,0.033047,0.190141,0.033064,142.0,Croatia,HRV,HRV,20210206
0.136663,0.01575,0.133047,0.015929,466.0,Czech Republic,CZE,CZE,20210206
0.115023,0.024647,0.129032,0.023457,186.0,Denmark,DNK,DNK,20210206
0.123074,0.024879,0.10828,0.026303,157.0,Dominican Republic,DOM,DOM,20210206
0.066653,0.013186,0.075,0.012487,400.0,Ecuador,ECU,ECU,20210206
0.073317,0.010595,0.06379,0.011301,533.0,Egypt,EGY,EGY,20210206
0.077093,0.020455,0.079545,0.020164,176.0,El Salvador,SLV,SLV,20210206
0.082746,0.005967,0.082629,0.005971,2130.0,France,FRA,FRA,20210206
0.116556,0.007648,0.11025,0.007836,1678.0,Germany,DEU,DEU,20210206
0.133201,0.024733,0.100671,0.027931,149.0,Ghana,GHA,GHA,20210206
0.088715,0.013746,0.081013,0.014324,395.0,Greece,GRC,GRC,20210206
0.045188,0.017526,0.053892,0.016122,167.0,Guatemala,GTM,GTM,20210206
0.040314,0.015852,0.035971,0.016744,139.0,Honduras,HND,HND,20210206
0.080555,0.024236,0.070796,0.025716,113.0,Hong Kong,HKG,HKG,20210206
0.171592,0.016693,0.176245,0.016518,522.0,Hungary,HUN,HUN,20210206
0.115092,0.008222,0.110577,0.008366,1456.0,India,IND,IND,20210206
0.151067,0.01251,0.156398,0.012334,844.0,Indonesia,IDN,IDN,20210206
0.114447,0.018683,0.106227,0.019303,273.0,Iraq,IRQ,IRQ,20210206
0.114812,0.026864,0.097561,0.028862,123.0,Ireland,IRL,IRL,20210206
0.246879,0.036443,0.23913,0.03684,138.0,Israel,ISR,ISR,20210206
0.099027,0.008779,0.106245,0.00851,1233.0,Italy,ITA,ITA,20210206
0.069748,0.003373,0.068935,0.003391,5643.0,Japan,JPN,JPN,20210206
0.072778,0.02513,0.094891,0.022275,137.0,Jordan,JOR,JOR,20210206
0.113953,0.030378,0.12069,0.029631,116.0,Kazakhstan,KAZ,KAZ,20210206
0.105217,0.019709,0.067485,0.024107,163.0,Kenya,KEN,KEN,20210206
0.049469,0.022393,0.06087,0.020309,115.0,Lebanon,LBN,LBN,20210206
0.099294,0.014062,0.085642,0.015028,397.0,Malaysia,MYS,MYS,20210206
0.060391,0.004418,0.052528,0.004717,2551.0,Mexico,MEX,MEX,20210206
0.047418,0.027266,0.08,0.02136,100.0,Morocco,MAR,MAR,20210206
0.118751,0.02887,0.105263,0.030432,114.0,Nepal,NPL,NPL,20210206
0.151227,0.017279,0.157303,0.017003,445.0,Netherlands,NLD,NLD,20210206
0.076183,0.017658,0.075556,0.017725,225.0,New Zealand,NZL,NZL,20210206
0.10552,0.018642,0.107914,0.018459,278.0,Nigeria,NGA,NGA,20210206
0.097859,0.019837,0.111111,0.018754,252.0,Norway,NOR,NOR,20210206
0.064345,0.018088,0.067358,0.017708,193.0,Pakistan,PAK,PAK,20210206
0.132829,0.026452,0.091667,0.031112,120.0,Paraguay,PRY,PRY,20210206
0.07961,0.01068,0.084195,0.010411,677.0,Peru,PER,PER,20210206
0.089336,0.010105,0.088496,0.010148,791.0,Philippines,PHL,PHL,20210206
0.100226,0.013588,0.10338,0.013403,503.0,Poland,POL,POL,20210206
0.084539,0.010896,0.075085,0.011502,586.0,Portugal,PRT,PRT,20210206
0.130637,0.03224,0.147541,0.030637,122.0,"Puerto Rico, U.S.",PRI,PRI,20210206
0.151562,0.017292,0.147268,0.017498,421.0,Romania,ROU,ROU,20210206
0.159628,0.013557,0.182266,0.012861,812.0,Russia,RUS,RUS,20210206
0.084425,0.015694,0.048128,0.020386,187.0,Saudi Arabia,SAU,SAU,20210206
0.12945,0.023029,0.137778,0.02243,225.0,Serbia,SRB,SRB,20210206
0.125373,0.021376,0.105769,0.023016,208.0,Slovakia,SVK,SVK,20210206
0.08987,0.028762,0.09,0.028744,100.0,Slovenia,SVN,SVN,20210206
0.113147,0.015909,0.109091,0.016165,385.0,South Africa,ZAF,ZAF,20210206
0.055121,0.009392,0.031609,0.012251,348.0,South Korea,KOR,KOR,20210206
0.086811,0.009158,0.088935,0.009059,967.0,Spain,ESP,ESP,20210206
0.112143,0.01221,0.10306,0.012673,621.0,Sweden,SWE,SWE,20210206
0.089118,0.016128,0.092593,0.015853,324.0,Switzerland,CHE,CHE,20210206
0.032017,0.005252,0.035045,0.005028,1227.0,Taiwan,TWN,TWN,20210206
0.061368,0.009152,0.074879,0.008346,828.0,Thailand,THA,THA,20210206
0.056351,0.016496,0.053476,0.016908,187.0,Tunisia,TUN,TUN,20210206
0.089891,0.009597,0.080645,0.010081,806.0,Turkey,TUR,TUR,20210206
0.113312,0.010479,0.114595,0.010428,925.0,Ukraine,UKR,UKR,20210206
0.137645,0.014464,0.12758,0.014937,533.0,United Kingdom,GBR,GBR,20210206
0.069487,0.016354,0.07393,0.015893,257.0,Uruguay,URY,URY,20210206
0.101813,0.017468,0.123596,0.01605,356.0,Venezuela,VEN,VEN,20210206
0.086289,0.007734,0.093286,0.007467,1415.0,Vietnam,VNM,VNM,20210206
0.107249,0.021001,0.120332,0.019974,241.0,Algeria,DZA,DZA,20210207
0.071596,0.008169,0.079855,0.00777,1102.0,Argentina,ARG,ARG,20210207
0.100063,0.011514,0.086811,0.012271,599.0,Australia,AUS,AUS,20210207
0.117275,0.01794,0.101754,0.019092,285.0,Austria,AUT,AUT,20210207
0.116293,0.020765,0.116667,0.020736,240.0,Bangladesh,BGD,BGD,20210207
0.074852,0.021576,0.087209,0.020124,172.0,Belarus,BLR,BLR,20210207
0.09344,0.017187,0.09901,0.016748,303.0,Belgium,BEL,BEL,20210207
0.067615,0.015214,0.068592,0.015113,277.0,Bolivia,BOL,BOL,20210207
0.096744,0.005823,0.096661,0.005825,2576.0,Brazil,BRA,BRA,20210207
0.13339,0.020522,0.147157,0.019695,299.0,Bulgaria,BGR,BGR,20210207
0.138425,0.011807,0.144944,0.011583,890.0,Canada,CAN,CAN,20210207
0.084964,0.013362,0.087248,0.013203,447.0,Chile,CHL,CHL,20210207
0.084807,0.008009,0.066804,0.008936,973.0,Colombia,COL,COL,20210207
0.119061,0.024583,0.106918,0.025765,159.0,Croatia,HRV,HRV,20210207
0.098765,0.014225,0.102845,0.013971,457.0,Czech Republic,CZE,CZE,20210207
0.092736,0.020687,0.094527,0.02051,201.0,Denmark,DNK,DNK,20210207
0.085707,0.022818,0.089172,0.022412,157.0,Dominican Republic,DOM,DOM,20210207
0.060218,0.01164,0.056122,0.012031,392.0,Ecuador,ECU,ECU,20210207
0.06173,0.011582,0.069959,0.010928,486.0,Egypt,EGY,EGY,20210207
0.040265,0.013632,0.036649,0.014261,191.0,El Salvador,SLV,SLV,20210207
0.071477,0.005444,0.073962,0.005359,2312.0,France,FRA,FRA,20210207
0.113765,0.007614,0.112847,0.007641,1728.0,Germany,DEU,DEU,20210207
0.091463,0.025619,0.100719,0.024539,139.0,Ghana,GHA,GHA,20210207
0.072621,0.013196,0.076355,0.012895,406.0,Greece,GRC,GRC,20210207
0.069928,0.022065,0.075862,0.021252,145.0,Guatemala,GTM,GTM,20210207
0.089392,0.022544,0.08805,0.022698,159.0,Honduras,HND,HND,20210207
0.089507,0.026612,0.087719,0.026855,114.0,Hong Kong,HKG,HKG,20210207
0.153642,0.014819,0.159016,0.014612,610.0,Hungary,HUN,HUN,20210207
0.108184,0.008443,0.109158,0.00841,1365.0,India,IND,IND,20210207
0.144446,0.012022,0.136196,0.012322,815.0,Indonesia,IDN,IDN,20210207
0.058997,0.014331,0.050847,0.01537,236.0,Iraq,IRQ,IRQ,20210207
0.099888,0.027729,0.113636,0.026198,132.0,Ireland,IRL,IRL,20210207
0.178364,0.032917,0.172932,0.03332,133.0,Israel,ISR,ISR,20210207
0.104243,0.00811,0.097688,0.008348,1341.0,Italy,ITA,ITA,20210207
0.079392,0.003648,0.073166,0.003787,5098.0,Japan,JPN,JPN,20210207
0.104117,0.025775,0.108844,0.025276,147.0,Jordan,JOR,JOR,20210207
0.112425,0.030649,0.11215,0.030682,107.0,Kazakhstan,KAZ,KAZ,20210207
0.10174,0.024014,0.104294,0.023751,163.0,Kenya,KEN,KEN,20210207
0.123157,0.02887,0.105263,0.030914,114.0,Lebanon,LBN,LBN,20210207
0.088421,0.01508,0.094987,0.014603,379.0,Malaysia,MYS,MYS,20210207
0.069524,0.00493,0.063192,0.005153,2437.0,Mexico,MEX,MEX,20210207
0.087341,0.024017,0.065421,0.027423,107.0,Nepal,NPL,NPL,20210207
0.171864,0.018271,0.168646,0.018409,421.0,Netherlands,NLD,NLD,20210207
0.085786,0.016746,0.079848,0.017301,263.0,New Zealand,NZL,NZL,20210207
0.113812,0.018032,0.104167,0.018746,288.0,Nigeria,NGA,NGA,20210207
0.070183,0.015313,0.070922,0.015239,282.0,Norway,NOR,NOR,20210207
0.091331,0.020765,0.116667,0.018634,240.0,Pakistan,PAK,PAK,20210207
0.083977,0.023636,0.077519,0.024515,129.0,Paraguay,PRY,PRY,20210207
0.093762,0.010037,0.072917,0.011253,672.0,Peru,PER,PER,20210207
0.081547,0.009333,0.075776,0.009652,805.0,Philippines,PHL,PHL,20210207
0.098633,0.011849,0.093904,0.012112,607.0,Poland,POL,POL,20210207
0.050223,0.008278,0.045597,0.008667,636.0,Portugal,PRT,PRT,20210207
0.158952,0.030688,0.152174,0.031238,138.0,"Puerto Rico, U.S.",PRI,PRI,20210207
0.138986,0.016607,0.124051,0.017428,395.0,Romania,ROU,ROU,20210207
0.183812,0.013914,0.203106,0.013396,837.0,Russia,RUS,RUS,20210207
0.106743,0.026629,0.112676,0.026005,142.0,Saudi Arabia,SAU,SAU,20210207
0.155314,0.025521,0.142857,0.026416,189.0,Serbia,SRB,SRB,20210207
0.10663,0.019355,0.09292,0.020576,226.0,Slovakia,SVK,SVK,20210207
0.068627,0.012999,0.078886,0.012192,431.0,South Africa,ZAF,ZAF,20210207
0.027357,0.009667,0.027682,0.009612,289.0,South Korea,KOR,KOR,20210207
0.085455,0.009139,0.095053,0.008711,1031.0,Spain,ESP,ESP,20210207
0.116004,0.011398,0.101983,0.012061,706.0,Sweden,SWE,SWE,20210207
0.139068,0.017272,0.108025,0.019253,324.0,Switzerland,CHE,CHE,20210207
0.033111,0.004774,0.027801,0.005196,1187.0,Taiwan,TWN,TWN,20210207
0.065988,0.008484,0.059949,0.008872,784.0,Thailand,THA,THA,20210207
0.027954,0.010752,0.028807,0.010596,243.0,Tunisia,TUN,TUN,20210207
0.116633,0.01131,0.113232,0.011456,786.0,Turkey,TUR,TUR,20210207
0.073783,0.009053,0.085684,0.008455,957.0,Ukraine,UKR,UKR,20210207
0.127854,0.013741,0.12543,0.013854,582.0,United Kingdom,GBR,GBR,20210207
0.086844,0.018957,0.097561,0.017991,246.0,Uruguay,URY,URY,20210207
0.102118,0.016505,0.102941,0.016446,340.0,Venezuela,VEN,VEN,20210207
0.08118,0.008032,0.095911,0.00745,1345.0,Vietnam,VNM,VNM,20210207
0.095131,0.020799,0.107623,0.019691,223.0,Algeria,DZA,DZA,20210208
0.100066,0.008356,0.094108,0.008588,1222.0,Argentina,ARG,ARG,20210208
0.129924,0.013232,0.111307,0.014145,566.0,Australia,AUS,AUS,20210208
0.10212,0.019351,0.110266,0.018707,263.0,Austria,AUT,AUT,20210208
0.065862,0.019274,0.092511,0.016499,227.0,Bangladesh,BGD,BGD,20210208
0.144412,0.026806,0.113475,0.029708,141.0,Belarus,BLR,BLR,20210208
0.102122,0.017571,0.101351,0.01763,296.0,Belgium,BEL,BEL,20210208
0.086172,0.013516,0.059016,0.016095,305.0,Bolivia,BOL,BOL,20210208
0.089094,0.00535,0.085943,0.005437,2746.0,Brazil,BRA,BRA,20210208
0.143398,0.019522,0.125,0.020688,288.0,Bulgaria,BGR,BGR,20210208
0.105829,0.011597,0.119078,0.011015,781.0,Canada,CAN,CAN,20210208
0.114447,0.015149,0.117257,0.014991,452.0,Chile,CHL,CHL,20210208
0.070836,0.008138,0.073171,0.008017,1025.0,Colombia,COL,COL,20210208
0.074868,0.031198,0.114286,0.025807,105.0,Costa Rica,CRI,CRI,20210208
0.166093,0.029709,0.150685,0.030907,146.0,Croatia,HRV,HRV,20210208
0.100102,0.015051,0.112867,0.014276,443.0,Czech Republic,CZE,CZE,20210208
0.127179,0.023299,0.126829,0.023327,205.0,Denmark,DNK,DNK,20210208
0.139054,0.026457,0.119205,0.028251,151.0,Dominican Republic,DOM,DOM,20210208
0.055414,0.010988,0.054118,0.011111,425.0,Ecuador,ECU,ECU,20210208
0.044595,0.010714,0.060484,0.009278,496.0,Egypt,EGY,EGY,20210208
0.081047,0.012922,0.032086,0.020011,187.0,El Salvador,SLV,SLV,20210208
0.089348,0.0059,0.083105,0.006097,2190.0,France,FRA,FRA,20210208
0.098044,0.007487,0.102078,0.007354,1636.0,Germany,DEU,DEU,20210208
0.079591,0.022212,0.093023,0.020698,172.0,Ghana,GHA,GHA,20210208
0.10825,0.01394,0.083544,0.015653,395.0,Greece,GRC,GRC,20210208
0.073606,0.015852,0.035971,0.022229,139.0,Guatemala,GTM,GTM,20210208
0.132408,0.02473,0.107595,0.02705,158.0,Honduras,HND,HND,20210208
0.154337,0.015279,0.163543,0.014924,587.0,Hungary,HUN,HUN,20210208
0.102358,0.008507,0.104408,0.008433,1293.0,India,IND,IND,20210208
0.192078,0.013424,0.183673,0.013657,833.0,Indonesia,IDN,IDN,20210208
0.100207,0.018598,0.095618,0.018991,251.0,Iraq,IRQ,IRQ,20210208
0.065401,0.019688,0.057143,0.02097,140.0,Ireland,IRL,IRL,20210208
0.139492,0.035207,0.157407,0.033493,108.0,Israel,ISR,ISR,20210208
0.121078,0.008674,0.11473,0.008879,1351.0,Italy,ITA,ITA,20210208
0.067717,0.00368,0.068739,0.003655,4728.0,Japan,JPN,JPN,20210208
0.203224,0.032383,0.173913,0.034379,138.0,Jordan,JOR,JOR,20210208
0.139908,0.033489,0.144144,0.033075,111.0,Kazakhstan,KAZ,KAZ,20210208
0.07583,0.023267,0.083916,0.022215,143.0,Kenya,KEN,KEN,20210208
0.105165,0.015683,0.101877,0.015905,373.0,Malaysia,MYS,MYS,20210208
0.075898,0.00484,0.064063,0.005235,2560.0,Mexico,MEX,MEX,20210208
0.07202,0.028489,0.099099,0.024649,111.0,Morocco,MAR,MAR,20210208
0.023172,0.01673,0.033898,0.013909,118.0,Nepal,NPL,NPL,20210208
0.128361,0.015714,0.13843,0.01522,484.0,Netherlands,NLD,NLD,20210208
0.09709,0.018231,0.089431,0.018916,246.0,New Zealand,NZL,NZL,20210208
0.102227,0.020441,0.119048,0.019122,252.0,Nigeria,NGA,NGA,20210208
0.066756,0.015799,0.07326,0.015134,273.0,Norway,NOR,NOR,20210208
0.154675,0.021712,0.12,0.02416,225.0,Pakistan,PAK,PAK,20210208
0.08324,0.019048,0.047619,0.024708,126.0,Paraguay,PRY,PRY,20210208
0.082962,0.01004,0.068146,0.010989,631.0,Peru,PER,PER,20210208
0.085581,0.009196,0.072682,0.009909,798.0,Philippines,PHL,PHL,20210208
0.117308,0.014044,0.119626,0.013925,535.0,Poland,POL,POL,20210208
0.108551,0.011664,0.086207,0.012928,580.0,Portugal,PRT,PRT,20210208
0.091231,0.025214,0.10274,0.023912,146.0,"Puerto Rico, U.S.",PRI,PRI,20210208
0.118805,0.017683,0.126761,0.017197,355.0,Romania,ROU,ROU,20210208
0.177943,0.015073,0.215054,0.014031,744.0,Russia,RUS,RUS,20210208
0.161507,0.024784,0.117647,0.028308,170.0,Saudi Arabia,SAU,SAU,20210208
0.176377,0.026398,0.157068,0.027651,191.0,Serbia,SRB,SRB,20210208
0.134131,0.022097,0.112195,0.02386,205.0,Slovakia,SVK,SVK,20210208
0.09273,0.028735,0.1,0.027782,110.0,Slovenia,SVN,SVN,20210208
0.084086,0.012639,0.081197,0.012842,468.0,South Africa,ZAF,ZAF,20210208
0.043569,0.010413,0.03169,0.012135,284.0,South Korea,KOR,KOR,20210208
0.106238,0.00984,0.100535,0.010083,935.0,Spain,ESP,ESP,20210208
0.076371,0.012441,0.107717,0.010658,622.0,Sweden,SWE,SWE,20210208
0.122057,0.017253,0.10625,0.018328,320.0,Switzerland,CHE,CHE,20210208
0.034406,0.005235,0.030527,0.005546,1081.0,Taiwan,TWN,TWN,20210208
0.045006,0.008285,0.050992,0.007808,706.0,Thailand,THA,THA,20210208
0.036772,0.014598,0.04955,0.01266,222.0,Tunisia,TUN,TUN,20210208
0.084916,0.010918,0.09233,0.010513,704.0,Turkey,TUR,TUR,20210208
0.157751,0.010797,0.121872,0.012031,919.0,Ukraine,UKR,UKR,20210208
0.147324,0.014669,0.139535,0.015004,559.0,United Kingdom,GBR,GBR,20210208
0.080904,0.016333,0.07971,0.016444,276.0,Uruguay,URY,URY,20210208
0.066728,0.014287,0.078652,0.013245,356.0,Venezuela,VEN,VEN,20210208
0.099176,0.007744,0.107143,0.007484,1596.0,Vietnam,VNM,VNM,20210208
0.143592,0.022246,0.135021,0.022827,237.0,Algeria,DZA,DZA,20210209
0.069612,0.007505,0.069565,0.007508,1150.0,Argentina,ARG,ARG,20210209
0.077954,0.012017,0.096186,0.010927,603.0,Australia,AUS,AUS,20210209
0.095023,0.019084,0.100402,0.018621,249.0,Austria,AUT,AUT,20210209
0.115538,0.021457,0.086705,0.024375,173.0,Bangladesh,BGD,BGD,20210209
0.083198,0.025336,0.083333,0.025317,120.0,Belarus,BLR,BLR,20210209
0.117194,0.019499,0.119134,0.019361,277.0,Belgium,BEL,BEL,20210209
0.056414,0.015486,0.077181,0.013388,298.0,Bolivia,BOL,BOL,20210209
0.095858,0.005657,0.093348,0.005724,2646.0,Brazil,BRA,BRA,20210209
0.114079,0.024614,0.158371,0.021433,221.0,Bulgaria,BGR,BGR,20210209
0.131921,0.0117,0.125,0.011972,800.0,Canada,CAN,CAN,20210209
0.099813,0.01491,0.103118,0.014696,417.0,Chile,CHL,CHL,20210209
0.097879,0.008376,0.078998,0.009228,1038.0,Colombia,COL,COL,20210209
0.104242,0.024743,0.081301,0.027665,123.0,Costa Rica,CRI,CRI,20210209
0.104135,0.026467,0.115646,0.025278,147.0,Croatia,HRV,HRV,20210209
0.136219,0.016845,0.14186,0.016561,430.0,Czech Republic,CZE,CZE,20210209
0.077318,0.01895,0.067797,0.020133,177.0,Denmark,DNK,DNK,20210209
0.08071,0.021944,0.078947,0.022167,152.0,Dominican Republic,DOM,DOM,20210209
0.06256,0.011832,0.074747,0.010896,495.0,Ecuador,ECU,ECU,20210209
0.038602,0.01038,0.055441,0.008738,487.0,Egypt,EGY,EGY,20210209
0.081768,0.019143,0.071429,0.020367,182.0,El Salvador,SLV,SLV,20210209
0.084118,0.006004,0.083412,0.006027,2122.0,France,FRA,FRA,20210209
0.102445,0.007982,0.114052,0.007614,1587.0,Germany,DEU,DEU,20210209
0.146168,0.026592,0.108696,0.030182,138.0,Ghana,GHA,GHA,20210209
0.07405,0.012559,0.063492,0.013486,378.0,Greece,GRC,GRC,20210209
0.134155,0.021406,0.092391,0.025194,184.0,Guatemala,GTM,GTM,20210209
0.073958,0.02064,0.074074,0.020625,162.0,Honduras,HND,HND,20210209
0.082352,0.02801,0.097345,0.025976,113.0,Hong Kong,HKG,HKG,20210209
0.132686,0.01515,0.147541,0.014491,549.0,Hungary,HUN,HUN,20210209
0.095854,0.008207,0.103623,0.007928,1380.0,India,IND,IND,20210209
0.166745,0.012949,0.16109,0.013129,807.0,Indonesia,IDN,IDN,20210209
0.0785,0.016172,0.073077,0.016712,260.0,Iraq,IRQ,IRQ,20210209
0.145999,0.025052,0.102041,0.029223,147.0,Ireland,IRL,IRL,20210209
0.231827,0.040197,0.243478,0.039524,115.0,Israel,ISR,ISR,20210209
0.12115,0.008878,0.111816,0.009193,1261.0,Italy,ITA,ITA,20210209
0.073175,0.003818,0.070152,0.003893,4476.0,Japan,JPN,JPN,20210209
0.121428,0.023077,0.1,0.025125,170.0,Jordan,JOR,JOR,20210209
0.106901,0.031457,0.12037,0.029871,108.0,Kazakhstan,KAZ,KAZ,20210209
0.099193,0.023971,0.097403,0.024166,154.0,Kenya,KEN,KEN,20210209
0.114265,0.016136,0.109333,0.01645,375.0,Malaysia,MYS,MYS,20210209
0.069346,0.004667,0.060906,0.004957,2627.0,Mexico,MEX,MEX,20210209
0.108195,0.03015,0.115044,0.029351,113.0,Nepal,NPL,NPL,20210209
0.156284,0.015579,0.143701,0.016127,508.0,Netherlands,NLD,NLD,20210209
0.100581,0.019845,0.097778,0.020096,225.0,New Zealand,NZL,NZL,20210209
0.087193,0.026256,0.076923,0.027798,104.0,Nicaragua,NIC,NIC,20210209
0.119084,0.020453,0.144781,0.018826,297.0,Nigeria,NGA,NGA,20210209
0.062946,0.015451,0.073427,0.014386,286.0,Norway,NOR,NOR,20210209
0.102,0.019189,0.084906,0.020835,212.0,Pakistan,PAK,PAK,20210209
0.072429,0.02639,0.086957,0.024276,115.0,Paraguay,PRY,PRY,20210209
0.114845,0.011087,0.085938,0.012613,640.0,Peru,PER,PER,20210209
0.105331,0.009644,0.079082,0.010971,784.0,Philippines,PHL,PHL,20210209
0.136314,0.014871,0.135593,0.014904,531.0,Poland,POL,POL,20210209
0.069208,0.011027,0.076923,0.010503,585.0,Portugal,PRT,PRT,20210209
0.098165,0.033721,0.140187,0.028899,107.0,"Puerto Rico, U.S.",PRI,PRI,20210209
0.122465,0.014934,0.108295,0.015754,434.0,Romania,ROU,ROU,20210209
0.199056,0.0144,0.202564,0.014306,780.0,Russia,RUS,RUS,20210209
0.123405,0.025795,0.101449,0.0281,138.0,Saudi Arabia,SAU,SAU,20210209
0.199916,0.027768,0.198068,0.027865,207.0,Serbia,SRB,SRB,20210209
0.088407,0.022301,0.1133,0.019974,203.0,Slovakia,SVK,SVK,20210209
0.139471,0.034015,0.141509,0.033809,106.0,Slovenia,SVN,SVN,20210209
0.090018,0.013407,0.086364,0.01366,440.0,South Africa,ZAF,ZAF,20210209
0.060004,0.009549,0.025547,0.014374,274.0,South Korea,KOR,KOR,20210209
0.103091,0.010058,0.100559,0.01017,895.0,Spain,ESP,ESP,20210209
0.104054,0.012093,0.104524,0.012069,641.0,Sweden,SWE,SWE,20210209
0.124639,0.01904,0.119863,0.019363,292.0,Switzerland,CHE,CHE,20210209
0.021305,0.004545,0.023894,0.004297,1130.0,Taiwan,TWN,TWN,20210209
0.05094,0.008897,0.06366,0.008013,754.0,Thailand,THA,THA,20210209
0.059895,0.015693,0.055814,0.016221,215.0,Tunisia,TUN,TUN,20210209
0.111579,0.012684,0.113419,0.012594,626.0,Turkey,TUR,TUR,20210209
0.116118,0.010878,0.116226,0.010874,869.0,Ukraine,UKR,UKR,20210209
0.14468,0.015354,0.148699,0.01518,538.0,United Kingdom,GBR,GBR,20210209
0.091607,0.018042,0.090551,0.018136,254.0,Uruguay,URY,URY,20210209
0.089288,0.015067,0.086207,0.015308,348.0,Venezuela,VEN,VEN,20210209
0.086975,0.007829,0.094488,0.007542,1397.0,Vietnam,VNM,VNM,20210209
0.104473,0.02163,0.114679,0.020764,218.0,Algeria,DZA,DZA,20210210
0.071358,0.008255,0.080734,0.007801,1090.0,Argentina,ARG,ARG,20210210
0.088822,0.0127,0.098182,0.012142,550.0,Australia,AUS,AUS,20210210
0.127781,0.021372,0.131474,0.021114,251.0,Austria,AUT,AUT,20210210
0.183682,0.023664,0.126263,0.027589,198.0,Bangladesh,BGD,BGD,20210210
0.135602,0.027533,0.112782,0.029799,133.0,Belarus,BLR,BLR,20210210
0.106994,0.018393,0.106383,0.01844,282.0,Belgium,BEL,BEL,20210210
0.112032,0.016073,0.090625,0.017659,320.0,Bolivia,BOL,BOL,20210210
0.10502,0.006111,0.101515,0.006204,2443.0,Brazil,BRA,BRA,20210210
0.148306,0.02064,0.136691,0.021354,278.0,Bulgaria,BGR,BGR,20210210
0.154505,0.011664,0.125926,0.012707,810.0,Canada,CAN,CAN,20210210
0.117823,0.016338,0.121891,0.0161,402.0,Chile,CHL,CHL,20210210
0.075555,0.008837,0.082474,0.00849,970.0,Colombia,COL,COL,20210210
0.082659,0.029111,0.106195,0.02602,113.0,Costa Rica,CRI,CRI,20210210
0.174433,0.026694,0.127389,0.030383,157.0,Croatia,HRV,HRV,20210210
0.09799,0.014011,0.102345,0.013743,469.0,Czech Republic,CZE,CZE,20210210
0.151891,0.02496,0.145,0.025443,200.0,Denmark,DNK,DNK,20210210
0.08815,0.022783,0.101695,0.021371,177.0,Dominican Republic,DOM,DOM,20210210
0.10626,0.013982,0.090261,0.015037,421.0,Ecuador,ECU,ECU,20210210
0.10401,0.011289,0.070175,0.013491,513.0,Egypt,EGY,EGY,20210210
0.078204,0.018553,0.069149,0.019634,188.0,El Salvador,SLV,SLV,20210210
0.08973,0.006181,0.088011,0.006235,2102.0,France,FRA,FRA,20210210
0.116745,0.008078,0.120222,0.007976,1622.0,Germany,DEU,DEU,20210210
0.137927,0.027154,0.136646,0.027261,161.0,Ghana,GHA,GHA,20210210
0.067363,0.012669,0.06267,0.013102,367.0,Greece,GRC,GRC,20210210
0.066822,0.020278,0.072727,0.019499,165.0,Guatemala,GTM,GTM,20210210
0.101251,0.026299,0.114865,0.024881,148.0,Honduras,HND,HND,20210210
0.179323,0.034338,0.153153,0.036577,111.0,Hong Kong,HKG,HKG,20210210
0.182771,0.016128,0.188455,0.015938,589.0,Hungary,HUN,HUN,20210210
0.118664,0.008883,0.12092,0.008811,1348.0,India,IND,IND,20210210
0.154134,0.012713,0.159856,0.012526,832.0,Indonesia,IDN,IDN,20210210
0.085865,0.020202,0.104348,0.018514,230.0,Iraq,IRQ,IRQ,20210210
0.12508,0.033214,0.142857,0.031399,112.0,Ireland,IRL,IRL,20210210
0.189894,0.039899,0.214953,0.038095,107.0,Israel,ISR,ISR,20210210
0.113162,0.008649,0.107919,0.00883,1288.0,Italy,ITA,ITA,20210210
0.080656,0.00385,0.0787,0.003894,4892.0,Japan,JPN,JPN,20210210
0.159482,0.026537,0.126582,0.02922,158.0,Jordan,JOR,JOR,20210210
0.053963,0.024017,0.065421,0.021946,107.0,Kazakhstan,KAZ,KAZ,20210210
0.086716,0.020214,0.075581,0.021521,172.0,Kenya,KEN,KEN,20210210
0.059882,0.023638,0.059406,0.023727,101.0,Lebanon,LBN,LBN,20210210
0.091193,0.014649,0.088,0.014886,375.0,Malaysia,MYS,MYS,20210210
0.06256,0.004618,0.060241,0.0047,2656.0,Mexico,MEX,MEX,20210210
0.075177,0.024177,0.079365,0.023584,126.0,Nepal,NPL,NPL,20210210
0.138739,0.015812,0.140496,0.015729,484.0,Netherlands,NLD,NLD,20210210
0.116029,0.020653,0.10917,0.02121,229.0,New Zealand,NZL,NZL,20210210
0.100525,0.017737,0.094891,0.018199,274.0,Nigeria,NGA,NGA,20210210
0.081407,0.016456,0.085911,0.016058,291.0,Norway,NOR,NOR,20210210
0.059932,0.018263,0.070707,0.016911,198.0,Pakistan,PAK,PAK,20210210
0.056751,0.02235,0.069231,0.020371,130.0,Paraguay,PRY,PRY,20210210
0.083938,0.011323,0.084437,0.011292,604.0,Peru,PER,PER,20210210
0.08761,0.009218,0.072864,0.010027,796.0,Philippines,PHL,PHL,20210210
0.124581,0.014532,0.123047,0.014609,512.0,Poland,POL,POL,20210210
0.077096,0.010302,0.06383,0.011242,564.0,Portugal,PRT,PRT,20210210
0.127696,0.030554,0.12605,0.030724,119.0,"Puerto Rico, U.S.",PRI,PRI,20210210
0.092405,0.015353,0.095368,0.015137,367.0,Romania,ROU,ROU,20210210
0.199276,0.014972,0.22179,0.014395,771.0,Russia,RUS,RUS,20210210
0.091497,0.023337,0.10119,0.02231,168.0,Saudi Arabia,SAU,SAU,20210210
0.13193,0.026168,0.134503,0.025955,171.0,Serbia,SRB,SRB,20210210
0.111393,0.024648,0.116959,0.02413,171.0,Slovakia,SVK,SVK,20210210
0.088187,0.01424,0.09201,0.01397,413.0,South Africa,ZAF,ZAF,20210210
0.031567,0.011699,0.043046,0.010078,302.0,South Korea,KOR,KOR,20210210
0.110179,0.010033,0.099099,0.010513,888.0,Spain,ESP,ESP,20210210
0.09206,0.012258,0.1,0.011813,600.0,Sweden,SWE,SWE,20210210
0.113716,0.017373,0.108696,0.017719,322.0,Switzerland,CHE,CHE,20210210
0.019343,0.004188,0.020282,0.004092,1134.0,Taiwan,TWN,TWN,20210210
0.076985,0.01039,0.080292,0.010192,685.0,Thailand,THA,THA,20210210
0.046329,0.016401,0.055838,0.015014,197.0,Tunisia,TUN,TUN,20210210
0.131618,0.012756,0.12,0.013271,650.0,Turkey,TUR,TUR,20210210
0.092563,0.009456,0.091979,0.009483,935.0,Ukraine,UKR,UKR,20210210
0.149122,0.016162,0.14959,0.016141,488.0,United Kingdom,GBR,GBR,20210210
0.094646,0.019304,0.101626,0.018702,246.0,Uruguay,URY,URY,20210210
0.101328,0.016389,0.112601,0.015646,373.0,Venezuela,VEN,VEN,20210210
0.077619,0.007941,0.088785,0.00747,1284.0,Vietnam,VNM,VNM,20210210
0.10909,0.020493,0.093596,0.021935,203.0,Algeria,DZA,DZA,20210211
0.083702,0.008607,0.080758,0.008749,1003.0,Argentina,ARG,ARG,20210211
0.123071,0.014171,0.119772,0.014338,526.0,Australia,AUS,AUS,20210211
0.129458,0.022007,0.142292,0.021148,253.0,Austria,AUT,AUT,20210211
0.12003,0.024645,0.113772,0.025225,167.0,Bangladesh,BGD,BGD,20210211
0.049745,0.019502,0.04878,0.019684,123.0,Belarus,BLR,BLR,20210211
0.142731,0.021059,0.139706,0.021249,272.0,Belgium,BEL,BEL,20210211
0.089381,0.016933,0.086643,0.017173,277.0,Bolivia,BOL,BOL,20210211
0.112488,0.0062,0.105691,0.006372,2460.0,Brazil,BRA,BRA,20210211
0.166493,0.023356,0.165354,0.02342,254.0,Bulgaria,BGR,BGR,20210211
0.124474,0.012349,0.134641,0.011943,765.0,Canada,CAN,CAN,20210211
0.113098,0.016928,0.102484,0.017677,322.0,Chile,CHL,CHL,20210211
0.073889,0.008319,0.066667,0.008725,900.0,Colombia,COL,COL,20210211
0.069323,0.027098,0.094017,0.023584,117.0,Costa Rica,CRI,CRI,20210211
0.206517,0.030741,0.175325,0.032727,154.0,Croatia,HRV,HRV,20210211
0.136007,0.015625,0.137577,0.01555,487.0,Czech Republic,CZE,CZE,20210211
0.088761,0.022728,0.104396,0.021139,182.0,Denmark,DNK,DNK,20210211
0.071589,0.022823,0.098837,0.019715,172.0,Dominican Republic,DOM,DOM,20210211
0.055044,0.011918,0.06015,0.011432,399.0,Ecuador,ECU,ECU,20210211
0.114179,0.014323,0.107066,0.014732,467.0,Egypt,EGY,EGY,20210211
0.059919,0.019245,0.071823,0.01769,181.0,El Salvador,SLV,SLV,20210211
0.093383,0.006383,0.088146,0.006551,1974.0,France,FRA,FRA,20210211
0.112481,0.007908,0.106439,0.008101,1522.0,Germany,DEU,DEU,20210211
0.136554,0.029775,0.135338,0.029887,133.0,Ghana,GHA,GHA,20210211
0.095015,0.015254,0.079365,0.016548,315.0,Greece,GRC,GRC,20210211
0.095763,0.020888,0.075,0.023337,160.0,Guatemala,GTM,GTM,20210211
0.064419,0.02298,0.079137,0.020898,139.0,Honduras,HND,HND,20210211
0.193996,0.016787,0.185874,0.017064,538.0,Hungary,HUN,HUN,20210211
0.11149,0.008277,0.107627,0.008406,1403.0,India,IND,IND,20210211
0.153482,0.01314,0.16092,0.01289,783.0,Indonesia,IDN,IDN,20210211
0.047676,0.013667,0.052434,0.013065,267.0,Iraq,IRQ,IRQ,20210211
0.139356,0.033721,0.140187,0.033637,107.0,Ireland,IRL,IRL,20210211
0.104747,0.008879,0.101724,0.008995,1160.0,Italy,ITA,ITA,20210211
0.077831,0.003819,0.072113,0.003955,4590.0,Japan,JPN,JPN,20210211
0.194255,0.029487,0.141844,0.033437,141.0,Jordan,JOR,JOR,20210211
0.089989,0.029762,0.103774,0.027927,106.0,Kazakhstan,KAZ,KAZ,20210211
0.04369,0.019688,0.057143,0.017337,140.0,Kenya,KEN,KEN,20210211
0.078146,0.014287,0.078652,0.014245,356.0,Malaysia,MYS,MYS,20210211
0.06286,0.004966,0.065784,0.004862,2493.0,Mexico,MEX,MEX,20210211
0.093104,0.036187,0.156863,0.028914,102.0,Morocco,MAR,MAR,20210211
0.137081,0.017101,0.144208,0.016742,423.0,Netherlands,NLD,NLD,20210211
0.097099,0.020057,0.086294,0.021149,197.0,New Zealand,NZL,NZL,20210211
0.074667,0.019262,0.107692,0.016333,260.0,Nigeria,NGA,NGA,20210211
0.095007,0.017258,0.078189,0.018849,243.0,Norway,NOR,NOR,20210211
0.106475,0.019317,0.087963,0.021036,216.0,Pakistan,PAK,PAK,20210211
0.067171,0.024552,0.080645,0.02257,124.0,Paraguay,PRY,PRY,20210211
0.087478,0.010238,0.066102,0.011642,590.0,Peru,PER,PER,20210211
0.06521,0.00877,0.064721,0.008801,788.0,Philippines,PHL,PHL,20210211
0.112361,0.014095,0.112871,0.014067,505.0,Poland,POL,POL,20210211
0.066953,0.009973,0.058076,0.010657,551.0,Portugal,PRT,PRT,20210211
0.120325,0.016389,0.119593,0.016432,393.0,Romania,ROU,ROU,20210211
0.203689,0.015704,0.227209,0.015093,713.0,Russia,RUS,RUS,20210211
0.058772,0.016673,0.048193,0.01831,166.0,Saudi Arabia,SAU,SAU,20210211
0.212782,0.031268,0.210526,0.03139,171.0,Serbia,SRB,SRB,20210211
0.079131,0.021744,0.093923,0.02012,181.0,Slovakia,SVK,SVK,20210211
0.109265,0.014966,0.092838,0.016089,377.0,South Africa,ZAF,ZAF,20210211
0.053256,0.012207,0.048387,0.012774,310.0,South Korea,KOR,KOR,20210211
0.097646,0.01012,0.091912,0.010398,816.0,Spain,ESP,ESP,20210211
0.119735,0.013568,0.118166,0.013646,567.0,Sweden,SWE,SWE,20210211
0.133974,0.021749,0.13834,0.021457,253.0,Switzerland,CHE,CHE,20210211
0.01812,0.00469,0.021717,0.004292,967.0,Taiwan,TWN,TWN,20210211
0.091914,0.010037,0.072917,0.011153,672.0,Thailand,THA,THA,20210211
0.043263,0.015573,0.044944,0.015292,178.0,Tunisia,TUN,TUN,20210211
0.100589,0.012799,0.109244,0.012341,595.0,Turkey,TUR,TUR,20210211
0.087428,0.00977,0.097508,0.009302,923.0,Ukraine,UKR,UKR,20210211
0.154312,0.016131,0.15261,0.016204,498.0,United Kingdom,GBR,GBR,20210211
0.090321,0.018709,0.100386,0.017845,259.0,Uruguay,URY,URY,20210211
0.065707,0.015684,0.081699,0.014187,306.0,Venezuela,VEN,VEN,20210211
0.089541,0.008384,0.083026,0.008676,1084.0,Vietnam,VNM,VNM,20210211
0.100744,0.017253,0.10625,0.016852,320.0,Algeria,DZA,DZA,20210212
0.0901,0.00753,0.088873,0.007577,1429.0,Argentina,ARG,ARG,20210212
0.097146,0.009659,0.099688,0.009548,963.0,Australia,AUS,AUS,20210212
0.120677,0.017726,0.122449,0.017615,343.0,Austria,AUT,AUT,20210212
0.096547,0.018813,0.107011,0.017974,271.0,Bangladesh,BGD,BGD,20210212
0.089558,0.02296,0.082759,0.023796,145.0,Belarus,BLR,BLR,20210212
0.113901,0.016941,0.118132,0.016674,364.0,Belgium,BEL,BEL,20210212
0.071602,0.012118,0.0625,0.012907,400.0,Bolivia,BOL,BOL,20210212
0.093859,0.004994,0.093058,0.005013,3385.0,Brazil,BRA,BRA,20210212
0.17564,0.018582,0.165,0.01905,400.0,Bulgaria,BGR,BGR,20210212
0.131703,0.009805,0.13361,0.009746,1205.0,Canada,CAN,CAN,20210212
0.097681,0.01281,0.099083,0.012729,545.0,Chile,CHL,CHL,20210212
0.079245,0.007102,0.06902,0.007568,1275.0,Colombia,COL,COL,20210212
0.079259,0.020938,0.087432,0.020024,183.0,Costa Rica,CRI,CRI,20210212
0.121362,0.021803,0.120536,0.021867,224.0,Croatia,HRV,HRV,20210212
0.123168,0.012574,0.118976,0.012763,664.0,Czech Republic,CZE,CZE,20210212
0.136014,0.021723,0.136,0.021724,250.0,Denmark,DNK,DNK,20210212
0.103572,0.020658,0.099526,0.021027,211.0,Dominican Republic,DOM,DOM,20210212
0.09872,0.010566,0.076923,0.011828,637.0,Ecuador,ECU,ECU,20210212
0.0745,0.009212,0.065278,0.009793,720.0,Egypt,EGY,EGY,20210212
0.036238,0.014025,0.053846,0.011612,260.0,El Salvador,SLV,SLV,20210212
0.061375,0.025398,0.069307,0.024002,101.0,Finland,FIN,FIN,20210212
0.086764,0.005208,0.087031,0.005201,2930.0,France,FRA,FRA,20210212
0.109851,0.006955,0.121198,0.006664,2203.0,Germany,DEU,DEU,20210212
0.094794,0.021807,0.078431,0.02376,153.0,Ghana,GHA,GHA,20210212
0.075162,0.011335,0.076364,0.011252,550.0,Greece,GRC,GRC,20210212
0.066729,0.017217,0.073593,0.016455,231.0,Guatemala,GTM,GTM,20210212
0.070045,0.019771,0.073864,0.019293,176.0,Honduras,HND,HND,20210212
0.052851,0.017733,0.054545,0.017471,165.0,Hong Kong,HKG,HKG,20210212
0.200361,0.01454,0.201835,0.0145,763.0,Hungary,HUN,HUN,20210212
0.105527,0.007526,0.109302,0.00741,1720.0,India,IND,IND,20210212
0.165756,0.010049,0.151491,0.010422,1274.0,Indonesia,IDN,IDN,20210212
0.148771,0.014858,0.106481,0.017141,432.0,Iraq,IRQ,IRQ,20210212
0.092425,0.020658,0.089005,0.021012,191.0,Ireland,IRL,IRL,20210212
0.135861,0.036965,0.211382,0.031021,123.0,Israel,ISR,ISR,20210212
0.118454,0.007673,0.115029,0.007771,1730.0,Italy,ITA,ITA,20210212
0.07139,0.003246,0.068676,0.003304,6072.0,Japan,JPN,JPN,20210212
0.075759,0.019218,0.082524,0.018481,206.0,Jordan,JOR,JOR,20210212
0.121312,0.030554,0.12605,0.030056,119.0,Kazakhstan,KAZ,KAZ,20210212
0.129075,0.02059,0.094059,0.023649,202.0,Kenya,KEN,KEN,20210212
0.092206,0.022464,0.073529,0.0249,136.0,Lebanon,LBN,LBN,20210212
0.060835,0.022687,0.070313,0.02121,128.0,Libya,LBY,LBY,20210212
0.100033,0.011868,0.08209,0.012972,536.0,Malaysia,MYS,MYS,20210212
0.063477,0.004013,0.061859,0.004061,3605.0,Mexico,MEX,MEX,20210212
0.113514,0.026015,0.07619,0.031106,105.0,Morocco,MAR,MAR,20210212
0.049217,0.021576,0.087209,0.016542,172.0,Nepal,NPL,NPL,20210212
0.135967,0.014497,0.146218,0.014063,595.0,Netherlands,NLD,NLD,20210212
0.093565,0.015204,0.077419,0.016567,310.0,New Zealand,NZL,NZL,20210212
0.086516,0.020948,0.064748,0.023931,139.0,Nicaragua,NIC,NIC,20210212
0.128143,0.01716,0.112094,0.018181,339.0,Nigeria,NGA,NGA,20210212
0.075698,0.014602,0.08046,0.0142,348.0,Norway,NOR,NOR,20210212
0.057525,0.016495,0.082437,0.013965,279.0,Pakistan,PAK,PAK,20210212
0.08509,0.021974,0.094972,0.020913,179.0,Paraguay,PRY,PRY,20210212
0.078558,0.008856,0.069259,0.009384,823.0,Peru,PER,PER,20210212
0.104471,0.007843,0.086005,0.008556,1279.0,Philippines,PHL,PHL,20210212
0.119931,0.011359,0.111688,0.011715,770.0,Poland,POL,POL,20210212
0.108244,0.011078,0.100407,0.011452,737.0,Portugal,PRT,PRT,20210212
0.144835,0.027792,0.140127,0.028177,157.0,"Puerto Rico, U.S.",PRI,PRI,20210212
0.14631,0.014158,0.137056,0.01455,591.0,Romania,ROU,ROU,20210212
0.193154,0.0139,0.202864,0.013645,838.0,Russia,RUS,RUS,20210212
0.139802,0.020384,0.098131,0.023761,214.0,Saudi Arabia,SAU,SAU,20210212
0.198032,0.023621,0.192857,0.023859,280.0,Serbia,SRB,SRB,20210212
0.171816,0.022587,0.150794,0.02381,252.0,Slovakia,SVK,SVK,20210212
0.118098,0.027695,0.109375,0.028637,128.0,Slovenia,SVN,SVN,20210212
0.087305,0.013105,0.101504,0.01225,532.0,South Africa,ZAF,ZAF,20210212
0.024903,0.007797,0.024938,0.007791,401.0,South Korea,KOR,KOR,20210212
0.109572,0.009157,0.106514,0.009272,1136.0,Spain,ESP,ESP,20210212
0.108864,0.010584,0.100372,0.010971,807.0,Sweden,SWE,SWE,20210212
0.101844,0.015996,0.111111,0.015394,387.0,Switzerland,CHE,CHE,20210212
0.024567,0.003736,0.023299,0.003834,1631.0,Taiwan,TWN,TWN,20210212
0.051083,0.006766,0.054319,0.006573,1123.0,Thailand,THA,THA,20210212
0.033662,0.012947,0.043825,0.011407,251.0,Tunisia,TUN,TUN,20210212
0.106318,0.010827,0.100775,0.011087,774.0,Turkey,TUR,TUR,20210212
0.118572,0.009698,0.123371,0.009533,1151.0,Ukraine,UKR,UKR,20210212
0.338565,0.039578,0.207547,0.046182,106.0,United Arab Emirates,ARE,ARE,20210212
0.136051,0.013207,0.144068,0.012894,708.0,United Kingdom,GBR,GBR,20210212
0.078141,0.014919,0.083815,0.01445,346.0,Uruguay,URY,URY,20210212
0.086828,0.014679,0.106335,0.013409,442.0,Venezuela,VEN,VEN,20210212
0.094025,0.007225,0.101375,0.006987,1746.0,Vietnam,VNM,VNM,20210212
0.116984,0.018383,0.111864,0.018745,295.0,Algeria,DZA,DZA,20210213
0.098262,0.008125,0.096677,0.008184,1324.0,Argentina,ARG,ARG,20210213
0.10261,0.011115,0.107097,0.010907,775.0,Australia,AUS,AUS,20210213
0.13704,0.019277,0.144144,0.018873,333.0,Austria,AUT,AUT,20210213
0.145396,0.021291,0.097436,0.025308,195.0,Bangladesh,BGD,BGD,20210213
0.145717,0.02575,0.141304,0.026081,184.0,Belarus,BLR,BLR,20210213
0.155979,0.017946,0.137838,0.018888,370.0,Belgium,BEL,BEL,20210213
0.089835,0.016817,0.091525,0.016677,295.0,Bolivia,BOL,BOL,20210213
0.116536,0.005526,0.110212,0.005662,3212.0,Brazil,BRA,BRA,20210213
0.182008,0.020461,0.178977,0.020595,352.0,Bulgaria,BGR,BGR,20210213
0.111767,0.010339,0.120724,0.009999,994.0,Canada,CAN,CAN,20210213
0.119527,0.015144,0.119565,0.015142,460.0,Chile,CHL,CHL,20210213
0.081239,0.00763,0.068431,0.008256,1096.0,Colombia,COL,COL,20210213
0.051846,0.020702,0.067568,0.018287,148.0,Costa Rica,CRI,CRI,20210213
0.183817,0.024541,0.165217,0.025596,230.0,Croatia,HRV,HRV,20210213
0.147494,0.013847,0.145929,0.013908,651.0,Czech Republic,CZE,CZE,20210213
0.082205,0.018386,0.092369,0.017442,249.0,Denmark,DNK,DNK,20210213
0.096302,0.020493,0.093596,0.020756,203.0,Dominican Republic,DOM,DOM,20210213
0.067905,0.010817,0.062124,0.011274,499.0,Ecuador,ECU,ECU,20210213
0.071928,0.010177,0.078571,0.009772,700.0,Egypt,EGY,EGY,20210213
0.081296,0.016824,0.0625,0.018995,208.0,El Salvador,SLV,SLV,20210213
0.073413,0.028985,0.100917,0.025097,109.0,Finland,FIN,FIN,20210213
0.096367,0.005611,0.095481,0.005634,2744.0,France,FRA,FRA,20210213
0.113003,0.007098,0.126369,0.006764,2192.0,Germany,DEU,DEU,20210213
0.097824,0.023469,0.101796,0.023058,167.0,Ghana,GHA,GHA,20210213
0.076039,0.011856,0.072765,0.012098,481.0,Greece,GRC,GRC,20210213
0.088517,0.023009,0.108696,0.020997,184.0,Guatemala,GTM,GTM,20210213
0.061786,0.019322,0.07772,0.017376,193.0,Honduras,HND,HND,20210213
0.036396,0.017192,0.039063,0.016618,128.0,Hong Kong,HKG,HKG,20210213
0.195024,0.014103,0.194937,0.014106,790.0,Hungary,HUN,HUN,20210213
0.105787,0.0079,0.120892,0.007453,1704.0,India,IND,IND,20210213
0.194318,0.011465,0.162813,0.012287,1038.0,Indonesia,IDN,IDN,20210213
0.119908,0.014955,0.107226,0.015702,429.0,Iraq,IRQ,IRQ,20210213
0.086629,0.021731,0.090909,0.021264,176.0,Ireland,IRL,IRL,20210213
0.241914,0.032267,0.21118,0.033856,161.0,Israel,ISR,ISR,20210213
0.112087,0.007787,0.116853,0.007647,1703.0,Italy,ITA,ITA,20210213
0.07469,0.003166,0.073469,0.00319,6792.0,Japan,JPN,JPN,20210213
0.110556,0.022285,0.110553,0.022285,199.0,Jordan,JOR,JOR,20210213
0.104789,0.026281,0.111111,0.025612,144.0,Kazakhstan,KAZ,KAZ,20210213
0.076806,0.018063,0.072464,0.018553,207.0,Kenya,KEN,KEN,20210213
0.092072,0.028399,0.103448,0.026961,116.0,Lebanon,LBN,LBN,20210213
0.07034,0.024445,0.071429,0.024272,112.0,Libya,LBY,LBY,20210213
0.096615,0.013175,0.099029,0.013031,515.0,Malaysia,MYS,MYS,20210213
0.05337,0.004194,0.053491,0.00419,2879.0,Mexico,MEX,MEX,20210213
0.121291,0.032357,0.118812,0.032647,101.0,Moldova,MDA,MDA,20210213
0.046083,0.026719,0.083333,0.020269,108.0,Morocco,MAR,MAR,20210213
0.122794,0.019674,0.064103,0.026362,156.0,Nepal,NPL,NPL,20210213
0.110699,0.013076,0.115385,0.012841,598.0,Netherlands,NLD,NLD,20210213
0.090983,0.014614,0.067568,0.016744,296.0,New Zealand,NZL,NZL,20210213
0.102816,0.029416,0.112069,0.028322,116.0,Nicaragua,NIC,NIC,20210213
0.078824,0.017364,0.098305,0.015715,295.0,Nigeria,NGA,NGA,20210213
0.085644,0.015727,0.086957,0.015619,322.0,Norway,NOR,NOR,20210213
0.068345,0.015707,0.070896,0.015443,268.0,Pakistan,PAK,PAK,20210213
0.155227,0.033489,0.144144,0.034527,111.0,Panama,PAN,PAN,20210213
0.064182,0.022687,0.070313,0.021747,128.0,Paraguay,PRY,PRY,20210213
0.09258,0.011038,0.094151,0.010955,701.0,Peru,PER,PER,20210213
0.081676,0.009403,0.082063,0.009383,853.0,Philippines,PHL,PHL,20210213
0.099925,0.01188,0.107353,0.011509,680.0,Poland,POL,POL,20210213
0.084555,0.010109,0.080221,0.010354,723.0,Portugal,PRT,PRT,20210213
0.11495,0.030898,0.149254,0.027658,134.0,"Puerto Rico, U.S.",PRI,PRI,20210213
0.102485,0.012753,0.100539,0.012862,557.0,Romania,ROU,ROU,20210213
0.198534,0.012775,0.191579,0.012949,950.0,Russia,RUS,RUS,20210213
0.091821,0.02141,0.108491,0.01988,212.0,Saudi Arabia,SAU,SAU,20210213
0.16869,0.023329,0.167315,0.023405,257.0,Serbia,SRB,SRB,20210213
0.142051,0.021039,0.137546,0.021325,269.0,Slovakia,SVK,SVK,20210213
0.127426,0.032012,0.122642,0.032541,106.0,Slovenia,SVN,SVN,20210213
0.11779,0.014497,0.114108,0.014698,482.0,South Africa,ZAF,ZAF,20210213
0.049274,0.009713,0.04661,0.009973,472.0,South Korea,KOR,KOR,20210213
0.096247,0.008849,0.094804,0.008909,1097.0,Spain,ESP,ESP,20210213
0.086755,0.011164,0.101231,0.010418,731.0,Sweden,SWE,SWE,20210213
0.095995,0.014574,0.095588,0.014602,408.0,Switzerland,CHE,CHE,20210213
0.024692,0.004107,0.026975,0.003934,1557.0,Taiwan,TWN,TWN,20210213
0.089882,0.008602,0.072527,0.009486,910.0,Thailand,THA,THA,20210213
0.049136,0.016172,0.073077,0.013431,260.0,Tunisia,TUN,TUN,20210213
0.113199,0.010076,0.107105,0.010323,943.0,Turkey,TUR,TUR,20210213
0.087952,0.00867,0.09419,0.008407,1136.0,Ukraine,UKR,UKR,20210213
0.136782,0.01335,0.136157,0.013375,661.0,United Kingdom,GBR,GBR,20210213
0.080505,0.017089,0.096667,0.015734,300.0,Uruguay,URY,URY,20210213
0.115177,0.016049,0.104396,0.016755,364.0,Venezuela,VEN,VEN,20210213
0.101274,0.007168,0.094982,0.007376,1674.0,Vietnam,VNM,VNM,20210213
0.086333,0.018178,0.09127,0.017727,252.0,Algeria,DZA,DZA,20210214
0.081708,0.008568,0.08444,0.008441,1054.0,Argentina,ARG,ARG,20210214
0.069855,0.010531,0.082969,0.009732,687.0,Australia,AUS,AUS,20210214
0.105647,0.017049,0.101587,0.017347,315.0,Austria,AUT,AUT,20210214
0.122159,0.02218,0.11,0.023214,200.0,Bangladesh,BGD,BGD,20210214
0.111601,0.023613,0.111732,0.023601,179.0,Belarus,BLR,BLR,20210214
0.120823,0.015767,0.096591,0.017396,352.0,Belgium,BEL,BEL,20210214
0.048866,0.012297,0.045296,0.012748,287.0,Bolivia,BOL,BOL,20210214
0.107316,0.005557,0.099897,0.005736,2913.0,Brazil,BRA,BRA,20210214
0.150912,0.020283,0.148867,0.020397,309.0,Bulgaria,BGR,BGR,20210214
0.136105,0.011468,0.136819,0.011443,899.0,Canada,CAN,CAN,20210214
0.101551,0.01438,0.100457,0.014449,438.0,Chile,CHL,CHL,20210214
0.074666,0.008522,0.075157,0.008497,958.0,Colombia,COL,COL,20210214
0.073481,0.021839,0.059322,0.024122,118.0,Costa Rica,CRI,CRI,20210214
0.118689,0.025451,0.12426,0.024953,169.0,Croatia,HRV,HRV,20210214
0.12553,0.013394,0.128205,0.013274,624.0,Czech Republic,CZE,CZE,20210214
0.092413,0.020237,0.106838,0.018973,234.0,Denmark,DNK,DNK,20210214
0.134259,0.026999,0.135802,0.026869,162.0,Dominican Republic,DOM,DOM,20210214
0.112238,0.01411,0.091127,0.015476,417.0,Ecuador,ECU,ECU,20210214
0.094165,0.010857,0.07743,0.011864,607.0,Egypt,EGY,EGY,20210214
0.107022,0.024295,0.10559,0.02444,161.0,El Salvador,SLV,SLV,20210214
0.130222,0.029357,0.107143,0.031944,112.0,Finland,FIN,FIN,20210214
0.081788,0.005319,0.082146,0.005308,2666.0,France,FRA,FRA,20210214
0.10324,0.006943,0.109073,0.006777,2017.0,Germany,DEU,DEU,20210214
0.131908,0.02867,0.133803,0.028498,142.0,Ghana,GHA,GHA,20210214
0.068876,0.011679,0.068376,0.011719,468.0,Greece,GRC,GRC,20210214
0.088668,0.017308,0.05618,0.021367,178.0,Guatemala,GTM,GTM,20210214
0.065987,0.018169,0.041322,0.022663,121.0,Honduras,HND,HND,20210214
0.092441,0.028754,0.113821,0.026223,123.0,Hong Kong,HKG,HKG,20210214
0.170374,0.01447,0.182328,0.01409,713.0,Hungary,HUN,HUN,20210214
0.116514,0.008304,0.110644,0.008493,1428.0,India,IND,IND,20210214
0.131336,0.010768,0.14025,0.010474,1041.0,Indonesia,IDN,IDN,20210214
0.048536,0.013679,0.069364,0.01157,346.0,Iraq,IRQ,IRQ,20210214
0.086537,0.022903,0.086093,0.022956,151.0,Ireland,IRL,IRL,20210214
0.205399,0.039523,0.223214,0.038345,112.0,Israel,ISR,ISR,20210214
0.125212,0.008891,0.13442,0.008626,1473.0,Italy,ITA,ITA,20210214
0.072271,0.003353,0.070497,0.003392,5830.0,Japan,JPN,JPN,20210214
0.084773,0.023337,0.10119,0.021554,168.0,Jordan,JOR,JOR,20210214
0.13131,0.028269,0.107438,0.030831,121.0,Kazakhstan,KAZ,KAZ,20210214
0.088373,0.019815,0.071006,0.021898,169.0,Kenya,KEN,KEN,20210214
0.084102,0.02639,0.086957,0.025994,115.0,Libya,LBY,LBY,20210214
0.134416,0.014834,0.1,0.016866,410.0,Malaysia,MYS,MYS,20210214
0.075434,0.005139,0.067726,0.005401,2392.0,Mexico,MEX,MEX,20210214
0.110273,0.02235,0.069231,0.027578,130.0,Nepal,NPL,NPL,20210214
0.174199,0.015907,0.177893,0.015776,579.0,Netherlands,NLD,NLD,20210214
0.072844,0.011369,0.071705,0.011452,516.0,New Zealand,NZL,NZL,20210214
0.090003,0.02336,0.129808,0.019891,208.0,Nigeria,NGA,NGA,20210214
0.072712,0.015208,0.079114,0.01463,316.0,Norway,NOR,NOR,20210214
0.109655,0.023054,0.140351,0.020739,228.0,Pakistan,PAK,PAK,20210214
0.142538,0.02849,0.089109,0.03496,101.0,Paraguay,PRY,PRY,20210214
0.075938,0.011477,0.078324,0.011316,549.0,Peru,PER,PER,20210214
0.085479,0.009265,0.082005,0.009441,878.0,Philippines,PHL,PHL,20210214
0.121113,0.0128,0.122914,0.012719,659.0,Poland,POL,POL,20210214
0.102352,0.010628,0.082212,0.011728,669.0,Portugal,PRT,PRT,20210214
0.137163,0.033041,0.132075,0.033573,106.0,"Puerto Rico, U.S.",PRI,PRI,20210214
0.122068,0.014937,0.123457,0.014865,486.0,Romania,ROU,ROU,20210214
0.187011,0.01395,0.212544,0.013296,861.0,Russia,RUS,RUS,20210214
0.091288,0.02321,0.106742,0.021649,178.0,Saudi Arabia,SAU,SAU,20210214
0.198623,0.02719,0.193396,0.027466,212.0,Serbia,SRB,SRB,20210214
0.121797,0.021913,0.116279,0.022357,215.0,Slovakia,SVK,SVK,20210214
0.094484,0.026751,0.078431,0.029105,102.0,Slovenia,SVN,SVN,20210214
0.112933,0.016118,0.118812,0.015767,404.0,South Africa,ZAF,ZAF,20210214
0.051198,0.008472,0.032184,0.01058,435.0,South Korea,KOR,KOR,20210214
0.076838,0.008161,0.07785,0.008112,1079.0,Spain,ESP,ESP,20210214
0.091301,0.010525,0.085915,0.010817,710.0,Sweden,SWE,SWE,20210214
0.068849,0.014936,0.07764,0.014132,322.0,Switzerland,CHE,CHE,20210214
0.0205,0.003784,0.021291,0.003715,1456.0,Taiwan,TWN,TWN,20210214
0.09599,0.008813,0.067651,0.010338,813.0,Thailand,THA,THA,20210214
0.062555,0.016411,0.053191,0.017709,188.0,Tunisia,TUN,TUN,20210214
0.099702,0.010585,0.104887,0.01035,839.0,Turkey,TUR,TUR,20210214
0.134063,0.010499,0.126,0.01078,1000.0,Ukraine,UKR,UKR,20210214
0.122228,0.013565,0.129085,0.013251,612.0,United Kingdom,GBR,GBR,20210214
0.096617,0.020216,0.117647,0.018537,255.0,Uruguay,URY,URY,20210214
0.098126,0.016954,0.104294,0.016502,326.0,Venezuela,VEN,VEN,20210214
0.096575,0.007089,0.089109,0.00735,1616.0,Vietnam,VNM,VNM,20210214
0.085409,0.018891,0.095041,0.018003,242.0,Algeria,DZA,DZA,20210215
0.067888,0.007302,0.073113,0.007056,1272.0,Argentina,ARG,ARG,20210215
0.098078,0.01131,0.102635,0.011084,721.0,Australia,AUS,AUS,20210215
0.141331,0.018559,0.130303,0.019206,330.0,Austria,AUT,AUT,20210215
0.113847,0.019583,0.098712,0.020853,233.0,Bangladesh,BGD,BGD,20210215
0.096825,0.023394,0.094937,0.023601,158.0,Belarus,BLR,BLR,20210215
0.148695,0.018633,0.142045,0.018991,352.0,Belgium,BEL,BEL,20210215
0.066685,0.013519,0.060703,0.014124,313.0,Bolivia,BOL,BOL,20210215
0.099176,0.005142,0.097722,0.005176,3336.0,Brazil,BRA,BRA,20210215
0.186699,0.021957,0.177632,0.022386,304.0,Bulgaria,BGR,BGR,20210215
0.111444,0.010273,0.119358,0.009971,997.0,Canada,CAN,CAN,20210215
0.123347,0.014611,0.116183,0.014994,482.0,Chile,CHL,CHL,20210215
0.08525,0.008484,0.083568,0.008561,1065.0,Colombia,COL,COL,20210215
0.081667,0.02427,0.098684,0.022286,152.0,Costa Rica,CRI,CRI,20210215
0.088062,0.025212,0.116564,0.022265,163.0,Croatia,HRV,HRV,20210215
0.12281,0.013456,0.123539,0.013422,599.0,Czech Republic,CZE,CZE,20210215
0.086366,0.018178,0.097378,0.017223,267.0,Denmark,DNK,DNK,20210215
0.081233,0.019418,0.080808,0.019464,198.0,Dominican Republic,DOM,DOM,20210215
0.074191,0.01132,0.072381,0.011449,525.0,Ecuador,ECU,ECU,20210215
0.082636,0.010242,0.074468,0.010742,658.0,Egypt,EGY,EGY,20210215
0.06428,0.018959,0.078818,0.017256,203.0,El Salvador,SLV,SLV,20210215
0.128988,0.028269,0.107438,0.030598,121.0,Finland,FIN,FIN,20210215
0.087322,0.005473,0.088617,0.005437,2697.0,France,FRA,FRA,20210215
0.099879,0.00705,0.108428,0.006799,1946.0,Germany,DEU,DEU,20210215
0.113551,0.02506,0.119048,0.024551,168.0,Ghana,GHA,GHA,20210215
0.07022,0.013483,0.080685,0.01265,409.0,Greece,GRC,GRC,20210215
0.076288,0.021936,0.126087,0.017542,230.0,Guatemala,GTM,GTM,20210215
0.099726,0.024069,0.107784,0.023256,167.0,Honduras,HND,HND,20210215
0.098013,0.028129,0.115385,0.026179,130.0,Hong Kong,HKG,HKG,20210215
0.204042,0.015314,0.200292,0.01542,684.0,Hungary,HUN,HUN,20210215
0.107847,0.007976,0.106355,0.008025,1495.0,India,IND,IND,20210215
0.186371,0.012074,0.187977,0.012035,1048.0,Indonesia,IDN,IDN,20210215
0.037127,0.012504,0.061828,0.009816,372.0,Iraq,IRQ,IRQ,20210215
0.092227,0.023668,0.105882,0.022257,170.0,Ireland,IRL,IRL,20210215
0.092042,0.007661,0.101225,0.007343,1551.0,Italy,ITA,ITA,20210215
0.077923,0.003761,0.080268,0.00371,5220.0,Japan,JPN,JPN,20210215
0.115655,0.022582,0.122642,0.022017,212.0,Jordan,JOR,JOR,20210215
0.104472,0.032012,0.122642,0.02985,106.0,Kazakhstan,KAZ,KAZ,20210215
0.061566,0.017476,0.065,0.017039,200.0,Kenya,KEN,KEN,20210215
0.077529,0.012738,0.082979,0.012349,470.0,Malaysia,MYS,MYS,20210215
0.058113,0.004348,0.054392,0.004486,2721.0,Mexico,MEX,MEX,20210215
0.052902,0.021644,0.062992,0.019941,127.0,Nepal,NPL,NPL,20210215
0.145625,0.015078,0.149733,0.014906,561.0,Netherlands,NLD,NLD,20210215
0.082036,0.013374,0.088496,0.012922,452.0,New Zealand,NZL,NZL,20210215
0.107687,0.027703,0.086538,0.030544,104.0,Nicaragua,NIC,NIC,20210215
0.135345,0.019228,0.111524,0.020897,269.0,Nigeria,NGA,NGA,20210215
0.084149,0.015992,0.086817,0.015767,311.0,Norway,NOR,NOR,20210215
0.069382,0.017853,0.097473,0.015295,277.0,Pakistan,PAK,PAK,20210215
0.084005,0.028784,0.095238,0.027201,105.0,Panama,PAN,PAN,20210215
0.068529,0.022818,0.089172,0.020228,157.0,Paraguay,PRY,PRY,20210215
0.091657,0.010841,0.081505,0.011432,638.0,Peru,PER,PER,20210215
0.089757,0.009071,0.085864,0.009254,955.0,Philippines,PHL,PHL,20210215
0.10578,0.012564,0.110577,0.012322,624.0,Poland,POL,POL,20210215
0.057249,0.009698,0.0625,0.009308,624.0,Portugal,PRT,PRT,20210215
0.10892,0.026986,0.114286,0.026424,140.0,"Puerto Rico, U.S.",PRI,PRI,20210215
0.133407,0.014809,0.124498,0.015252,498.0,Romania,ROU,ROU,20210215
0.208364,0.013937,0.232609,0.013397,920.0,Russia,RUS,RUS,20210215
0.091754,0.016958,0.067873,0.019463,221.0,Saudi Arabia,SAU,SAU,20210215
0.140465,0.023004,0.153846,0.022154,247.0,Serbia,SRB,SRB,20210215
0.114918,0.020682,0.113924,0.02076,237.0,Slovakia,SVK,SVK,20210215
0.07247,0.01236,0.080412,0.011785,485.0,South Africa,ZAF,ZAF,20210215
0.037288,0.009362,0.035623,0.00957,393.0,South Korea,KOR,KOR,20210215
0.091496,0.008946,0.089391,0.009041,1018.0,Spain,ESP,ESP,20210215
0.099274,0.011322,0.101266,0.011222,711.0,Sweden,SWE,SWE,20210215
0.083245,0.014167,0.082228,0.014247,377.0,Switzerland,CHE,CHE,20210215
0.02877,0.004518,0.031459,0.004326,1494.0,Taiwan,TWN,TWN,20210215
0.053842,0.007907,0.055753,0.007778,843.0,Thailand,THA,THA,20210215
0.063194,0.01481,0.062963,0.014835,270.0,Tunisia,TUN,TUN,20210215
0.111345,0.011572,0.116037,0.011365,767.0,Turkey,TUR,TUR,20210215
0.110296,0.009279,0.106594,0.009419,1107.0,Ukraine,UKR,UKR,20210215
0.134769,0.036187,0.156863,0.033978,102.0,United Arab Emirates,ARE,ARE,20210215
0.128499,0.014431,0.145485,0.013696,598.0,United Kingdom,GBR,GBR,20210215
0.080018,0.016117,0.085809,0.015613,303.0,Uruguay,URY,URY,20210215
0.072991,0.013196,0.082569,0.012472,436.0,Venezuela,VEN,VEN,20210215
0.083897,0.006056,0.084674,0.006031,2114.0,Vietnam,VNM,VNM,20210215
0.063773,0.017175,0.07563,0.015872,238.0,Algeria,DZA,DZA,20210216
0.072637,0.007401,0.081319,0.007027,1365.0,Argentina,ARG,ARG,20210216
0.090286,0.01012,0.085938,0.010348,768.0,Australia,AUS,AUS,20210216
0.124415,0.018642,0.124204,0.018656,314.0,Austria,AUT,AUT,20210216
0.177193,0.024527,0.144928,0.026603,207.0,Bangladesh,BGD,BGD,20210216
0.116734,0.024583,0.106918,0.025546,159.0,Belarus,BLR,BLR,20210216
0.085401,0.0157,0.088415,0.015455,328.0,Belgium,BEL,BEL,20210216
0.088217,0.016035,0.083612,0.016429,299.0,Bolivia,BOL,BOL,20210216
0.094104,0.005019,0.09102,0.005095,3285.0,Brazil,BRA,BRA,20210216
0.150195,0.021034,0.153061,0.020872,294.0,Bulgaria,BGR,BGR,20210216
0.147402,0.011608,0.149364,0.011544,944.0,Canada,CAN,CAN,20210216
0.117795,0.015606,0.112195,0.01594,410.0,Chile,CHL,CHL,20210216
0.076943,0.008062,0.072464,0.008288,1035.0,Colombia,COL,COL,20210216
0.084809,0.023498,0.088435,0.023057,147.0,Costa Rica,CRI,CRI,20210216
0.132229,0.027391,0.147929,0.026134,169.0,Croatia,HRV,HRV,20210216
0.142116,0.015578,0.157221,0.014943,547.0,Czech Republic,CZE,CZE,20210216
0.074449,0.018698,0.087336,0.017384,229.0,Denmark,DNK,DNK,20210216
0.092361,0.020584,0.096618,0.020173,207.0,Dominican Republic,DOM,DOM,20210216
0.06631,0.010271,0.066327,0.01027,588.0,Ecuador,ECU,ECU,20210216
0.066828,0.010487,0.076324,0.009864,642.0,Egypt,EGY,EGY,20210216
0.045578,0.016083,0.054726,0.014748,201.0,El Salvador,SLV,SLV,20210216
0.120114,0.031447,0.11,0.032673,100.0,Finland,FIN,FIN,20210216
0.090481,0.005853,0.095105,0.005724,2513.0,France,FRA,FRA,20210216
0.106649,0.00735,0.116754,0.007065,1910.0,Germany,DEU,DEU,20210216
0.131169,0.022667,0.078014,0.028531,141.0,Ghana,GHA,GHA,20210216
0.059706,0.012249,0.060526,0.012171,380.0,Greece,GRC,GRC,20210216
0.082723,0.018843,0.07027,0.020307,185.0,Guatemala,GTM,GTM,20210216
0.050452,0.022624,0.074074,0.018908,135.0,Honduras,HND,HND,20210216
0.08387,0.025214,0.10274,0.02302,146.0,Hong Kong,HKG,HKG,20210216
0.166345,0.013998,0.166432,0.013995,709.0,Hungary,HUN,HUN,20210216
0.119897,0.008023,0.111256,0.008289,1537.0,India,IND,IND,20210216
0.16731,0.011964,0.170707,0.011869,990.0,Indonesia,IDN,IDN,20210216
0.086621,0.013881,0.081841,0.014243,391.0,Iraq,IRQ,IRQ,20210216
0.134978,0.027353,0.115942,0.029193,138.0,Ireland,IRL,IRL,20210216
0.184441,0.033832,0.178295,0.034281,129.0,Israel,ISR,ISR,20210216
0.098093,0.007535,0.105358,0.0073,1661.0,Italy,ITA,ITA,20210216
0.086601,0.003814,0.081239,0.003926,5133.0,Japan,JPN,JPN,20210216
0.117002,0.020902,0.103286,0.022075,213.0,Jordan,JOR,JOR,20210216
0.144214,0.031738,0.157895,0.030577,133.0,Kazakhstan,KAZ,KAZ,20210216
0.029883,0.01461,0.039326,0.012798,178.0,Kenya,KEN,KEN,20210216
0.101978,0.013417,0.081535,0.014837,417.0,Malaysia,MYS,MYS,20210216
0.064841,0.004691,0.063947,0.004722,2721.0,Mexico,MEX,MEX,20210216
0.076726,0.023807,0.089655,0.02218,145.0,Nepal,NPL,NPL,20210216
0.145858,0.014437,0.150974,0.014233,616.0,Netherlands,NLD,NLD,20210216
0.080304,0.013205,0.078947,0.013308,418.0,New Zealand,NZL,NZL,20210216
0.074396,0.024688,0.067308,0.025856,104.0,Nicaragua,NIC,NIC,20210216
0.109492,0.018919,0.119048,0.018242,294.0,Nigeria,NGA,NGA,20210216
0.068468,0.014242,0.065789,0.014508,304.0,Norway,NOR,NOR,20210216
0.066853,0.015472,0.071685,0.01498,279.0,Pakistan,PAK,PAK,20210216
0.077325,0.025398,0.069307,0.026711,101.0,Panama,PAN,PAN,20210216
0.102658,0.020175,0.065789,0.024699,152.0,Paraguay,PRY,PRY,20210216
0.076615,0.00988,0.076177,0.009906,722.0,Peru,PER,PER,20210216
0.061861,0.00786,0.065524,0.007653,992.0,Philippines,PHL,PHL,20210216
0.111286,0.012337,0.11094,0.012354,649.0,Poland,POL,POL,20210216
0.079953,0.010026,0.077356,0.010179,711.0,Portugal,PRT,PRT,20210216
0.17884,0.031275,0.15942,0.032741,138.0,"Puerto Rico, U.S.",PRI,PRI,20210216
0.128558,0.015248,0.123932,0.015489,468.0,Romania,ROU,ROU,20210216
0.177367,0.013569,0.196033,0.013056,857.0,Russia,RUS,RUS,20210216
0.110304,0.022212,0.093023,0.023956,172.0,Saudi Arabia,SAU,SAU,20210216
0.187669,0.027357,0.202765,0.026567,217.0,Serbia,SRB,SRB,20210216
0.099116,0.019425,0.097872,0.019534,235.0,Slovakia,SVK,SVK,20210216
0.105567,0.012891,0.096774,0.013398,527.0,South Africa,ZAF,ZAF,20210216
0.030981,0.008195,0.024862,0.009119,362.0,South Korea,KOR,KOR,20210216
0.090558,0.008842,0.088803,0.00892,1036.0,Spain,ESP,ESP,20210216
0.108061,0.011244,0.098291,0.011726,702.0,Sweden,SWE,SWE,20210216
0.114803,0.018723,0.11032,0.019051,281.0,Switzerland,CHE,CHE,20210216
0.031187,0.003587,0.021131,0.004335,1609.0,Taiwan,TWN,TWN,20210216
0.060677,0.009095,0.073761,0.008307,827.0,Thailand,THA,THA,20210216
0.110089,0.015757,0.05102,0.022414,196.0,Tunisia,TUN,TUN,20210216
0.085198,0.01036,0.092875,0.009964,786.0,Turkey,TUR,TUR,20210216
0.107202,0.009196,0.10221,0.009392,1086.0,Ukraine,UKR,UKR,20210216
0.128264,0.013733,0.12628,0.013825,586.0,United Kingdom,GBR,GBR,20210216
0.052364,0.014758,0.068259,0.013036,293.0,Uruguay,URY,URY,20210216
0.09537,0.014795,0.103529,0.014265,425.0,Venezuela,VEN,VEN,20210216
0.088495,0.006022,0.089453,0.005993,2247.0,Vietnam,VNM,VNM,20210216
0.106633,0.019956,0.103004,0.020264,233.0,Algeria,DZA,DZA,20210217
0.080627,0.007452,0.082292,0.007383,1361.0,Argentina,ARG,ARG,20210217
0.115255,0.012926,0.111298,0.013124,593.0,Australia,AUS,AUS,20210217
0.148832,0.020238,0.139456,0.020793,294.0,Austria,AUT,AUT,20210217
0.068585,0.020253,0.087179,0.018146,195.0,Bangladesh,BGD,BGD,20210217
0.089032,0.023107,0.09697,0.022238,165.0,Belarus,BLR,BLR,20210217
0.100648,0.016492,0.099698,0.016562,331.0,Belgium,BEL,BEL,20210217
0.080569,0.013603,0.068966,0.014611,348.0,Bolivia,BOL,BOL,20210217
0.108307,0.005232,0.098396,0.005459,3242.0,Brazil,BRA,BRA,20210217
0.119836,0.020187,0.160121,0.017878,331.0,Bulgaria,BGR,BGR,20210217
0.120888,0.010575,0.116883,0.01073,924.0,Canada,CAN,CAN,20210217
0.100268,0.014259,0.089552,0.014999,402.0,Chile,CHL,CHL,20210217
0.074956,0.008384,0.076,0.008331,1000.0,Colombia,COL,COL,20210217
0.093453,0.023807,0.089655,0.024256,145.0,Costa Rica,CRI,CRI,20210217
0.116402,0.026396,0.13253,0.024967,166.0,Croatia,HRV,HRV,20210217
0.118186,0.013216,0.119403,0.013158,603.0,Czech Republic,CZE,CZE,20210217
0.105654,0.02134,0.110599,0.020916,217.0,Denmark,DNK,DNK,20210217
0.105723,0.0252,0.11976,0.023865,167.0,Dominican Republic,DOM,DOM,20210217
0.073248,0.009433,0.065407,0.00994,688.0,Ecuador,ECU,ECU,20210217
0.0593,0.00961,0.059406,0.009602,606.0,Egypt,EGY,EGY,20210217
0.113199,0.018934,0.088496,0.021122,226.0,El Salvador,SLV,SLV,20210217
0.091148,0.005608,0.087657,0.005708,2544.0,France,FRA,FRA,20210217
0.100085,0.007052,0.113039,0.006684,2017.0,Germany,DEU,DEU,20210217
0.150359,0.02784,0.147239,0.028082,163.0,Ghana,GHA,GHA,20210217
0.072821,0.012951,0.074879,0.012786,414.0,Greece,GRC,GRC,20210217
0.164423,0.019324,0.080402,0.026342,199.0,Guatemala,GTM,GTM,20210217
0.097522,0.02298,0.079137,0.025254,139.0,Honduras,HND,HND,20210217
0.119966,0.026592,0.108696,0.02776,138.0,Hong Kong,HKG,HKG,20210217
0.199833,0.015292,0.208215,0.01506,706.0,Hungary,HUN,HUN,20210217
0.119342,0.007727,0.11211,0.00794,1668.0,India,IND,IND,20210217
0.137224,0.011119,0.139175,0.011054,970.0,Indonesia,IDN,IDN,20210217
0.093316,0.013581,0.07868,0.014673,394.0,Iraq,IRQ,IRQ,20210217
0.124616,0.024369,0.102564,0.026529,156.0,Ireland,IRL,IRL,20210217
0.329372,0.045572,0.333333,0.045435,108.0,Israel,ISR,ISR,20210217
0.109931,0.007865,0.11194,0.007803,1608.0,Italy,ITA,ITA,20210217
0.090107,0.004063,0.087254,0.004123,4825.0,Japan,JPN,JPN,20210217
0.121098,0.020795,0.080925,0.024876,173.0,Jordan,JOR,JOR,20210217
0.100362,0.028334,0.116279,0.026559,129.0,Kazakhstan,KAZ,KAZ,20210217
0.05432,0.020057,0.086294,0.016189,197.0,Kenya,KEN,KEN,20210217
0.100498,0.013042,0.075426,0.014849,411.0,Malaysia,MYS,MYS,20210217
0.065174,0.004484,0.058437,0.004718,2738.0,Mexico,MEX,MEX,20210217
0.077059,0.025156,0.068627,0.026536,102.0,Morocco,MAR,MAR,20210217
0.050314,0.019048,0.047619,0.019551,126.0,Nepal,NPL,NPL,20210217
0.169887,0.014635,0.163009,0.014879,638.0,Netherlands,NLD,NLD,20210217
0.084421,0.015597,0.092486,0.014968,346.0,New Zealand,NZL,NZL,20210217
0.102975,0.029861,0.109091,0.029111,110.0,Nicaragua,NIC,NIC,20210217
0.178551,0.021706,0.166102,0.022336,295.0,Nigeria,NGA,NGA,20210217
0.086195,0.018269,0.101818,0.016955,275.0,Norway,NOR,NOR,20210217
0.067204,0.017663,0.090566,0.015409,265.0,Pakistan,PAK,PAK,20210217
0.024601,0.019026,0.055172,0.012909,145.0,Paraguay,PRY,PRY,20210217
0.08354,0.010598,0.081967,0.01069,671.0,Peru,PER,PER,20210217
0.109509,0.008407,0.078794,0.009744,1028.0,Philippines,PHL,PHL,20210217
0.128117,0.012387,0.121777,0.01266,698.0,Poland,POL,POL,20210217
0.082848,0.010997,0.087613,0.010722,662.0,Portugal,PRT,PRT,20210217
0.14879,0.02829,0.142857,0.028771,154.0,"Puerto Rico, U.S.",PRI,PRI,20210217
0.137106,0.015977,0.132743,0.016196,452.0,Romania,ROU,ROU,20210217
0.193126,0.012955,0.197674,0.012841,946.0,Russia,RUS,RUS,20210217
0.098829,0.021499,0.089888,0.022432,178.0,Saudi Arabia,SAU,SAU,20210217
0.151789,0.024958,0.15566,0.024702,212.0,Serbia,SRB,SRB,20210217
0.088461,0.01755,0.091912,0.01725,272.0,Slovakia,SVK,SVK,20210217
0.143354,0.029898,0.131783,0.030974,129.0,Slovenia,SVN,SVN,20210217
0.110059,0.015022,0.118534,0.014545,464.0,South Africa,ZAF,ZAF,20210217
0.027122,0.009109,0.030641,0.008585,359.0,South Korea,KOR,KOR,20210217
0.116325,0.009947,0.105649,0.010375,956.0,Spain,ESP,ESP,20210217
0.079601,0.011181,0.098453,0.010158,711.0,Sweden,SWE,SWE,20210217
0.14412,0.017729,0.127119,0.018693,354.0,Switzerland,CHE,CHE,20210217
0.029252,0.004234,0.026444,0.004447,1437.0,Taiwan,TWN,TWN,20210217
0.064913,0.008367,0.064103,0.008416,858.0,Thailand,THA,THA,20210217
0.071154,0.021368,0.100503,0.01827,199.0,Tunisia,TUN,TUN,20210217
0.094509,0.010879,0.099206,0.010646,756.0,Turkey,TUR,TUR,20210217
0.106279,0.008991,0.106293,0.008991,1176.0,Ukraine,UKR,UKR,20210217
0.129747,0.014248,0.150555,0.013388,631.0,United Kingdom,GBR,GBR,20210217
0.111016,0.016929,0.09571,0.018077,303.0,Uruguay,URY,URY,20210217
0.062899,0.012828,0.077803,0.011627,437.0,Venezuela,VEN,VEN,20210217
0.094927,0.006322,0.093897,0.006353,2130.0,Vietnam,VNM,VNM,20210217
0.116138,0.019379,0.102041,0.020511,245.0,Algeria,DZA,DZA,20210218
0.084514,0.007546,0.07438,0.008,1210.0,Argentina,ARG,ARG,20210218
0.119758,0.013701,0.120354,0.013671,565.0,Australia,AUS,AUS,20210218
0.119539,0.017889,0.126801,0.017441,347.0,Austria,AUT,AUT,20210218
0.117478,0.026027,0.133721,0.024623,172.0,Bangladesh,BGD,BGD,20210218
0.12762,0.025655,0.11875,0.026461,160.0,Belarus,BLR,BLR,20210218
0.149128,0.019408,0.140187,0.019913,321.0,Belgium,BEL,BEL,20210218
0.091724,0.016163,0.080702,0.017127,285.0,Bolivia,BOL,BOL,20210218
0.104791,0.005291,0.09807,0.005449,3161.0,Brazil,BRA,BRA,20210218
0.154835,0.022444,0.183946,0.020955,299.0,Bulgaria,BGR,BGR,20210218
0.133217,0.011674,0.148547,0.011155,929.0,Canada,CAN,CAN,20210218
0.079498,0.014138,0.079235,0.014159,366.0,Chile,CHL,CHL,20210218
0.08836,0.008577,0.0762,0.009175,958.0,Colombia,COL,COL,20210218
0.060527,0.023113,0.083333,0.019941,144.0,Costa Rica,CRI,CRI,20210218
0.167235,0.031547,0.184211,0.030369,152.0,Croatia,HRV,HRV,20210218
0.111245,0.012955,0.115132,0.012763,608.0,Czech Republic,CZE,CZE,20210218
0.122239,0.021372,0.131474,0.020717,251.0,Denmark,DNK,DNK,20210218
0.074318,0.020278,0.072727,0.020481,165.0,Dominican Republic,DOM,DOM,20210218
0.06505,0.009999,0.065359,0.009977,612.0,Ecuador,ECU,ECU,20210218
0.064801,0.010326,0.07267,0.009792,633.0,Egypt,EGY,EGY,20210218
0.060836,0.020455,0.079545,0.018069,176.0,El Salvador,SLV,SLV,20210218
0.165861,0.034054,0.146789,0.035791,109.0,Finland,FIN,FIN,20210218
0.092079,0.005679,0.090696,0.005718,2558.0,France,FRA,FRA,20210218
0.138659,0.007593,0.12885,0.007832,1948.0,Germany,DEU,DEU,20210218
0.066848,0.024138,0.094595,0.0206,148.0,Ghana,GHA,GHA,20210218
0.081186,0.011916,0.061425,0.013555,407.0,Greece,GRC,GRC,20210218
0.109421,0.021494,0.073826,0.02566,149.0,Guatemala,GTM,GTM,20210218
0.096861,0.021807,0.078431,0.02399,153.0,Honduras,HND,HND,20210218
0.138828,0.029684,0.130769,0.030443,130.0,Hong Kong,HKG,HKG,20210218
0.16382,0.013865,0.175299,0.013497,753.0,Hungary,HUN,HUN,20210218
0.101427,0.007892,0.104458,0.00779,1503.0,India,IND,IND,20210218
0.167083,0.011675,0.149142,0.012226,932.0,Indonesia,IDN,IDN,20210218
0.094074,0.01465,0.085165,0.015322,364.0,Iraq,IRQ,IRQ,20210218
0.13679,0.029323,0.155844,0.02778,154.0,Ireland,IRL,IRL,20210218
0.115225,0.008091,0.117758,0.008015,1588.0,Italy,ITA,ITA,20210218
0.091403,0.004252,0.092899,0.004222,4661.0,Japan,JPN,JPN,20210218
0.116323,0.022809,0.082192,0.026625,146.0,Jordan,JOR,JOR,20210218
0.138769,0.031298,0.142857,0.030921,126.0,Kazakhstan,KAZ,KAZ,20210218
0.105731,0.022979,0.093168,0.024309,161.0,Kenya,KEN,KEN,20210218
0.167365,0.0338,0.13,0.037518,100.0,Lebanon,LBN,LBN,20210218
0.045325,0.023868,0.06,0.020906,100.0,Libya,LBY,LBY,20210218
0.101717,0.016226,0.111406,0.015589,377.0,Malaysia,MYS,MYS,20210218
0.064514,0.004704,0.061004,0.004828,2590.0,Mexico,MEX,MEX,20210218
0.084059,0.026501,0.07767,0.027474,103.0,Nepal,NPL,NPL,20210218
0.129824,0.01512,0.145221,0.014424,544.0,Netherlands,NLD,NLD,20210218
0.081225,0.015684,0.081699,0.015642,306.0,New Zealand,NZL,NZL,20210218
0.112699,0.030921,0.118182,0.030289,110.0,Nicaragua,NIC,NIC,20210218
0.185707,0.01978,0.13961,0.022194,308.0,Nigeria,NGA,NGA,20210218
0.097048,0.015595,0.07037,0.018049,270.0,Norway,NOR,NOR,20210218
0.062258,0.018205,0.087137,0.015597,241.0,Pakistan,PAK,PAK,20210218
0.123906,0.025306,0.095588,0.028357,136.0,Paraguay,PRY,PRY,20210218
0.10361,0.012028,0.101426,0.012142,631.0,Peru,PER,PER,20210218
0.112937,0.008531,0.075235,0.010237,957.0,Philippines,PHL,PHL,20210218
0.128221,0.012889,0.128698,0.012869,676.0,Poland,POL,POL,20210218
0.086757,0.011101,0.084395,0.011241,628.0,Portugal,PRT,PRT,20210218
0.164175,0.031901,0.136752,0.034394,117.0,"Puerto Rico, U.S.",PRI,PRI,20210218
0.112847,0.015694,0.123007,0.015118,439.0,Romania,ROU,ROU,20210218
0.179758,0.013455,0.200676,0.0129,887.0,Russia,RUS,RUS,20210218
0.085504,0.021776,0.07483,0.023142,147.0,Saudi Arabia,SAU,SAU,20210218
0.219658,0.025792,0.201646,0.026614,243.0,Serbia,SRB,SRB,20210218
0.141444,0.022071,0.140562,0.022128,249.0,Slovakia,SVK,SVK,20210218
0.11558,0.013455,0.1002,0.014327,499.0,South Africa,ZAF,ZAF,20210218
0.064053,0.01243,0.050955,0.01384,314.0,South Korea,KOR,KOR,20210218
0.076817,0.00836,0.065834,0.008977,881.0,Spain,ESP,ESP,20210218
0.105825,0.011847,0.107038,0.011788,682.0,Sweden,SWE,SWE,20210218
0.127603,0.017499,0.117647,0.018121,340.0,Switzerland,CHE,CHE,20210218
0.035587,0.004699,0.029389,0.005154,1293.0,Taiwan,TWN,TWN,20210218
0.05772,0.008734,0.060403,0.00855,745.0,Thailand,THA,THA,20210218
0.084274,0.017658,0.075556,0.018561,225.0,Tunisia,TUN,TUN,20210218
0.079012,0.010884,0.104061,0.009616,788.0,Turkey,TUR,TUR,20210218
0.096969,0.00913,0.101911,0.00893,1099.0,Ukraine,UKR,UKR,20210218
0.138302,0.014669,0.144348,0.014409,575.0,United Kingdom,GBR,GBR,20210218
0.087423,0.018684,0.102273,0.017417,264.0,Uruguay,URY,URY,20210218
0.109573,0.016552,0.119481,0.01594,385.0,Venezuela,VEN,VEN,20210218
0.089392,0.006697,0.094665,0.006527,1912.0,Vietnam,VNM,VNM,20210218
0.067468,0.019642,0.116105,0.015379,267.0,Algeria,DZA,DZA,20210219
0.085721,0.008762,0.089454,0.008595,1062.0,Argentina,ARG,ARG,20210219
0.114778,0.013607,0.107692,0.013992,520.0,Australia,AUS,AUS,20210219
0.104018,0.018748,0.106618,0.018545,272.0,Austria,AUT,AUT,20210219
0.103327,0.024355,0.121547,0.022688,181.0,Bangladesh,BGD,BGD,20210219
0.105048,0.022337,0.083871,0.024708,155.0,Belarus,BLR,BLR,20210219
0.121631,0.021329,0.133333,0.020509,255.0,Belgium,BEL,BEL,20210219
0.098187,0.016869,0.078431,0.018671,255.0,Bolivia,BOL,BOL,20210219
0.093966,0.005484,0.100466,0.005323,3006.0,Brazil,BRA,BRA,20210219
0.113229,0.021859,0.157706,0.019005,279.0,Bulgaria,BGR,BGR,20210219
0.124918,0.011828,0.138335,0.011327,853.0,Canada,CAN,CAN,20210219
0.097228,0.015351,0.092437,0.015702,357.0,Chile,CHL,CHL,20210219
0.081933,0.009026,0.072551,0.009543,827.0,Colombia,COL,COL,20210219
0.16646,0.028019,0.126761,0.03137,142.0,Costa Rica,CRI,CRI,20210219
0.151977,0.027093,0.132911,0.028651,158.0,Croatia,HRV,HRV,20210219
0.127862,0.013874,0.126736,0.013926,576.0,Czech Republic,CZE,CZE,20210219
0.098236,0.02134,0.110599,0.020251,217.0,Denmark,DNK,DNK,20210219
0.095271,0.024975,0.105263,0.023892,152.0,Dominican Republic,DOM,DOM,20210219
0.096482,0.012777,0.094877,0.012874,527.0,Ecuador,ECU,ECU,20210219
0.07092,0.010538,0.077519,0.010115,645.0,Egypt,EGY,EGY,20210219
0.038498,0.016104,0.046512,0.014713,172.0,El Salvador,SLV,SLV,20210219
0.094341,0.006017,0.09351,0.006041,2342.0,France,FRA,FRA,20210219
0.11625,0.007586,0.125654,0.007336,1910.0,Germany,DEU,DEU,20210219
0.097909,0.030041,0.140741,0.025673,135.0,Ghana,GHA,GHA,20210219
0.062024,0.012898,0.070707,0.012136,396.0,Greece,GRC,GRC,20210219
0.056419,0.019702,0.076503,0.017103,183.0,Guatemala,GTM,GTM,20210219
0.090894,0.021159,0.061538,0.025309,130.0,Honduras,HND,HND,20210219
0.09847,0.029626,0.121951,0.026975,123.0,Hong Kong,HKG,HKG,20210219
0.17607,0.014806,0.17378,0.014882,656.0,Hungary,HUN,HUN,20210219
0.092717,0.007328,0.095268,0.00724,1606.0,India,IND,IND,20210219
0.165195,0.012157,0.148364,0.0127,856.0,Indonesia,IDN,IDN,20210219
0.101237,0.013904,0.093394,0.014413,439.0,Iraq,IRQ,IRQ,20210219
0.114398,0.029061,0.12782,0.027704,133.0,Ireland,IRL,IRL,20210219
0.112575,0.008209,0.111489,0.008244,1471.0,Italy,ITA,ITA,20210219
0.096304,0.00437,0.09688,0.004358,4583.0,Japan,JPN,JPN,20210219
0.116251,0.022189,0.098901,0.023825,182.0,Jordan,JOR,JOR,20210219
0.124177,0.025135,0.082645,0.030105,121.0,Kazakhstan,KAZ,KAZ,20210219
0.105134,0.021782,0.102564,0.022022,195.0,Kenya,KEN,KEN,20210219
0.116524,0.014541,0.095355,0.015885,409.0,Malaysia,MYS,MYS,20210219
0.062535,0.004865,0.062751,0.004857,2486.0,Mexico,MEX,MEX,20210219
0.176182,0.030382,0.111111,0.03683,108.0,Morocco,MAR,MAR,20210219
0.070804,0.02732,0.094828,0.023918,116.0,Nepal,NPL,NPL,20210219
0.152367,0.014767,0.147314,0.014974,577.0,Netherlands,NLD,NLD,20210219
0.131196,0.01862,0.113402,0.019825,291.0,New Zealand,NZL,NZL,20210219
0.111618,0.019234,0.119298,0.018686,285.0,Nigeria,NGA,NGA,20210219
0.147171,0.018919,0.10566,0.021804,265.0,Norway,NOR,NOR,20210219
0.074533,0.019418,0.104418,0.016677,249.0,Pakistan,PAK,PAK,20210219
0.100709,0.024241,0.087591,0.025806,137.0,Paraguay,PRY,PRY,20210219
0.075538,0.010227,0.069467,0.01063,619.0,Peru,PER,PER,20210219
0.099976,0.008856,0.082121,0.009676,962.0,Philippines,PHL,PHL,20210219
0.103259,0.012129,0.104851,0.012047,639.0,Poland,POL,POL,20210219
0.077291,0.011159,0.075134,0.011305,559.0,Portugal,PRT,PRT,20210219
0.107991,0.03129,0.12931,0.028942,116.0,"Puerto Rico, U.S.",PRI,PRI,20210219
0.135414,0.016222,0.12619,0.016716,420.0,Romania,ROU,ROU,20210219
0.197812,0.01406,0.217189,0.013584,861.0,Russia,RUS,RUS,20210219
0.100275,0.020441,0.082418,0.022326,182.0,Saudi Arabia,SAU,SAU,20210219
0.171195,0.026517,0.180095,0.025993,211.0,Serbia,SRB,SRB,20210219
0.131561,0.020732,0.123016,0.021335,252.0,Slovakia,SVK,SVK,20210219
0.077466,0.02492,0.067961,0.02647,103.0,Slovenia,SVN,SVN,20210219
0.130174,0.014967,0.127016,0.015124,496.0,South Africa,ZAF,ZAF,20210219
0.043434,0.011259,0.039735,0.011749,302.0,South Korea,KOR,KOR,20210219
0.107706,0.010408,0.108501,0.010374,894.0,Spain,ESP,ESP,20210219
0.085317,0.011648,0.10045,0.010825,667.0,Sweden,SWE,SWE,20210219
0.087721,0.01788,0.101399,0.016757,286.0,Switzerland,CHE,CHE,20210219
0.056126,0.00517,0.036474,0.006347,1316.0,Taiwan,TWN,TWN,20210219
0.112171,0.010559,0.091275,0.01157,745.0,Thailand,THA,THA,20210219
0.053283,0.014949,0.053097,0.014973,226.0,Tunisia,TUN,TUN,20210219
0.087234,0.01171,0.112483,0.010458,729.0,Turkey,TUR,TUR,20210219
0.093942,0.009216,0.093812,0.009221,1002.0,Ukraine,UKR,UKR,20210219
0.13779,0.015728,0.148438,0.015248,512.0,United Kingdom,GBR,GBR,20210219
0.079913,0.019104,0.098361,0.017395,244.0,Uruguay,URY,URY,20210219
0.102184,0.017871,0.123529,0.016451,340.0,Venezuela,VEN,VEN,20210219
0.110387,0.007257,0.102461,0.0075,1747.0,Vietnam,VNM,VNM,20210219
0.064859,0.016539,0.074803,0.015483,254.0,Algeria,DZA,DZA,20210220
0.084945,0.009104,0.092611,0.008755,1015.0,Argentina,ARG,ARG,20210220
0.098664,0.012229,0.085714,0.013027,525.0,Australia,AUS,AUS,20210220
0.111964,0.017777,0.109677,0.017938,310.0,Austria,AUT,AUT,20210220
0.084978,0.02016,0.072289,0.021708,166.0,Bangladesh,BGD,BGD,20210220
0.087705,0.025275,0.099291,0.023906,141.0,Belarus,BLR,BLR,20210220
0.10054,0.01794,0.101754,0.017844,285.0,Belgium,BEL,BEL,20210220
0.062703,0.016276,0.079422,0.014592,277.0,Bolivia,BOL,BOL,20210220
0.097446,0.00542,0.094255,0.005501,2907.0,Brazil,BRA,BRA,20210220
0.126795,0.021088,0.143885,0.019993,278.0,Bulgaria,BGR,BGR,20210220
0.10077,0.011235,0.115764,0.01057,812.0,Canada,CAN,CAN,20210220
0.106224,0.016508,0.112022,0.016128,366.0,Chile,CHL,CHL,20210220
0.104243,0.010599,0.097187,0.010934,782.0,Colombia,COL,COL,20210220
0.135456,0.029626,0.121951,0.030982,123.0,Costa Rica,CRI,CRI,20210220
0.150677,0.032121,0.164179,0.031019,134.0,Croatia,HRV,HRV,20210220
0.125152,0.01391,0.128028,0.013775,578.0,Czech Republic,CZE,CZE,20210220
0.117918,0.023275,0.115789,0.023459,190.0,Denmark,DNK,DNK,20210220
0.066884,0.022145,0.08642,0.019689,162.0,Dominican Republic,DOM,DOM,20210220
0.101202,0.01241,0.078556,0.013912,471.0,Ecuador,ECU,ECU,20210220
0.062603,0.010691,0.067273,0.010339,550.0,Egypt,EGY,EGY,20210220
0.118148,0.021107,0.085227,0.0244,176.0,El Salvador,SLV,SLV,20210220
0.101432,0.006153,0.098249,0.006241,2341.0,France,FRA,FRA,20210220
0.122536,0.007898,0.128548,0.007737,1797.0,Germany,DEU,DEU,20210220
0.073161,0.020545,0.059701,0.02258,134.0,Ghana,GHA,GHA,20210220
0.04937,0.01271,0.06701,0.011012,388.0,Greece,GRC,GRC,20210220
0.048575,0.019026,0.055172,0.017915,145.0,Guatemala,GTM,GTM,20210220
0.154572,0.02805,0.106557,0.032863,122.0,Honduras,HND,HND,20210220
0.061283,0.022687,0.070313,0.021283,128.0,Hong Kong,HKG,HKG,20210220
0.149348,0.013065,0.159898,0.012705,788.0,Hungary,HUN,HUN,20210220
0.101762,0.007333,0.09434,0.007584,1590.0,India,IND,IND,20210220
0.142235,0.012559,0.153098,0.012183,823.0,Indonesia,IDN,IDN,20210220
0.119213,0.013462,0.084309,0.0157,427.0,Iraq,IRQ,IRQ,20210220
0.069071,0.021668,0.08125,0.02011,160.0,Ireland,IRL,IRL,20210220
0.107998,0.008177,0.110659,0.00809,1473.0,Italy,ITA,ITA,20210220
0.097468,0.00416,0.093488,0.004238,4899.0,Japan,JPN,JPN,20210220
0.088513,0.02167,0.107317,0.019887,205.0,Jordan,JOR,JOR,20210220
0.132404,0.031901,0.136752,0.031469,117.0,Kazakhstan,KAZ,KAZ,20210220
0.099658,0.019511,0.091324,0.020288,219.0,Kenya,KEN,KEN,20210220
0.133927,0.01652,0.107649,0.018153,353.0,Malaysia,MYS,MYS,20210220
0.066415,0.004954,0.061786,0.005124,2363.0,Mexico,MEX,MEX,20210220
0.060558,0.025155,0.078261,0.022339,115.0,Nepal,NPL,NPL,20210220
0.130369,0.01486,0.147368,0.014116,570.0,Netherlands,NLD,NLD,20210220
0.063024,0.015821,0.071429,0.014928,266.0,New Zealand,NZL,NZL,20210220
0.113233,0.017611,0.092251,0.019285,271.0,Nigeria,NGA,NGA,20210220
0.071272,0.016272,0.081272,0.015321,283.0,Norway,NOR,NOR,20210220
0.070278,0.019034,0.091304,0.016891,230.0,Pakistan,PAK,PAK,20210220
0.083514,0.027066,0.089286,0.026259,112.0,Paraguay,PRY,PRY,20210220
0.110293,0.011545,0.083478,0.013075,575.0,Peru,PER,PER,20210220
0.096714,0.008461,0.075665,0.009456,978.0,Philippines,PHL,PHL,20210220
0.10342,0.012063,0.099187,0.012289,615.0,Poland,POL,POL,20210220
0.099972,0.011886,0.095082,0.012155,610.0,Portugal,PRT,PRT,20210220
0.098314,0.028374,0.136054,0.024641,147.0,"Puerto Rico, U.S.",PRI,PRI,20210220
0.157384,0.01763,0.1621,0.01742,438.0,Romania,ROU,ROU,20210220
0.166535,0.013657,0.185185,0.013099,810.0,Russia,RUS,RUS,20210220
0.087244,0.020441,0.082418,0.020975,182.0,Saudi Arabia,SAU,SAU,20210220
0.165127,0.026106,0.160804,0.026387,199.0,Serbia,SRB,SRB,20210220
0.119611,0.022263,0.152672,0.020086,262.0,Slovakia,SVK,SVK,20210220
0.099604,0.029861,0.109091,0.028684,110.0,Slovenia,SVN,SVN,20210220
0.068521,0.013983,0.082474,0.012842,388.0,South Africa,ZAF,ZAF,20210220
0.028028,0.009343,0.028391,0.009285,317.0,South Korea,KOR,KOR,20210220
0.095388,0.009977,0.094907,0.009999,864.0,Spain,ESP,ESP,20210220
0.125385,0.01323,0.127358,0.013141,636.0,Sweden,SWE,SWE,20210220
0.110525,0.018332,0.106007,0.018671,283.0,Switzerland,CHE,CHE,20210220
0.026314,0.004588,0.027516,0.00449,1272.0,Taiwan,TWN,TWN,20210220
0.081358,0.009761,0.081425,0.009758,786.0,Thailand,THA,THA,20210220
0.051346,0.017308,0.05618,0.016589,178.0,Tunisia,TUN,TUN,20210220
0.121613,0.011514,0.114024,0.01184,763.0,Turkey,TUR,TUR,20210220
0.105088,0.010039,0.107256,0.00995,951.0,Ukraine,UKR,UKR,20210220
0.10639,0.033933,0.135922,0.03053,103.0,United Arab Emirates,ARE,ARE,20210220
0.158498,0.016177,0.15748,0.016219,508.0,United Kingdom,GBR,GBR,20210220
0.080125,0.015911,0.073801,0.016522,271.0,Uruguay,URY,URY,20210220
0.111298,0.015922,0.106383,0.016241,376.0,Venezuela,VEN,VEN,20210220
0.0865,0.007509,0.099434,0.007054,1589.0,Vietnam,VNM,VNM,20210220
0.081769,0.018739,0.09205,0.017762,239.0,Algeria,DZA,DZA,20210221
0.07325,0.00792,0.07308,0.007928,1081.0,Argentina,ARG,ARG,20210221
0.103709,0.014046,0.118644,0.013243,531.0,Australia,AUS,AUS,20210221
0.13048,0.018797,0.138643,0.018321,339.0,Austria,AUT,AUT,20210221
0.105971,0.022212,0.093023,0.023538,172.0,Bangladesh,BGD,BGD,20210221
0.103882,0.025926,0.123457,0.024046,162.0,Belarus,BLR,BLR,20210221
0.166787,0.022152,0.179402,0.021523,301.0,Belgium,BEL,BEL,20210221
0.0447,0.013287,0.047059,0.012966,255.0,Bolivia,BOL,BOL,20210221
0.106027,0.005328,0.09981,0.005472,3166.0,Brazil,BRA,BRA,20210221
0.132122,0.020165,0.15142,0.019049,317.0,Bulgaria,BGR,BGR,20210221
0.133069,0.01128,0.131403,0.011341,898.0,Canada,CAN,CAN,20210221
0.088519,0.016146,0.100575,0.015249,348.0,Chile,CHL,CHL,20210221
0.059213,0.009016,0.069913,0.008345,801.0,Colombia,COL,COL,20210221
0.075532,0.019432,0.044248,0.024969,113.0,Costa Rica,CRI,CRI,20210221
0.123884,0.025508,0.11465,0.026377,157.0,Croatia,HRV,HRV,20210221
0.149358,0.014309,0.148627,0.014338,619.0,Czech Republic,CZE,CZE,20210221
0.109882,0.019996,0.105485,0.020358,237.0,Denmark,DNK,DNK,20210221
0.061689,0.020948,0.064748,0.02048,139.0,Dominican Republic,DOM,DOM,20210221
0.080268,0.011253,0.064718,0.012428,479.0,Ecuador,ECU,ECU,20210221
0.085675,0.010498,0.075591,0.011116,635.0,Egypt,EGY,EGY,20210221
0.093215,0.021384,0.089385,0.021791,179.0,El Salvador,SLV,SLV,20210221
0.088572,0.005853,0.087719,0.005879,2337.0,France,FRA,FRA,20210221
0.1167,0.007361,0.121642,0.00723,1973.0,Germany,DEU,DEU,20210221
0.091356,0.026608,0.100775,0.025466,129.0,Ghana,GHA,GHA,20210221
0.052994,0.012527,0.063325,0.011522,379.0,Greece,GRC,GRC,20210221
0.079121,0.020615,0.086022,0.019846,186.0,Guatemala,GTM,GTM,20210221
0.085281,0.023633,0.081481,0.024128,135.0,Honduras,HND,HND,20210221
0.065563,0.027202,0.084906,0.024155,106.0,Hong Kong,HKG,HKG,20210221
0.171588,0.013754,0.181703,0.013448,787.0,Hungary,HUN,HUN,20210221
0.107907,0.007493,0.107872,0.007494,1715.0,India,IND,IND,20210221
0.163887,0.012195,0.152698,0.01255,871.0,Indonesia,IDN,IDN,20210221
0.089455,0.014374,0.094203,0.014044,414.0,Iraq,IRQ,IRQ,20210221
0.119568,0.024625,0.110429,0.025492,163.0,Ireland,IRL,IRL,20210221
0.128364,0.00817,0.120353,0.008399,1587.0,Italy,ITA,ITA,20210221
0.085044,0.00406,0.08838,0.00399,4888.0,Japan,JPN,JPN,20210221
0.109291,0.020888,0.108108,0.020988,222.0,Jordan,JOR,JOR,20210221
0.131791,0.030076,0.144928,0.0289,138.0,Kazakhstan,KAZ,KAZ,20210221
0.081536,0.021499,0.089888,0.020569,178.0,Kenya,KEN,KEN,20210221
0.080154,0.013947,0.086207,0.013493,406.0,Malaysia,MYS,MYS,20210221
0.0524,0.004898,0.062346,0.004514,2438.0,Mexico,MEX,MEX,20210221
0.084998,0.028169,0.102564,0.025893,117.0,Nepal,NPL,NPL,20210221
0.126028,0.014269,0.135417,0.01384,576.0,Netherlands,NLD,NLD,20210221
0.077296,0.015486,0.077181,0.015496,298.0,New Zealand,NZL,NZL,20210221
0.056505,0.018916,0.101563,0.014459,256.0,Nigeria,NGA,NGA,20210221
0.076657,0.016427,0.087542,0.015464,297.0,Norway,NOR,NOR,20210221
0.063985,0.017783,0.08502,0.015603,247.0,Pakistan,PAK,PAK,20210221
0.11025,0.024775,0.097222,0.026191,144.0,Paraguay,PRY,PRY,20210221
0.124183,0.012087,0.090426,0.013899,564.0,Peru,PER,PER,20210221
0.098528,0.009221,0.084523,0.00988,911.0,Philippines,PHL,PHL,20210221
0.090978,0.011711,0.104956,0.010988,686.0,Poland,POL,POL,20210221
0.070351,0.00942,0.065312,0.00975,689.0,Portugal,PRT,PRT,20210221
0.088951,0.027533,0.112782,0.024778,133.0,"Puerto Rico, U.S.",PRI,PRI,20210221
0.151547,0.016363,0.143478,0.016737,460.0,Romania,ROU,ROU,20210221
0.167634,0.013468,0.188389,0.012865,844.0,Russia,RUS,RUS,20210221
0.142715,0.02473,0.107595,0.027916,158.0,Saudi Arabia,SAU,SAU,20210221
0.157102,0.024314,0.15625,0.024368,224.0,Serbia,SRB,SRB,20210221
0.11847,0.019437,0.114815,0.019704,270.0,Slovakia,SVK,SVK,20210221
0.093864,0.026015,0.07619,0.028598,105.0,Slovenia,SVN,SVN,20210221
0.081879,0.012286,0.080972,0.012348,494.0,South Africa,ZAF,ZAF,20210221
0.032727,0.011981,0.047468,0.010025,316.0,South Korea,KOR,KOR,20210221
0.103695,0.009435,0.088913,0.010106,911.0,Spain,ESP,ESP,20210221
0.097643,0.01154,0.10929,0.010979,732.0,Sweden,SWE,SWE,20210221
0.094772,0.017308,0.103226,0.016662,310.0,Switzerland,CHE,CHE,20210221
0.030544,0.004577,0.029369,0.004664,1362.0,Taiwan,TWN,TWN,20210221
0.071639,0.008516,0.063415,0.009011,820.0,Thailand,THA,THA,20210221
0.087888,0.018198,0.062147,0.021342,177.0,Tunisia,TUN,TUN,20210221
0.127847,0.011431,0.122573,0.01164,824.0,Turkey,TUR,TUR,20210221
0.113606,0.009768,0.112069,0.009826,1044.0,Ukraine,UKR,UKR,20210221
0.132403,0.014183,0.140962,0.013814,603.0,United Kingdom,GBR,GBR,20210221
0.077936,0.016317,0.075758,0.01653,264.0,Uruguay,URY,URY,20210221
0.080799,0.014924,0.086835,0.014444,357.0,Venezuela,VEN,VEN,20210221
0.088404,0.007661,0.106238,0.007057,1619.0,Vietnam,VNM,VNM,20210221
0.061802,0.019753,0.090047,0.016616,211.0,Algeria,DZA,DZA,20210222
0.080867,0.008016,0.084577,0.007854,1206.0,Argentina,ARG,ARG,20210222
0.089857,0.012656,0.090909,0.012589,517.0,Australia,AUS,AUS,20210222
0.152408,0.019933,0.147799,0.020187,318.0,Austria,AUT,AUT,20210222
0.102382,0.021969,0.091954,0.023048,174.0,Bangladesh,BGD,BGD,20210222
0.063641,0.022015,0.08589,0.019179,163.0,Belarus,BLR,BLR,20210222
0.114601,0.017499,0.117647,0.017301,340.0,Belgium,BEL,BEL,20210222
0.061722,0.015627,0.076125,0.01418,289.0,Bolivia,BOL,BOL,20210222
0.103979,0.005054,0.097801,0.005193,3456.0,Brazil,BRA,BRA,20210222
0.162845,0.021046,0.162338,0.021073,308.0,Bulgaria,BGR,BGR,20210222
0.147341,0.01168,0.138952,0.011969,878.0,Canada,CAN,CAN,20210222
0.125346,0.015647,0.117647,0.01608,425.0,Chile,CHL,CHL,20210222
0.100643,0.009463,0.090909,0.009903,924.0,Colombia,COL,COL,20210222
0.063269,0.020435,0.066667,0.019944,150.0,Costa Rica,CRI,CRI,20210222
0.12696,0.025506,0.118012,0.02632,161.0,Croatia,HRV,HRV,20210222
0.125104,0.013483,0.128247,0.013341,616.0,Czech Republic,CZE,CZE,20210222
0.107166,0.020285,0.104803,0.020485,229.0,Denmark,DNK,DNK,20210222
0.063032,0.019711,0.060811,0.020044,148.0,Dominican Republic,DOM,DOM,20210222
0.096103,0.012398,0.091912,0.012648,544.0,Ecuador,ECU,ECU,20210222
0.098745,0.01234,0.102479,0.012138,605.0,Egypt,EGY,EGY,20210222
0.058811,0.01632,0.055556,0.016762,198.0,El Salvador,SLV,SLV,20210222
0.062491,0.021692,0.049505,0.024205,101.0,Finland,FIN,FIN,20210222
0.090461,0.005805,0.091973,0.005762,2479.0,France,FRA,FRA,20210222
0.122014,0.007562,0.128008,0.007408,1953.0,Germany,DEU,DEU,20210222
0.124167,0.026467,0.115646,0.027292,147.0,Ghana,GHA,GHA,20210222
0.083648,0.014203,0.082447,0.014297,376.0,Greece,GRC,GRC,20210222
0.033679,0.017597,0.057143,0.013676,175.0,Guatemala,GTM,GTM,20210222
0.096991,0.025106,0.098592,0.024923,142.0,Honduras,HND,HND,20210222
0.06802,0.026243,0.090909,0.022984,121.0,Hong Kong,HKG,HKG,20210222
0.191136,0.014605,0.202114,0.0143,757.0,Hungary,HUN,HUN,20210222
0.093069,0.006748,0.088235,0.006911,1768.0,India,IND,IND,20210222
0.183423,0.012607,0.165517,0.013129,870.0,Indonesia,IDN,IDN,20210222
0.100263,0.017545,0.125698,0.015896,358.0,Iraq,IRQ,IRQ,20210222
0.097418,0.027533,0.112782,0.025809,133.0,Ireland,IRL,IRL,20210222
0.234395,0.042295,0.23,0.042575,100.0,Israel,ISR,ISR,20210222
0.118853,0.008248,0.113144,0.008426,1476.0,Italy,ITA,ITA,20210222
0.091691,0.00396,0.08774,0.004039,5106.0,Japan,JPN,JPN,20210222
0.098142,0.018657,0.084821,0.019923,224.0,Jordan,JOR,JOR,20210222
0.185497,0.033212,0.157025,0.035483,121.0,Kazakhstan,KAZ,KAZ,20210222
0.060234,0.018319,0.073529,0.016699,204.0,Kenya,KEN,KEN,20210222
0.073172,0.029868,0.09901,0.026042,101.0,Libya,LBY,LBY,20210222
0.107936,0.016146,0.110818,0.01596,379.0,Malaysia,MYS,MYS,20210222
0.080825,0.005034,0.06921,0.005406,2543.0,Mexico,MEX,MEX,20210222
0.258426,0.034057,0.151786,0.041551,112.0,Morocco,MAR,MAR,20210222
0.049222,0.022584,0.061404,0.020351,114.0,Nepal,NPL,NPL,20210222
0.13046,0.01423,0.142384,0.013716,604.0,Netherlands,NLD,NLD,20210222
0.110743,0.018921,0.113475,0.018721,282.0,New Zealand,NZL,NZL,20210222
0.124493,0.019146,0.109023,0.020281,266.0,Nigeria,NGA,NGA,20210222
0.077672,0.016402,0.085616,0.01569,292.0,Norway,NOR,NOR,20210222
0.136594,0.021228,0.123967,0.022121,242.0,Pakistan,PAK,PAK,20210222
0.113506,0.028762,0.09,0.031881,100.0,Panama,PAN,PAN,20210222
0.126171,0.023633,0.081481,0.028684,135.0,Paraguay,PRY,PRY,20210222
0.093858,0.010002,0.073421,0.011184,681.0,Peru,PER,PER,20210222
0.075309,0.008363,0.073695,0.008447,977.0,Philippines,PHL,PHL,20210222
0.104872,0.011502,0.101449,0.011672,690.0,Poland,POL,POL,20210222
0.06929,0.01108,0.069811,0.011041,530.0,Portugal,PRT,PRT,20210222
0.085528,0.023971,0.097403,0.02261,154.0,"Puerto Rico, U.S.",PRI,PRI,20210222
0.147012,0.016423,0.142857,0.01662,455.0,Romania,ROU,ROU,20210222
0.17184,0.013845,0.20331,0.012978,846.0,Russia,RUS,RUS,20210222
0.059285,0.023536,0.095541,0.018908,157.0,Saudi Arabia,SAU,SAU,20210222
0.122378,0.023621,0.128713,0.023116,202.0,Serbia,SRB,SRB,20210222
0.135364,0.021407,0.133858,0.021508,254.0,Slovakia,SVK,SVK,20210222
0.113816,0.014411,0.100686,0.01521,437.0,South Africa,ZAF,ZAF,20210222
0.057255,0.009395,0.03012,0.01277,332.0,South Korea,KOR,KOR,20210222
0.10374,0.009902,0.098901,0.010114,910.0,Spain,ESP,ESP,20210222
0.082654,0.02849,0.089109,0.027536,101.0,Sudan,SDN,SDN,20210222
0.121271,0.013046,0.137536,0.012365,698.0,Sweden,SWE,SWE,20210222
0.12716,0.018933,0.129747,0.018771,316.0,Switzerland,CHE,CHE,20210222
0.046557,0.005483,0.039137,0.005957,1252.0,Taiwan,TWN,TWN,20210222
0.081556,0.009955,0.083117,0.009869,770.0,Thailand,THA,THA,20210222
0.04539,0.014459,0.041667,0.015062,192.0,Tunisia,TUN,TUN,20210222
0.08293,0.011096,0.102013,0.01011,745.0,Turkey,TUR,TUR,20210222
0.099324,0.009473,0.103946,0.009284,1039.0,Ukraine,UKR,UKR,20210222
0.143312,0.014914,0.142077,0.014968,549.0,United Kingdom,GBR,GBR,20210222
0.094858,0.016817,0.091525,0.017089,295.0,Uruguay,URY,URY,20210222
0.086722,0.013544,0.077121,0.014287,389.0,Venezuela,VEN,VEN,20210222
0.118038,0.007765,0.102681,0.008254,1529.0,Vietnam,VNM,VNM,20210222
0.157984,0.021437,0.136187,0.022795,257.0,Algeria,DZA,DZA,20210223
0.089979,0.008751,0.09417,0.008573,1115.0,Argentina,ARG,ARG,20210223
0.125334,0.013134,0.113208,0.013724,583.0,Australia,AUS,AUS,20210223
0.118932,0.01904,0.119863,0.018976,292.0,Austria,AUT,AUT,20210223
0.121681,0.022975,0.096386,0.02545,166.0,Bangladesh,BGD,BGD,20210223
0.083172,0.025491,0.111111,0.022398,153.0,Belarus,BLR,BLR,20210223
0.112294,0.017486,0.111111,0.017568,324.0,Belgium,BEL,BEL,20210223
0.085173,0.015823,0.075269,0.016742,279.0,Bolivia,BOL,BOL,20210223
0.108007,0.005234,0.104338,0.005315,3412.0,Brazil,BRA,BRA,20210223
0.186186,0.022595,0.181507,0.022819,292.0,Bulgaria,BGR,BGR,20210223
0.118307,0.011543,0.136569,0.010857,886.0,Canada,CAN,CAN,20210223
0.12064,0.015823,0.113861,0.016225,404.0,Chile,CHL,CHL,20210223
0.075688,0.008443,0.066514,0.008962,872.0,Colombia,COL,COL,20210223
0.044151,0.016434,0.037313,0.017813,134.0,Costa Rica,CRI,CRI,20210223
0.198185,0.030874,0.193939,0.031128,165.0,Croatia,HRV,HRV,20210223
0.12269,0.013011,0.119163,0.013176,621.0,Czech Republic,CZE,CZE,20210223
0.113868,0.020237,0.106838,0.02081,234.0,Denmark,DNK,DNK,20210223
0.153736,0.030076,0.144928,0.030816,138.0,Dominican Republic,DOM,DOM,20210223
0.111169,0.012683,0.092131,0.013785,521.0,Ecuador,ECU,ECU,20210223
0.064532,0.00976,0.064567,0.009758,635.0,Egypt,EGY,EGY,20210223
0.101003,0.015525,0.050251,0.021415,199.0,El Salvador,SLV,SLV,20210223
0.10579,0.00615,0.102627,0.006233,2436.0,France,FRA,FRA,20210223
0.115539,0.007498,0.126839,0.007202,1971.0,Germany,DEU,DEU,20210223
0.158379,0.030277,0.145985,0.031307,137.0,Ghana,GHA,GHA,20210223
0.077159,0.014229,0.08399,0.013689,381.0,Greece,GRC,GRC,20210223
0.02459,0.013891,0.04,0.010979,200.0,Guatemala,GTM,GTM,20210223
0.089765,0.027073,0.098361,0.025986,122.0,Honduras,HND,HND,20210223
0.091848,0.028399,0.103448,0.026932,116.0,Hong Kong,HKG,HKG,20210223
0.17598,0.014032,0.189501,0.013635,781.0,Hungary,HUN,HUN,20210223
0.139292,0.007878,0.1288,0.008143,1809.0,India,IND,IND,20210223
0.167991,0.012106,0.1521,0.012603,881.0,Indonesia,IDN,IDN,20210223
0.050004,0.013488,0.074074,0.011225,378.0,Iraq,IRQ,IRQ,20210223
0.109076,0.022957,0.089744,0.025039,156.0,Ireland,IRL,IRL,20210223
0.134943,0.008453,0.120189,0.008881,1481.0,Italy,ITA,ITA,20210223
0.095131,0.0042,0.090343,0.004298,4660.0,Japan,JPN,JPN,20210223
0.058693,0.017578,0.067961,0.016417,206.0,Jordan,JOR,JOR,20210223
0.097806,0.026467,0.115646,0.024584,147.0,Kazakhstan,KAZ,KAZ,20210223
0.058851,0.016242,0.052632,0.017119,190.0,Kenya,KEN,KEN,20210223
0.108916,0.015448,0.100264,0.016024,379.0,Malaysia,MYS,MYS,20210223
0.060585,0.004876,0.065555,0.0047,2578.0,Mexico,MEX,MEX,20210223
0.072991,0.026256,0.076923,0.025631,104.0,Morocco,MAR,MAR,20210223
0.045134,0.024874,0.072727,0.019884,110.0,Nepal,NPL,NPL,20210223
0.159661,0.015065,0.157265,0.015157,585.0,Netherlands,NLD,NLD,20210223
0.100319,0.016323,0.101744,0.016221,344.0,New Zealand,NZL,NZL,20210223
0.073427,0.028223,0.088235,0.025954,102.0,Nicaragua,NIC,NIC,20210223
0.098142,0.018291,0.1,0.018139,270.0,Nigeria,NGA,NGA,20210223
0.109529,0.017205,0.095563,0.018276,293.0,Norway,NOR,NOR,20210223
0.090645,0.017293,0.084615,0.01784,260.0,Pakistan,PAK,PAK,20210223
0.093568,0.020304,0.066225,0.023779,151.0,Paraguay,PRY,PRY,20210223
0.065763,0.009805,0.068862,0.009597,668.0,Peru,PER,PER,20210223
0.091678,0.008472,0.073607,0.009362,951.0,Philippines,PHL,PHL,20210223
0.115207,0.011862,0.10951,0.012128,694.0,Poland,POL,POL,20210223
0.079485,0.011201,0.073529,0.011608,544.0,Portugal,PRT,PRT,20210223
0.071438,0.024412,0.088235,0.022167,136.0,"Puerto Rico, U.S.",PRI,PRI,20210223
0.14914,0.016528,0.145055,0.016719,455.0,Romania,ROU,ROU,20210223
0.199983,0.012754,0.183983,0.013166,924.0,Russia,RUS,RUS,20210223
0.151326,0.02708,0.125828,0.029261,151.0,Saudi Arabia,SAU,SAU,20210223
0.156945,0.023454,0.152542,0.023728,236.0,Serbia,SRB,SRB,20210223
0.110334,0.019847,0.113281,0.01962,256.0,Slovakia,SVK,SVK,20210223
0.143754,0.035241,0.152381,0.034403,105.0,Slovenia,SVN,SVN,20210223
0.107682,0.013982,0.106557,0.014046,488.0,South Africa,ZAF,ZAF,20210223
0.069088,0.014379,0.066445,0.014642,301.0,South Korea,KOR,KOR,20210223
0.100449,0.009829,0.090376,0.010304,852.0,Spain,ESP,ESP,20210223
0.093318,0.011181,0.098453,0.010916,711.0,Sweden,SWE,SWE,20210223
0.076605,0.013337,0.066092,0.014278,348.0,Switzerland,CHE,CHE,20210223
0.034579,0.003861,0.019878,0.005054,1308.0,Taiwan,TWN,TWN,20210223
0.08074,0.009186,0.073892,0.009567,812.0,Thailand,THA,THA,20210223
0.045378,0.018728,0.057692,0.016718,156.0,Tunisia,TUN,TUN,20210223
0.113431,0.011339,0.116915,0.011191,804.0,Turkey,TUR,TUR,20210223
0.100203,0.009395,0.106047,0.009162,1075.0,Ukraine,UKR,UKR,20210223
0.12773,0.015537,0.136735,0.015094,490.0,United Kingdom,GBR,GBR,20210223
0.092278,0.01759,0.099656,0.016995,291.0,Uruguay,URY,URY,20210223
0.045921,0.012154,0.061381,0.010599,391.0,Venezuela,VEN,VEN,20210223
0.100095,0.007778,0.09157,0.008094,1376.0,Vietnam,VNM,VNM,20210223
