pct_hes_sideeffects,hes_sideeffects_se,pct_hes_sideeffects_unw,hes_sideeffects_se_unw,sample_size,country,iso_code,gid_0,survey_date
0.466245,0.032261,0.514523,0.032201,241.0,Algeria,DZA,DZA,20210206
0.48015,0.015497,0.501919,0.015485,1042.0,Argentina,ARG,ARG,20210206
0.547448,0.020392,0.541806,0.020371,598.0,Australia,AUS,AUS,20210206
0.460805,0.033113,0.497817,0.033011,229.0,Austria,AUT,AUT,20210206
0.39226,0.034469,0.373737,0.034787,198.0,Bangladesh,BGD,BGD,20210206
0.462748,0.042865,0.544118,0.042914,136.0,Belarus,BLR,BLR,20210206
0.545749,0.03001,0.537906,0.02997,277.0,Belgium,BEL,BEL,20210206
0.517458,0.028715,0.531353,0.028754,303.0,Bolivia,BOL,BOL,20210206
0.483866,0.009738,0.493364,0.009734,2637.0,Brazil,BRA,BRA,20210206
0.415864,0.031439,0.446215,0.031172,251.0,Bulgaria,BGR,BGR,20210206
0.537337,0.017787,0.571613,0.017922,775.0,Canada,CAN,CAN,20210206
0.6224,0.023301,0.605442,0.023111,441.0,Chile,CHL,CHL,20210206
0.670143,0.01501,0.65998,0.014898,997.0,Colombia,COL,COL,20210206
0.560204,0.049446,0.574257,0.049636,101.0,Costa Rica,CRI,CRI,20210206
0.504353,0.042003,0.464789,0.042106,142.0,Croatia,HRV,HRV,20210206
0.409719,0.022967,0.43133,0.022806,466.0,Czech Republic,CZE,CZE,20210206
0.530696,0.036656,0.537634,0.036691,186.0,Denmark,DNK,DNK,20210206
0.586749,0.039343,0.592357,0.039425,157.0,Dominican Republic,DOM,DOM,20210206
0.579918,0.024709,0.58,0.024709,400.0,Ecuador,ECU,ECU,20210206
0.592739,0.021438,0.574109,0.021302,533.0,Egypt,EGY,EGY,20210206
0.616761,0.036704,0.619318,0.036751,176.0,El Salvador,SLV,SLV,20210206
0.513918,0.010833,0.512676,0.010832,2130.0,France,FRA,FRA,20210206
0.536422,0.012159,0.545292,0.012177,1678.0,Germany,DEU,DEU,20210206
0.590577,0.040079,0.610738,0.04042,149.0,Ghana,GHA,GHA,20210206
0.4996,0.02516,0.524051,0.02519,395.0,Greece,GRC,GRC,20210206
0.564581,0.037946,0.60479,0.038482,167.0,Guatemala,GTM,GTM,20210206
0.656318,0.040669,0.647482,0.040429,139.0,Honduras,HND,HND,20210206
0.609948,0.046423,0.59292,0.046089,113.0,Hong Kong,HKG,HKG,20210206
0.48625,0.021901,0.490421,0.021897,522.0,Hungary,HUN,HUN,20210206
0.331412,0.012512,0.350962,0.01234,1456.0,India,IND,IND,20210206
0.482762,0.01722,0.496445,0.017211,844.0,Indonesia,IDN,IDN,20210206
0.535996,0.030312,0.490842,0.030238,273.0,Iraq,IRQ,IRQ,20210206
0.49976,0.045254,0.487805,0.045268,123.0,Ireland,IRL,IRL,20210206
0.465799,0.042713,0.507246,0.042618,138.0,Israel,ISR,ISR,20210206
0.457044,0.014206,0.463098,0.014192,1233.0,Italy,ITA,ITA,20210206
0.608748,0.006541,0.59277,0.006497,5643.0,Japan,JPN,JPN,20210206
0.492929,0.042846,0.481752,0.04287,137.0,Jordan,JOR,JOR,20210206
0.460753,0.046563,0.474138,0.046481,116.0,Kazakhstan,KAZ,KAZ,20210206
0.57404,0.038741,0.582822,0.038851,163.0,Kenya,KEN,KEN,20210206
0.525605,0.046529,0.556522,0.046768,115.0,Lebanon,LBN,LBN,20210206
0.508669,0.024992,0.551637,0.025122,397.0,Malaysia,MYS,MYS,20210206
0.573751,0.00974,0.589965,0.009793,2551.0,Mexico,MEX,MEX,20210206
0.653051,0.050091,0.54,0.04784,100.0,Morocco,MAR,MAR,20210206
0.287553,0.044346,0.333333,0.042579,114.0,Nepal,NPL,NPL,20210206
0.457737,0.023573,0.442697,0.023644,445.0,Netherlands,NLD,NLD,20210206
0.480709,0.033352,0.471111,0.033383,225.0,New Zealand,NZL,NZL,20210206
0.603665,0.029817,0.561151,0.029389,278.0,Nigeria,NGA,NGA,20210206
0.56438,0.03116,0.579365,0.031297,252.0,Norway,NOR,NOR,20210206
0.374862,0.034357,0.34715,0.034936,193.0,Pakistan,PAK,PAK,20210206
0.438193,0.045809,0.483333,0.045483,120.0,Paraguay,PRY,PRY,20210206
0.566565,0.019032,0.57164,0.01906,677.0,Peru,PER,PER,20210206
0.656141,0.016259,0.702908,0.0169,791.0,Philippines,PHL,PHL,20210206
0.567452,0.022117,0.5666,0.022112,503.0,Poland,POL,POL,20210206
0.440146,0.020449,0.426621,0.020524,586.0,Portugal,PRT,PRT,20210206
0.713204,0.044241,0.614754,0.041115,122.0,"Puerto Rico, U.S.",PRI,PRI,20210206
0.475577,0.024367,0.475059,0.024368,421.0,Romania,ROU,ROU,20210206
0.455623,0.017459,0.447044,0.017488,812.0,Russia,RUS,RUS,20210206
0.553752,0.036661,0.497326,0.036449,187.0,Saudi Arabia,SAU,SAU,20210206
0.434607,0.032733,0.4,0.033121,225.0,Serbia,SRB,SRB,20210206
0.471774,0.034738,0.485577,0.034697,208.0,Slovakia,SVK,SVK,20210206
0.516656,0.050212,0.52,0.050224,100.0,Slovenia,SVN,SVN,20210206
0.571038,0.025341,0.558442,0.025257,385.0,South Africa,ZAF,ZAF,20210206
0.68807,0.025465,0.658046,0.02487,348.0,South Korea,KOR,KOR,20210206
0.48573,0.016086,0.494312,0.016081,967.0,Spain,ESP,ESP,20210206
0.551771,0.019926,0.561997,0.019973,621.0,Sweden,SWE,SWE,20210206
0.508808,0.027821,0.5,0.027816,324.0,Switzerland,CHE,CHE,20210206
0.588932,0.013968,0.603912,0.014052,1227.0,Taiwan,TWN,TWN,20210206
0.547758,0.017158,0.580918,0.017307,828.0,Thailand,THA,THA,20210206
0.699693,0.035272,0.636364,0.033611,187.0,Tunisia,TUN,TUN,20210206
0.464637,0.017497,0.440447,0.017579,806.0,Turkey,TUR,TUR,20210206
0.452946,0.016443,0.486486,0.016376,925.0,Ukraine,UKR,UKR,20210206
0.468274,0.021677,0.49531,0.021634,533.0,United Kingdom,GBR,GBR,20210206
0.584993,0.030809,0.583658,0.030795,257.0,Uruguay,URY,URY,20210206
0.581971,0.026105,0.589888,0.026178,356.0,Venezuela,VEN,VEN,20210206
0.404861,0.01321,0.44311,0.013054,1415.0,Vietnam,VNM,VNM,20210206
0.54783,0.032241,0.477178,0.032127,241.0,Algeria,DZA,DZA,20210207
0.495821,0.015069,0.499093,0.015068,1102.0,Argentina,ARG,ARG,20210207
0.520007,0.02034,0.550918,0.02043,599.0,Australia,AUS,AUS,20210207
0.518998,0.029617,0.529825,0.029648,285.0,Austria,AUT,AUT,20210207
0.411498,0.032054,0.433333,0.031832,240.0,Bangladesh,BGD,BGD,20210207
0.532312,0.038026,0.552326,0.038156,172.0,Belarus,BLR,BLR,20210207
0.577079,0.028507,0.567657,0.028428,303.0,Belgium,BEL,BEL,20210207
0.489872,0.030052,0.527076,0.03009,277.0,Bolivia,BOL,BOL,20210207
0.4926,0.00985,0.487578,0.009852,2576.0,Brazil,BRA,BRA,20210207
0.454818,0.028928,0.474916,0.028846,299.0,Bulgaria,BGR,BGR,20210207
0.567492,0.01659,0.573034,0.016616,890.0,Canada,CAN,CAN,20210207
0.611714,0.023088,0.610738,0.023077,447.0,Chile,CHL,CHL,20210207
0.593642,0.015641,0.610483,0.015754,973.0,Colombia,COL,COL,20210207
0.530641,0.039739,0.522013,0.039703,159.0,Croatia,HRV,HRV,20210207
0.451677,0.023232,0.437637,0.023305,457.0,Czech Republic,CZE,CZE,20210207
0.558774,0.034815,0.587065,0.03511,201.0,Denmark,DNK,DNK,20210207
0.594262,0.039436,0.585987,0.039314,157.0,Dominican Republic,DOM,DOM,20210207
0.593108,0.02488,0.589286,0.024844,392.0,Ecuador,ECU,ECU,20210207
0.570486,0.022453,0.574074,0.022477,486.0,Egypt,EGY,EGY,20210207
0.708937,0.034109,0.670157,0.032955,191.0,El Salvador,SLV,SLV,20210207
0.535561,0.010378,0.532872,0.010375,2312.0,France,FRA,FRA,20210207
0.538962,0.011987,0.542824,0.011995,1728.0,Germany,DEU,DEU,20210207
0.579649,0.042074,0.57554,0.042019,139.0,Ghana,GHA,GHA,20210207
0.541869,0.024656,0.561576,0.024758,406.0,Greece,GRC,GRC,20210207
0.602585,0.041139,0.57931,0.04078,145.0,Guatemala,GTM,GTM,20210207
0.597248,0.038433,0.628931,0.039018,159.0,Honduras,HND,HND,20210207
0.65513,0.045378,0.631579,0.044715,114.0,Hong Kong,HKG,HKG,20210207
0.501563,0.020248,0.518033,0.020261,610.0,Hungary,HUN,HUN,20210207
0.33551,0.012994,0.359707,0.012785,1365.0,India,IND,IND,20210207
0.439642,0.017493,0.469939,0.017397,815.0,Indonesia,IDN,IDN,20210207
0.467238,0.032574,0.474576,0.032546,236.0,Iraq,IRQ,IRQ,20210207
0.618691,0.042542,0.613636,0.042437,132.0,Ireland,IRL,IRL,20210207
0.490721,0.043489,0.518797,0.043512,133.0,Israel,ISR,ISR,20210207
0.44916,0.013563,0.440716,0.013588,1341.0,Italy,ITA,ITA,20210207
0.602121,0.006908,0.582385,0.006856,5098.0,Japan,JPN,JPN,20210207
0.482126,0.041379,0.503401,0.041354,147.0,Jordan,JOR,JOR,20210207
0.515108,0.04846,0.46729,0.048542,107.0,Kazakhstan,KAZ,KAZ,20210207
0.59917,0.039069,0.552147,0.038503,163.0,Kenya,KEN,KEN,20210207
0.584829,0.04657,0.570175,0.046354,114.0,Lebanon,LBN,LBN,20210207
0.514706,0.025652,0.53562,0.025706,379.0,Malaysia,MYS,MYS,20210207
0.570975,0.009974,0.587608,0.010028,2437.0,Mexico,MEX,MEX,20210207
0.392278,0.045893,0.336449,0.047424,107.0,Nepal,NPL,NPL,20210207
0.469595,0.024293,0.453682,0.024352,421.0,Netherlands,NLD,NLD,20210207
0.476386,0.03089,0.498099,0.030856,263.0,New Zealand,NZL,NZL,20210207
0.474422,0.029513,0.503472,0.029475,288.0,Nigeria,NGA,NGA,20210207
0.493583,0.029827,0.496454,0.029825,282.0,Norway,NOR,NOR,20210207
0.394291,0.031171,0.366667,0.031611,240.0,Pakistan,PAK,PAK,20210207
0.511203,0.044193,0.496124,0.044183,129.0,Paraguay,PRY,PRY,20210207
0.538779,0.019128,0.566964,0.019244,672.0,Peru,PER,PER,20210207
0.648004,0.016355,0.686957,0.016843,805.0,Philippines,PHL,PHL,20210207
0.507842,0.020308,0.509061,0.020309,607.0,Poland,POL,POL,20210207
0.42159,0.019721,0.444969,0.019596,636.0,Portugal,PRT,PRT,20210207
0.583071,0.04243,0.557971,0.042124,138.0,"Puerto Rico, U.S.",PRI,PRI,20210207
0.449892,0.025186,0.491139,0.025063,395.0,Romania,ROU,ROU,20210207
0.443,0.017073,0.42055,0.01718,837.0,Russia,RUS,RUS,20210207
0.390025,0.041281,0.401408,0.041076,142.0,Saudi Arabia,SAU,SAU,20210207
0.359183,0.035321,0.375661,0.03499,189.0,Serbia,SRB,SRB,20210207
0.467577,0.033203,0.455752,0.033263,226.0,Slovakia,SVK,SVK,20210207
0.528311,0.024078,0.526682,0.024073,431.0,South Africa,ZAF,ZAF,20210207
0.678717,0.027287,0.688581,0.027516,289.0,South Korea,KOR,KOR,20210207
0.507821,0.015577,0.491756,0.015578,1031.0,Spain,ESP,ESP,20210207
0.545107,0.018584,0.580737,0.018754,706.0,Sweden,SWE,SWE,20210207
0.461716,0.027586,0.435185,0.027739,324.0,Switzerland,CHE,CHE,20210207
0.549389,0.014309,0.584667,0.014448,1187.0,Taiwan,TWN,TWN,20210207
0.589583,0.017644,0.579082,0.017579,784.0,Thailand,THA,THA,20210207
0.648011,0.030818,0.641975,0.030701,243.0,Tunisia,TUN,TUN,20210207
0.494768,0.017783,0.458015,0.017845,786.0,Turkey,TUR,TUR,20210207
0.509675,0.016164,0.515152,0.016168,957.0,Ukraine,UKR,UKR,20210207
0.479022,0.020736,0.486254,0.020725,582.0,United Kingdom,GBR,GBR,20210207
0.620361,0.031105,0.613821,0.031004,246.0,Uruguay,URY,URY,20210207
0.57887,0.026231,0.629412,0.026816,340.0,Venezuela,VEN,VEN,20210207
0.388696,0.0135,0.428996,0.013296,1345.0,Vietnam,VNM,VNM,20210207
0.500978,0.033541,0.484305,0.033558,223.0,Algeria,DZA,DZA,20210208
0.511094,0.014305,0.512275,0.014306,1222.0,Argentina,ARG,ARG,20210208
0.547358,0.020909,0.55477,0.020941,566.0,Australia,AUS,AUS,20210208
0.474369,0.03089,0.498099,0.030849,263.0,Austria,AUT,AUT,20210208
0.362781,0.032906,0.427313,0.031983,227.0,Bangladesh,BGD,BGD,20210208
0.454768,0.042172,0.531915,0.042084,141.0,Belarus,BLR,BLR,20210208
0.528649,0.029045,0.533784,0.029063,296.0,Belgium,BEL,BEL,20210208
0.591206,0.028207,0.590164,0.028196,305.0,Bolivia,BOL,BOL,20210208
0.491231,0.009543,0.505098,0.009542,2746.0,Brazil,BRA,BRA,20210208
0.414703,0.029101,0.416667,0.029081,288.0,Bulgaria,BGR,BGR,20210208
0.563062,0.017687,0.577465,0.01776,781.0,Canada,CAN,CAN,20210208
0.636286,0.022518,0.646018,0.022653,452.0,Chile,CHL,CHL,20210208
0.610738,0.01518,0.618537,0.015237,1025.0,Colombia,COL,COL,20210208
0.594613,0.048526,0.571429,0.048143,105.0,Costa Rica,CRI,CRI,20210208
0.472809,0.041331,0.452055,0.041461,146.0,Croatia,HRV,HRV,20210208
0.452903,0.02375,0.474041,0.023677,443.0,Czech Republic,CZE,CZE,20210208
0.476783,0.035007,0.497561,0.034969,205.0,Denmark,DNK,DNK,20210208
0.637831,0.03897,0.649007,0.039243,151.0,Dominican Republic,DOM,DOM,20210208
0.639011,0.023439,0.630588,0.023325,425.0,Ecuador,ECU,ECU,20210208
0.48938,0.022437,0.528226,0.022468,496.0,Egypt,EGY,EGY,20210208
0.62876,0.032853,0.721925,0.035425,187.0,El Salvador,SLV,SLV,20210208
0.509251,0.010663,0.533333,0.010685,2190.0,France,FRA,FRA,20210208
0.525437,0.012325,0.540342,0.012349,1636.0,Germany,DEU,DEU,20210208
0.63553,0.037188,0.616279,0.036804,172.0,Ghana,GHA,GHA,20210208
0.523458,0.025011,0.559494,0.025162,395.0,Greece,GRC,GRC,20210208
0.572318,0.041752,0.597122,0.042115,139.0,Guatemala,GTM,GTM,20210208
0.585889,0.038855,0.613924,0.039311,158.0,Honduras,HND,HND,20210208
0.489913,0.020652,0.492334,0.020651,587.0,Hungary,HUN,HUN,20210208
0.333042,0.013363,0.361176,0.013112,1293.0,India,IND,IND,20210208
0.45764,0.017299,0.468187,0.017272,833.0,Indonesia,IDN,IDN,20210208
0.477751,0.031592,0.478088,0.031591,251.0,Iraq,IRQ,IRQ,20210208
0.624851,0.041424,0.607143,0.041066,140.0,Ireland,IRL,IRL,20210208
0.617997,0.047661,0.583333,0.046972,108.0,Israel,ISR,ISR,20210208
0.474244,0.013607,0.492228,0.01359,1351.0,Italy,ITA,ITA,20210208
0.606693,0.007155,0.589467,0.007105,4728.0,Japan,JPN,JPN,20210208
0.413424,0.042713,0.492754,0.042073,138.0,Jordan,JOR,JOR,20210208
0.544719,0.04697,0.585586,0.047482,111.0,Kazakhstan,KAZ,KAZ,20210208
0.537596,0.041909,0.524476,0.04184,143.0,Kenya,KEN,KEN,20210208
0.577142,0.025305,0.608579,0.025613,373.0,Malaysia,MYS,MYS,20210208
0.555971,0.009795,0.566797,0.009822,2560.0,Mexico,MEX,MEX,20210208
0.480537,0.047345,0.441441,0.047637,111.0,Morocco,MAR,MAR,20210208
0.376097,0.043763,0.338983,0.044783,118.0,Nepal,NPL,NPL,20210208
0.481534,0.022657,0.454545,0.022735,484.0,Netherlands,NLD,NLD,20210208
0.547444,0.031838,0.54065,0.0318,246.0,New Zealand,NZL,NZL,20210208
0.566631,0.031496,0.531746,0.031278,252.0,Nigeria,NGA,NGA,20210208
0.584523,0.030006,0.571429,0.029881,273.0,Norway,NOR,NOR,20210208
0.387226,0.032606,0.391111,0.032547,225.0,Pakistan,PAK,PAK,20210208
0.397983,0.044721,0.5,0.043781,126.0,Paraguay,PRY,PRY,20210208
0.603844,0.019244,0.62916,0.019486,631.0,Peru,PER,PER,20210208
0.692477,0.016044,0.711779,0.016346,798.0,Philippines,PHL,PHL,20210208
0.55992,0.021496,0.557009,0.021481,535.0,Poland,POL,POL,20210208
0.415726,0.02056,0.427586,0.020482,580.0,Portugal,PRT,PRT,20210208
0.604472,0.040381,0.616438,0.040606,146.0,"Puerto Rico, U.S.",PRI,PRI,20210208
0.463333,0.026528,0.470423,0.026503,355.0,Romania,ROU,ROU,20210208
0.44818,0.018209,0.439516,0.018244,744.0,Russia,RUS,RUS,20210208
0.484714,0.038245,0.447059,0.038444,170.0,Saudi Arabia,SAU,SAU,20210208
0.410252,0.035428,0.39267,0.035685,191.0,Serbia,SRB,SRB,20210208
0.469818,0.034987,0.482927,0.034943,205.0,Slovakia,SVK,SVK,20210208
0.438117,0.047246,0.418182,0.047523,110.0,Slovenia,SVN,SVN,20210208
0.531981,0.023102,0.527778,0.02309,468.0,South Africa,ZAF,ZAF,20210208
0.671244,0.027222,0.700704,0.027924,284.0,South Korea,KOR,KOR,20210208
0.510698,0.016352,0.516578,0.016357,935.0,Spain,ESP,ESP,20210208
0.561569,0.019971,0.548232,0.019912,622.0,Sweden,SWE,SWE,20210208
0.435416,0.027854,0.45,0.02776,320.0,Switzerland,CHE,CHE,20210208
0.592312,0.014851,0.608696,0.014953,1081.0,Taiwan,TWN,TWN,20210208
0.571012,0.018593,0.57932,0.01864,706.0,Thailand,THA,THA,20210208
0.61694,0.032838,0.608108,0.032701,222.0,Tunisia,TUN,TUN,20210208
0.484858,0.018723,0.440341,0.018849,704.0,Turkey,TUR,TUR,20210208
0.497358,0.016497,0.512514,0.016502,919.0,Ukraine,UKR,UKR,20210208
0.475254,0.021166,0.495528,0.021141,559.0,United Kingdom,GBR,GBR,20210208
0.524762,0.030017,0.547101,0.030114,276.0,Uruguay,URY,URY,20210208
0.628701,0.025859,0.61236,0.025643,356.0,Venezuela,VEN,VEN,20210208
0.396113,0.012429,0.43985,0.012246,1596.0,Vietnam,VNM,VNM,20210208
0.49344,0.032303,0.438819,0.032544,237.0,Algeria,DZA,DZA,20210209
0.488832,0.014749,0.506957,0.014747,1150.0,Argentina,ARG,ARG,20210209
0.482785,0.020067,0.587065,0.020366,603.0,Australia,AUS,AUS,20210209
0.491158,0.031744,0.51004,0.031745,249.0,Austria,AUT,AUT,20210209
0.482047,0.037981,0.456647,0.0381,173.0,Bangladesh,BGD,BGD,20210209
0.555792,0.045058,0.591667,0.045549,120.0,Belarus,BLR,BLR,20210209
0.564905,0.029882,0.559567,0.029842,277.0,Belgium,BEL,BEL,20210209
0.541365,0.028902,0.543624,0.028913,298.0,Bolivia,BOL,BOL,20210209
0.515122,0.009715,0.519274,0.009718,2646.0,Brazil,BRA,BRA,20210209
0.483687,0.033557,0.452489,0.033692,221.0,Bulgaria,BGR,BGR,20210209
0.543129,0.017632,0.54,0.017623,800.0,Canada,CAN,CAN,20210209
0.573617,0.024071,0.594724,0.024247,417.0,Chile,CHL,CHL,20210209
0.649655,0.015092,0.617534,0.014815,1038.0,Colombia,COL,COL,20210209
0.55081,0.044603,0.585366,0.045034,123.0,Costa Rica,CRI,CRI,20210209
0.448483,0.041264,0.462585,0.04116,147.0,Croatia,HRV,HRV,20210209
0.444879,0.024036,0.453488,0.023993,430.0,Czech Republic,CZE,CZE,20210209
0.519863,0.037423,0.559322,0.037659,177.0,Denmark,DNK,DNK,20210209
0.613967,0.038947,0.644737,0.039618,152.0,Dominican Republic,DOM,DOM,20210209
0.596674,0.021591,0.640404,0.022072,495.0,Ecuador,ECU,ECU,20210209
0.573664,0.022513,0.560575,0.022433,487.0,Egypt,EGY,EGY,20210209
0.599153,0.036062,0.620879,0.036427,182.0,El Salvador,SLV,SLV,20210209
0.50876,0.010823,0.539114,0.010855,2122.0,France,FRA,FRA,20210209
0.523691,0.01252,0.537492,0.012541,1587.0,Germany,DEU,DEU,20210209
0.607754,0.042267,0.572464,0.041714,138.0,Ghana,GHA,GHA,20210209
0.555778,0.025576,0.558201,0.025591,378.0,Greece,GRC,GRC,20210209
0.502108,0.036821,0.543478,0.036961,184.0,Guatemala,GTM,GTM,20210209
0.627125,0.038528,0.604938,0.038111,162.0,Honduras,HND,HND,20210209
0.631084,0.045186,0.646018,0.045593,113.0,Hong Kong,HKG,HKG,20210209
0.505349,0.021358,0.504554,0.021358,549.0,Hungary,HUN,HUN,20210209
0.347974,0.012875,0.353623,0.012827,1380.0,India,IND,IND,20210209
0.527324,0.017591,0.524164,0.017585,807.0,Indonesia,IDN,IDN,20210209
0.487788,0.031054,0.484615,0.031059,260.0,Iraq,IRQ,IRQ,20210209
0.643978,0.03957,0.646259,0.039628,147.0,Ireland,IRL,IRL,20210209
0.552199,0.046042,0.591304,0.046573,115.0,Israel,ISR,ISR,20210209
0.441172,0.014068,0.47502,0.013988,1261.0,Italy,ITA,ITA,20210209
0.598878,0.007361,0.586908,0.007327,4476.0,Japan,JPN,JPN,20210209
0.429333,0.038291,0.452941,0.038075,170.0,Jordan,JOR,JOR,20210209
0.462611,0.048204,0.462963,0.048201,108.0,Kazakhstan,KAZ,KAZ,20210209
0.494688,0.040392,0.519481,0.04042,154.0,Kenya,KEN,KEN,20210209
0.566818,0.025438,0.589333,0.025622,375.0,Malaysia,MYS,MYS,20210209
0.557596,0.009646,0.575181,0.009692,2627.0,Mexico,MEX,MEX,20210209
0.36472,0.044922,0.345133,0.045483,113.0,Nepal,NPL,NPL,20210209
0.478553,0.022177,0.474409,0.022185,508.0,Netherlands,NLD,NLD,20210209
0.472138,0.033391,0.484444,0.033356,225.0,New Zealand,NZL,NZL,20210209
0.645546,0.047447,0.634615,0.047133,104.0,Nicaragua,NIC,NIC,20210209
0.458468,0.029049,0.515152,0.028961,297.0,Nigeria,NGA,NGA,20210209
0.593654,0.028768,0.618881,0.029093,286.0,Norway,NOR,NOR,20210209
0.290118,0.032917,0.353774,0.031242,212.0,Pakistan,PAK,PAK,20210209
0.406619,0.046186,0.417391,0.046005,115.0,Paraguay,PRY,PRY,20210209
0.529358,0.019625,0.5625,0.019746,640.0,Peru,PER,PER,20210209
0.670656,0.016187,0.711735,0.016796,784.0,Philippines,PHL,PHL,20210209
0.56348,0.021489,0.572505,0.021543,531.0,Poland,POL,POL,20210209
0.420621,0.020471,0.42735,0.020428,585.0,Portugal,PRT,PRT,20210209
0.595492,0.048307,0.551402,0.04767,107.0,"Puerto Rico, U.S.",PRI,PRI,20210209
0.476318,0.024028,0.5,0.024001,434.0,Romania,ROU,ROU,20210209
0.455452,0.017748,0.432051,0.017843,780.0,Russia,RUS,RUS,20210209
0.507907,0.042606,0.463768,0.042713,138.0,Saudi Arabia,SAU,SAU,20210209
0.368897,0.03329,0.352657,0.033618,207.0,Serbia,SRB,SRB,20210209
0.508346,0.035128,0.472906,0.035175,203.0,Slovakia,SVK,SVK,20210209
0.558823,0.048717,0.528302,0.048456,106.0,Slovenia,SVN,SVN,20210209
0.507021,0.023855,0.513636,0.023861,440.0,South Africa,ZAF,ZAF,20210209
0.622446,0.028943,0.645985,0.02934,274.0,South Korea,KOR,KOR,20210209
0.49205,0.016718,0.511732,0.01672,895.0,Spain,ESP,ESP,20210209
0.581148,0.019573,0.569423,0.019502,641.0,Sweden,SWE,SWE,20210209
0.446803,0.029194,0.455479,0.029144,292.0,Switzerland,CHE,CHE,20210209
0.590342,0.014553,0.604425,0.014636,1130.0,Taiwan,TWN,TWN,20210209
0.598083,0.017876,0.596817,0.017867,754.0,Thailand,THA,THA,20210209
0.694009,0.033612,0.590698,0.031501,215.0,Tunisia,TUN,TUN,20210209
0.473288,0.019763,0.423323,0.019971,626.0,Turkey,TUR,TUR,20210209
0.528631,0.016914,0.540852,0.016943,869.0,Ukraine,UKR,UKR,20210209
0.447047,0.021543,0.472119,0.021455,538.0,United Kingdom,GBR,GBR,20210209
0.548388,0.031243,0.555118,0.031287,254.0,Uruguay,URY,URY,20210209
0.611858,0.026158,0.612069,0.026161,348.0,Venezuela,VEN,VEN,20210209
0.383926,0.013217,0.421618,0.013017,1397.0,Vietnam,VNM,VNM,20210209
0.457544,0.033799,0.454128,0.03382,218.0,Algeria,DZA,DZA,20210210
0.466557,0.015148,0.488991,0.015118,1090.0,Argentina,ARG,ARG,20210210
0.603647,0.020876,0.603636,0.020876,550.0,Australia,AUS,AUS,20210210
0.515045,0.031621,0.505976,0.031608,251.0,Austria,AUT,AUT,20210210
0.3031,0.033711,0.338384,0.032745,198.0,Bangladesh,BGD,BGD,20210210
0.469895,0.043518,0.503759,0.04344,133.0,Belarus,BLR,BLR,20210210
0.614656,0.029098,0.609929,0.029033,282.0,Belgium,BEL,BEL,20210210
0.488773,0.027981,0.515625,0.027988,320.0,Bolivia,BOL,BOL,20210210
0.508048,0.010117,0.507163,0.010117,2443.0,Brazil,BRA,BRA,20210210
0.475592,0.030035,0.489209,0.030006,278.0,Bulgaria,BGR,BGR,20210210
0.561158,0.017372,0.576543,0.017447,810.0,Canada,CAN,CAN,20210210
0.573531,0.024689,0.574627,0.024697,402.0,Chile,CHL,CHL,20210210
0.614084,0.01562,0.616495,0.015639,970.0,Colombia,COL,COL,20210210
0.632511,0.046257,0.60177,0.045556,113.0,Costa Rica,CRI,CRI,20210210
0.493918,0.039966,0.528662,0.040029,157.0,Croatia,HRV,HRV,20210210
0.480902,0.023062,0.466951,0.023096,469.0,Czech Republic,CZE,CZE,20210210
0.520689,0.03538,0.53,0.035414,200.0,Denmark,DNK,DNK,20210210
0.523301,0.037515,0.548023,0.037648,177.0,Dominican Republic,DOM,DOM,20210210
0.544197,0.024188,0.565321,0.024302,421.0,Ecuador,ECU,ECU,20210210
0.547293,0.02209,0.512671,0.021998,513.0,Egypt,EGY,EGY,20210210
0.57186,0.036264,0.56383,0.036184,188.0,El Salvador,SLV,SLV,20210210
0.526054,0.010891,0.528544,0.010893,2102.0,France,FRA,FRA,20210210
0.524728,0.012358,0.549322,0.012404,1622.0,Germany,DEU,DEU,20210210
0.62025,0.038583,0.608696,0.038368,161.0,Ghana,GHA,GHA,20210210
0.55623,0.025772,0.583106,0.02597,367.0,Greece,GRC,GRC,20210210
0.465652,0.038726,0.563636,0.038951,165.0,Guatemala,GTM,GTM,20210210
0.69827,0.039375,0.648649,0.037858,148.0,Honduras,HND,HND,20210210
0.501277,0.047625,0.522523,0.047673,111.0,Hong Kong,HKG,HKG,20210210
0.52292,0.020604,0.519525,0.020598,589.0,Hungary,HUN,HUN,20210210
0.37593,0.013277,0.387982,0.013197,1348.0,India,IND,IND,20210210
0.490295,0.017345,0.502404,0.017342,832.0,Indonesia,IDN,IDN,20210210
0.568042,0.03304,0.504348,0.032734,230.0,Iraq,IRQ,IRQ,20210210
0.531093,0.047428,0.517857,0.047366,112.0,Ireland,IRL,IRL,20210210
0.508386,0.048562,0.504673,0.048557,107.0,Israel,ISR,ISR,20210210
0.485433,0.013934,0.48913,0.013931,1288.0,Italy,ITA,ITA,20210210
0.580046,0.007068,0.575429,0.007057,4892.0,Japan,JPN,JPN,20210210
0.579306,0.039789,0.537975,0.039399,158.0,Jordan,JOR,JOR,20210210
0.434796,0.04846,0.46729,0.04815,107.0,Kazakhstan,KAZ,KAZ,20210210
0.593908,0.037922,0.563953,0.037556,172.0,Kenya,KEN,KEN,20210210
0.624113,0.049287,0.584158,0.048435,101.0,Lebanon,LBN,LBN,20210210
0.594261,0.025303,0.602667,0.025391,375.0,Malaysia,MYS,MYS,20210210
0.600578,0.00956,0.585843,0.009505,2656.0,Mexico,MEX,MEX,20210210
0.29693,0.041635,0.31746,0.040867,126.0,Nepal,NPL,NPL,20210210
0.458716,0.022575,0.438017,0.022673,484.0,Netherlands,NLD,NLD,20210210
0.512039,0.033022,0.537118,0.033104,229.0,New Zealand,NZL,NZL,20210210
0.484076,0.030261,0.5,0.030246,274.0,Nigeria,NGA,NGA,20210210
0.570296,0.029039,0.573883,0.029069,291.0,Norway,NOR,NOR,20210210
0.381858,0.03503,0.409091,0.034615,198.0,Pakistan,PAK,PAK,20210210
0.514302,0.043976,0.523077,0.044005,130.0,Paraguay,PRY,PRY,20210210
0.610106,0.019741,0.622517,0.019862,604.0,Peru,PER,PER,20210210
0.687941,0.016237,0.701005,0.016433,796.0,Philippines,PHL,PHL,20210210
0.593747,0.021847,0.578125,0.021726,512.0,Poland,POL,POL,20210210
0.441241,0.020976,0.452128,0.020926,564.0,Portugal,PRT,PRT,20210210
0.681309,0.044439,0.630252,0.042896,119.0,"Puerto Rico, U.S.",PRI,PRI,20210210
0.440245,0.02603,0.455041,0.025948,367.0,Romania,ROU,ROU,20210210
0.444601,0.017795,0.42153,0.017908,771.0,Russia,RUS,RUS,20210210
0.407629,0.038468,0.446429,0.038025,168.0,Saudi Arabia,SAU,SAU,20210210
0.40305,0.037867,0.421053,0.03762,171.0,Serbia,SRB,SRB,20210210
0.487998,0.038316,0.520468,0.038337,171.0,Slovakia,SVK,SVK,20210210
0.536852,0.024595,0.527845,0.024566,413.0,South Africa,ZAF,ZAF,20210210
0.665474,0.027325,0.65894,0.027196,302.0,South Korea,KOR,KOR,20210210
0.493277,0.016777,0.518018,0.016787,888.0,Spain,ESP,ESP,20210210
0.607832,0.020132,0.585,0.019949,600.0,Sweden,SWE,SWE,20210210
0.464417,0.027786,0.453416,0.027837,322.0,Switzerland,CHE,CHE,20210210
0.570926,0.014694,0.573192,0.014704,1134.0,Taiwan,TWN,TWN,20210210
0.549932,0.018874,0.579562,0.019022,685.0,Thailand,THA,THA,20210210
0.622084,0.034932,0.604061,0.034633,197.0,Tunisia,TUN,TUN,20210210
0.445935,0.019462,0.435385,0.019512,650.0,Turkey,TUR,TUR,20210210
0.584396,0.016245,0.559358,0.016126,935.0,Ukraine,UKR,UKR,20210210
0.491048,0.02262,0.528689,0.022654,488.0,United Kingdom,GBR,GBR,20210210
0.580672,0.03156,0.577236,0.031525,246.0,Uruguay,URY,URY,20210210
0.578268,0.02568,0.568365,0.025604,373.0,Venezuela,VEN,VEN,20210210
0.453688,0.01391,0.457944,0.013899,1284.0,Vietnam,VNM,VNM,20210210
0.471207,0.034767,0.423645,0.035121,203.0,Algeria,DZA,DZA,20210211
0.457119,0.015758,0.465603,0.015737,1003.0,Argentina,ARG,ARG,20210211
0.533708,0.021745,0.541825,0.021772,526.0,Australia,AUS,AUS,20210211
0.517981,0.031485,0.513834,0.031477,253.0,Austria,AUT,AUT,20210211
0.414062,0.038042,0.401198,0.03823,167.0,Bangladesh,BGD,BGD,20210211
0.512798,0.04523,0.520325,0.045253,123.0,Belarus,BLR,BLR,20210211
0.510551,0.030372,0.503676,0.030366,272.0,Belgium,BEL,BEL,20210211
0.488463,0.030081,0.516245,0.030088,277.0,Bolivia,BOL,BOL,20210211
0.496912,0.010082,0.506504,0.010083,2460.0,Brazil,BRA,BRA,20210211
0.461785,0.031317,0.456693,0.031343,254.0,Bulgaria,BGR,BGR,20210211
0.537187,0.018007,0.547712,0.018039,765.0,Canada,CAN,CAN,20210211
0.502185,0.027732,0.555901,0.027907,322.0,Chile,CHL,CHL,20210211
0.593507,0.016331,0.601111,0.016382,900.0,Colombia,COL,COL,20210211
0.479148,0.046422,0.495726,0.046383,117.0,Costa Rica,CRI,CRI,20210211
0.406492,0.039749,0.409091,0.039709,154.0,Croatia,HRV,HRV,20210211
0.496079,0.022675,0.488706,0.02268,487.0,Czech Republic,CZE,CZE,20210211
0.483791,0.037145,0.483516,0.037145,182.0,Denmark,DNK,DNK,20210211
0.457985,0.037862,0.569767,0.038101,172.0,Dominican Republic,DOM,DOM,20210211
0.622004,0.02446,0.609023,0.024305,399.0,Ecuador,ECU,ECU,20210211
0.533393,0.023139,0.522484,0.02311,467.0,Egypt,EGY,EGY,20210211
0.631681,0.035989,0.629834,0.035952,181.0,El Salvador,SLV,SLV,20210211
0.522819,0.011221,0.539514,0.011245,1974.0,France,FRA,FRA,20210211
0.526306,0.012777,0.541393,0.012803,1522.0,Germany,DEU,DEU,20210211
0.613758,0.042472,0.609023,0.042378,133.0,Ghana,GHA,GHA,20210211
0.561537,0.027901,0.574603,0.028002,315.0,Greece,GRC,GRC,20210211
0.597144,0.038636,0.6125,0.038897,160.0,Guatemala,GTM,GTM,20210211
0.580287,0.041869,0.589928,0.042011,139.0,Honduras,HND,HND,20210211
0.463471,0.021547,0.473978,0.021519,538.0,Hungary,HUN,HUN,20210211
0.394264,0.012868,0.366358,0.013052,1403.0,India,IND,IND,20210211
0.527228,0.017872,0.514687,0.017853,783.0,Indonesia,IDN,IDN,20210211
0.534034,0.030609,0.52809,0.030586,267.0,Iraq,IRQ,IRQ,20210211
0.575938,0.048205,0.560748,0.048001,107.0,Ireland,IRL,IRL,20210211
0.445553,0.014632,0.456897,0.014599,1160.0,Italy,ITA,ITA,20210211
0.584332,0.007312,0.56841,0.007275,4590.0,Japan,JPN,JPN,20210211
0.399694,0.041692,0.41844,0.041399,141.0,Jordan,JOR,JOR,20210211
0.524646,0.048656,0.462264,0.048736,106.0,Kazakhstan,KAZ,KAZ,20210211
0.568,0.041782,0.585714,0.042015,140.0,Kenya,KEN,KEN,20210211
0.544984,0.02643,0.544944,0.02643,356.0,Malaysia,MYS,MYS,20210211
0.579579,0.009868,0.58564,0.009888,2493.0,Mexico,MEX,MEX,20210211
0.471453,0.049752,0.5,0.049671,102.0,Morocco,MAR,MAR,20210211
0.439419,0.024225,0.451537,0.02416,423.0,Netherlands,NLD,NLD,20210211
0.464126,0.03571,0.492386,0.035622,197.0,New Zealand,NZL,NZL,20210211
0.492813,0.031068,0.496154,0.031065,260.0,Nigeria,NGA,NGA,20210211
0.506943,0.032021,0.54321,0.032138,243.0,Norway,NOR,NOR,20210211
0.399784,0.032934,0.37037,0.033408,216.0,Pakistan,PAK,PAK,20210211
0.447033,0.044872,0.548387,0.04483,124.0,Paraguay,PRY,PRY,20210211
0.575013,0.020157,0.60339,0.020369,590.0,Peru,PER,PER,20210211
0.658728,0.016327,0.700508,0.016901,788.0,Philippines,PHL,PHL,20210211
0.483267,0.022266,0.489109,0.022259,505.0,Poland,POL,POL,20210211
0.419965,0.0211,0.428312,0.021045,551.0,Portugal,PRT,PRT,20210211
0.427607,0.025153,0.455471,0.024988,393.0,Romania,ROU,ROU,20210211
0.447034,0.018598,0.43899,0.018633,713.0,Russia,RUS,RUS,20210211
0.489171,0.038695,0.445783,0.038916,166.0,Saudi Arabia,SAU,SAU,20210211
0.39871,0.03723,0.380117,0.037553,171.0,Serbia,SRB,SRB,20210211
0.505169,0.037267,0.502762,0.037266,181.0,Slovakia,SVK,SVK,20210211
0.511303,0.025737,0.530504,0.025779,377.0,South Africa,ZAF,ZAF,20210211
0.633078,0.027046,0.654839,0.027418,310.0,South Korea,KOR,KOR,20210211
0.470465,0.017511,0.490196,0.017484,816.0,Spain,ESP,ESP,20210211
0.546745,0.02086,0.560847,0.020925,567.0,Sweden,SWE,SWE,20210211
0.438976,0.031317,0.44664,0.031262,253.0,Switzerland,CHE,CHE,20210211
0.530263,0.01593,0.569804,0.016058,967.0,Taiwan,TWN,TWN,20210211
0.591496,0.019023,0.584821,0.018976,672.0,Thailand,THA,THA,20210211
0.629569,0.035811,0.651685,0.036298,178.0,Tunisia,TUN,TUN,20210211
0.512544,0.020451,0.460504,0.020509,595.0,Turkey,TUR,TUR,20210211
0.511359,0.01645,0.52221,0.016462,923.0,Ukraine,UKR,UKR,20210211
0.469524,0.022413,0.481928,0.022386,498.0,United Kingdom,GBR,GBR,20210211
0.477208,0.031117,0.486486,0.031096,259.0,Uruguay,URY,URY,20210211
0.598515,0.027914,0.611111,0.028069,306.0,Venezuela,VEN,VEN,20210211
0.347692,0.014973,0.415129,0.014471,1084.0,Vietnam,VNM,VNM,20210211
0.558344,0.027916,0.5375,0.027803,320.0,Algeria,DZA,DZA,20210212
0.476737,0.013225,0.484955,0.013217,1429.0,Argentina,ARG,ARG,20210212
0.54681,0.016049,0.547248,0.01605,963.0,Australia,AUS,AUS,20210212
0.530118,0.027037,0.501458,0.026988,343.0,Austria,AUT,AUT,20210212
0.417615,0.029841,0.402214,0.030013,271.0,Bangladesh,BGD,BGD,20210212
0.52366,0.041658,0.510345,0.04162,145.0,Belarus,BLR,BLR,20210212
0.564548,0.026014,0.565934,0.026024,364.0,Belgium,BEL,BEL,20210212
0.571554,0.024767,0.5725,0.024774,400.0,Bolivia,BOL,BOL,20210212
0.496947,0.008595,0.498966,0.008595,3385.0,Brazil,BRA,BRA,20210212
0.443798,0.025011,0.48,0.024873,400.0,Bulgaria,BGR,BGR,20210212
0.548083,0.014324,0.554357,0.014343,1205.0,Canada,CAN,CAN,20210212
0.578926,0.021109,0.587156,0.021169,545.0,Chile,CHL,CHL,20210212
0.606372,0.013669,0.609412,0.013688,1275.0,Colombia,COL,COL,20210212
0.485987,0.037057,0.508197,0.037048,183.0,Costa Rica,CRI,CRI,20210212
0.447081,0.033321,0.450893,0.033294,224.0,Croatia,HRV,HRV,20210212
0.473908,0.019406,0.481928,0.019392,664.0,Czech Republic,CZE,CZE,20210212
0.510473,0.031682,0.508,0.031679,250.0,Denmark,DNK,DNK,20210212
0.630326,0.033397,0.625592,0.033311,211.0,Dominican Republic,DOM,DOM,20210212
0.545573,0.019575,0.579278,0.019744,637.0,Ecuador,ECU,ECU,20210212
0.581391,0.018507,0.561111,0.018398,720.0,Egypt,EGY,EGY,20210212
0.718328,0.028261,0.707692,0.02795,260.0,El Salvador,SLV,SLV,20210212
0.59054,0.049107,0.594059,0.049173,101.0,Finland,FIN,FIN,20210212
0.520818,0.009222,0.530034,0.009231,2930.0,France,FRA,FRA,20210212
0.500708,0.010655,0.503858,0.010655,2203.0,Germany,DEU,DEU,20210212
0.669875,0.036714,0.712418,0.038143,153.0,Ghana,GHA,GHA,20210212
0.581509,0.021113,0.572727,0.021054,550.0,Greece,GRC,GRC,20210212
0.540025,0.032775,0.554113,0.032863,231.0,Guatemala,GTM,GTM,20210212
0.646781,0.036807,0.613636,0.036131,176.0,Honduras,HND,HND,20210212
0.593688,0.038517,0.581818,0.038352,165.0,Hong Kong,HKG,HKG,20210212
0.460615,0.018076,0.46789,0.018057,763.0,Hungary,HUN,HUN,20210212
0.363214,0.011585,0.361047,0.0116,1720.0,India,IND,IND,20210212
0.493473,0.01401,0.489011,0.014013,1274.0,Indonesia,IDN,IDN,20210212
0.537781,0.024034,0.467593,0.024015,432.0,Iraq,IRQ,IRQ,20210212
0.530061,0.036214,0.528796,0.036208,191.0,Ireland,IRL,IRL,20210212
0.44967,0.045147,0.536585,0.045038,123.0,Israel,ISR,ISR,20210212
0.471734,0.012021,0.487283,0.012005,1730.0,Italy,ITA,ITA,20210212
0.595543,0.006336,0.579381,0.006299,6072.0,Japan,JPN,JPN,20210212
0.601118,0.034684,0.558252,0.0342,206.0,Jordan,JOR,JOR,20210212
0.492074,0.045988,0.521008,0.046023,119.0,Kazakhstan,KAZ,KAZ,20210212
0.520795,0.035224,0.524752,0.035237,202.0,Kenya,KEN,KEN,20210212
0.580672,0.042655,0.566176,0.042469,136.0,Lebanon,LBN,LBN,20210212
0.395342,0.043581,0.40625,0.043385,128.0,Libya,LBY,LBY,20210212
0.59026,0.021087,0.610075,0.021262,536.0,Malaysia,MYS,MYS,20210212
0.584486,0.008197,0.588627,0.008209,3605.0,Mexico,MEX,MEX,20210212
0.565473,0.049009,0.514286,0.048607,105.0,Morocco,MAR,MAR,20210212
0.315845,0.036964,0.372093,0.035548,172.0,Nepal,NPL,NPL,20210212
0.495476,0.020487,0.47395,0.020514,595.0,Netherlands,NLD,NLD,20210212
0.518472,0.028415,0.522581,0.028425,310.0,New Zealand,NZL,NZL,20210212
0.575936,0.041869,0.589928,0.042069,139.0,Nicaragua,NIC,NIC,20210212
0.512644,0.027195,0.504425,0.027188,339.0,Nigeria,NGA,NGA,20210212
0.623375,0.026293,0.600575,0.026011,348.0,Norway,NOR,NOR,20210212
0.403347,0.029056,0.376344,0.029422,279.0,Pakistan,PAK,PAK,20210212
0.544983,0.037378,0.536313,0.037325,179.0,Paraguay,PRY,PRY,20210212
0.573638,0.017182,0.585662,0.017249,823.0,Peru,PER,PER,20210212
0.676307,0.012569,0.719312,0.013088,1279.0,Philippines,PHL,PHL,20210212
0.530191,0.017918,0.555844,0.017998,770.0,Poland,POL,POL,20210212
0.425496,0.018172,0.416554,0.018224,737.0,Portugal,PRT,PRT,20210212
0.646946,0.038904,0.617834,0.038264,157.0,"Puerto Rico, U.S.",PRI,PRI,20210212
0.439021,0.02053,0.463621,0.020431,591.0,Romania,ROU,ROU,20210212
0.432948,0.01706,0.420048,0.017126,838.0,Russia,RUS,RUS,20210212
0.437944,0.033715,0.411215,0.033995,214.0,Saudi Arabia,SAU,SAU,20210212
0.357212,0.028686,0.357143,0.028688,280.0,Serbia,SRB,SRB,20210212
0.504866,0.031559,0.496032,0.031558,252.0,Slovakia,SVK,SVK,20210212
0.498673,0.044362,0.507813,0.044368,128.0,Slovenia,SVN,SVN,20210212
0.531725,0.021683,0.518797,0.021654,532.0,South Africa,ZAF,ZAF,20210212
0.663656,0.02326,0.683292,0.023623,401.0,South Korea,KOR,KOR,20210212
0.492627,0.014839,0.507923,0.01484,1136.0,Spain,ESP,ESP,20210212
0.535078,0.017499,0.556382,0.017568,807.0,Sweden,SWE,SWE,20210212
0.465249,0.025412,0.472868,0.025388,387.0,Switzerland,CHE,CHE,20210212
0.571368,0.012169,0.592888,0.012258,1631.0,Taiwan,TWN,TWN,20210212
0.564522,0.014736,0.579697,0.014802,1123.0,Thailand,THA,THA,20210212
0.5888,0.030331,0.641434,0.03112,251.0,Tunisia,TUN,TUN,20210212
0.448351,0.017906,0.453488,0.017888,774.0,Turkey,TUR,TUR,20210212
0.503417,0.014743,0.507385,0.014744,1151.0,Ukraine,UKR,UKR,20210212
0.557939,0.048795,0.5,0.048466,106.0,United Arab Emirates,ARE,ARE,20210212
0.437816,0.018771,0.470339,0.018658,708.0,United Kingdom,GBR,GBR,20210212
0.593304,0.02619,0.615607,0.026446,346.0,Uruguay,URY,URY,20210212
0.674715,0.022789,0.644796,0.022309,442.0,Venezuela,VEN,VEN,20210212
0.342037,0.011817,0.420389,0.011356,1746.0,Vietnam,VNM,VNM,20210212
0.509482,0.029147,0.484746,0.029155,295.0,Algeria,DZA,DZA,20210213
0.508477,0.013746,0.503776,0.013744,1324.0,Argentina,ARG,ARG,20210213
0.565332,0.017787,0.571613,0.017818,775.0,Australia,AUS,AUS,20210213
0.470118,0.02742,0.48048,0.027392,333.0,Austria,AUT,AUT,20210213
0.368184,0.035095,0.394872,0.034628,195.0,Bangladesh,BGD,BGD,20210213
0.478363,0.036959,0.494565,0.036926,184.0,Belarus,BLR,BLR,20210213
0.567186,0.025827,0.562162,0.025793,370.0,Belgium,BEL,BEL,20210213
0.560552,0.028849,0.572881,0.028946,295.0,Bolivia,BOL,BOL,20210213
0.486715,0.008823,0.494396,0.008821,3212.0,Brazil,BRA,BRA,20210213
0.40206,0.026372,0.423295,0.026171,352.0,Bulgaria,BGR,BGR,20210213
0.527408,0.015777,0.55332,0.015843,994.0,Canada,CAN,CAN,20210213
0.555106,0.0232,0.554348,0.023196,460.0,Chile,CHL,CHL,20210213
0.611923,0.014665,0.620438,0.014727,1096.0,Colombia,COL,COL,20210213
0.588055,0.041145,0.533784,0.040595,148.0,Costa Rica,CRI,CRI,20210213
0.433645,0.032996,0.473913,0.032749,230.0,Croatia,HRV,HRV,20210213
0.44978,0.019536,0.456221,0.019512,651.0,Czech Republic,CZE,CZE,20210213
0.540852,0.031692,0.53012,0.031644,249.0,Denmark,DNK,DNK,20210213
0.608326,0.033443,0.655172,0.034344,203.0,Dominican Republic,DOM,DOM,20210213
0.603362,0.02196,0.599198,0.021922,499.0,Ecuador,ECU,ECU,20210213
0.614017,0.018725,0.57,0.018413,700.0,Egypt,EGY,EGY,20210213
0.649146,0.033173,0.649038,0.03317,208.0,El Salvador,SLV,SLV,20210213
0.54355,0.04811,0.495413,0.04793,109.0,Finland,FIN,FIN,20210213
0.514907,0.009539,0.520773,0.009543,2744.0,France,FRA,FRA,20210213
0.515491,0.010659,0.532847,0.010677,2192.0,Germany,DEU,DEU,20210213
0.557756,0.038042,0.598802,0.038548,167.0,Ghana,GHA,GHA,20210213
0.624531,0.022333,0.602911,0.022103,481.0,Greece,GRC,GRC,20210213
0.589248,0.034941,0.663043,0.036367,184.0,Guatemala,GTM,GTM,20210213
0.561189,0.035616,0.580311,0.035813,193.0,Honduras,HND,HND,20210213
0.563644,0.042577,0.640625,0.044007,128.0,Hong Kong,HKG,HKG,20210213
0.507694,0.017797,0.510127,0.017798,790.0,Hungary,HUN,HUN,20210213
0.346331,0.011492,0.341549,0.01153,1704.0,India,IND,IND,20210213
0.480628,0.015526,0.496146,0.015515,1038.0,Indonesia,IDN,IDN,20210213
0.5024,0.024157,0.484848,0.024168,429.0,Iraq,IRQ,IRQ,20210213
0.541081,0.037598,0.551136,0.037669,176.0,Ireland,IRL,IRL,20210213
0.525427,0.039467,0.47205,0.039477,161.0,Israel,ISR,ISR,20210213
0.442374,0.012038,0.442161,0.012039,1703.0,Italy,ITA,ITA,20210213
0.604218,0.005969,0.589517,0.005934,6792.0,Japan,JPN,JPN,20210213
0.469672,0.035529,0.492462,0.035468,199.0,Jordan,JOR,JOR,20210213
0.429485,0.041014,0.402778,0.041394,144.0,Kazakhstan,KAZ,KAZ,20210213
0.55166,0.034787,0.52657,0.03465,207.0,Kenya,KEN,KEN,20210213
0.546005,0.046563,0.525862,0.046427,116.0,Lebanon,LBN,LBN,20210213
0.520333,0.04739,0.473214,0.047419,112.0,Libya,LBY,LBY,20210213
0.58163,0.021554,0.605825,0.021758,515.0,Malaysia,MYS,MYS,20210213
0.56678,0.009201,0.579715,0.009237,2879.0,Mexico,MEX,MEX,20210213
0.478402,0.049939,0.475248,0.049953,101.0,Moldova,MDA,MDA,20210213
0.37465,0.047661,0.416667,0.046793,108.0,Morocco,MAR,MAR,20210213
0.24928,0.039077,0.384615,0.034747,156.0,Nepal,NPL,NPL,20210213
0.460194,0.02036,0.449833,0.020399,598.0,Netherlands,NLD,NLD,20210213
0.477381,0.029105,0.489865,0.029081,296.0,New Zealand,NZL,NZL,20210213
0.640709,0.044816,0.637931,0.044741,116.0,Nicaragua,NIC,NIC,20210213
0.478452,0.029072,0.461017,0.029133,295.0,Nigeria,NGA,NGA,20210213
0.582704,0.027751,0.552795,0.027523,322.0,Norway,NOR,NOR,20210213
0.424098,0.029343,0.358209,0.030245,268.0,Pakistan,PAK,PAK,20210213
0.483282,0.047236,0.567568,0.047646,111.0,Panama,PAN,PAN,20210213
0.502995,0.044368,0.5,0.044367,128.0,Paraguay,PRY,PRY,20210213
0.629847,0.018354,0.619116,0.01825,701.0,Peru,PER,PER,20210213
0.680229,0.015594,0.706917,0.015978,853.0,Philippines,PHL,PHL,20210213
0.549858,0.019041,0.561765,0.019093,680.0,Poland,POL,POL,20210213
0.456923,0.018569,0.467497,0.018539,723.0,Portugal,PRT,PRT,20210213
0.495036,0.043355,0.5,0.043353,134.0,"Puerto Rico, U.S.",PRI,PRI,20210213
0.412757,0.020968,0.425494,0.020879,557.0,Romania,ROU,ROU,20210213
0.450855,0.016064,0.428421,0.016152,950.0,Russia,RUS,RUS,20210213
0.324881,0.034027,0.424528,0.032241,212.0,Saudi Arabia,SAU,SAU,20210213
0.33955,0.030034,0.361868,0.029597,257.0,Serbia,SRB,SRB,20210213
0.478546,0.030507,0.475836,0.030514,269.0,Slovakia,SVK,SVK,20210213
0.386797,0.047304,0.377358,0.047528,106.0,Slovenia,SVN,SVN,20210213
0.455992,0.022785,0.483402,0.02271,482.0,South Africa,ZAF,ZAF,20210213
0.698156,0.02171,0.667373,0.021152,472.0,South Korea,KOR,KOR,20210213
0.471994,0.015084,0.474932,0.015079,1097.0,Spain,ESP,ESP,20210213
0.546522,0.018392,0.555404,0.018426,731.0,Sweden,SWE,SWE,20210213
0.502092,0.024784,0.5,0.024784,408.0,Switzerland,CHE,CHE,20210213
0.532947,0.012574,0.563263,0.012648,1557.0,Taiwan,TWN,TWN,20210213
0.549359,0.016449,0.563736,0.016503,910.0,Thailand,THA,THA,20210213
0.553215,0.030534,0.592308,0.030892,260.0,Tunisia,TUN,TUN,20210213
0.499498,0.016261,0.469777,0.016291,943.0,Turkey,TUR,TUR,20210213
0.543685,0.014803,0.536092,0.014785,1136.0,Ukraine,UKR,UKR,20210213
0.501349,0.019462,0.500756,0.019462,661.0,United Kingdom,GBR,GBR,20210213
0.523618,0.028823,0.54,0.028883,300.0,Uruguay,URY,URY,20210213
0.615767,0.025634,0.607143,0.02553,364.0,Venezuela,VEN,VEN,20210213
0.369237,0.012032,0.411589,0.011799,1674.0,Vietnam,VNM,VNM,20210213
0.522996,0.031479,0.464286,0.031526,252.0,Algeria,DZA,DZA,20210214
0.480053,0.015406,0.491461,0.015396,1054.0,Argentina,ARG,ARG,20210214
0.55289,0.018963,0.557496,0.018983,687.0,Australia,AUS,AUS,20210214
0.501895,0.028216,0.501587,0.028216,315.0,Austria,AUT,AUT,20210214
0.34684,0.034654,0.395,0.03374,200.0,Bangladesh,BGD,BGD,20210214
0.475957,0.037476,0.502793,0.037433,179.0,Belarus,BLR,BLR,20210214
0.53096,0.02666,0.522727,0.026637,352.0,Belgium,BEL,BEL,20210214
0.571987,0.029166,0.581882,0.029258,287.0,Bolivia,BOL,BOL,20210214
0.498843,0.009264,0.509784,0.009266,2913.0,Brazil,BRA,BRA,20210214
0.497555,0.028472,0.482201,0.02849,309.0,Bulgaria,BGR,BGR,20210214
0.529621,0.016639,0.537264,0.016656,899.0,Canada,CAN,CAN,20210214
0.563829,0.023662,0.573059,0.023723,438.0,Chile,CHL,CHL,20210214
0.60797,0.015673,0.622129,0.015781,958.0,Colombia,COL,COL,20210214
0.544842,0.046119,0.533898,0.046039,118.0,Costa Rica,CRI,CRI,20210214
0.470235,0.038424,0.455621,0.038507,169.0,Croatia,HRV,HRV,20210214
0.452516,0.019898,0.442308,0.019942,624.0,Czech Republic,CZE,CZE,20210214
0.566001,0.032611,0.547009,0.032469,234.0,Denmark,DNK,DNK,20210214
0.619329,0.038058,0.62963,0.038267,162.0,Dominican Republic,DOM,DOM,20210214
0.577092,0.024268,0.570743,0.024221,417.0,Ecuador,ECU,ECU,20210214
0.563812,0.020179,0.556837,0.020145,607.0,Egypt,EGY,EGY,20210214
0.567489,0.038689,0.602484,0.039167,161.0,El Salvador,SLV,SLV,20210214
0.641792,0.045724,0.633929,0.04551,112.0,Finland,FIN,FIN,20210214
0.527565,0.009672,0.526632,0.009671,2666.0,France,FRA,FRA,20210214
0.557626,0.011093,0.543877,0.011062,2017.0,Germany,DEU,DEU,20210214
0.649595,0.040732,0.626761,0.040179,142.0,Ghana,GHA,GHA,20210214
0.561333,0.022779,0.587607,0.022963,468.0,Greece,GRC,GRC,20210214
0.598172,0.037344,0.55618,0.036851,178.0,Guatemala,GTM,GTM,20210214
0.533904,0.043457,0.652893,0.045538,121.0,Honduras,HND,HND,20210214
0.636076,0.044164,0.609756,0.043559,123.0,Hong Kong,HKG,HKG,20210214
0.495635,0.018736,0.492286,0.018738,713.0,Hungary,HUN,HUN,20210214
0.343017,0.01258,0.344538,0.012567,1428.0,India,IND,IND,20210214
0.509834,0.015504,0.50048,0.015501,1041.0,Indonesia,IDN,IDN,20210214
0.455437,0.026903,0.517341,0.026812,346.0,Iraq,IRQ,IRQ,20210214
0.612239,0.03958,0.622517,0.039783,151.0,Ireland,IRL,IRL,20210214
0.524957,0.04739,0.473214,0.047399,112.0,Israel,ISR,ISR,20210214
0.455951,0.012977,0.454175,0.012981,1473.0,Italy,ITA,ITA,20210214
0.596032,0.006472,0.576501,0.006427,5830.0,Japan,JPN,JPN,20210214
0.498063,0.038691,0.5,0.038691,168.0,Jordan,JOR,JOR,20210214
0.47769,0.045605,0.479339,0.045598,121.0,Kazakhstan,KAZ,KAZ,20210214
0.582554,0.037833,0.597633,0.038046,169.0,Kenya,KEN,KEN,20210214
0.496455,0.046615,0.452174,0.046828,115.0,Libya,LBY,LBY,20210214
0.530457,0.024553,0.558537,0.024677,410.0,Malaysia,MYS,MYS,20210214
0.558632,0.010151,0.560201,0.010155,2392.0,Mexico,MEX,MEX,20210214
0.34587,0.04249,0.369231,0.041879,130.0,Nepal,NPL,NPL,20210214
0.44891,0.020689,0.44905,0.020688,579.0,Netherlands,NLD,NLD,20210214
0.481116,0.022025,0.486434,0.022017,516.0,New Zealand,NZL,NZL,20210214
0.552229,0.034738,0.485577,0.034562,208.0,Nigeria,NGA,NGA,20210214
0.621769,0.027845,0.575949,0.027324,316.0,Norway,NOR,NOR,20210214
0.411874,0.032312,0.385965,0.032667,228.0,Pakistan,PAK,PAK,20210214
0.543535,0.049998,0.49505,0.04981,101.0,Paraguay,PRY,PRY,20210214
0.579241,0.020868,0.606557,0.021089,549.0,Peru,PER,PER,20210214
0.671012,0.015534,0.6959,0.015866,878.0,Philippines,PHL,PHL,20210214
0.543525,0.019429,0.540212,0.019418,659.0,Poland,POL,POL,20210214
0.398873,0.019133,0.426009,0.018946,669.0,Portugal,PRT,PRT,20210214
0.547309,0.048656,0.537736,0.048576,106.0,"Puerto Rico, U.S.",PRI,PRI,20210214
0.432012,0.022453,0.425926,0.022493,486.0,Romania,ROU,ROU,20210214
0.48273,0.016839,0.421603,0.01704,861.0,Russia,RUS,RUS,20210214
0.540311,0.037561,0.483146,0.03746,178.0,Saudi Arabia,SAU,SAU,20210214
0.408712,0.033286,0.372642,0.033843,212.0,Serbia,SRB,SRB,20210214
0.47071,0.034135,0.474419,0.034121,215.0,Slovakia,SVK,SVK,20210214
0.416662,0.049136,0.421569,0.049056,102.0,Slovenia,SVN,SVN,20210214
0.521091,0.024855,0.532178,0.024885,404.0,South Africa,ZAF,ZAF,20210214
0.624916,0.023345,0.616092,0.02324,435.0,South Korea,KOR,KOR,20210214
0.515017,0.015226,0.508804,0.015222,1079.0,Spain,ESP,ESP,20210214
0.582609,0.018567,0.574648,0.01852,710.0,Sweden,SWE,SWE,20210214
0.485796,0.027864,0.47205,0.027896,322.0,Switzerland,CHE,CHE,20210214
0.586399,0.012884,0.592033,0.012911,1456.0,Taiwan,TWN,TWN,20210214
0.561344,0.017358,0.573186,0.017414,813.0,Thailand,THA,THA,20210214
0.514743,0.036462,0.537234,0.036548,188.0,Tunisia,TUN,TUN,20210214
0.469913,0.017207,0.456496,0.017241,839.0,Turkey,TUR,TUR,20210214
0.490589,0.015816,0.51,0.015816,1000.0,Ukraine,UKR,UKR,20210214
0.485389,0.020224,0.509804,0.020219,612.0,United Kingdom,GBR,GBR,20210214
0.533916,0.031318,0.529412,0.031301,255.0,Uruguay,URY,URY,20210214
0.591681,0.027481,0.567485,0.027265,326.0,Venezuela,VEN,VEN,20210214
0.392239,0.012368,0.445545,0.012149,1616.0,Vietnam,VNM,VNM,20210214
0.482921,0.032021,0.446281,0.032189,242.0,Algeria,DZA,DZA,20210215
0.470027,0.014021,0.488994,0.014,1272.0,Argentina,ARG,ARG,20210215
0.527271,0.01845,0.570042,0.018606,721.0,Australia,AUS,AUS,20210215
0.448358,0.027515,0.469697,0.027418,330.0,Austria,AUT,AUT,20210215
0.455391,0.032454,0.424893,0.032696,233.0,Bangladesh,BGD,BGD,20210215
0.530456,0.03936,0.582278,0.03983,158.0,Belarus,BLR,BLR,20210215
0.492513,0.026684,0.508523,0.026685,352.0,Belgium,BEL,BEL,20210215
0.601961,0.027764,0.597444,0.027712,313.0,Bolivia,BOL,BOL,20210215
0.500342,0.008658,0.501799,0.008658,3336.0,Brazil,BRA,BRA,20210215
0.439394,0.028584,0.450658,0.028512,304.0,Bulgaria,BGR,BGR,20210215
0.539458,0.015777,0.545637,0.015794,997.0,Canada,CAN,CAN,20210215
0.582923,0.022282,0.605809,0.022482,482.0,Chile,CHL,CHL,20210215
0.617968,0.014957,0.60939,0.014896,1065.0,Colombia,COL,COL,20210215
0.475429,0.040675,0.486842,0.04064,152.0,Costa Rica,CRI,CRI,20210215
0.412963,0.038741,0.417178,0.038684,163.0,Croatia,HRV,HRV,20210215
0.466502,0.020423,0.475793,0.020401,599.0,Czech Republic,CZE,CZE,20210215
0.602396,0.029616,0.629213,0.030007,267.0,Denmark,DNK,DNK,20210215
0.563677,0.034733,0.611111,0.035333,198.0,Dominican Republic,DOM,DOM,20210215
0.607892,0.021526,0.584762,0.021328,525.0,Ecuador,ECU,ECU,20210215
0.545446,0.019201,0.588146,0.019426,658.0,Egypt,EGY,EGY,20210215
0.712921,0.033085,0.669951,0.031831,203.0,El Salvador,SLV,SLV,20210215
0.481667,0.045291,0.561983,0.045613,121.0,Finland,FIN,FIN,20210215
0.520447,0.009611,0.53096,0.009622,2697.0,France,FRA,FRA,20210215
0.521335,0.011326,0.52261,0.011327,1946.0,Germany,DEU,DEU,20210215
0.639479,0.037341,0.630952,0.037155,168.0,Ghana,GHA,GHA,20210215
0.559483,0.024439,0.579462,0.024578,409.0,Greece,GRC,GRC,20210215
0.580417,0.031651,0.643478,0.032611,230.0,Guatemala,GTM,GTM,20210215
0.517907,0.038218,0.586826,0.038783,167.0,Honduras,HND,HND,20210215
0.556967,0.043599,0.569231,0.043736,130.0,Hong Kong,HKG,HKG,20210215
0.503481,0.019131,0.505848,0.019132,684.0,Hungary,HUN,HUN,20210215
0.350511,0.012527,0.375251,0.012344,1495.0,India,IND,IND,20210215
0.504336,0.015447,0.513359,0.015452,1048.0,Indonesia,IDN,IDN,20210215
0.499894,0.025957,0.494624,0.025959,372.0,Iraq,IRQ,IRQ,20210215
0.581586,0.037936,0.582353,0.037946,170.0,Ireland,IRL,IRL,20210215
0.460125,0.012665,0.462927,0.01266,1551.0,Italy,ITA,ITA,20210215
0.579847,0.00685,0.571264,0.006832,5220.0,Japan,JPN,JPN,20210215
0.583763,0.034236,0.551887,0.033935,212.0,Jordan,JOR,JOR,20210215
0.447307,0.048236,0.424528,0.048523,106.0,Kazakhstan,KAZ,KAZ,20210215
0.537676,0.035437,0.51,0.035343,200.0,Kenya,KEN,KEN,20210215
0.573956,0.022621,0.6,0.022834,470.0,Malaysia,MYS,MYS,20210215
0.557003,0.009499,0.567438,0.009525,2721.0,Mexico,MEX,MEX,20210215
0.39018,0.040479,0.291339,0.043456,127.0,Nepal,NPL,NPL,20210215
0.441852,0.021027,0.45098,0.020985,561.0,Netherlands,NLD,NLD,20210215
0.536578,0.023452,0.544248,0.023481,452.0,New Zealand,NZL,NZL,20210215
0.516442,0.04923,0.519231,0.04924,104.0,Nicaragua,NIC,NIC,20210215
0.471056,0.030537,0.490706,0.030491,269.0,Nigeria,NGA,NGA,20210215
0.531102,0.02832,0.536977,0.028343,311.0,Norway,NOR,NOR,20210215
0.468354,0.02966,0.415162,0.030036,277.0,Pakistan,PAK,PAK,20210215
0.542364,0.048382,0.580952,0.048853,105.0,Panama,PAN,PAN,20210215
0.570847,0.039738,0.56051,0.039628,157.0,Paraguay,PRY,PRY,20210215
0.584936,0.019314,0.611285,0.019523,638.0,Peru,PER,PER,20210215
0.689468,0.014644,0.713089,0.014981,955.0,Philippines,PHL,PHL,20210215
0.550988,0.019951,0.544872,0.019928,624.0,Poland,POL,POL,20210215
0.429692,0.019823,0.427885,0.019833,624.0,Portugal,PRT,PRT,20210215
0.571703,0.041782,0.585714,0.041971,140.0,"Puerto Rico, U.S.",PRI,PRI,20210215
0.432368,0.022356,0.459839,0.022222,498.0,Romania,ROU,ROU,20210215
0.445606,0.016375,0.440217,0.016396,920.0,Russia,RUS,RUS,20210215
0.448116,0.032649,0.375566,0.033528,221.0,Saudi Arabia,SAU,SAU,20210215
0.295933,0.028607,0.279352,0.029103,247.0,Serbia,SRB,SRB,20210215
0.433399,0.032394,0.451477,0.032257,237.0,Slovakia,SVK,SVK,20210215
0.492016,0.022727,0.498969,0.022724,485.0,South Africa,ZAF,ZAF,20210215
0.592123,0.0243,0.636132,0.024821,393.0,South Korea,KOR,KOR,20210215
0.4862,0.015677,0.506876,0.015673,1018.0,Spain,ESP,ESP,20210215
0.566,0.018472,0.587904,0.0186,711.0,Sweden,SWE,SWE,20210215
0.50248,0.025785,0.498674,0.025785,377.0,Switzerland,CHE,CHE,20210215
0.570267,0.012761,0.582999,0.012812,1494.0,Taiwan,TWN,TWN,20210215
0.537018,0.017117,0.557533,0.017184,843.0,Thailand,THA,THA,20210215
0.59031,0.03004,0.585185,0.029984,270.0,Tunisia,TUN,TUN,20210215
0.431196,0.017979,0.451108,0.017894,767.0,Turkey,TUR,TUR,20210215
0.508719,0.015012,0.527552,0.015032,1107.0,Ukraine,UKR,UKR,20210215
0.436529,0.049599,0.539216,0.049349,102.0,United Arab Emirates,ARE,ARE,20210215
0.48957,0.020452,0.516722,0.020459,598.0,United Kingdom,GBR,GBR,20210215
0.60189,0.028258,0.594059,0.028168,303.0,Uruguay,URY,URY,20210215
0.599401,0.023308,0.616972,0.023495,436.0,Venezuela,VEN,VEN,20210215
0.422158,0.010829,0.453169,0.010745,2114.0,Vietnam,VNM,VNM,20210215
0.464407,0.032477,0.495798,0.032396,238.0,Algeria,DZA,DZA,20210216
0.482361,0.013538,0.504762,0.01353,1365.0,Argentina,ARG,ARG,20210216
0.558664,0.017854,0.574219,0.017929,768.0,Australia,AUS,AUS,20210216
0.485222,0.028204,0.468153,0.028249,314.0,Austria,AUT,AUT,20210216
0.496289,0.034719,0.458937,0.034836,207.0,Bangladesh,BGD,BGD,20210216
0.507819,0.039771,0.509434,0.039773,159.0,Belarus,BLR,BLR,20210216
0.514104,0.027599,0.530488,0.027639,328.0,Belgium,BEL,BEL,20210216
0.489046,0.028963,0.494983,0.028957,299.0,Bolivia,BOL,BOL,20210216
0.502836,0.008724,0.492846,0.008725,3285.0,Brazil,BRA,BRA,20210216
0.462834,0.029199,0.513605,0.02913,294.0,Bulgaria,BGR,BGR,20210216
0.52072,0.016175,0.557203,0.016268,944.0,Canada,CAN,CAN,20210216
0.573665,0.024381,0.582927,0.024454,410.0,Chile,CHL,CHL,20210216
0.590812,0.015336,0.582609,0.015291,1035.0,Colombia,COL,COL,20210216
0.500176,0.041356,0.482993,0.04138,147.0,Costa Rica,CRI,CRI,20210216
0.419165,0.037921,0.408284,0.038068,169.0,Croatia,HRV,HRV,20210216
0.454869,0.021382,0.480804,0.021311,547.0,Czech Republic,CZE,CZE,20210216
0.565336,0.032808,0.567686,0.032829,229.0,Denmark,DNK,DNK,20210216
0.642887,0.03329,0.647343,0.033384,207.0,Dominican Republic,DOM,DOM,20210216
0.572208,0.020286,0.591837,0.020421,588.0,Ecuador,ECU,ECU,20210216
0.556643,0.019508,0.577882,0.019622,642.0,Egypt,EGY,EGY,20210216
0.605204,0.034815,0.587065,0.034564,201.0,El Salvador,SLV,SLV,20210216
0.519571,0.050161,0.53,0.050213,100.0,Finland,FIN,FIN,20210216
0.52043,0.009932,0.547155,0.009968,2513.0,France,FRA,FRA,20210216
0.563387,0.011332,0.569634,0.011351,1910.0,Germany,DEU,DEU,20210216
0.610491,0.040432,0.64539,0.041213,141.0,Ghana,GHA,GHA,20210216
0.619918,0.024985,0.615789,0.024934,380.0,Greece,GRC,GRC,20210216
0.544937,0.036195,0.594595,0.036711,185.0,Guatemala,GTM,GTM,20210216
0.589228,0.041717,0.62963,0.0425,135.0,Honduras,HND,HND,20210216
0.661471,0.039012,0.671233,0.039298,146.0,Hong Kong,HKG,HKG,20210216
0.491303,0.018791,0.497884,0.018788,709.0,Hungary,HUN,HUN,20210216
0.367859,0.012476,0.395576,0.012304,1537.0,India,IND,IND,20210216
0.442418,0.015885,0.478788,0.015793,990.0,Indonesia,IDN,IDN,20210216
0.608468,0.025312,0.511509,0.024716,391.0,Iraq,IRQ,IRQ,20210216
0.518923,0.04243,0.557971,0.042687,138.0,Ireland,IRL,IRL,20210216
0.415487,0.043969,0.449612,0.043558,129.0,Israel,ISR,ISR,20210216
0.453253,0.012245,0.466586,0.012218,1661.0,Italy,ITA,ITA,20210216
0.575134,0.006915,0.568089,0.0069,5133.0,Japan,JPN,JPN,20210216
0.468017,0.03434,0.502347,0.03427,213.0,Jordan,JOR,JOR,20210216
0.483964,0.043508,0.488722,0.043497,133.0,Kazakhstan,KAZ,KAZ,20210216
0.526523,0.037523,0.52809,0.037529,178.0,Kenya,KEN,KEN,20210216
0.462019,0.024358,0.556355,0.024444,417.0,Malaysia,MYS,MYS,20210216
0.535531,0.009526,0.556413,0.009563,2721.0,Mexico,MEX,MEX,20210216
0.396417,0.039966,0.358621,0.040763,145.0,Nepal,NPL,NPL,20210216
0.459099,0.02006,0.449675,0.020094,616.0,Netherlands,NLD,NLD,20210216
0.505946,0.024451,0.526316,0.024483,418.0,New Zealand,NZL,NZL,20210216
0.689124,0.045477,0.692308,0.045606,104.0,Nicaragua,NIC,NIC,20210216
0.52814,0.029113,0.540816,0.029164,294.0,Nigeria,NGA,NGA,20210216
0.625059,0.027606,0.638158,0.027811,304.0,Norway,NOR,NOR,20210216
0.432453,0.028493,0.344086,0.029713,279.0,Pakistan,PAK,PAK,20210216
0.528028,0.049584,0.564356,0.049921,101.0,Panama,PAN,PAN,20210216
0.498418,0.040686,0.493421,0.040689,152.0,Paraguay,PRY,PRY,20210216
0.537232,0.018523,0.551247,0.018569,722.0,Peru,PER,PER,20210216
0.689339,0.014267,0.719758,0.0147,992.0,Philippines,PHL,PHL,20210216
0.552887,0.019488,0.562404,0.019532,649.0,Poland,POL,POL,20210216
0.450841,0.018636,0.441632,0.018674,711.0,Portugal,PRT,PRT,20210216
0.529315,0.042267,0.572464,0.042644,138.0,"Puerto Rico, U.S.",PRI,PRI,20210216
0.464906,0.02309,0.467949,0.02308,468.0,Romania,ROU,ROU,20210216
0.415545,0.016901,0.425904,0.016844,857.0,Russia,RUS,RUS,20210216
0.408712,0.037797,0.424419,0.037593,172.0,Saudi Arabia,SAU,SAU,20210216
0.389865,0.033281,0.396313,0.033185,217.0,Serbia,SRB,SRB,20210216
0.49552,0.032619,0.531915,0.032685,235.0,Slovakia,SVK,SVK,20210216
0.499024,0.021801,0.500949,0.021801,527.0,South Africa,ZAF,ZAF,20210216
0.639205,0.02525,0.640884,0.025275,362.0,South Korea,KOR,KOR,20210216
0.489314,0.015539,0.509653,0.015538,1036.0,Spain,ESP,ESP,20210216
0.540966,0.018668,0.575499,0.018821,702.0,Sweden,SWE,SWE,20210216
0.448126,0.029742,0.451957,0.029719,281.0,Switzerland,CHE,CHE,20210216
0.565161,0.012192,0.604723,0.012363,1609.0,Taiwan,TWN,TWN,20210216
0.536065,0.017277,0.558646,0.017352,827.0,Thailand,THA,THA,20210216
0.606347,0.035052,0.602041,0.034986,196.0,Tunisia,TUN,TUN,20210216
0.477906,0.017701,0.436387,0.017828,786.0,Turkey,TUR,TUR,20210216
0.506522,0.015153,0.529466,0.015178,1086.0,Ukraine,UKR,UKR,20210216
0.451114,0.02066,0.482935,0.020573,586.0,United Kingdom,GBR,GBR,20210216
0.625064,0.028062,0.641638,0.02833,293.0,Uruguay,URY,URY,20210216
0.591899,0.023641,0.614118,0.023868,425.0,Venezuela,VEN,VEN,20210216
0.428285,0.010511,0.456609,0.010441,2247.0,Vietnam,VNM,VNM,20210216
0.465775,0.032759,0.467811,0.03275,233.0,Algeria,DZA,DZA,20210217
0.473504,0.013558,0.504041,0.013539,1361.0,Argentina,ARG,ARG,20210217
0.537495,0.020455,0.548061,0.020492,593.0,Australia,AUS,AUS,20210217
0.548327,0.028911,0.571429,0.029074,294.0,Austria,AUT,AUT,20210217
0.490703,0.035647,0.441026,0.035892,195.0,Bangladesh,BGD,BGD,20210217
0.510143,0.038985,0.527273,0.039035,165.0,Belarus,BLR,BLR,20210217
0.543402,0.027496,0.522659,0.02742,331.0,Belgium,BEL,BEL,20210217
0.558252,0.026384,0.591954,0.026659,348.0,Bolivia,BOL,BOL,20210217
0.477661,0.008782,0.493831,0.008774,3242.0,Brazil,BRA,BRA,20210217
0.427468,0.02737,0.44713,0.027233,331.0,Bulgaria,BGR,BGR,20210217
0.533704,0.016332,0.561688,0.01642,924.0,Canada,CAN,CAN,20210217
0.522803,0.024819,0.554726,0.024943,402.0,Chile,CHL,CHL,20210217
0.603338,0.015439,0.609,0.015478,1000.0,Colombia,COL,COL,20210217
0.509121,0.041139,0.57931,0.04166,145.0,Costa Rica,CRI,CRI,20210217
0.467377,0.038744,0.451807,0.038842,166.0,Croatia,HRV,HRV,20210217
0.461386,0.020368,0.484245,0.020318,603.0,Czech Republic,CZE,CZE,20210217
0.512953,0.034003,0.516129,0.034009,217.0,Denmark,DNK,DNK,20210217
0.709632,0.036126,0.682635,0.035232,167.0,Dominican Republic,DOM,DOM,20210217
0.559496,0.018579,0.613372,0.018941,688.0,Ecuador,ECU,ECU,20210217
0.567622,0.020092,0.575908,0.020141,606.0,Egypt,EGY,EGY,20210217
0.622919,0.03188,0.646018,0.03231,226.0,El Salvador,SLV,SLV,20210217
0.534664,0.009869,0.547956,0.009891,2544.0,France,FRA,FRA,20210217
0.559646,0.011044,0.564204,0.011056,2017.0,Germany,DEU,DEU,20210217
0.62283,0.038567,0.595092,0.03808,163.0,Ghana,GHA,GHA,20210217
0.563894,0.024361,0.570048,0.024402,414.0,Greece,GRC,GRC,20210217
0.544897,0.034347,0.628141,0.03539,199.0,Guatemala,GTM,GTM,20210217
0.652366,0.040669,0.647482,0.040538,139.0,Honduras,HND,HND,20210217
0.609879,0.041239,0.630435,0.041674,138.0,Hong Kong,HKG,HKG,20210217
0.50099,0.018829,0.507082,0.018831,706.0,Hungary,HUN,HUN,20210217
0.343052,0.011812,0.368106,0.011627,1668.0,India,IND,IND,20210217
0.475583,0.016058,0.48866,0.016043,970.0,Indonesia,IDN,IDN,20210217
0.466546,0.025195,0.477157,0.025165,394.0,Iraq,IRQ,IRQ,20210217
0.485293,0.040148,0.512821,0.040144,156.0,Ireland,IRL,IRL,20210217
0.473269,0.048038,0.444444,0.048268,108.0,Israel,ISR,ISR,20210217
0.441382,0.012457,0.474502,0.012387,1608.0,Italy,ITA,ITA,20210217
0.569535,0.00714,0.563938,0.007129,4825.0,Japan,JPN,JPN,20210217
0.457853,0.038017,0.462428,0.037989,173.0,Jordan,JOR,JOR,20210217
0.421165,0.043605,0.418605,0.043641,129.0,Kazakhstan,KAZ,KAZ,20210217
0.623935,0.034683,0.619289,0.0346,197.0,Kenya,KEN,KEN,20210217
0.597918,0.023905,0.625304,0.024215,411.0,Malaysia,MYS,MYS,20210217
0.572136,0.00947,0.567568,0.009457,2738.0,Mexico,MEX,MEX,20210217
0.371081,0.049714,0.480392,0.04807,102.0,Morocco,MAR,MAR,20210217
0.389479,0.043435,0.380952,0.043615,126.0,Nepal,NPL,NPL,20210217
0.433847,0.019698,0.446708,0.019637,638.0,Netherlands,NLD,NLD,20210217
0.530687,0.026865,0.531792,0.026868,346.0,New Zealand,NZL,NZL,20210217
0.606525,0.046534,0.618182,0.046792,110.0,Nicaragua,NIC,NIC,20210217
0.489633,0.029147,0.484746,0.029154,295.0,Nigeria,NGA,NGA,20210217
0.554103,0.029901,0.570909,0.030029,275.0,Norway,NOR,NOR,20210217
0.425564,0.03,0.388679,0.03043,265.0,Pakistan,PAK,PAK,20210217
0.514078,0.041499,0.544828,0.04165,145.0,Paraguay,PRY,PRY,20210217
0.56018,0.019146,0.566319,0.019176,671.0,Peru,PER,PER,20210217
0.690246,0.013649,0.742218,0.014429,1028.0,Philippines,PHL,PHL,20210217
0.561797,0.018801,0.560172,0.018794,698.0,Poland,POL,POL,20210217
0.408957,0.019351,0.450151,0.019123,662.0,Portugal,PRT,PRT,20210217
0.517061,0.0403,0.538961,0.040399,154.0,"Puerto Rico, U.S.",PRI,PRI,20210217
0.458934,0.023452,0.455752,0.023465,452.0,Romania,ROU,ROU,20210217
0.468146,0.016181,0.44926,0.016232,946.0,Russia,RUS,RUS,20210217
0.517685,0.037523,0.52809,0.037559,178.0,Saudi Arabia,SAU,SAU,20210217
0.408085,0.033922,0.415094,0.033835,212.0,Serbia,SRB,SRB,20210217
0.465989,0.030373,0.5,0.030302,272.0,Slovakia,SVK,SVK,20210217
0.431116,0.044033,0.457364,0.043773,129.0,Slovenia,SVN,SVN,20210217
0.505963,0.023237,0.497845,0.023235,464.0,South Africa,ZAF,ZAF,20210217
0.732022,0.024486,0.688022,0.023408,359.0,South Korea,KOR,KOR,20210217
0.488099,0.01618,0.498954,0.016175,956.0,Spain,ESP,ESP,20210217
0.590566,0.018518,0.580872,0.018454,711.0,Sweden,SWE,SWE,20210217
0.517168,0.026612,0.502825,0.026597,354.0,Switzerland,CHE,CHE,20210217
0.629494,0.012627,0.645094,0.012744,1437.0,Taiwan,TWN,TWN,20210217
0.624024,0.016628,0.614219,0.016546,858.0,Thailand,THA,THA,20210217
0.562491,0.035432,0.537688,0.035255,199.0,Tunisia,TUN,TUN,20210217
0.507351,0.018154,0.465608,0.018195,756.0,Turkey,TUR,TUR,20210217
0.497203,0.014554,0.533163,0.014586,1176.0,Ukraine,UKR,UKR,20210217
0.466954,0.01992,0.497623,0.019877,631.0,United Kingdom,GBR,GBR,20210217
0.584762,0.028328,0.587459,0.028355,303.0,Uruguay,URY,URY,20210217
0.611578,0.023627,0.581236,0.023342,437.0,Venezuela,VEN,VEN,20210217
0.396234,0.010754,0.438498,0.0106,2130.0,Vietnam,VNM,VNM,20210217
0.456165,0.031642,0.42449,0.031886,245.0,Algeria,DZA,DZA,20210218
0.480581,0.01438,0.5,0.014369,1210.0,Argentina,ARG,ARG,20210218
0.530368,0.020923,0.555752,0.021015,565.0,Australia,AUS,AUS,20210218
0.480734,0.026877,0.507205,0.02686,347.0,Austria,AUT,AUT,20210218
0.388354,0.036153,0.337209,0.037271,172.0,Bangladesh,BGD,BGD,20210218
0.508207,0.0395,0.54375,0.039647,160.0,Belarus,BLR,BLR,20210218
0.522088,0.027837,0.545171,0.027924,321.0,Belgium,BEL,BEL,20210218
0.543128,0.029361,0.57193,0.029559,285.0,Bolivia,BOL,BOL,20210218
0.505991,0.008893,0.508067,0.008894,3161.0,Brazil,BRA,BRA,20210218
0.490405,0.028937,0.478261,0.028959,299.0,Bulgaria,BGR,BGR,20210218
0.538994,0.016341,0.546825,0.016363,929.0,Canada,CAN,CAN,20210218
0.551083,0.026044,0.54918,0.026034,366.0,Chile,CHL,CHL,20210218
0.585075,0.0159,0.58977,0.015927,958.0,Colombia,COL,COL,20210218
0.570327,0.041407,0.569444,0.041396,144.0,Costa Rica,CRI,CRI,20210218
0.410472,0.039889,0.401316,0.040032,152.0,Croatia,HRV,HRV,20210218
0.44793,0.020259,0.470395,0.020184,608.0,Czech Republic,CZE,CZE,20210218
0.58399,0.031314,0.569721,0.031173,251.0,Denmark,DNK,DNK,20210218
0.603741,0.038155,0.606061,0.038194,165.0,Dominican Republic,DOM,DOM,20210218
0.576133,0.019722,0.611111,0.019992,612.0,Ecuador,ECU,ECU,20210218
0.52201,0.019725,0.563981,0.01987,633.0,Egypt,EGY,EGY,20210218
0.566117,0.037084,0.596591,0.037465,176.0,El Salvador,SLV,SLV,20210218
0.63063,0.047769,0.559633,0.046441,109.0,Finland,FIN,FIN,20210218
0.533384,0.009841,0.548475,0.009866,2558.0,France,FRA,FRA,20210218
0.529333,0.011296,0.539528,0.011312,1948.0,Germany,DEU,DEU,20210218
0.610631,0.040001,0.621622,0.040217,148.0,Ghana,GHA,GHA,20210218
0.531377,0.024619,0.562654,0.024766,407.0,Greece,GRC,GRC,20210218
0.558883,0.040079,0.610738,0.040814,149.0,Guatemala,GTM,GTM,20210218
0.628096,0.039714,0.601307,0.039202,153.0,Honduras,HND,HND,20210218
0.601735,0.042668,0.623077,0.043102,130.0,Hong Kong,HKG,HKG,20210218
0.523906,0.018203,0.528552,0.018212,753.0,Hungary,HUN,HUN,20210218
0.362516,0.012493,0.37525,0.012404,1503.0,India,IND,IND,20210218
0.515841,0.016373,0.520386,0.016379,932.0,Indonesia,IDN,IDN,20210218
0.521248,0.026224,0.519231,0.026219,364.0,Iraq,IRQ,IRQ,20210218
0.488685,0.040392,0.519481,0.040412,154.0,Ireland,IRL,IRL,20210218
0.466246,0.012541,0.479849,0.012522,1588.0,Italy,ITA,ITA,20210218
0.576773,0.007273,0.559107,0.007238,4661.0,Japan,JPN,JPN,20210218
0.528762,0.04146,0.527397,0.041454,146.0,Jordan,JOR,JOR,20210218
0.456181,0.044359,0.436508,0.044549,126.0,Kazakhstan,KAZ,KAZ,20210218
0.544581,0.039252,0.559006,0.039371,161.0,Kenya,KEN,KEN,20210218
0.472591,0.050252,0.5,0.050176,100.0,Lebanon,LBN,LBN,20210218
0.580039,0.050212,0.52,0.049604,100.0,Libya,LBY,LBY,20210218
0.552062,0.025375,0.588859,0.025645,377.0,Malaysia,MYS,MYS,20210218
0.571195,0.009716,0.574903,0.009726,2590.0,Mexico,MEX,MEX,20210218
0.370355,0.048027,0.378641,0.047814,103.0,Nepal,NPL,NPL,20210218
0.488909,0.021387,0.459559,0.021452,544.0,Netherlands,NLD,NLD,20210218
0.559361,0.028332,0.571895,0.028427,306.0,New Zealand,NZL,NZL,20210218
0.68136,0.045254,0.663636,0.04463,110.0,Nicaragua,NIC,NIC,20210218
0.448462,0.028521,0.483766,0.028385,308.0,Nigeria,NGA,NGA,20210218
0.573591,0.02987,0.6,0.030154,270.0,Norway,NOR,NOR,20210218
0.307715,0.030842,0.352697,0.029793,241.0,Pakistan,PAK,PAK,20210218
0.501472,0.043028,0.492647,0.043033,136.0,Paraguay,PRY,PRY,20210218
0.581629,0.019721,0.570523,0.019653,631.0,Peru,PER,PER,20210218
0.71833,0.014438,0.725183,0.014548,957.0,Philippines,PHL,PHL,20210218
0.5235,0.019188,0.538462,0.019224,676.0,Poland,POL,POL,20210218
0.441431,0.019851,0.44586,0.019831,628.0,Portugal,PRT,PRT,20210218
0.430043,0.046341,0.529915,0.045967,117.0,"Puerto Rico, U.S.",PRI,PRI,20210218
0.47714,0.023873,0.480638,0.023866,439.0,Romania,ROU,ROU,20210218
0.446146,0.016596,0.422773,0.0167,887.0,Russia,RUS,RUS,20210218
0.356814,0.040956,0.428571,0.039647,147.0,Saudi Arabia,SAU,SAU,20210218
0.401049,0.031481,0.399177,0.031506,243.0,Serbia,SRB,SRB,20210218
0.434212,0.03147,0.433735,0.031474,249.0,Slovakia,SVK,SVK,20210218
0.51768,0.022389,0.519038,0.022392,499.0,South Africa,ZAF,ZAF,20210218
0.5988,0.027232,0.633758,0.027704,314.0,South Korea,KOR,KOR,20210218
0.501464,0.016809,0.53689,0.016855,881.0,Spain,ESP,ESP,20210218
0.587413,0.018909,0.580645,0.018865,682.0,Sweden,SWE,SWE,20210218
0.395608,0.026758,0.414706,0.026558,340.0,Switzerland,CHE,CHE,20210218
0.593907,0.013615,0.602475,0.013663,1293.0,Taiwan,TWN,TWN,20210218
0.518578,0.018111,0.577181,0.018318,745.0,Thailand,THA,THA,20210218
0.642999,0.031983,0.644444,0.032012,225.0,Tunisia,TUN,TUN,20210218
0.487527,0.017712,0.444162,0.017818,788.0,Turkey,TUR,TUR,20210218
0.534502,0.01503,0.544131,0.015053,1099.0,Ukraine,UKR,UKR,20210218
0.501547,0.020862,0.513043,0.020869,575.0,United Kingdom,GBR,GBR,20210218
0.595199,0.030179,0.602273,0.030267,264.0,Uruguay,URY,URY,20210218
0.629632,0.024824,0.615584,0.024643,385.0,Venezuela,VEN,VEN,20210218
0.398314,0.011372,0.446653,0.011199,1912.0,Vietnam,VNM,VNM,20210218
0.52769,0.030621,0.475655,0.03061,267.0,Algeria,DZA,DZA,20210219
0.469043,0.01534,0.482109,0.015321,1062.0,Argentina,ARG,ARG,20210219
0.582591,0.021645,0.582692,0.021646,520.0,Australia,AUS,AUS,20210219
0.523046,0.030365,0.511029,0.030341,272.0,Austria,AUT,AUT,20210219
0.48506,0.036481,0.39779,0.037251,181.0,Bangladesh,BGD,BGD,20210219
0.517039,0.040284,0.509677,0.040268,155.0,Belarus,BLR,BLR,20210219
0.477735,0.031353,0.482353,0.031342,255.0,Belgium,BEL,BEL,20210219
0.602218,0.030924,0.584314,0.03071,255.0,Bolivia,BOL,BOL,20210219
0.490039,0.00912,0.493014,0.009119,3006.0,Brazil,BRA,BRA,20210219
0.492784,0.029965,0.480287,0.029985,279.0,Bulgaria,BGR,BGR,20210219
0.537372,0.017048,0.548652,0.017082,853.0,Canada,CAN,CAN,20210219
0.516811,0.026477,0.521008,0.026485,357.0,Chile,CHL,CHL,20210219
0.535256,0.017282,0.557437,0.017354,827.0,Colombia,COL,COL,20210219
0.494767,0.042103,0.507042,0.042105,142.0,Costa Rica,CRI,CRI,20210219
0.415905,0.039516,0.43038,0.039336,158.0,Croatia,HRV,HRV,20210219
0.471731,0.020823,0.473958,0.020818,576.0,Czech Republic,CZE,CZE,20210219
0.578152,0.033625,0.576037,0.033603,217.0,Denmark,DNK,DNK,20210219
0.57122,0.040336,0.565789,0.040275,152.0,Dominican Republic,DOM,DOM,20210219
0.578305,0.021257,0.611006,0.021532,527.0,Ecuador,ECU,ECU,20210219
0.546573,0.019602,0.550388,0.019617,645.0,Egypt,EGY,EGY,20210219
0.689066,0.035665,0.680233,0.035397,172.0,El Salvador,SLV,SLV,20210219
0.521782,0.010312,0.532878,0.010324,2342.0,France,FRA,FRA,20210219
0.534471,0.011415,0.535602,0.011416,1910.0,Germany,DEU,DEU,20210219
0.65839,0.041883,0.622222,0.040969,135.0,Ghana,GHA,GHA,20210219
0.590547,0.024827,0.580808,0.024742,396.0,Greece,GRC,GRC,20210219
0.635636,0.035709,0.63388,0.035673,183.0,Guatemala,GTM,GTM,20210219
0.636644,0.042301,0.638462,0.042347,130.0,Honduras,HND,HND,20210219
0.576837,0.044833,0.569106,0.04473,123.0,Hong Kong,HKG,HKG,20210219
0.488599,0.019533,0.490854,0.019532,656.0,Hungary,HUN,HUN,20210219
0.357473,0.011944,0.354919,0.011963,1606.0,India,IND,IND,20210219
0.479994,0.017052,0.462617,0.017086,856.0,Indonesia,IDN,IDN,20210219
0.493439,0.023873,0.480638,0.023889,439.0,Iraq,IRQ,IRQ,20210219
0.560355,0.043489,0.518797,0.043201,133.0,Ireland,IRL,IRL,20210219
0.455701,0.013001,0.460911,0.01299,1471.0,Italy,ITA,ITA,20210219
0.558191,0.007344,0.553349,0.007336,4583.0,Japan,JPN,JPN,20210219
0.586387,0.037021,0.543956,0.036606,182.0,Jordan,JOR,JOR,20210219
0.516173,0.045605,0.479339,0.04562,121.0,Kazakhstan,KAZ,KAZ,20210219
0.571473,0.035689,0.553846,0.035529,195.0,Kenya,KEN,KEN,20210219
0.610681,0.023987,0.623472,0.02414,409.0,Malaysia,MYS,MYS,20210219
0.552677,0.009958,0.559936,0.009974,2486.0,Mexico,MEX,MEX,20210219
0.508416,0.048204,0.462963,0.04833,108.0,Morocco,MAR,MAR,20210219
0.409363,0.044053,0.336207,0.045853,116.0,Nepal,NPL,NPL,20210219
0.503568,0.020833,0.495667,0.020833,577.0,Netherlands,NLD,NLD,20210219
0.510838,0.029332,0.522337,0.029354,291.0,New Zealand,NZL,NZL,20210219
0.531392,0.029668,0.494737,0.029611,285.0,Nigeria,NGA,NGA,20210219
0.534322,0.030326,0.584906,0.0307,265.0,Norway,NOR,NOR,20210219
0.408556,0.030579,0.365462,0.031215,249.0,Pakistan,PAK,PAK,20210219
0.334287,0.042034,0.40146,0.040451,137.0,Paraguay,PRY,PRY,20210219
0.528392,0.020027,0.546042,0.02008,619.0,Peru,PER,PER,20210219
0.665247,0.014874,0.693347,0.015223,962.0,Philippines,PHL,PHL,20210219
0.565066,0.019566,0.5759,0.019627,639.0,Poland,POL,POL,20210219
0.441008,0.020995,0.436494,0.021019,559.0,Portugal,PRT,PRT,20210219
0.587551,0.045779,0.594828,0.045905,116.0,"Puerto Rico, U.S.",PRI,PRI,20210219
0.412792,0.024253,0.440476,0.024052,420.0,Romania,ROU,ROU,20210219
0.425894,0.016869,0.42741,0.016862,861.0,Russia,RUS,RUS,20210219
0.319973,0.035087,0.335165,0.034672,182.0,Saudi Arabia,SAU,SAU,20210219
0.375588,0.03331,0.369668,0.033418,211.0,Serbia,SRB,SRB,20210219
0.523591,0.031496,0.531746,0.031525,252.0,Slovakia,SVK,SVK,20210219
0.455819,0.049318,0.456311,0.049314,103.0,Slovenia,SVN,SVN,20210219
0.527238,0.022414,0.53629,0.02244,496.0,South Africa,ZAF,ZAF,20210219
0.651905,0.02779,0.63245,0.027457,302.0,South Korea,KOR,KOR,20210219
0.524352,0.016692,0.534676,0.016712,894.0,Spain,ESP,ESP,20210219
0.545573,0.019209,0.565217,0.019294,667.0,Sweden,SWE,SWE,20210219
0.473202,0.029591,0.479021,0.029575,286.0,Switzerland,CHE,CHE,20210219
0.5722,0.013425,0.613982,0.013644,1316.0,Taiwan,TWN,TWN,20210219
0.565185,0.018162,0.567785,0.018174,745.0,Thailand,THA,THA,20210219
0.554281,0.032573,0.606195,0.033136,226.0,Tunisia,TUN,TUN,20210219
0.46852,0.018399,0.440329,0.018494,729.0,Turkey,TUR,TUR,20210219
0.518726,0.015781,0.526946,0.015792,1002.0,Ukraine,UKR,UKR,20210219
0.498193,0.022118,0.503906,0.022119,512.0,United Kingdom,GBR,GBR,20210219
0.58337,0.031684,0.577869,0.031626,244.0,Uruguay,URY,URY,20210219
0.633457,0.026432,0.614706,0.026171,340.0,Venezuela,VEN,VEN,20210219
0.365395,0.011875,0.438466,0.011524,1747.0,Vietnam,VNM,VNM,20210219
0.519333,0.03141,0.480315,0.031411,254.0,Algeria,DZA,DZA,20210220
0.467102,0.015698,0.48867,0.015668,1015.0,Argentina,ARG,ARG,20210220
0.573756,0.021541,0.582857,0.021604,525.0,Australia,AUS,AUS,20210220
0.454735,0.028328,0.454839,0.028327,310.0,Austria,AUT,AUT,20210220
0.312545,0.037262,0.355422,0.036086,166.0,Bangladesh,BGD,BGD,20210220
0.585705,0.042078,0.546099,0.041632,141.0,Belarus,BLR,BLR,20210220
0.529661,0.029589,0.536842,0.029617,285.0,Belgium,BEL,BEL,20210220
0.555084,0.03004,0.530686,0.029913,277.0,Bolivia,BOL,BOL,20210220
0.501792,0.009275,0.504644,0.009275,2907.0,Brazil,BRA,BRA,20210220
0.45598,0.029979,0.467626,0.029925,278.0,Bulgaria,BGR,BGR,20210220
0.565335,0.017401,0.566502,0.017407,812.0,Canada,CAN,CAN,20210220
0.559314,0.026014,0.554645,0.025986,366.0,Chile,CHL,CHL,20210220
0.552685,0.017778,0.556266,0.017792,782.0,Colombia,COL,COL,20210220
0.60862,0.044323,0.601626,0.044187,123.0,Costa Rica,CRI,CRI,20210220
0.276447,0.040721,0.328358,0.038781,134.0,Croatia,HRV,HRV,20210220
0.480804,0.020807,0.486159,0.0208,578.0,Czech Republic,CZE,CZE,20210220
0.663048,0.035381,0.615789,0.034382,190.0,Denmark,DNK,DNK,20210220
0.666244,0.038629,0.598765,0.037164,162.0,Dominican Republic,DOM,DOM,20210220
0.571648,0.022917,0.556263,0.022825,471.0,Ecuador,ECU,ECU,20210220
0.551917,0.021195,0.558182,0.021224,550.0,Egypt,EGY,EGY,20210220
0.696955,0.035374,0.676136,0.034741,176.0,El Salvador,SLV,SLV,20210220
0.540957,0.010279,0.552328,0.010301,2341.0,France,FRA,FRA,20210220
0.519152,0.01177,0.53478,0.01179,1797.0,Germany,DEU,DEU,20210220
0.658503,0.041937,0.626866,0.041119,134.0,Ghana,GHA,GHA,20210220
0.588826,0.025187,0.56701,0.025012,388.0,Greece,GRC,GRC,20210220
0.776557,0.037528,0.717241,0.034713,145.0,Guatemala,GTM,GTM,20210220
0.631458,0.043193,0.655738,0.043855,122.0,Honduras,HND,HND,20210220
0.633464,0.042368,0.648438,0.042758,128.0,Hong Kong,HKG,HKG,20210220
0.515155,0.017816,0.513959,0.017815,788.0,Hungary,HUN,HUN,20210220
0.371742,0.012144,0.374843,0.012123,1590.0,India,IND,IND,20210220
0.48326,0.017438,0.493317,0.01743,823.0,Indonesia,IDN,IDN,20210220
0.446721,0.024134,0.456674,0.024087,427.0,Iraq,IRQ,IRQ,20210220
0.516486,0.039342,0.5625,0.039631,160.0,Ireland,IRL,IRL,20210220
0.461577,0.013018,0.476578,0.012994,1473.0,Italy,ITA,ITA,20210220
0.565784,0.007111,0.548275,0.007082,4899.0,Japan,JPN,JPN,20210220
0.585451,0.034856,0.546341,0.034492,205.0,Jordan,JOR,JOR,20210220
0.47441,0.046286,0.461538,0.046363,117.0,Kazakhstan,KAZ,KAZ,20210220
0.525345,0.033861,0.506849,0.033821,219.0,Kenya,KEN,KEN,20210220
0.582207,0.026042,0.606232,0.026287,353.0,Malaysia,MYS,MYS,20210220
0.545741,0.010207,0.562421,0.010245,2363.0,Mexico,MEX,MEX,20210220
0.332775,0.04486,0.356522,0.044133,115.0,Nepal,NPL,NPL,20210220
0.484757,0.020932,0.473684,0.020951,570.0,Netherlands,NLD,NLD,20210220
0.45458,0.030659,0.469925,0.030588,266.0,New Zealand,NZL,NZL,20210220
0.461931,0.030419,0.487085,0.030341,271.0,Nigeria,NGA,NGA,20210220
0.611157,0.029325,0.586572,0.029029,283.0,Norway,NOR,NOR,20210220
0.367769,0.032117,0.382609,0.031865,230.0,Pakistan,PAK,PAK,20210220
0.498774,0.047458,0.5,0.047458,112.0,Paraguay,PRY,PRY,20210220
0.624761,0.020304,0.615652,0.020209,575.0,Peru,PER,PER,20210220
0.664976,0.014553,0.707566,0.015101,978.0,Philippines,PHL,PHL,20210220
0.554962,0.019975,0.570732,0.020056,615.0,Poland,POL,POL,20210220
0.442511,0.020095,0.436066,0.020127,610.0,Portugal,PRT,PRT,20210220
0.445911,0.041333,0.52381,0.041137,147.0,"Puerto Rico, U.S.",PRI,PRI,20210220
0.471107,0.023854,0.46347,0.023878,438.0,Romania,ROU,ROU,20210220
0.423978,0.017365,0.422222,0.017375,810.0,Russia,RUS,RUS,20210220
0.450843,0.036982,0.450549,0.036985,182.0,Saudi Arabia,SAU,SAU,20210220
0.455203,0.034914,0.407035,0.035391,199.0,Serbia,SRB,SRB,20210220
0.460806,0.030859,0.461832,0.030854,262.0,Slovakia,SVK,SVK,20210220
0.533418,0.04782,0.527273,0.047784,110.0,Slovenia,SVN,SVN,20210220
0.505692,0.025404,0.515464,0.025415,388.0,South Africa,ZAF,ZAF,20210220
0.701917,0.026279,0.678233,0.025732,317.0,South Korea,KOR,KOR,20210220
0.513354,0.017019,0.505787,0.017014,864.0,Spain,ESP,ESP,20210220
0.551153,0.019676,0.564465,0.019738,636.0,Sweden,SWE,SWE,20210220
0.457174,0.029676,0.459364,0.029665,283.0,Switzerland,CHE,CHE,20210220
0.555836,0.013813,0.586478,0.013937,1272.0,Taiwan,TWN,TWN,20210220
0.552484,0.017712,0.561069,0.017747,786.0,Thailand,THA,THA,20210220
0.563002,0.037045,0.58427,0.037283,178.0,Tunisia,TUN,TUN,20210220
0.506362,0.017941,0.431193,0.018112,763.0,Turkey,TUR,TUR,20210220
0.48632,0.016199,0.526814,0.016216,951.0,Ukraine,UKR,UKR,20210220
0.528984,0.049393,0.466019,0.049424,103.0,United Arab Emirates,ARE,ARE,20210220
0.503376,0.0222,0.511811,0.022205,508.0,United Kingdom,GBR,GBR,20210220
0.613152,0.029968,0.586716,0.02964,271.0,Uruguay,URY,URY,20210220
0.588237,0.025673,0.553191,0.025415,376.0,Venezuela,VEN,VEN,20210220
0.448577,0.012498,0.455632,0.012481,1589.0,Vietnam,VNM,VNM,20210220
0.498477,0.032362,0.472803,0.03241,239.0,Algeria,DZA,DZA,20210221
0.446249,0.015161,0.457909,0.015126,1081.0,Argentina,ARG,ARG,20210221
0.5463,0.021534,0.564972,0.021625,531.0,Australia,AUS,AUS,20210221
0.4465,0.027082,0.454277,0.02704,339.0,Austria,AUT,AUT,20210221
0.296988,0.035834,0.325581,0.034942,172.0,Bangladesh,BGD,BGD,20210221
0.56981,0.03904,0.567901,0.03902,162.0,Belarus,BLR,BLR,20210221
0.51372,0.028864,0.508306,0.028857,301.0,Belgium,BEL,BEL,20210221
0.537391,0.031169,0.556863,0.031285,255.0,Bolivia,BOL,BOL,20210221
0.489919,0.008884,0.486418,0.008886,3166.0,Brazil,BRA,BRA,20210221
0.376674,0.027816,0.425868,0.027258,317.0,Bulgaria,BGR,BGR,20210221
0.578592,0.016513,0.573497,0.016487,898.0,Canada,CAN,CAN,20210221
0.496676,0.02684,0.505747,0.026841,348.0,Chile,CHL,CHL,20210221
0.613089,0.01727,0.606742,0.01722,801.0,Colombia,COL,COL,20210221
0.434112,0.047244,0.504425,0.046834,113.0,Costa Rica,CRI,CRI,20210221
0.437584,0.039934,0.464968,0.039719,157.0,Croatia,HRV,HRV,20210221
0.496288,0.020109,0.510501,0.020112,619.0,Czech Republic,CZE,CZE,20210221
0.551993,0.032335,0.556962,0.032371,237.0,Denmark,DNK,DNK,20210221
0.586227,0.041752,0.597122,0.041925,139.0,Dominican Republic,DOM,DOM,20210221
0.555321,0.022489,0.590814,0.022729,479.0,Ecuador,ECU,ECU,20210221
0.487134,0.019842,0.519685,0.019851,635.0,Egypt,EGY,EGY,20210221
0.649942,0.036576,0.608939,0.035752,179.0,El Salvador,SLV,SLV,20210221
0.53075,0.010306,0.543432,0.010325,2337.0,France,FRA,FRA,20210221
0.559638,0.011197,0.552458,0.011179,1973.0,Germany,DEU,DEU,20210221
0.630861,0.042337,0.643411,0.042654,129.0,Ghana,GHA,GHA,20210221
0.573898,0.025404,0.577836,0.025435,379.0,Greece,GRC,GRC,20210221
0.696615,0.035295,0.639785,0.033799,186.0,Guatemala,GTM,GTM,20210221
0.559317,0.041153,0.651852,0.042888,135.0,Honduras,HND,HND,20210221
0.670859,0.045552,0.679245,0.045858,106.0,Hong Kong,HKG,HKG,20210221
0.557676,0.017744,0.550191,0.017715,787.0,Hungary,HUN,HUN,20210221
0.362401,0.011637,0.366181,0.011611,1715.0,India,IND,IND,20210221
0.477306,0.01695,0.507463,0.016934,871.0,Indonesia,IDN,IDN,20210221
0.482692,0.0245,0.454106,0.024589,414.0,Iraq,IRQ,IRQ,20210221
0.657688,0.036804,0.674847,0.037279,163.0,Ireland,IRL,IRL,20210221
0.459284,0.012537,0.47322,0.012513,1587.0,Italy,ITA,ITA,20210221
0.55462,0.007115,0.55135,0.00711,4888.0,Japan,JPN,JPN,20210221
0.450102,0.033546,0.463964,0.033466,222.0,Jordan,JOR,JOR,20210221
0.475508,0.042606,0.463768,0.042667,138.0,Kazakhstan,KAZ,KAZ,20210221
0.555738,0.036416,0.623596,0.037348,178.0,Kenya,KEN,KEN,20210221
0.590697,0.024358,0.598522,0.024433,406.0,Malaysia,MYS,MYS,20210221
0.544449,0.010069,0.554143,0.010088,2438.0,Mexico,MEX,MEX,20210221
0.280193,0.043175,0.316239,0.041697,117.0,Nepal,NPL,NPL,20210221
0.434552,0.020688,0.4375,0.020672,576.0,Netherlands,NLD,NLD,20210221
0.493418,0.029012,0.496644,0.02901,298.0,New Zealand,NZL,NZL,20210221
0.541752,0.031307,0.492188,0.031202,256.0,Nigeria,NGA,NGA,20210221
0.603856,0.028595,0.589226,0.028428,297.0,Norway,NOR,NOR,20210221
0.472577,0.031245,0.40081,0.031831,247.0,Pakistan,PAK,PAK,20210221
0.45,0.041227,0.416667,0.041603,144.0,Paraguay,PRY,PRY,20210221
0.561257,0.020837,0.574468,0.020914,564.0,Peru,PER,PER,20210221
0.688999,0.014918,0.717892,0.015345,911.0,Philippines,PHL,PHL,20210221
0.570099,0.018953,0.562682,0.018915,686.0,Poland,POL,POL,20210221
0.429406,0.01893,0.441219,0.018871,689.0,Portugal,PRT,PRT,20210221
0.491215,0.043489,0.481203,0.043513,133.0,"Puerto Rico, U.S.",PRI,PRI,20210221
0.46481,0.023316,0.478261,0.02328,460.0,Romania,ROU,ROU,20210221
0.433867,0.01704,0.427725,0.01707,844.0,Russia,RUS,RUS,20210221
0.48875,0.039901,0.506329,0.039894,158.0,Saudi Arabia,SAU,SAU,20210221
0.369605,0.032495,0.379464,0.032324,224.0,Serbia,SRB,SRB,20210221
0.478672,0.030465,0.481481,0.030458,270.0,Slovakia,SVK,SVK,20210221
0.543911,0.048849,0.542857,0.04884,105.0,Slovenia,SVN,SVN,20210221
0.499822,0.022519,0.497976,0.022519,494.0,South Africa,ZAF,ZAF,20210221
0.698603,0.02654,0.667722,0.025854,316.0,South Korea,KOR,KOR,20210221
0.531779,0.01653,0.536773,0.016541,911.0,Spain,ESP,ESP,20210221
0.527523,0.018418,0.545082,0.018465,732.0,Sweden,SWE,SWE,20210221
0.432361,0.028129,0.425806,0.028183,310.0,Switzerland,CHE,CHE,20210221
0.547849,0.013288,0.598385,0.013491,1362.0,Taiwan,TWN,TWN,20210221
0.573853,0.017277,0.57439,0.01728,820.0,Thailand,THA,THA,20210221
0.576523,0.037311,0.570621,0.037245,177.0,Tunisia,TUN,TUN,20210221
0.465861,0.017338,0.449029,0.017388,824.0,Turkey,TUR,TUR,20210221
0.474865,0.015481,0.505747,0.015462,1044.0,Ukraine,UKR,UKR,20210221
0.476899,0.020366,0.482587,0.020357,603.0,United Kingdom,GBR,GBR,20210221
0.595927,0.030179,0.602273,0.030259,264.0,Uruguay,URY,URY,20210221
0.656239,0.025417,0.641457,0.025173,357.0,Venezuela,VEN,VEN,20210221
0.393731,0.012352,0.444101,0.012146,1619.0,Vietnam,VNM,VNM,20210221
0.59992,0.0345,0.492891,0.033807,211.0,Algeria,DZA,DZA,20210222
0.46639,0.014372,0.466833,0.014371,1206.0,Argentina,ARG,ARG,20210222
0.515669,0.021986,0.524178,0.022,517.0,Australia,AUS,AUS,20210222
0.535166,0.028081,0.506289,0.028013,318.0,Austria,AUT,AUT,20210222
0.345788,0.037951,0.471264,0.036161,174.0,Bangladesh,BGD,BGD,20210222
0.599333,0.038657,0.588957,0.038501,163.0,Belarus,BLR,BLR,20210222
0.552395,0.026671,0.594118,0.027007,340.0,Belgium,BEL,BEL,20210222
0.586226,0.029193,0.567474,0.029021,289.0,Bolivia,BOL,BOL,20210222
0.502587,0.008506,0.5,0.008506,3456.0,Brazil,BRA,BRA,20210222
0.385705,0.027874,0.392857,0.027781,308.0,Bulgaria,BGR,BGR,20210222
0.537791,0.016741,0.56492,0.016836,878.0,Canada,CAN,CAN,20210222
0.514629,0.02418,0.545882,0.024272,425.0,Chile,CHL,CHL,20210222
0.576314,0.016215,0.585498,0.016265,924.0,Colombia,COL,COL,20210222
0.536602,0.040929,0.52,0.040852,150.0,Costa Rica,CRI,CRI,20210222
0.417667,0.039307,0.447205,0.038989,161.0,Croatia,HRV,HRV,20210222
0.489772,0.020149,0.482143,0.020158,616.0,Czech Republic,CZE,CZE,20210222
0.583818,0.031836,0.637555,0.032645,229.0,Denmark,DNK,DNK,20210222
0.551161,0.040781,0.574324,0.041023,148.0,Dominican Republic,DOM,DOM,20210222
0.55641,0.021258,0.568015,0.02132,544.0,Ecuador,ECU,ECU,20210222
0.503177,0.020318,0.52562,0.020344,605.0,Egypt,EGY,EGY,20210222
0.590559,0.034813,0.606061,0.035034,198.0,El Salvador,SLV,SLV,20210222
0.555051,0.049107,0.594059,0.049696,101.0,Finland,FIN,FIN,20210222
0.536693,0.010001,0.546188,0.010017,2479.0,France,FRA,FRA,20210222
0.512702,0.011284,0.538146,0.011313,1953.0,Germany,DEU,DEU,20210222
0.623614,0.04019,0.619048,0.040096,147.0,Ghana,GHA,GHA,20210222
0.565041,0.025419,0.587766,0.025601,376.0,Greece,GRC,GRC,20210222
0.59888,0.036512,0.634286,0.037156,175.0,Guatemala,GTM,GTM,20210222
0.571246,0.041157,0.605634,0.041678,142.0,Honduras,HND,HND,20210222
0.651169,0.043457,0.652893,0.043507,121.0,Hong Kong,HKG,HKG,20210222
0.494287,0.018178,0.513871,0.018184,757.0,Hungary,HUN,HUN,20210222
0.368741,0.011436,0.362557,0.011477,1768.0,India,IND,IND,20210222
0.442193,0.016958,0.490805,0.016848,870.0,Indonesia,IDN,IDN,20210222
0.571865,0.026443,0.480447,0.026188,358.0,Iraq,IRQ,IRQ,20210222
0.556844,0.043073,0.571429,0.043237,133.0,Ireland,IRL,IRL,20210222
0.537179,0.050242,0.51,0.050113,100.0,Israel,ISR,ISR,20210222
0.469943,0.013018,0.495257,0.012995,1476.0,Italy,ITA,ITA,20210222
0.559158,0.006969,0.545437,0.006949,5106.0,Japan,JPN,JPN,20210222
0.427958,0.033374,0.459821,0.033133,224.0,Jordan,JOR,JOR,20210222
0.496192,0.045605,0.479339,0.045642,121.0,Kazakhstan,KAZ,KAZ,20210222
0.493544,0.035066,0.519608,0.03509,204.0,Kenya,KEN,KEN,20210222
0.524983,0.049978,0.485149,0.049938,101.0,Libya,LBY,LBY,20210222
0.567233,0.025336,0.585752,0.025484,379.0,Malaysia,MYS,MYS,20210222
0.523599,0.009899,0.530476,0.009906,2543.0,Mexico,MEX,MEX,20210222
0.585495,0.047337,0.535714,0.046759,112.0,Morocco,MAR,MAR,20210222
0.431327,0.045796,0.385965,0.04659,114.0,Nepal,NPL,NPL,20210222
0.459346,0.020297,0.460265,0.020294,604.0,Netherlands,NLD,NLD,20210222
0.516146,0.029815,0.514184,0.029812,282.0,New Zealand,NZL,NZL,20210222
0.549023,0.030693,0.518797,0.030567,266.0,Nigeria,NGA,NGA,20210222
0.567177,0.028912,0.582192,0.029045,292.0,Norway,NOR,NOR,20210222
0.305586,0.030303,0.330579,0.029673,242.0,Pakistan,PAK,PAK,20210222
0.622309,0.049237,0.6,0.048725,100.0,Panama,PAN,PAN,20210222
0.388838,0.042926,0.444444,0.042112,135.0,Paraguay,PRY,PRY,20210222
0.571193,0.018848,0.591777,0.018979,681.0,Peru,PER,PER,20210222
0.688785,0.014504,0.711361,0.01482,977.0,Philippines,PHL,PHL,20210222
0.565763,0.018768,0.585507,0.018883,690.0,Poland,POL,POL,20210222
0.450245,0.021549,0.433962,0.021631,530.0,Portugal,PRT,PRT,20210222
0.510177,0.0403,0.538961,0.040414,154.0,"Puerto Rico, U.S.",PRI,PRI,20210222
0.428565,0.023341,0.448352,0.023225,455.0,Romania,ROU,ROU,20210222
0.473201,0.017003,0.42435,0.017176,846.0,Russia,RUS,RUS,20210222
0.47687,0.039138,0.394904,0.039989,157.0,Saudi Arabia,SAU,SAU,20210222
0.391257,0.03442,0.391089,0.034423,202.0,Serbia,SRB,SRB,20210222
0.476672,0.031431,0.492126,0.0314,254.0,Slovakia,SVK,SVK,20210222
0.477225,0.023941,0.510297,0.023921,437.0,South Africa,ZAF,ZAF,20210222
0.613128,0.025624,0.680723,0.02677,332.0,South Korea,KOR,KOR,20210222
0.510357,0.016553,0.530769,0.01658,910.0,Spain,ESP,ESP,20210222
0.567333,0.049801,0.455446,0.049545,101.0,Sudan,SDN,SDN,20210222
0.541197,0.018926,0.518625,0.018874,698.0,Sweden,SWE,SWE,20210222
0.460082,0.028076,0.458861,0.028082,316.0,Switzerland,CHE,CHE,20210222
0.595565,0.013752,0.615815,0.013876,1252.0,Taiwan,TWN,TWN,20210222
0.546346,0.017832,0.574026,0.017953,770.0,Thailand,THA,THA,20210222
0.644481,0.034827,0.635417,0.034635,192.0,Tunisia,TUN,TUN,20210222
0.510198,0.018288,0.465772,0.018327,745.0,Turkey,TUR,TUR,20210222
0.515077,0.015481,0.53513,0.015512,1039.0,Ukraine,UKR,UKR,20210222
0.466115,0.021356,0.491803,0.02131,549.0,United Kingdom,GBR,GBR,20210222
0.526221,0.02893,0.562712,0.02912,295.0,Uruguay,URY,URY,20210222
0.612686,0.02477,0.609254,0.024731,389.0,Venezuela,VEN,VEN,20210222
0.397035,0.012678,0.433617,0.012517,1529.0,Vietnam,VNM,VNM,20210222
0.521906,0.03105,0.44358,0.03122,257.0,Algeria,DZA,DZA,20210223
0.469634,0.014924,0.456502,0.014953,1115.0,Argentina,ARG,ARG,20210223
0.537825,0.02064,0.545455,0.020666,583.0,Australia,AUS,AUS,20210223
0.536036,0.029242,0.534247,0.029234,292.0,Austria,AUT,AUT,20210223
0.441735,0.038582,0.433735,0.03866,166.0,Bangladesh,BGD,BGD,20210223
0.548541,0.04045,0.535948,0.040364,153.0,Belarus,BLR,BLR,20210223
0.540631,0.027648,0.555556,0.027729,324.0,Belgium,BEL,BEL,20210223
0.515173,0.029826,0.551971,0.029974,279.0,Bolivia,BOL,BOL,20210223
0.478002,0.00856,0.492966,0.008553,3412.0,Brazil,BRA,BRA,20210223
0.416388,0.028912,0.417808,0.028898,292.0,Bulgaria,BGR,BGR,20210223
0.562242,0.016551,0.586907,0.016677,886.0,Canada,CAN,CAN,20210223
0.470504,0.024855,0.467822,0.024863,404.0,Chile,CHL,CHL,20210223
0.602958,0.016669,0.58945,0.016579,872.0,Colombia,COL,COL,20210223
0.455823,0.043278,0.470149,0.043186,134.0,Costa Rica,CRI,CRI,20210223
0.407153,0.038593,0.424242,0.038364,165.0,Croatia,HRV,HRV,20210223
0.467549,0.020076,0.489533,0.020038,621.0,Czech Republic,CZE,CZE,20210223
0.546526,0.032486,0.564103,0.032614,234.0,Denmark,DNK,DNK,20210223
0.629865,0.041829,0.601449,0.041252,138.0,Dominican Republic,DOM,DOM,20210223
0.554451,0.021619,0.583493,0.021796,521.0,Ecuador,ECU,ECU,20210223
0.492887,0.019798,0.538583,0.019856,635.0,Egypt,EGY,EGY,20210223
0.626656,0.034613,0.613065,0.034375,199.0,El Salvador,SLV,SLV,20210223
0.532388,0.010098,0.541461,0.010111,2436.0,France,FRA,FRA,20210223
0.540508,0.011216,0.546423,0.011228,1971.0,Germany,DEU,DEU,20210223
0.607833,0.042617,0.554745,0.041866,137.0,Ghana,GHA,GHA,20210223
0.55799,0.025381,0.572178,0.025476,381.0,Greece,GRC,GRC,20210223
0.642696,0.033921,0.645,0.03397,200.0,Guatemala,GTM,GTM,20210223
0.636969,0.042942,0.663934,0.043716,122.0,Honduras,HND,HND,20210223
0.603457,0.044816,0.637931,0.045616,116.0,Hong Kong,HKG,HKG,20210223
0.513899,0.0179,0.508323,0.017896,781.0,Hungary,HUN,HUN,20210223
0.334583,0.011272,0.357656,0.011097,1809.0,India,IND,IND,20210223
0.47862,0.016853,0.491487,0.01684,881.0,Indonesia,IDN,IDN,20210223
0.556661,0.025722,0.52381,0.025585,378.0,Iraq,IRQ,IRQ,20210223
0.561875,0.039411,0.596154,0.039852,156.0,Ireland,IRL,IRL,20210223
0.491158,0.012993,0.488184,0.012995,1481.0,Italy,ITA,ITA,20210223
0.567044,0.007302,0.540129,0.007259,4660.0,Japan,JPN,JPN,20210223
0.484136,0.034722,0.446602,0.034904,206.0,Jordan,JOR,JOR,20210223
0.552917,0.041356,0.482993,0.041148,147.0,Kazakhstan,KAZ,KAZ,20210223
0.571492,0.03585,0.584211,0.035996,190.0,Kenya,KEN,KEN,20210223
0.59362,0.02503,0.614776,0.025262,379.0,Malaysia,MYS,MYS,20210223
0.559499,0.009786,0.556633,0.009779,2578.0,Mexico,MEX,MEX,20210223
0.594705,0.049266,0.5,0.048375,104.0,Morocco,MAR,MAR,20210223
0.349194,0.045546,0.345455,0.045661,110.0,Nepal,NPL,NPL,20210223
0.449636,0.020562,0.444444,0.020585,585.0,Netherlands,NLD,NLD,20210223
0.466266,0.026968,0.476744,0.026936,344.0,New Zealand,NZL,NZL,20210223
0.531561,0.049666,0.529412,0.049653,102.0,Nicaragua,NIC,NIC,20210223
0.488035,0.030485,0.496296,0.030477,270.0,Nigeria,NGA,NGA,20210223
0.569882,0.028814,0.587031,0.028973,293.0,Norway,NOR,NOR,20210223
0.423451,0.030578,0.411538,0.030702,260.0,Pakistan,PAK,PAK,20210223
0.544867,0.040673,0.543046,0.04066,151.0,Paraguay,PRY,PRY,20210223
0.550985,0.019221,0.55988,0.019259,668.0,Peru,PER,PER,20210223
0.670316,0.014803,0.704522,0.015252,951.0,Philippines,PHL,PHL,20210223
0.563379,0.018826,0.566282,0.01884,694.0,Poland,POL,POL,20210223
0.402095,0.021161,0.417279,0.021042,544.0,Portugal,PRT,PRT,20210223
0.514697,0.042991,0.522059,0.043015,136.0,"Puerto Rico, U.S.",PRI,PRI,20210223
0.451751,0.023441,0.476923,0.023357,455.0,Romania,ROU,ROU,20210223
0.40951,0.016294,0.429654,0.016186,924.0,Russia,RUS,RUS,20210223
0.459223,0.040167,0.410596,0.040689,151.0,Saudi Arabia,SAU,SAU,20210223
0.394789,0.031935,0.398305,0.031886,236.0,Serbia,SRB,SRB,20210223
0.47108,0.031216,0.460938,0.031259,256.0,Slovakia,SVK,SVK,20210223
0.598804,0.048038,0.6,0.048062,105.0,Slovenia,SVN,SVN,20210223
0.500573,0.022642,0.518443,0.022657,488.0,South Africa,ZAF,ZAF,20210223
0.58808,0.028186,0.607973,0.028416,301.0,South Korea,KOR,KOR,20210223
0.481162,0.017129,0.517606,0.017128,852.0,Spain,ESP,ESP,20210223
0.616274,0.018289,0.611814,0.01825,711.0,Sweden,SWE,SWE,20210223
0.499434,0.026837,0.508621,0.026841,348.0,Switzerland,CHE,CHE,20210223
0.593447,0.013421,0.620795,0.013587,1308.0,Taiwan,TWN,TWN,20210223
0.570296,0.017345,0.577586,0.017383,812.0,Thailand,THA,THA,20210223
0.569562,0.039411,0.596154,0.03977,156.0,Tunisia,TUN,TUN,20210223
0.486972,0.017574,0.455224,0.017639,804.0,Turkey,TUR,TUR,20210223
0.478422,0.015251,0.514419,0.015243,1075.0,Ukraine,UKR,UKR,20210223
0.496998,0.02261,0.495918,0.02261,490.0,United Kingdom,GBR,GBR,20210223
0.574679,0.028832,0.594502,0.029032,291.0,Uruguay,URY,URY,20210223
0.609166,0.024238,0.644501,0.024708,391.0,Venezuela,VEN,VEN,20210223
0.415661,0.013368,0.434593,0.013291,1376.0,Vietnam,VNM,VNM,20210223
