pct_trust_doctors,trust_doctors_se,pct_trust_doctors_unw,trust_doctors_se_unw,sample_size,country,iso_code,gid_0,survey_date
0.444454,0.031045,0.46332,0.030936,259.0,Algeria,DZA,DZA,20210206
0.717003,0.01027,0.733549,0.010464,1854.0,Argentina,ARG,ARG,20210206
0.621264,0.013816,0.633005,0.013905,1218.0,Australia,AUS,AUS,20210206
0.509113,0.021477,0.530499,0.021513,541.0,Austria,AUT,AUT,20210206
0.576619,0.029199,0.572917,0.029165,288.0,Bangladesh,BGD,BGD,20210206
0.399964,0.040777,0.368794,0.041403,141.0,Belarus,BLR,BLR,20210206
0.548579,0.021313,0.549451,0.021316,546.0,Belgium,BEL,BEL,20210206
0.609915,0.023866,0.634804,0.024178,408.0,Bolivia,BOL,BOL,20210206
0.460809,0.049281,0.431373,0.049599,102.0,Bosnia and Herzegovina,BIH,BIH,20210206
0.784967,0.004654,0.794274,0.00473,7544.0,Brazil,BRA,BRA,20210206
0.496549,0.027802,0.518519,0.02782,324.0,Bulgaria,BGR,BGR,20210206
0.615362,0.011085,0.618106,0.0111,1922.0,Canada,CAN,CAN,20210206
0.692881,0.014746,0.71459,0.015062,939.0,Chile,CHL,CHL,20210206
0.71387,0.010804,0.724985,0.010936,1709.0,Colombia,COL,COL,20210206
0.770558,0.027016,0.723636,0.025402,275.0,Costa Rica,CRI,CRI,20210206
0.442642,0.03624,0.444444,0.036226,189.0,Croatia,HRV,HRV,20210206
0.466948,0.018624,0.475,0.018606,720.0,Czech Republic,CZE,CZE,20210206
0.571121,0.016996,0.535963,0.016867,862.0,Denmark,DNK,DNK,20210206
0.636207,0.033233,0.621495,0.032964,214.0,Dominican Republic,DOM,DOM,20210206
0.665606,0.018616,0.686495,0.018932,622.0,Ecuador,ECU,ECU,20210206
0.489758,0.018517,0.572028,0.018708,715.0,Egypt,EGY,EGY,20210206
0.665262,0.027282,0.702128,0.028151,282.0,El Salvador,SLV,SLV,20210206
0.690609,0.027079,0.68942,0.027051,293.0,Finland,FIN,FIN,20210206
0.493941,0.008656,0.493557,0.008656,3337.0,France,FRA,FRA,20210206
0.555139,0.00822,0.53585,0.008191,3682.0,Germany,DEU,DEU,20210206
0.636488,0.032917,0.646226,0.033114,212.0,Ghana,GHA,GHA,20210206
0.673706,0.017278,0.690377,0.017522,717.0,Greece,GRC,GRC,20210206
0.682908,0.026453,0.707071,0.027048,297.0,Guatemala,GTM,GTM,20210206
0.696597,0.029936,0.731818,0.031066,220.0,Honduras,HND,HND,20210206
0.568297,0.042239,0.595588,0.04263,136.0,Hong Kong,HKG,HKG,20210206
0.575908,0.01468,0.605951,0.014847,1109.0,Hungary,HUN,HUN,20210206
0.645,0.009878,0.632131,0.009802,2384.0,India,IND,IND,20210206
0.387341,0.014196,0.435708,0.013947,1221.0,Indonesia,IDN,IDN,20210206
0.498083,0.024969,0.5,0.024969,402.0,Iraq,IRQ,IRQ,20210206
0.68116,0.022015,0.706294,0.022526,429.0,Ireland,IRL,IRL,20210206
0.556572,0.037109,0.527473,0.036926,182.0,Israel,ISR,ISR,20210206
0.75284,0.00757,0.752074,0.007562,3255.0,Italy,ITA,ITA,20210206
0.650839,0.005496,0.657633,0.005522,7454.0,Japan,JPN,JPN,20210206
0.480412,0.036161,0.484375,0.036151,192.0,Jordan,JOR,JOR,20210206
0.219506,0.040693,0.236364,0.039646,110.0,Kazakhstan,KAZ,KAZ,20210206
0.740598,0.028679,0.704724,0.027556,254.0,Kenya,KEN,KEN,20210206
0.696961,0.034861,0.693182,0.03474,176.0,Lebanon,LBN,LBN,20210206
0.630385,0.041692,0.58156,0.040796,141.0,Libya,LBY,LBY,20210206
0.613538,0.018969,0.631173,0.019144,648.0,Malaysia,MYS,MYS,20210206
0.797025,0.004687,0.814599,0.004851,6877.0,Mexico,MEX,MEX,20210206
0.604474,0.037726,0.548571,0.037068,175.0,Morocco,MAR,MAR,20210206
0.602268,0.038733,0.620253,0.039061,158.0,Nepal,NPL,NPL,20210206
0.459655,0.014538,0.459184,0.014539,1176.0,Netherlands,NLD,NLD,20210206
0.610197,0.022846,0.602174,0.022764,460.0,New Zealand,NZL,NZL,20210206
0.738031,0.038941,0.736434,0.038865,129.0,Nicaragua,NIC,NIC,20210206
0.575342,0.023195,0.663462,0.024264,416.0,Nigeria,NGA,NGA,20210206
0.570022,0.017084,0.584634,0.017164,833.0,Norway,NOR,NOR,20210206
0.632777,0.026715,0.62614,0.026617,329.0,Pakistan,PAK,PAK,20210206
0.726439,0.035416,0.713415,0.034917,164.0,Panama,PAN,PAN,20210206
0.607349,0.037892,0.631902,0.038368,163.0,Paraguay,PRY,PRY,20210206
0.682277,0.01396,0.685637,0.014,1107.0,Peru,PER,PER,20210206
0.612847,0.014878,0.64073,0.015104,1041.0,Philippines,PHL,PHL,20210206
0.481521,0.016611,0.504961,0.0166,907.0,Poland,POL,POL,20210206
0.72689,0.01212,0.734387,0.012227,1329.0,Portugal,PRT,PRT,20210206
0.764574,0.023684,0.762346,0.023607,324.0,"Puerto Rico, U.S.",PRI,PRI,20210206
0.519932,0.018814,0.521246,0.018816,706.0,Romania,ROU,ROU,20210206
0.304547,0.015848,0.321839,0.015612,870.0,Russia,RUS,RUS,20210206
0.568958,0.028016,0.534591,0.027814,318.0,Saudi Arabia,SAU,SAU,20210206
0.388983,0.028713,0.408163,0.028481,294.0,Serbia,SRB,SRB,20210206
0.651315,0.048355,0.617647,0.047419,102.0,Singapore,SGP,SGP,20210206
0.549509,0.024133,0.565012,0.02422,423.0,Slovakia,SVK,SVK,20210206
0.479888,0.0389,0.481928,0.038893,166.0,Slovenia,SVN,SVN,20210206
0.614794,0.019425,0.631068,0.019592,618.0,South Africa,ZAF,ZAF,20210206
0.637476,0.020242,0.656987,0.020498,551.0,South Korea,KOR,KOR,20210206
0.781549,0.008373,0.790521,0.008502,2363.0,Spain,ESP,ESP,20210206
0.741602,0.043175,0.683761,0.040644,117.0,Sri Lanka,LKA,LKA,20210206
0.666082,0.037653,0.652174,0.037284,161.0,Sudan,SDN,SDN,20210206
0.622897,0.010525,0.620884,0.010514,2126.0,Sweden,SWE,SWE,20210206
0.481285,0.021454,0.47698,0.021462,543.0,Switzerland,CHE,CHE,20210206
0.678529,0.011729,0.70429,0.012003,1515.0,Taiwan,TWN,TWN,20210206
0.551395,0.014713,0.558772,0.014737,1140.0,Thailand,THA,THA,20210206
0.455115,0.034098,0.50463,0.033962,216.0,Tunisia,TUN,TUN,20210206
0.507693,0.014695,0.524221,0.014711,1156.0,Turkey,TUR,TUR,20210206
0.324813,0.014624,0.306533,0.014854,995.0,Ukraine,UKR,UKR,20210206
0.64194,0.044811,0.595041,0.043766,121.0,United Arab Emirates,ARE,ARE,20210206
0.657758,0.010669,0.650651,0.010617,1998.0,United Kingdom,GBR,GBR,20210206
0.550917,0.02493,0.609375,0.025416,384.0,Uruguay,URY,URY,20210206
0.701031,0.02044,0.720497,0.020853,483.0,Venezuela,VEN,VEN,20210206
0.623775,0.009617,0.632207,0.009662,2515.0,Vietnam,VNM,VNM,20210206
0.450346,0.031109,0.435294,0.031218,255.0,Algeria,DZA,DZA,20210207
0.70553,0.010233,0.723326,0.010427,1912.0,Argentina,ARG,ARG,20210207
0.634466,0.014066,0.62775,0.014013,1182.0,Australia,AUS,AUS,20210207
0.534775,0.020117,0.543974,0.020146,614.0,Austria,AUT,AUT,20210207
0.595656,0.028301,0.570033,0.028055,307.0,Bangladesh,BGD,BGD,20210207
0.337735,0.034358,0.318919,0.034865,185.0,Belarus,BLR,BLR,20210207
0.559761,0.019994,0.56748,0.020034,615.0,Belgium,BEL,BEL,20210207
0.715825,0.021985,0.705336,0.02175,431.0,Bolivia,BOL,BOL,20210207
0.791154,0.004669,0.80148,0.004758,7299.0,Brazil,BRA,BRA,20210207
0.520635,0.026426,0.498607,0.026403,359.0,Bulgaria,BGR,BGR,20210207
0.577932,0.011019,0.569802,0.010992,2020.0,Canada,CAN,CAN,20210207
0.754093,0.014206,0.75162,0.014159,926.0,Chile,CHL,CHL,20210207
0.687558,0.010957,0.709133,0.011182,1719.0,Colombia,COL,COL,20210207
0.691451,0.026798,0.755814,0.028812,258.0,Costa Rica,CRI,CRI,20210207
0.381624,0.032145,0.428571,0.031555,238.0,Croatia,HRV,HRV,20210207
0.478531,0.018438,0.48913,0.018426,736.0,Czech Republic,CZE,CZE,20210207
0.557899,0.016229,0.540254,0.016173,944.0,Denmark,DNK,DNK,20210207
0.617709,0.034004,0.608696,0.033858,207.0,Dominican Republic,DOM,DOM,20210207
0.6844,0.018468,0.6928,0.018605,625.0,Ecuador,ECU,ECU,20210207
0.483474,0.01971,0.524106,0.019723,643.0,Egypt,EGY,EGY,20210207
0.718004,0.025126,0.740984,0.025808,305.0,El Salvador,SLV,SLV,20210207
0.631502,0.029318,0.637037,0.029412,270.0,Finland,FIN,FIN,20210207
0.506186,0.008402,0.496894,0.008402,3542.0,France,FRA,FRA,20210207
0.527561,0.008191,0.518001,0.008184,3722.0,Germany,DEU,DEU,20210207
0.663904,0.03478,0.654255,0.034543,188.0,Ghana,GHA,GHA,20210207
0.66883,0.017128,0.680593,0.017289,742.0,Greece,GRC,GRC,20210207
0.734557,0.028546,0.718876,0.02804,249.0,Guatemala,GTM,GTM,20210207
0.670048,0.027294,0.748031,0.029561,254.0,Honduras,HND,HND,20210207
0.539985,0.042197,0.55,0.042274,140.0,Hong Kong,HKG,HKG,20210207
0.540296,0.014023,0.595432,0.014239,1226.0,Hungary,HUN,HUN,20210207
0.591983,0.01014,0.638753,0.010375,2245.0,India,IND,IND,20210207
0.414524,0.014127,0.438866,0.014024,1235.0,Indonesia,IDN,IDN,20210207
0.521079,0.026986,0.514535,0.026973,344.0,Iraq,IRQ,IRQ,20210207
0.763972,0.019966,0.751064,0.019608,470.0,Ireland,IRL,IRL,20210207
0.515557,0.037062,0.502732,0.037045,183.0,Israel,ISR,ISR,20210207
0.754664,0.007124,0.758659,0.007163,3609.0,Italy,ITA,ITA,20210207
0.632351,0.005846,0.643964,0.005887,6710.0,Japan,JPN,JPN,20210207
0.437457,0.036795,0.52973,0.036571,185.0,Jordan,JOR,JOR,20210207
0.194413,0.039221,0.221239,0.037395,113.0,Kazakhstan,KAZ,KAZ,20210207
0.571949,0.030933,0.628571,0.031676,245.0,Kenya,KEN,KEN,20210207
0.587185,0.038069,0.589286,0.038098,168.0,Lebanon,LBN,LBN,20210207
0.521505,0.043518,0.496241,0.043479,133.0,Libya,LBY,LBY,20210207
0.645942,0.019569,0.635314,0.019443,606.0,Malaysia,MYS,MYS,20210207
0.804833,0.00463,0.820203,0.004779,6880.0,Mexico,MEX,MEX,20210207
0.535462,0.038823,0.536145,0.038827,166.0,Morocco,MAR,MAR,20210207
0.666208,0.038777,0.624204,0.037756,157.0,Nepal,NPL,NPL,20210207
0.485503,0.014633,0.469072,0.014655,1164.0,Netherlands,NLD,NLD,20210207
0.615783,0.021934,0.604418,0.021818,498.0,New Zealand,NZL,NZL,20210207
0.679698,0.038617,0.671141,0.038354,149.0,Nicaragua,NIC,NIC,20210207
0.589684,0.024375,0.623737,0.02475,396.0,Nigeria,NGA,NGA,20210207
0.545475,0.015929,0.546012,0.01593,978.0,Norway,NOR,NOR,20210207
0.669457,0.024816,0.654891,0.024555,368.0,Pakistan,PAK,PAK,20210207
0.755493,0.031568,0.780347,0.032772,173.0,Panama,PAN,PAN,20210207
0.643585,0.036662,0.632184,0.036413,174.0,Paraguay,PRY,PRY,20210207
0.710673,0.01302,0.730637,0.013308,1162.0,Peru,PER,PER,20210207
0.589931,0.014604,0.632447,0.014898,1091.0,Philippines,PHL,PHL,20210207
0.479164,0.015736,0.488119,0.015727,1010.0,Poland,POL,POL,20210207
0.714917,0.011957,0.720057,0.012023,1411.0,Portugal,PRT,PRT,20210207
0.731705,0.024722,0.715569,0.02428,334.0,"Puerto Rico, U.S.",PRI,PRI,20210207
0.531929,0.01914,0.535294,0.019149,680.0,Romania,ROU,ROU,20210207
0.309969,0.015742,0.352495,0.015239,922.0,Russia,RUS,RUS,20210207
0.607881,0.029611,0.594203,0.029441,276.0,Saudi Arabia,SAU,SAU,20210207
0.446577,0.031343,0.450593,0.031317,253.0,Serbia,SRB,SRB,20210207
0.647049,0.045546,0.654545,0.045773,110.0,Singapore,SGP,SGP,20210207
0.506134,0.02338,0.527352,0.023413,457.0,Slovakia,SVK,SVK,20210207
0.463774,0.04025,0.477419,0.040185,155.0,Slovenia,SVN,SVN,20210207
0.63285,0.018041,0.65,0.018232,700.0,South Africa,ZAF,ZAF,20210207
0.658578,0.0221,0.666667,0.02223,456.0,South Korea,KOR,KOR,20210207
0.784435,0.00817,0.787251,0.00821,2510.0,Spain,ESP,ESP,20210207
0.636275,0.044608,0.652174,0.045056,115.0,Sudan,SDN,SDN,20210207
0.597169,0.010219,0.610623,0.010278,2278.0,Sweden,SWE,SWE,20210207
0.481197,0.020906,0.497382,0.020891,573.0,Switzerland,CHE,CHE,20210207
0.695207,0.011476,0.73302,0.011941,1487.0,Taiwan,TWN,TWN,20210207
0.584467,0.014595,0.60071,0.014686,1127.0,Thailand,THA,THA,20210207
0.480542,0.03037,0.507353,0.03035,272.0,Tunisia,TUN,TUN,20210207
0.53318,0.014731,0.546807,0.014763,1143.0,Turkey,TUR,TUR,20210207
0.325816,0.014882,0.34476,0.014675,1021.0,Ukraine,UKR,UKR,20210207
0.461341,0.044577,0.56,0.044767,125.0,United Arab Emirates,ARE,ARE,20210207
0.63104,0.010537,0.634753,0.01056,2089.0,United Kingdom,GBR,GBR,20210207
0.655711,0.025824,0.643478,0.025618,345.0,Uruguay,URY,URY,20210207
0.715463,0.019929,0.732794,0.020321,494.0,Venezuela,VEN,VEN,20210207
0.626999,0.01002,0.624305,0.010006,2337.0,Vietnam,VNM,VNM,20210207
0.480383,0.033584,0.472973,0.033608,222.0,Algeria,DZA,DZA,20210208
0.70834,0.009964,0.722415,0.010113,2021.0,Argentina,ARG,ARG,20210208
0.637523,0.014272,0.634211,0.014244,1140.0,Australia,AUS,AUS,20210208
0.461559,0.021546,0.48423,0.021493,539.0,Austria,AUT,AUT,20210208
0.591482,0.027512,0.607595,0.027696,316.0,Bangladesh,BGD,BGD,20210208
0.460823,0.040484,0.375,0.041684,144.0,Belarus,BLR,BLR,20210208
0.550032,0.02056,0.572414,0.020675,580.0,Belgium,BEL,BEL,20210208
0.660654,0.021534,0.704444,0.022345,450.0,Bolivia,BOL,BOL,20210208
0.793654,0.004579,0.797404,0.004611,7705.0,Brazil,BRA,BRA,20210208
0.533969,0.02595,0.569863,0.026147,365.0,Bulgaria,BGR,BGR,20210208
0.612336,0.011134,0.618697,0.011169,1904.0,Canada,CAN,CAN,20210208
0.71486,0.014344,0.718496,0.0144,984.0,Chile,CHL,CHL,20210208
0.694772,0.010725,0.71085,0.010894,1788.0,Colombia,COL,COL,20210208
0.798703,0.025358,0.779851,0.024539,268.0,Costa Rica,CRI,CRI,20210208
0.435252,0.03432,0.438095,0.034295,210.0,Croatia,HRV,HRV,20210208
0.482652,0.018979,0.496403,0.018968,695.0,Czech Republic,CZE,CZE,20210208
0.587859,0.017003,0.57565,0.016933,846.0,Denmark,DNK,DNK,20210208
0.650229,0.033275,0.644231,0.033147,208.0,Dominican Republic,DOM,DOM,20210208
0.669962,0.018127,0.689127,0.018415,653.0,Ecuador,ECU,ECU,20210208
0.528555,0.020101,0.533225,0.020113,617.0,Egypt,EGY,EGY,20210208
0.746806,0.025956,0.707792,0.024818,308.0,El Salvador,SLV,SLV,20210208
0.626921,0.030113,0.623077,0.030051,260.0,Finland,FIN,FIN,20210208
0.484599,0.008693,0.4932,0.008689,3309.0,France,FRA,FRA,20210208
0.531435,0.008674,0.517169,0.008662,3320.0,Germany,DEU,DEU,20210208
0.6102,0.032769,0.602679,0.032659,224.0,Ghana,GHA,GHA,20210208
0.665649,0.017901,0.666187,0.017908,695.0,Greece,GRC,GRC,20210208
0.716479,0.027444,0.722846,0.027635,267.0,Guatemala,GTM,GTM,20210208
0.749074,0.02758,0.723485,0.026734,264.0,Honduras,HND,HND,20210208
0.557591,0.041588,0.588652,0.041976,141.0,Hong Kong,HKG,HKG,20210208
0.568933,0.013973,0.603097,0.014144,1227.0,Hungary,HUN,HUN,20210208
0.614569,0.010358,0.623857,0.010407,2188.0,India,IND,IND,20210208
0.447785,0.014311,0.453344,0.014295,1211.0,Indonesia,IDN,IDN,20210208
0.513051,0.026344,0.487535,0.026343,361.0,Iraq,IRQ,IRQ,20210208
0.68885,0.021562,0.705357,0.021897,448.0,Ireland,IRL,IRL,20210208
0.438443,0.040031,0.496815,0.039727,157.0,Israel,ISR,ISR,20210208
0.758838,0.007325,0.76213,0.007359,3380.0,Italy,ITA,ITA,20210208
0.6379,0.006109,0.645256,0.006137,6134.0,Japan,JPN,JPN,20210208
0.493438,0.037035,0.519126,0.037059,183.0,Jordan,JOR,JOR,20210208
0.203785,0.040191,0.222222,0.038941,108.0,Kazakhstan,KAZ,KAZ,20210208
0.63503,0.031352,0.686364,0.032531,220.0,Kenya,KEN,KEN,20210208
0.589451,0.039397,0.625,0.040033,152.0,Lebanon,LBN,LBN,20210208
0.554056,0.039699,0.550633,0.03967,158.0,Libya,LBY,LBY,20210208
0.628632,0.019752,0.624585,0.019709,602.0,Malaysia,MYS,MYS,20210208
0.797563,0.004578,0.817289,0.00476,7126.0,Mexico,MEX,MEX,20210208
0.549223,0.035868,0.541237,0.035816,194.0,Morocco,MAR,MAR,20210208
0.630734,0.037027,0.635294,0.037124,170.0,Nepal,NPL,NPL,20210208
0.453934,0.014081,0.462948,0.01406,1255.0,Netherlands,NLD,NLD,20210208
0.634723,0.022592,0.635165,0.022598,455.0,New Zealand,NZL,NZL,20210208
0.72604,0.037668,0.72028,0.037427,143.0,Nicaragua,NIC,NIC,20210208
0.593614,0.024608,0.680556,0.025922,360.0,Nigeria,NGA,NGA,20210208
0.548215,0.016478,0.53159,0.016435,918.0,Norway,NOR,NOR,20210208
0.734903,0.024984,0.668539,0.023426,356.0,Pakistan,PAK,PAK,20210208
0.730559,0.038318,0.746154,0.039063,130.0,Panama,PAN,PAN,20210208
0.641018,0.035506,0.651934,0.035755,181.0,Paraguay,PRY,PRY,20210208
0.696963,0.013355,0.71441,0.013588,1145.0,Peru,PER,PER,20210208
0.5877,0.014539,0.632153,0.014842,1101.0,Philippines,PHL,PHL,20210208
0.471307,0.01649,0.48913,0.016466,920.0,Poland,POL,POL,20210208
0.728964,0.012248,0.740827,0.012424,1281.0,Portugal,PRT,PRT,20210208
0.738176,0.025857,0.705128,0.024929,312.0,"Puerto Rico, U.S.",PRI,PRI,20210208
0.522764,0.019183,0.529499,0.019197,678.0,Romania,ROU,ROU,20210208
0.3639,0.016595,0.360382,0.01663,838.0,Russia,RUS,RUS,20210208
0.626002,0.030503,0.566038,0.02978,265.0,Saudi Arabia,SAU,SAU,20210208
0.45825,0.03245,0.478992,0.032365,238.0,Serbia,SRB,SRB,20210208
0.667748,0.045821,0.68932,0.046638,103.0,Singapore,SGP,SGP,20210208
0.483961,0.025854,0.504,0.025841,375.0,Slovakia,SVK,SVK,20210208
0.46002,0.036961,0.5,0.036843,184.0,Slovenia,SVN,SVN,20210208
0.598015,0.018498,0.617945,0.018665,691.0,South Africa,ZAF,ZAF,20210208
0.586595,0.023049,0.616592,0.023344,446.0,South Korea,KOR,KOR,20210208
0.791336,0.008552,0.790893,0.008546,2262.0,Spain,ESP,ESP,20210208
0.697205,0.042899,0.620155,0.040612,129.0,Sudan,SDN,SDN,20210208
0.630032,0.010441,0.632146,0.010454,2134.0,Sweden,SWE,SWE,20210208
0.478245,0.021906,0.469231,0.021927,520.0,Switzerland,CHE,CHE,20210208
0.703736,0.01212,0.727071,0.012423,1352.0,Taiwan,TWN,TWN,20210208
0.614813,0.015074,0.595664,0.014947,1061.0,Thailand,THA,THA,20210208
0.437082,0.03146,0.460317,0.031309,252.0,Tunisia,TUN,TUN,20210208
0.522558,0.015876,0.541582,0.015915,986.0,Turkey,TUR,TUR,20210208
0.337269,0.01481,0.337255,0.01481,1020.0,Ukraine,UKR,UKR,20210208
0.513016,0.038689,0.602484,0.039515,161.0,United Arab Emirates,ARE,ARE,20210208
0.618197,0.010994,0.622622,0.011019,1945.0,United Kingdom,GBR,GBR,20210208
0.627787,0.024158,0.649616,0.024478,391.0,Uruguay,URY,URY,20210208
0.656908,0.020229,0.721545,0.021425,492.0,Venezuela,VEN,VEN,20210208
0.622499,0.009305,0.626711,0.009326,2703.0,Vietnam,VNM,VNM,20210208
0.396349,0.031439,0.423387,0.031123,248.0,Algeria,DZA,DZA,20210209
0.708432,0.010124,0.724103,0.010295,1950.0,Argentina,ARG,ARG,20210209
0.653679,0.013944,0.648764,0.013898,1173.0,Australia,AUS,AUS,20210209
0.535472,0.020786,0.533795,0.020781,577.0,Austria,AUT,AUT,20210209
0.63868,0.029233,0.599291,0.028657,282.0,Bangladesh,BGD,BGD,20210209
0.314547,0.039559,0.287879,0.040569,132.0,Belarus,BLR,BLR,20210209
0.504437,0.021528,0.533457,0.021576,538.0,Belgium,BEL,BEL,20210209
0.623802,0.021777,0.661734,0.022298,473.0,Bolivia,BOL,BOL,20210209
0.787443,0.004617,0.799018,0.004714,7533.0,Brazil,BRA,BRA,20210209
0.43911,0.02926,0.501706,0.029043,293.0,Bulgaria,BGR,BGR,20210209
0.622817,0.010958,0.630603,0.011004,1941.0,Canada,CAN,CAN,20210209
0.720872,0.01516,0.716384,0.015087,885.0,Chile,CHL,CHL,20210209
0.707321,0.010636,0.721847,0.0108,1776.0,Colombia,COL,COL,20210209
0.722827,0.026143,0.751825,0.02709,274.0,Costa Rica,CRI,CRI,20210209
0.427705,0.033632,0.466063,0.033356,221.0,Croatia,HRV,HRV,20210209
0.496543,0.01909,0.496361,0.01909,687.0,Czech Republic,CZE,CZE,20210209
0.563738,0.016631,0.564045,0.016633,890.0,Denmark,DNK,DNK,20210209
0.664786,0.033082,0.673267,0.033297,202.0,Dominican Republic,DOM,DOM,20210209
0.640321,0.01697,0.672324,0.017351,766.0,Ecuador,ECU,ECU,20210209
0.469861,0.020111,0.521036,0.020093,618.0,Egypt,EGY,EGY,20210209
0.678432,0.027516,0.682927,0.027619,287.0,El Salvador,SLV,SLV,20210209
0.614044,0.03061,0.639676,0.031039,247.0,Finland,FIN,FIN,20210209
0.498733,0.008754,0.497395,0.008754,3263.0,France,FRA,FRA,20210209
0.518582,0.008813,0.500621,0.008807,3220.0,Germany,DEU,DEU,20210209
0.619629,0.035173,0.6,0.034855,195.0,Ghana,GHA,GHA,20210209
0.64995,0.017117,0.686141,0.017594,736.0,Greece,GRC,GRC,20210209
0.668421,0.026161,0.694534,0.026739,311.0,Guatemala,GTM,GTM,20210209
0.749175,0.027422,0.749004,0.027416,251.0,Honduras,HND,HND,20210209
0.553508,0.041785,0.545455,0.041718,143.0,Hong Kong,HKG,HKG,20210209
0.544805,0.014176,0.591854,0.014364,1203.0,Hungary,HUN,HUN,20210209
0.622304,0.010095,0.635444,0.010169,2274.0,India,IND,IND,20210209
0.473113,0.014533,0.459643,0.014559,1177.0,Indonesia,IDN,IDN,20210209
0.495103,0.027445,0.462236,0.027523,331.0,Iraq,IRQ,IRQ,20210209
0.703788,0.022772,0.701235,0.022716,405.0,Ireland,IRL,IRL,20210209
0.464111,0.040943,0.456376,0.040994,149.0,Israel,ISR,ISR,20210209
0.768788,0.007316,0.762637,0.00725,3383.0,Italy,ITA,ITA,20210209
0.63712,0.006245,0.640474,0.006258,5905.0,Japan,JPN,JPN,20210209
0.442071,0.035897,0.463918,0.035748,194.0,Jordan,JOR,JOR,20210209
0.345579,0.042466,0.276786,0.045138,112.0,Kazakhstan,KAZ,KAZ,20210209
0.663677,0.030479,0.655738,0.030308,244.0,Kenya,KEN,KEN,20210209
0.62557,0.039181,0.651007,0.039783,149.0,Lebanon,LBN,LBN,20210209
0.529634,0.041869,0.589928,0.042488,139.0,Libya,LBY,LBY,20210209
0.593809,0.0202,0.617241,0.02041,580.0,Malaysia,MYS,MYS,20210209
0.799175,0.004527,0.818898,0.004709,7239.0,Mexico,MEX,MEX,20210209
0.594118,0.039178,0.594937,0.039191,158.0,Morocco,MAR,MAR,20210209
0.703136,0.036979,0.664634,0.035785,164.0,Nepal,NPL,NPL,20210209
0.487857,0.014383,0.482616,0.014388,1208.0,Netherlands,NLD,NLD,20210209
0.593799,0.02507,0.596354,0.025095,384.0,New Zealand,NZL,NZL,20210209
0.66735,0.038619,0.666667,0.038599,150.0,Nicaragua,NIC,NIC,20210209
0.598946,0.024406,0.628499,0.024754,393.0,Nigeria,NGA,NGA,20210209
0.567204,0.01669,0.554054,0.016636,888.0,Norway,NOR,NOR,20210209
0.626798,0.025126,0.681159,0.026077,345.0,Pakistan,PAK,PAK,20210209
0.728106,0.039976,0.713178,0.039327,129.0,Panama,PAN,PAN,20210209
0.583612,0.038777,0.624204,0.039468,157.0,Paraguay,PRY,PRY,20210209
0.730233,0.012434,0.744318,0.01265,1232.0,Peru,PER,PER,20210209
0.624726,0.014723,0.645222,0.0149,1057.0,Philippines,PHL,PHL,20210209
0.484838,0.016289,0.506893,0.016283,943.0,Poland,POL,POL,20210209
0.745707,0.012139,0.73525,0.011981,1322.0,Portugal,PRT,PRT,20210209
0.780103,0.02406,0.757862,0.023262,318.0,"Puerto Rico, U.S.",PRI,PRI,20210209
0.48916,0.018808,0.516266,0.018813,707.0,Romania,ROU,ROU,20210209
0.352182,0.016336,0.365517,0.016203,870.0,Russia,RUS,RUS,20210209
0.566192,0.031359,0.618257,0.031991,241.0,Saudi Arabia,SAU,SAU,20210209
0.462998,0.029948,0.460432,0.02996,278.0,Serbia,SRB,SRB,20210209
0.702284,0.042693,0.738318,0.044412,107.0,Singapore,SGP,SGP,20210209
0.513162,0.026382,0.539106,0.026454,358.0,Slovakia,SVK,SVK,20210209
0.479512,0.0396,0.45283,0.039744,159.0,Slovenia,SVN,SVN,20210209
0.599815,0.018905,0.627481,0.019158,655.0,South Africa,ZAF,ZAF,20210209
0.592077,0.023403,0.597727,0.023456,440.0,South Korea,KOR,KOR,20210209
0.778073,0.008709,0.785425,0.008815,2223.0,Spain,ESP,ESP,20210209
0.611308,0.045895,0.669811,0.047571,106.0,Sri Lanka,LKA,LKA,20210209
0.608913,0.046076,0.636364,0.046741,110.0,Sudan,SDN,SDN,20210209
0.598638,0.010573,0.619725,0.010676,2109.0,Sweden,SWE,SWE,20210209
0.515773,0.022076,0.53816,0.022129,511.0,Switzerland,CHE,CHE,20210209
0.676727,0.01195,0.716292,0.012399,1424.0,Taiwan,TWN,TWN,20210209
0.606976,0.014813,0.610138,0.014835,1085.0,Thailand,THA,THA,20210209
0.530624,0.032759,0.565217,0.032979,230.0,Tunisia,TUN,TUN,20210209
0.529312,0.016718,0.53139,0.016722,892.0,Turkey,TUR,TUR,20210209
0.339416,0.015452,0.327194,0.015594,923.0,Ukraine,UKR,UKR,20210209
0.540174,0.041612,0.620438,0.042736,137.0,United Arab Emirates,ARE,ARE,20210209
0.621887,0.011232,0.630411,0.011283,1848.0,United Kingdom,GBR,GBR,20210209
0.673789,0.024324,0.672922,0.024307,373.0,Uruguay,URY,URY,20210209
0.652544,0.020723,0.7,0.021533,490.0,Venezuela,VEN,VEN,20210209
0.643733,0.009759,0.638351,0.009727,2425.0,Vietnam,VNM,VNM,20210209
0.408468,0.030756,0.40625,0.030782,256.0,Algeria,DZA,DZA,20210210
0.708992,0.01004,0.732887,0.010307,1943.0,Argentina,ARG,ARG,20210210
0.620664,0.014392,0.620387,0.01439,1138.0,Australia,AUS,AUS,20210210
0.540622,0.021376,0.531136,0.021347,546.0,Austria,AUT,AUT,20210210
0.674555,0.027383,0.653465,0.026962,303.0,Bangladesh,BGD,BGD,20210210
0.350829,0.038695,0.302817,0.04019,142.0,Belarus,BLR,BLR,20210210
0.593635,0.020867,0.588869,0.02083,557.0,Belgium,BEL,BEL,20210210
0.673526,0.02097,0.692784,0.021315,485.0,Bolivia,BOL,BOL,20210210
0.769822,0.004778,0.793863,0.004972,7170.0,Brazil,BRA,BRA,20210210
0.503059,0.026678,0.529915,0.026726,351.0,Bulgaria,BGR,BGR,20210210
0.594292,0.011261,0.591815,0.01125,1906.0,Canada,CAN,CAN,20210210
0.749307,0.014841,0.738883,0.014644,877.0,Chile,CHL,CHL,20210210
0.70078,0.010972,0.713781,0.011116,1698.0,Colombia,COL,COL,20210210
0.730462,0.024824,0.772727,0.026284,286.0,Costa Rica,CRI,CRI,20210210
0.499622,0.033405,0.493333,0.033408,225.0,Croatia,HRV,HRV,20210210
0.509832,0.018408,0.51626,0.018414,738.0,Czech Republic,CZE,CZE,20210210
0.586272,0.016772,0.552273,0.016612,880.0,Denmark,DNK,DNK,20210210
0.642513,0.03139,0.662281,0.03181,228.0,Dominican Republic,DOM,DOM,20210210
0.677472,0.017602,0.695906,0.017886,684.0,Ecuador,ECU,ECU,20210210
0.590596,0.01927,0.561747,0.019097,664.0,Egypt,EGY,EGY,20210210
0.723523,0.026295,0.70297,0.025737,303.0,El Salvador,SLV,SLV,20210210
0.645294,0.028116,0.659649,0.028389,285.0,Finland,FIN,FIN,20210210
0.470941,0.008823,0.47723,0.008817,3206.0,France,FRA,FRA,20210210
0.535901,0.008621,0.520691,0.008606,3359.0,Germany,DEU,DEU,20210210
0.540564,0.036195,0.560847,0.036346,189.0,Ghana,GHA,GHA,20210210
0.692056,0.017473,0.711738,0.017808,673.0,Greece,GRC,GRC,20210210
0.680623,0.028697,0.712,0.029546,250.0,Guatemala,GTM,GTM,20210210
0.726702,0.029101,0.72766,0.029133,235.0,Honduras,HND,HND,20210210
0.534918,0.042376,0.546763,0.042459,139.0,Hong Kong,HKG,HKG,20210210
0.570465,0.014259,0.607325,0.014453,1174.0,Hungary,HUN,HUN,20210210
0.58872,0.010149,0.62803,0.010332,2269.0,India,IND,IND,20210210
0.416174,0.014284,0.458949,0.01413,1218.0,Indonesia,IDN,IDN,20210210
0.519015,0.028016,0.465409,0.028062,318.0,Iraq,IRQ,IRQ,20210210
0.686414,0.022004,0.702079,0.022322,433.0,Ireland,IRL,IRL,20210210
0.473958,0.041957,0.457746,0.04205,142.0,Israel,ISR,ISR,20210210
0.762541,0.007426,0.760206,0.007401,3307.0,Italy,ITA,ITA,20210210
0.653071,0.005911,0.648582,0.005893,6525.0,Japan,JPN,JPN,20210210
0.452249,0.034823,0.44878,0.034847,205.0,Jordan,JOR,JOR,20210210
0.240937,0.040894,0.221154,0.042138,104.0,Kazakhstan,KAZ,KAZ,20210210
0.660771,0.028898,0.659259,0.028867,270.0,Kenya,KEN,KEN,20210210
0.635372,0.036312,0.672619,0.037246,168.0,Lebanon,LBN,LBN,20210210
0.585696,0.041672,0.592857,0.041782,140.0,Libya,LBY,LBY,20210210
0.580335,0.020514,0.600701,0.020671,571.0,Malaysia,MYS,MYS,20210210
0.79689,0.00467,0.810477,0.004794,7044.0,Mexico,MEX,MEX,20210210
0.552352,0.040827,0.615385,0.041728,143.0,Morocco,MAR,MAR,20210210
0.532491,0.035485,0.625668,0.036584,187.0,Nepal,NPL,NPL,20210210
0.481534,0.014413,0.466222,0.014436,1199.0,Netherlands,NLD,NLD,20210210
0.642472,0.024375,0.623737,0.024115,396.0,New Zealand,NZL,NZL,20210210
0.625858,0.039841,0.666667,0.040897,141.0,Nicaragua,NIC,NIC,20210210
0.673621,0.024749,0.635884,0.024117,379.0,Nigeria,NGA,NGA,20210210
0.541839,0.016867,0.527936,0.016834,877.0,Norway,NOR,NOR,20210210
0.712311,0.027274,0.641935,0.025752,310.0,Pakistan,PAK,PAK,20210210
0.666348,0.039958,0.69403,0.040886,134.0,Panama,PAN,PAN,20210210
0.592533,0.035584,0.620321,0.036028,187.0,Paraguay,PRY,PRY,20210210
0.701691,0.013002,0.7311,0.013416,1164.0,Peru,PER,PER,20210210
0.603437,0.014442,0.646308,0.014776,1097.0,Philippines,PHL,PHL,20210210
0.504865,0.016537,0.529605,0.016565,912.0,Poland,POL,POL,20210210
0.736598,0.012541,0.723488,0.01235,1273.0,Portugal,PRT,PRT,20210210
0.789051,0.023202,0.778816,0.022807,321.0,"Puerto Rico, U.S.",PRI,PRI,20210210
0.518843,0.019316,0.543544,0.019375,666.0,Romania,ROU,ROU,20210210
0.296862,0.015954,0.312426,0.015726,845.0,Russia,RUS,RUS,20210210
0.580599,0.030472,0.610895,0.030841,257.0,Saudi Arabia,SAU,SAU,20210210
0.476104,0.034258,0.495327,0.03422,214.0,Serbia,SRB,SRB,20210210
0.602215,0.047947,0.579439,0.047539,107.0,Singapore,SGP,SGP,20210210
0.560459,0.025191,0.571059,0.025263,387.0,Slovakia,SVK,SVK,20210210
0.46388,0.041333,0.47619,0.041272,147.0,Slovenia,SVN,SVN,20210210
0.58492,0.020272,0.6,0.02039,585.0,South Africa,ZAF,ZAF,20210210
0.576549,0.022372,0.617336,0.022743,473.0,South Korea,KOR,KOR,20210210
0.773814,0.009069,0.772324,0.009048,2139.0,Spain,ESP,ESP,20210210
0.748668,0.042295,0.77,0.043596,100.0,Sri Lanka,LKA,LKA,20210210
0.664711,0.043435,0.619048,0.042225,126.0,Sudan,SDN,SDN,20210210
0.630591,0.010588,0.63773,0.010631,2062.0,Sweden,SWE,SWE,20210210
0.49537,0.02122,0.491007,0.021223,556.0,Switzerland,CHE,CHE,20210210
0.682172,0.012189,0.714182,0.012562,1375.0,Taiwan,TWN,TWN,20210210
0.598194,0.015702,0.587398,0.015637,984.0,Thailand,THA,THA,20210210
0.434883,0.034429,0.452381,0.034291,210.0,Tunisia,TUN,TUN,20210210
0.58305,0.015907,0.58707,0.01593,959.0,Turkey,TUR,TUR,20210210
0.331429,0.014906,0.323529,0.014999,986.0,Ukraine,UKR,UKR,20210210
0.569649,0.041101,0.642336,0.042457,137.0,United Arab Emirates,ARE,ARE,20210210
0.632047,0.01143,0.630605,0.011421,1784.0,United Kingdom,GBR,GBR,20210210
0.640709,0.024769,0.657609,0.025045,368.0,Uruguay,URY,URY,20210210
0.693707,0.020087,0.705426,0.020312,516.0,Venezuela,VEN,VEN,20210210
0.622931,0.010045,0.631556,0.010093,2307.0,Vietnam,VNM,VNM,20210210
0.530734,0.034397,0.518868,0.034356,212.0,Algeria,DZA,DZA,20210211
0.740994,0.010261,0.7468,0.010337,1797.0,Argentina,ARG,ARG,20210211
0.65289,0.014514,0.646409,0.014452,1086.0,Australia,AUS,AUS,20210211
0.554285,0.021427,0.554731,0.021429,539.0,Austria,AUT,AUT,20210211
0.598933,0.029855,0.591912,0.029772,272.0,Bangladesh,BGD,BGD,20210211
0.299317,0.039896,0.28125,0.040637,128.0,Belarus,BLR,BLR,20210211
0.539489,0.020895,0.553792,0.020951,567.0,Belgium,BEL,BEL,20210211
0.605519,0.023353,0.653846,0.023991,416.0,Bolivia,BOL,BOL,20210211
0.785767,0.004745,0.798517,0.004854,7147.0,Brazil,BRA,BRA,20210211
0.489844,0.028069,0.484277,0.028077,318.0,Bulgaria,BGR,BGR,20210211
0.590988,0.011292,0.604478,0.011354,1876.0,Canada,CAN,CAN,20210211
0.750711,0.014865,0.768944,0.015257,805.0,Chile,CHL,CHL,20210211
0.6996,0.011402,0.714195,0.01157,1571.0,Colombia,COL,COL,20210211
0.746958,0.025324,0.773723,0.026313,274.0,Costa Rica,CRI,CRI,20210211
0.504156,0.032454,0.424893,0.032825,233.0,Croatia,HRV,HRV,20210211
0.468757,0.018279,0.458333,0.018307,744.0,Czech Republic,CZE,CZE,20210211
0.598628,0.017163,0.572115,0.017004,832.0,Denmark,DNK,DNK,20210211
0.506009,0.031357,0.630252,0.032476,238.0,Dominican Republic,DOM,DOM,20210211
0.685839,0.018062,0.7014,0.01832,643.0,Ecuador,ECU,ECU,20210211
0.493564,0.020059,0.546191,0.020144,617.0,Egypt,EGY,EGY,20210211
0.698469,0.025621,0.72459,0.026321,305.0,El Salvador,SLV,SLV,20210211
0.625846,0.031601,0.579592,0.030979,245.0,Finland,FIN,FIN,20210211
0.485387,0.00916,0.480511,0.009163,2976.0,France,FRA,FRA,20210211
0.52275,0.008852,0.505484,0.008844,3191.0,Germany,DEU,DEU,20210211
0.589165,0.03689,0.62069,0.037405,174.0,Ghana,GHA,GHA,20210211
0.718078,0.018207,0.712439,0.018099,619.0,Greece,GRC,GRC,20210211
0.686852,0.027414,0.691228,0.02752,285.0,Guatemala,GTM,GTM,20210211
0.730652,0.027037,0.779661,0.028939,236.0,Honduras,HND,HND,20210211
0.620967,0.048818,0.567308,0.047803,104.0,Hong Kong,HKG,HKG,20210211
0.551506,0.014416,0.591065,0.014584,1164.0,Hungary,HUN,HUN,20210211
0.606098,0.010224,0.622499,0.010305,2249.0,India,IND,IND,20210211
0.455023,0.014635,0.469931,0.014602,1164.0,Indonesia,IDN,IDN,20210211
0.510009,0.026602,0.485876,0.026607,354.0,Iraq,IRQ,IRQ,20210211
0.691305,0.022185,0.718447,0.022787,412.0,Ireland,IRL,IRL,20210211
0.493426,0.048013,0.46789,0.048108,109.0,Israel,ISR,ISR,20210211
0.751919,0.00764,0.754729,0.00767,3172.0,Italy,ITA,ITA,20210211
0.660724,0.006029,0.653716,0.005999,6229.0,Japan,JPN,JPN,20210211
0.38386,0.036351,0.460317,0.035469,189.0,Jordan,JOR,JOR,20210211
0.338345,0.043821,0.293578,0.045529,109.0,Kazakhstan,KAZ,KAZ,20210211
0.69456,0.030945,0.685841,0.030706,226.0,Kenya,KEN,KEN,20210211
0.712188,0.037118,0.683544,0.036133,158.0,Lebanon,LBN,LBN,20210211
0.489102,0.043508,0.511278,0.043509,133.0,Libya,LBY,LBY,20210211
0.589655,0.021198,0.583026,0.021148,542.0,Malaysia,MYS,MYS,20210211
0.805993,0.004652,0.821904,0.004808,6766.0,Mexico,MEX,MEX,20210211
0.472488,0.040752,0.529801,0.040763,151.0,Morocco,MAR,MAR,20210211
0.63437,0.042734,0.558824,0.04145,136.0,Nepal,NPL,NPL,20210211
0.464202,0.015031,0.461399,0.015037,1101.0,Netherlands,NLD,NLD,20210211
0.658381,0.02401,0.647355,0.023832,397.0,New Zealand,NZL,NZL,20210211
0.747441,0.035238,0.75,0.035357,152.0,Nicaragua,NIC,NIC,20210211
0.651728,0.024843,0.633952,0.02457,377.0,Nigeria,NGA,NGA,20210211
0.57097,0.01718,0.538553,0.017057,843.0,Norway,NOR,NOR,20210211
0.624811,0.026902,0.609091,0.026693,330.0,Pakistan,PAK,PAK,20210211
0.694561,0.038599,0.707143,0.039067,140.0,Panama,PAN,PAN,20210211
0.694076,0.036811,0.666667,0.035982,165.0,Paraguay,PRY,PRY,20210211
0.73761,0.012999,0.743363,0.013093,1130.0,Peru,PER,PER,20210211
0.556509,0.014524,0.646083,0.015089,1085.0,Philippines,PHL,PHL,20210211
0.51408,0.016458,0.540305,0.016505,918.0,Poland,POL,POL,20210211
0.708256,0.012564,0.724329,0.012781,1266.0,Portugal,PRT,PRT,20210211
0.812791,0.025623,0.781609,0.024192,261.0,"Puerto Rico, U.S.",PRI,PRI,20210211
0.492893,0.01916,0.501466,0.019158,682.0,Romania,ROU,ROU,20210211
0.290787,0.016741,0.324393,0.016239,783.0,Russia,RUS,RUS,20210211
0.527275,0.03064,0.516854,0.030611,267.0,Saudi Arabia,SAU,SAU,20210211
0.508344,0.031977,0.522449,0.032005,245.0,Serbia,SRB,SRB,20210211
0.511854,0.025959,0.5,0.025951,372.0,Slovakia,SVK,SVK,20210211
0.465042,0.045302,0.459016,0.045343,122.0,Slovenia,SVN,SVN,20210211
0.591803,0.019599,0.620521,0.019851,614.0,South Africa,ZAF,ZAF,20210211
0.589103,0.02268,0.606452,0.02284,465.0,South Korea,KOR,KOR,20210211
0.768167,0.009232,0.783526,0.00946,1991.0,Spain,ESP,ESP,20210211
0.570418,0.048971,0.588235,0.049256,102.0,Sudan,SDN,SDN,20210211
0.617791,0.010959,0.61883,0.010965,1965.0,Sweden,SWE,SWE,20210211
0.474559,0.024452,0.456731,0.024512,416.0,Switzerland,CHE,CHE,20210211
0.656324,0.013234,0.714408,0.013915,1166.0,Taiwan,TWN,TWN,20210211
0.560868,0.015988,0.569792,0.016026,960.0,Thailand,THA,THA,20210211
0.500974,0.036705,0.545946,0.03686,185.0,Tunisia,TUN,TUN,20210211
0.535639,0.016164,0.550633,0.016206,948.0,Turkey,TUR,TUR,20210211
0.327888,0.014916,0.322482,0.014981,983.0,Ukraine,UKR,UKR,20210211
0.487004,0.043636,0.549618,0.043838,131.0,United Arab Emirates,ARE,ARE,20210211
0.660675,0.011461,0.657726,0.011437,1715.0,United Kingdom,GBR,GBR,20210211
0.644338,0.024872,0.657534,0.025091,365.0,Uruguay,URY,URY,20210211
0.73068,0.020492,0.744493,0.020842,454.0,Venezuela,VEN,VEN,20210211
0.61629,0.01116,0.620836,0.011186,1891.0,Vietnam,VNM,VNM,20210211
0.54199,0.048818,0.432692,0.049092,104.0,Afghanistan,AFG,AFG,20210212
0.512896,0.027306,0.45045,0.027432,333.0,Algeria,DZA,DZA,20210212
0.732627,0.008447,0.752104,0.008658,2614.0,Argentina,ARG,ARG,20210212
0.630577,0.010875,0.626263,0.010849,1980.0,Australia,AUS,AUS,20210212
0.516674,0.018079,0.524869,0.018091,764.0,Austria,AUT,AUT,20210212
0.71773,0.022506,0.658427,0.021361,445.0,Bangladesh,BGD,BGD,20210212
0.324855,0.037322,0.327044,0.037258,159.0,Belarus,BLR,BLR,20210212
0.493004,0.01853,0.506173,0.018529,729.0,Belgium,BEL,BEL,20210212
0.636315,0.019456,0.671233,0.019923,584.0,Bolivia,BOL,BOL,20210212
0.469438,0.047185,0.446429,0.047369,112.0,Bosnia and Herzegovina,BIH,BIH,20210212
0.792565,0.003995,0.80315,0.004074,9906.0,Brazil,BRA,BRA,20210212
0.420525,0.02262,0.482618,0.022346,489.0,Bulgaria,BGR,BGR,20210212
0.590113,0.009142,0.596321,0.009164,2881.0,Canada,CAN,CAN,20210212
0.738687,0.012204,0.746656,0.012328,1271.0,Chile,CHL,CHL,20210212
0.710938,0.009316,0.716973,0.009375,2339.0,Colombia,COL,COL,20210212
0.711593,0.022067,0.723301,0.022346,412.0,Costa Rica,CRI,CRI,20210212
0.524426,0.027279,0.526786,0.027285,336.0,Croatia,HRV,HRV,20210212
0.492281,0.015534,0.504339,0.015532,1037.0,Czech Republic,CZE,CZE,20210212
0.580726,0.014524,0.543755,0.014389,1177.0,Denmark,DNK,DNK,20210212
0.626256,0.029366,0.630996,0.029443,271.0,Dominican Republic,DOM,DOM,20210212
0.651787,0.014426,0.68932,0.014851,1030.0,Ecuador,ECU,ECU,20210212
0.524644,0.016336,0.527273,0.016341,935.0,Egypt,EGY,EGY,20210212
0.696428,0.022141,0.696759,0.022148,432.0,El Salvador,SLV,SLV,20210212
0.649688,0.044634,0.675676,0.045487,111.0,Ethiopia,ETH,ETH,20210212
0.626262,0.025092,0.642077,0.025323,366.0,Finland,FIN,FIN,20210212
0.495968,0.007557,0.500799,0.007556,4379.0,France,FRA,FRA,20210212
0.535979,0.007433,0.515038,0.007417,4522.0,Germany,DEU,DEU,20210212
0.644679,0.031686,0.651982,0.031837,227.0,Ghana,GHA,GHA,20210212
0.679989,0.014323,0.70088,0.014592,1023.0,Greece,GRC,GRC,20210212
0.69474,0.022472,0.742105,0.023655,380.0,Guatemala,GTM,GTM,20210212
0.711629,0.025732,0.725166,0.026111,302.0,Honduras,HND,HND,20210212
0.565876,0.032363,0.583691,0.03254,233.0,Hong Kong,HKG,HKG,20210212
0.566736,0.012167,0.60732,0.012346,1612.0,Hungary,HUN,HUN,20210212
0.609269,0.008935,0.646073,0.009117,2865.0,India,IND,IND,20210212
0.445215,0.011725,0.462134,0.011688,1809.0,Indonesia,IDN,IDN,20210212
0.523956,0.020761,0.504303,0.020738,581.0,Iraq,IRQ,IRQ,20210212
0.716612,0.01828,0.702875,0.018026,626.0,Ireland,IRL,IRL,20210212
0.444334,0.039162,0.444444,0.039161,162.0,Israel,ISR,ISR,20210212
0.754885,0.006284,0.752704,0.006265,4715.0,Italy,ITA,ITA,20210212
0.641053,0.005242,0.644948,0.005255,8334.0,Japan,JPN,JPN,20210212
0.435796,0.030258,0.468864,0.030066,273.0,Jordan,JOR,JOR,20210212
0.202843,0.038631,0.217391,0.037662,115.0,Kazakhstan,KAZ,KAZ,20210212
0.615176,0.027569,0.645695,0.028044,302.0,Kenya,KEN,KEN,20210212
0.664074,0.030116,0.669388,0.030237,245.0,Lebanon,LBN,LBN,20210212
0.579574,0.034458,0.555024,0.034227,209.0,Libya,LBY,LBY,20210212
0.621715,0.016881,0.639506,0.01705,810.0,Malaysia,MYS,MYS,20210212
0.807003,0.003841,0.819378,0.00394,10032.0,Mexico,MEX,MEX,20210212
0.542699,0.035041,0.582915,0.035404,199.0,Morocco,MAR,MAR,20210212
0.649484,0.031743,0.595833,0.030863,240.0,Nepal,NPL,NPL,20210212
0.456516,0.012736,0.445538,0.012764,1524.0,Netherlands,NLD,NLD,20210212
0.609936,0.019611,0.622549,0.019733,612.0,New Zealand,NZL,NZL,20210212
0.665011,0.032141,0.676056,0.032416,213.0,Nicaragua,NIC,NIC,20210212
0.661455,0.022096,0.643312,0.021828,471.0,Nigeria,NGA,NGA,20210212
0.509984,0.014546,0.510998,0.014546,1182.0,Norway,NOR,NOR,20210212
0.685548,0.022035,0.70892,0.022522,426.0,Pakistan,PAK,PAK,20210212
0.711886,0.034926,0.703488,0.034633,172.0,Panama,PAN,PAN,20210212
0.605867,0.029235,0.666667,0.030306,261.0,Paraguay,PRY,PRY,20210212
0.737564,0.010832,0.745062,0.010934,1620.0,Peru,PER,PER,20210212
0.586511,0.011742,0.619883,0.011912,1710.0,Philippines,PHL,PHL,20210212
0.472043,0.013894,0.496914,0.013873,1296.0,Poland,POL,POL,20210212
0.707241,0.010686,0.729058,0.01094,1731.0,Portugal,PRT,PRT,20210212
0.755162,0.02141,0.753695,0.021366,406.0,"Puerto Rico, U.S.",PRI,PRI,20210212
0.534976,0.015271,0.546053,0.015298,1064.0,Romania,ROU,ROU,20210212
0.347059,0.015661,0.34632,0.015669,924.0,Russia,RUS,RUS,20210212
0.587855,0.025489,0.579787,0.025418,376.0,Saudi Arabia,SAU,SAU,20210212
0.459474,0.025102,0.458228,0.025107,395.0,Serbia,SRB,SRB,20210212
0.627964,0.03897,0.649007,0.039465,151.0,Singapore,SGP,SGP,20210212
0.479505,0.022097,0.502924,0.022079,513.0,Slovakia,SVK,SVK,20210212
0.490368,0.035442,0.495,0.035437,200.0,Slovenia,SVN,SVN,20210212
0.60339,0.01713,0.609606,0.017178,812.0,South Africa,ZAF,ZAF,20210212
0.618902,0.018837,0.632622,0.018976,656.0,South Korea,KOR,KOR,20210212
0.774341,0.007823,0.772822,0.007804,2870.0,Spain,ESP,ESP,20210212
0.65124,0.041836,0.643939,0.041639,132.0,Sri Lanka,LKA,LKA,20210212
0.474342,0.040513,0.522876,0.040502,153.0,Sudan,SDN,SDN,20210212
0.622538,0.009286,0.622524,0.009286,2726.0,Sweden,SWE,SWE,20210212
0.476806,0.019723,0.48367,0.019712,643.0,Switzerland,CHE,CHE,20210212
0.706853,0.010135,0.712068,0.010189,1997.0,Taiwan,TWN,TWN,20210212
0.58967,0.012177,0.591048,0.012184,1631.0,Thailand,THA,THA,20210212
0.464625,0.02921,0.5,0.029137,294.0,Tunisia,TUN,TUN,20210212
0.544347,0.014069,0.561446,0.01412,1245.0,Turkey,TUR,TUR,20210212
0.317955,0.013202,0.322709,0.01315,1255.0,Ukraine,UKR,UKR,20210212
0.776781,0.033584,0.700535,0.030532,187.0,United Arab Emirates,ARE,ARE,20210212
0.662126,0.009476,0.651383,0.009405,2530.0,United Kingdom,GBR,GBR,20210212
0.616933,0.021391,0.640873,0.021676,504.0,Uruguay,URY,URY,20210212
0.727174,0.017609,0.733756,0.017746,631.0,Venezuela,VEN,VEN,20210212
0.612515,0.008892,0.614615,0.008901,2997.0,Vietnam,VNM,VNM,20210212
0.439239,0.028043,0.426282,0.028142,312.0,Algeria,DZA,DZA,20210213
0.71748,0.009094,0.733813,0.009264,2363.0,Argentina,ARG,ARG,20210213
0.623696,0.012097,0.636536,0.012184,1582.0,Australia,AUS,AUS,20210213
0.565302,0.018126,0.557181,0.018089,752.0,Austria,AUT,AUT,20210213
0.613063,0.025928,0.62931,0.026146,348.0,Bangladesh,BGD,BGD,20210213
0.357426,0.033586,0.333333,0.034145,198.0,Belarus,BLR,BLR,20210213
0.544561,0.018335,0.559946,0.018394,734.0,Belgium,BEL,BEL,20210213
0.738596,0.020226,0.739407,0.020246,472.0,Bolivia,BOL,BOL,20210213
0.379136,0.044905,0.381356,0.044854,118.0,Bosnia and Herzegovina,BIH,BIH,20210213
0.784885,0.004132,0.800214,0.004246,9365.0,Brazil,BRA,BRA,20210213
0.552061,0.02345,0.555556,0.023468,450.0,Bulgaria,BGR,BGR,20210213
0.621039,0.009749,0.620411,0.009746,2479.0,Canada,CAN,CAN,20210213
0.742561,0.012882,0.753571,0.01307,1120.0,Chile,CHL,CHL,20210213
0.727652,0.009932,0.732394,0.009987,1988.0,Colombia,COL,COL,20210213
0.657094,0.025439,0.707165,0.026535,321.0,Costa Rica,CRI,CRI,20210213
0.410754,0.026937,0.387195,0.027206,328.0,Croatia,HRV,HRV,20210213
0.511706,0.015526,0.503854,0.015522,1038.0,Czech Republic,CZE,CZE,20210213
0.564895,0.014699,0.55507,0.014664,1144.0,Denmark,DNK,DNK,20210213
0.679066,0.028501,0.672794,0.028358,272.0,Dominican Republic,DOM,DOM,20210213
0.634396,0.01662,0.669576,0.017016,802.0,Ecuador,ECU,ECU,20210213
0.505086,0.016541,0.542952,0.016601,908.0,Egypt,EGY,EGY,20210213
0.715888,0.02457,0.69209,0.024004,354.0,El Salvador,SLV,SLV,20210213
0.675407,0.045552,0.679245,0.045694,106.0,Ethiopia,ETH,ETH,20210213
0.659161,0.024226,0.674667,0.02451,375.0,Finland,FIN,FIN,20210213
0.481407,0.007734,0.486474,0.007732,4177.0,France,FRA,FRA,20210213
0.527304,0.007346,0.515662,0.007339,4629.0,Germany,DEU,DEU,20210213
0.617618,0.032311,0.642534,0.032764,221.0,Ghana,GHA,GHA,20210213
0.702494,0.014694,0.711882,0.014832,951.0,Greece,GRC,GRC,20210213
0.677712,0.025733,0.682927,0.025845,328.0,Guatemala,GTM,GTM,20210213
0.732584,0.026342,0.712838,0.02577,296.0,Honduras,HND,HND,20210213
0.501304,0.03686,0.497297,0.03686,185.0,Hong Kong,HKG,HKG,20210213
0.560337,0.012111,0.597197,0.012256,1641.0,Hungary,HUN,HUN,20210213
0.616465,0.00913,0.630769,0.009199,2795.0,India,IND,IND,20210213
0.436067,0.01262,0.469649,0.012539,1565.0,Indonesia,IDN,IDN,20210213
0.43446,0.020629,0.461538,0.020512,585.0,Iraq,IRQ,IRQ,20210213
0.681332,0.019034,0.696918,0.019298,584.0,Ireland,IRL,IRL,20210213
0.441353,0.034075,0.429245,0.034184,212.0,Israel,ISR,ISR,20210213
0.762131,0.006366,0.758628,0.006334,4520.0,Italy,ITA,ITA,20210213
0.635762,0.00501,0.640475,0.005024,9176.0,Japan,JPN,JPN,20210213
0.406958,0.032007,0.435685,0.031711,241.0,Jordan,JOR,JOR,20210213
0.203799,0.033928,0.2,0.034167,140.0,Kazakhstan,KAZ,KAZ,20210213
0.702099,0.025171,0.712963,0.025447,324.0,Kenya,KEN,KEN,20210213
0.654546,0.032711,0.65566,0.032736,212.0,Lebanon,LBN,LBN,20210213
0.486687,0.037757,0.522727,0.037783,176.0,Libya,LBY,LBY,20210213
0.608603,0.016747,0.629052,0.016921,833.0,Malaysia,MYS,MYS,20210213
0.795769,0.004378,0.814754,0.004543,7876.0,Mexico,MEX,MEX,20210213
0.395717,0.044905,0.381356,0.045208,118.0,Moldova,MDA,MDA,20210213
0.493543,0.036882,0.532609,0.036958,184.0,Morocco,MAR,MAR,20210213
0.648966,0.045378,0.631579,0.0449,114.0,Mozambique,MOZ,MOZ,20210213
0.723571,0.033302,0.650485,0.031236,206.0,Nepal,NPL,NPL,20210213
0.45441,0.012607,0.445016,0.012631,1555.0,Netherlands,NLD,NLD,20210213
0.622442,0.020093,0.622642,0.020095,583.0,New Zealand,NZL,NZL,20210213
0.681112,0.034252,0.7,0.034834,180.0,Nicaragua,NIC,NIC,20210213
0.632021,0.023622,0.631579,0.023616,418.0,Nigeria,NGA,NGA,20210213
0.601738,0.014781,0.553887,0.014556,1132.0,Norway,NOR,NOR,20210213
0.640169,0.023819,0.613365,0.023475,419.0,Pakistan,PAK,PAK,20210213
0.518079,0.049599,0.539216,0.049719,102.0,Palestine,PSE,PSE,20210213
0.693969,0.033248,0.694301,0.033258,193.0,Panama,PAN,PAN,20210213
0.644373,0.03506,0.628272,0.034729,191.0,Paraguay,PRY,PRY,20210213
0.72742,0.011871,0.739226,0.012039,1369.0,Peru,PER,PER,20210213
0.589495,0.013817,0.643927,0.014195,1202.0,Philippines,PHL,PHL,20210213
0.493618,0.014175,0.515273,0.014181,1244.0,Poland,POL,POL,20210213
0.709901,0.010919,0.714787,0.010974,1711.0,Portugal,PRT,PRT,20210213
0.756604,0.023289,0.752907,0.023171,344.0,"Puerto Rico, U.S.",PRI,PRI,20210213
0.475869,0.016103,0.496373,0.016085,965.0,Romania,ROU,ROU,20210213
0.302413,0.014492,0.328259,0.014174,1051.0,Russia,RUS,RUS,20210213
0.594466,0.025942,0.591667,0.025914,360.0,Saudi Arabia,SAU,SAU,20210213
0.463885,0.027563,0.460366,0.027578,328.0,Serbia,SRB,SRB,20210213
0.65149,0.039025,0.611465,0.03815,157.0,Singapore,SGP,SGP,20210213
0.549279,0.022198,0.540594,0.022163,505.0,Slovakia,SVK,SVK,20210213
0.473188,0.036472,0.449198,0.036609,187.0,Slovenia,SVN,SVN,20210213
0.590788,0.017703,0.621011,0.017942,752.0,South Africa,ZAF,ZAF,20210213
0.589678,0.018128,0.590231,0.018131,737.0,South Korea,KOR,KOR,20210213
0.775963,0.007708,0.782351,0.007788,2867.0,Spain,ESP,ESP,20210213
0.763435,0.037499,0.748148,0.036712,135.0,Sri Lanka,LKA,LKA,20210213
0.566272,0.039077,0.615385,0.039807,156.0,Sudan,SDN,SDN,20210213
0.620047,0.009405,0.624434,0.009427,2652.0,Sweden,SWE,SWE,20210213
0.490754,0.019202,0.502209,0.019199,679.0,Switzerland,CHE,CHE,20210213
0.666457,0.010373,0.710403,0.010782,1913.0,Taiwan,TWN,TWN,20210213
0.553207,0.013643,0.569803,0.013699,1318.0,Thailand,THA,THA,20210213
0.445116,0.029058,0.508418,0.028886,297.0,Tunisia,TUN,TUN,20210213
0.552599,0.012744,0.571239,0.012804,1509.0,Turkey,TUR,TUR,20210213
0.322745,0.013304,0.322267,0.013309,1235.0,Ukraine,UKR,UKR,20210213
0.637998,0.035193,0.685714,0.036433,175.0,United Arab Emirates,ARE,ARE,20210213
0.652415,0.009778,0.656634,0.009807,2359.0,United Kingdom,GBR,GBR,20210213
0.571944,0.023175,0.596882,0.023377,449.0,Uruguay,URY,URY,20210213
0.705224,0.019611,0.729572,0.02013,514.0,Venezuela,VEN,VEN,20210213
0.606651,0.009015,0.624957,0.009096,2885.0,Vietnam,VNM,VNM,20210213
0.34524,0.03038,0.40458,0.029429,262.0,Algeria,DZA,DZA,20210214
0.711827,0.01013,0.728357,0.010315,1929.0,Argentina,ARG,ARG,20210214
0.64664,0.012673,0.644258,0.012654,1428.0,Australia,AUS,AUS,20210214
0.53961,0.018691,0.551481,0.018732,709.0,Austria,AUT,AUT,20210214
0.665551,0.027025,0.633229,0.026457,319.0,Bangladesh,BGD,BGD,20210214
0.380895,0.034656,0.336898,0.035606,187.0,Belarus,BLR,BLR,20210214
0.506575,0.019314,0.520896,0.019329,670.0,Belgium,BEL,BEL,20210214
0.682455,0.021686,0.69469,0.021921,452.0,Bolivia,BOL,BOL,20210214
0.494294,0.05,0.45,0.050249,100.0,Bosnia and Herzegovina,BIH,BIH,20210214
0.784242,0.00434,0.796882,0.004437,8596.0,Brazil,BRA,BRA,20210214
0.452268,0.024282,0.496471,0.024171,425.0,Bulgaria,BGR,BGR,20210214
0.606814,0.010418,0.608379,0.010426,2196.0,Canada,CAN,CAN,20210214
0.736165,0.013679,0.749254,0.013909,1005.0,Chile,CHL,CHL,20210214
0.703439,0.010612,0.730286,0.010921,1750.0,Colombia,COL,COL,20210214
0.720167,0.026884,0.738806,0.027473,268.0,Costa Rica,CRI,CRI,20210214
0.458147,0.031196,0.447059,0.031263,255.0,Croatia,HRV,HRV,20210214
0.488364,0.016606,0.487321,0.016607,907.0,Czech Republic,CZE,CZE,20210214
0.563533,0.015235,0.540616,0.015162,1071.0,Denmark,DNK,DNK,20210214
0.626482,0.031917,0.633188,0.032036,229.0,Dominican Republic,DOM,DOM,20210214
0.669901,0.017283,0.699291,0.017723,705.0,Ecuador,ECU,ECU,20210214
0.506698,0.018265,0.510667,0.018268,750.0,Egypt,EGY,EGY,20210214
0.736913,0.026292,0.711409,0.025549,298.0,El Salvador,SLV,SLV,20210214
0.560377,0.04507,0.701923,0.048906,104.0,Ethiopia,ETH,ETH,20210214
0.591914,0.026646,0.60355,0.026773,338.0,Finland,FIN,FIN,20210214
0.483347,0.00797,0.486274,0.007968,3934.0,France,FRA,FRA,20210214
0.536724,0.007669,0.52464,0.007658,4241.0,Germany,DEU,DEU,20210214
0.602133,0.036116,0.6,0.036083,185.0,Ghana,GHA,GHA,20210214
0.702805,0.015084,0.710497,0.0152,905.0,Greece,GRC,GRC,20210214
0.66293,0.026516,0.697674,0.027292,301.0,Guatemala,GTM,GTM,20210214
0.708784,0.031284,0.7109,0.031351,211.0,Honduras,HND,HND,20210214
0.575654,0.039441,0.575949,0.039445,158.0,Hong Kong,HKG,HKG,20210214
0.5819,0.012527,0.624749,0.012761,1495.0,Hungary,HUN,HUN,20210214
0.625954,0.009796,0.639351,0.009871,2404.0,India,IND,IND,20210214
0.45178,0.012779,0.469201,0.012744,1526.0,Indonesia,IDN,IDN,20210214
0.42696,0.022473,0.5,0.022232,496.0,Iraq,IRQ,IRQ,20210214
0.734035,0.019631,0.71028,0.019121,535.0,Ireland,IRL,IRL,20210214
0.419657,0.039244,0.401274,0.039512,157.0,Israel,ISR,ISR,20210214
0.744243,0.00695,0.741683,0.006927,3968.0,Italy,ITA,ITA,20210214
0.647233,0.005386,0.646529,0.005384,7879.0,Japan,JPN,JPN,20210214
0.408694,0.033104,0.464912,0.032628,228.0,Jordan,JOR,JOR,20210214
0.247992,0.040672,0.252174,0.040446,115.0,Kazakhstan,KAZ,KAZ,20210214
0.650164,0.029001,0.692913,0.029984,254.0,Kenya,KEN,KEN,20210214
0.663345,0.035149,0.693642,0.036033,173.0,Lebanon,LBN,LBN,20210214
0.585454,0.03697,0.589888,0.037029,178.0,Libya,LBY,LBY,20210214
0.632836,0.018582,0.650986,0.018792,659.0,Malaysia,MYS,MYS,20210214
0.818748,0.004472,0.833766,0.004628,6930.0,Mexico,MEX,MEX,20210214
0.699645,0.035055,0.650538,0.033703,186.0,Morocco,MAR,MAR,20210214
0.573756,0.038358,0.565476,0.038268,168.0,Nepal,NPL,NPL,20210214
0.470556,0.013103,0.470386,0.013103,1452.0,Netherlands,NLD,NLD,20210214
0.607104,0.015951,0.607676,0.015955,938.0,New Zealand,NZL,NZL,20210214
0.697794,0.04213,0.682927,0.041575,123.0,Nicaragua,NIC,NIC,20210214
0.628292,0.027091,0.623053,0.027015,321.0,Nigeria,NGA,NGA,20210214
0.547162,0.015526,0.541222,0.01551,1031.0,Norway,NOR,NOR,20210214
0.590364,0.025322,0.645251,0.026027,358.0,Pakistan,PAK,PAK,20210214
0.560185,0.04762,0.598131,0.048211,107.0,Palestine,PSE,PSE,20210214
0.812607,0.032267,0.78882,0.03085,161.0,Panama,PAN,PAN,20210214
0.698268,0.037503,0.666667,0.036517,159.0,Paraguay,PRY,PRY,20210214
0.694992,0.013522,0.723949,0.013926,1094.0,Peru,PER,PER,20210214
0.585525,0.013742,0.635179,0.014064,1228.0,Philippines,PHL,PHL,20210214
0.514944,0.014699,0.525541,0.014712,1155.0,Poland,POL,POL,20210214
0.707229,0.011638,0.714191,0.011722,1508.0,Portugal,PRT,PRT,20210214
0.714221,0.027717,0.710037,0.027597,269.0,"Puerto Rico, U.S.",PRI,PRI,20210214
0.502816,0.01683,0.513024,0.016836,883.0,Romania,ROU,ROU,20210214
0.356363,0.015369,0.347555,0.015457,961.0,Russia,RUS,RUS,20210214
0.646963,0.028609,0.629371,0.028309,286.0,Saudi Arabia,SAU,SAU,20210214
0.442167,0.029274,0.451724,0.029214,290.0,Serbia,SRB,SRB,20210214
0.699065,0.039629,0.669014,0.038627,142.0,Singapore,SGP,SGP,20210214
0.501426,0.023649,0.533632,0.023702,446.0,Slovakia,SVK,SVK,20210214
0.541929,0.037267,0.497238,0.037137,181.0,Slovenia,SVN,SVN,20210214
0.638633,0.018774,0.648148,0.018886,648.0,South Africa,ZAF,ZAF,20210214
0.642571,0.017575,0.676056,0.017998,710.0,South Korea,KOR,KOR,20210214
0.772834,0.00802,0.77894,0.008098,2678.0,Spain,ESP,ESP,20210214
0.689801,0.041349,0.690476,0.041374,126.0,Sri Lanka,LKA,LKA,20210214
0.576991,0.041782,0.585714,0.041904,140.0,Sudan,SDN,SDN,20210214
0.656314,0.009658,0.637611,0.009543,2478.0,Sweden,SWE,SWE,20210214
0.50672,0.020289,0.511513,0.020293,608.0,Switzerland,CHE,CHE,20210214
0.712456,0.01063,0.728311,0.010817,1752.0,Taiwan,TWN,TWN,20210214
0.59582,0.014365,0.601032,0.014396,1163.0,Thailand,THA,THA,20210214
0.537068,0.034572,0.485714,0.034491,210.0,Tunisia,TUN,TUN,20210214
0.533806,0.013779,0.556495,0.013836,1301.0,Turkey,TUR,TUR,20210214
0.334329,0.014331,0.330241,0.014375,1078.0,Ukraine,UKR,UKR,20210214
0.602908,0.043172,0.587786,0.042914,131.0,United Arab Emirates,ARE,ARE,20210214
0.634972,0.010291,0.6421,0.010335,2171.0,United Kingdom,GBR,GBR,20210214
0.654254,0.025142,0.641096,0.024929,365.0,Uruguay,URY,URY,20210214
0.718802,0.020206,0.74359,0.020804,468.0,Venezuela,VEN,VEN,20210214
0.6402,0.009086,0.638541,0.009077,2797.0,Vietnam,VNM,VNM,20210214
0.385022,0.030439,0.420455,0.030005,264.0,Algeria,DZA,DZA,20210215
0.721004,0.009206,0.73721,0.009381,2287.0,Argentina,ARG,ARG,20210215
0.596085,0.012733,0.608844,0.012802,1470.0,Australia,AUS,AUS,20210215
0.531675,0.019023,0.526087,0.01901,690.0,Austria,AUT,AUT,20210215
0.638546,0.025567,0.600543,0.025078,368.0,Bangladesh,BGD,BGD,20210215
0.306146,0.036979,0.335366,0.0361,164.0,Belarus,BLR,BLR,20210215
0.553811,0.018997,0.562225,0.019035,683.0,Belgium,BEL,BEL,20210215
0.644485,0.021074,0.677485,0.02158,493.0,Bolivia,BOL,BOL,20210215
0.786812,0.004049,0.800905,0.004152,9729.0,Brazil,BRA,BRA,20210215
0.550886,0.025148,0.538071,0.025091,394.0,Bulgaria,BGR,BGR,20210215
0.597574,0.009879,0.605801,0.009913,2448.0,Canada,CAN,CAN,20210215
0.711402,0.013814,0.720644,0.01395,1056.0,Chile,CHL,CHL,20210215
0.736554,0.009731,0.750379,0.009905,1979.0,Colombia,COL,COL,20210215
0.729319,0.024536,0.733129,0.024646,326.0,Costa Rica,CRI,CRI,20210215
0.429448,0.031286,0.462745,0.031059,255.0,Croatia,HRV,HRV,20210215
0.513566,0.016252,0.511088,0.01625,947.0,Czech Republic,CZE,CZE,20210215
0.549542,0.014804,0.538326,0.014775,1135.0,Denmark,DNK,DNK,20210215
0.660101,0.028045,0.663158,0.028107,285.0,Dominican Republic,DOM,DOM,20210215
0.660548,0.016262,0.682095,0.016536,821.0,Ecuador,ECU,ECU,20210215
0.512021,0.017044,0.54386,0.017105,855.0,Egypt,EGY,EGY,20210215
0.726673,0.023981,0.74772,0.024608,329.0,El Salvador,SLV,SLV,20210215
0.594186,0.025885,0.597222,0.025917,360.0,Finland,FIN,FIN,20210215
0.488336,0.007915,0.479046,0.007919,3985.0,France,FRA,FRA,20210215
0.532742,0.007811,0.520528,0.0078,4092.0,Germany,DEU,DEU,20210215
0.557366,0.032172,0.594017,0.03254,234.0,Ghana,GHA,GHA,20210215
0.709989,0.015955,0.709877,0.015954,810.0,Greece,GRC,GRC,20210215
0.712408,0.023654,0.703209,0.023437,374.0,Guatemala,GTM,GTM,20210215
0.813336,0.025468,0.755245,0.02308,286.0,Honduras,HND,HND,20210215
0.573579,0.036195,0.594595,0.036459,185.0,Hong Kong,HKG,HKG,20210215
0.567202,0.012711,0.604321,0.012879,1481.0,Hungary,HUN,HUN,20210215
0.651844,0.009481,0.648404,0.00946,2537.0,India,IND,IND,20210215
0.440692,0.012624,0.467051,0.012562,1563.0,Indonesia,IDN,IDN,20210215
0.494751,0.021357,0.543119,0.021436,545.0,Iraq,IRQ,IRQ,20210215
0.680037,0.01953,0.700544,0.01989,551.0,Ireland,IRL,IRL,20210215
0.564916,0.039645,0.540881,0.039441,159.0,Israel,ISR,ISR,20210215
0.763534,0.006581,0.763114,0.006577,4175.0,Italy,ITA,ITA,20210215
0.648009,0.005628,0.648375,0.00563,7198.0,Japan,JPN,JPN,20210215
0.449283,0.030248,0.514599,0.030105,274.0,Jordan,JOR,JOR,20210215
0.199108,0.040926,0.215686,0.039735,102.0,Kazakhstan,KAZ,KAZ,20210215
0.671426,0.025872,0.702875,0.026591,313.0,Kenya,KEN,KEN,20210215
0.654846,0.03282,0.702564,0.034133,195.0,Lebanon,LBN,LBN,20210215
0.521793,0.040146,0.558442,0.040384,154.0,Libya,LBY,LBY,20210215
0.578012,0.017958,0.608108,0.018168,740.0,Malaysia,MYS,MYS,20210215
0.812332,0.004306,0.826565,0.004441,7732.0,Mexico,MEX,MEX,20210215
0.569246,0.038445,0.578313,0.03855,166.0,Morocco,MAR,MAR,20210215
0.623324,0.035958,0.626374,0.036017,182.0,Nepal,NPL,NPL,20210215
0.482839,0.013049,0.467532,0.013069,1463.0,Netherlands,NLD,NLD,20210215
0.588916,0.016846,0.588993,0.016847,854.0,New Zealand,NZL,NZL,20210215
0.688048,0.037228,0.694805,0.037455,154.0,Nicaragua,NIC,NIC,20210215
0.656083,0.024037,0.641604,0.02381,399.0,Nigeria,NGA,NGA,20210215
0.574052,0.015573,0.562008,0.015521,1016.0,Norway,NOR,NOR,20210215
0.641119,0.024064,0.649746,0.024196,394.0,Pakistan,PAK,PAK,20210215
0.675276,0.0348,0.668478,0.034616,184.0,Panama,PAN,PAN,20210215
0.631315,0.032134,0.679245,0.033213,212.0,Paraguay,PRY,PRY,20210215
0.736516,0.011963,0.755418,0.01226,1292.0,Peru,PER,PER,20210215
0.566065,0.013527,0.618125,0.013799,1291.0,Philippines,PHL,PHL,20210215
0.495328,0.014632,0.511986,0.014636,1168.0,Poland,POL,POL,20210215
0.726872,0.011494,0.738714,0.011657,1462.0,Portugal,PRT,PRT,20210215
0.703588,0.02504,0.709091,0.025177,330.0,"Puerto Rico, U.S.",PRI,PRI,20210215
0.530262,0.016607,0.538803,0.016627,902.0,Romania,ROU,ROU,20210215
0.310265,0.014877,0.332669,0.014607,1004.0,Russia,RUS,RUS,20210215
0.501441,0.027016,0.557522,0.027196,339.0,Saudi Arabia,SAU,SAU,20210215
0.459016,0.027248,0.464286,0.027226,336.0,Serbia,SRB,SRB,20210215
0.690148,0.037611,0.690789,0.037632,152.0,Singapore,SGP,SGP,20210215
0.51393,0.022979,0.536017,0.02303,472.0,Slovakia,SVK,SVK,20210215
0.537924,0.040633,0.526316,0.040572,152.0,Slovenia,SVN,SVN,20210215
0.597308,0.017499,0.633729,0.017814,759.0,South Africa,ZAF,ZAF,20210215
0.624351,0.019352,0.626198,0.019372,626.0,South Korea,KOR,KOR,20210215
0.771381,0.008102,0.784329,0.008272,2578.0,Spain,ESP,ESP,20210215
0.606432,0.040928,0.709677,0.04405,124.0,Sri Lanka,LKA,LKA,20210215
0.642048,0.040732,0.626761,0.040373,142.0,Sudan,SDN,SDN,20210215
0.628318,0.009627,0.624901,0.00961,2530.0,Sweden,SWE,SWE,20210215
0.475539,0.020063,0.493569,0.02004,622.0,Switzerland,CHE,CHE,20210215
0.647821,0.010603,0.706392,0.01112,1846.0,Taiwan,TWN,TWN,20210215
0.607212,0.013722,0.628525,0.013869,1241.0,Thailand,THA,THA,20210215
0.480313,0.029986,0.494624,0.029965,279.0,Tunisia,TUN,TUN,20210215
0.551727,0.014764,0.551056,0.014762,1136.0,Turkey,TUR,TUR,20210215
0.334617,0.013481,0.320833,0.013627,1200.0,Ukraine,UKR,UKR,20210215
0.5936,0.037734,0.616766,0.038121,167.0,United Arab Emirates,ARE,ARE,20210215
0.639196,0.010632,0.639706,0.010635,2040.0,United Kingdom,GBR,GBR,20210215
0.655653,0.022207,0.673378,0.022499,447.0,Uruguay,URY,URY,20210215
0.722128,0.018049,0.711569,0.017847,631.0,Venezuela,VEN,VEN,20210215
0.637724,0.008059,0.634378,0.008043,3572.0,Vietnam,VNM,VNM,20210215
0.435061,0.030292,0.417293,0.030455,266.0,Algeria,DZA,DZA,20210216
0.733981,0.008706,0.749697,0.00888,2477.0,Argentina,ARG,ARG,20210216
0.611718,0.012527,0.61753,0.012563,1506.0,Australia,AUS,AUS,20210216
0.50979,0.020029,0.521669,0.020044,623.0,Austria,AUT,AUT,20210216
0.638424,0.026397,0.636637,0.026369,333.0,Bangladesh,BGD,BGD,20210216
0.253801,0.033844,0.253012,0.033879,166.0,Belarus,BLR,BLR,20210216
0.501734,0.0194,0.509774,0.019404,665.0,Belgium,BEL,BEL,20210216
0.654229,0.021988,0.673246,0.022297,456.0,Bolivia,BOL,BOL,20210216
0.779599,0.004061,0.79415,0.004163,9915.0,Brazil,BRA,BRA,20210216
0.560951,0.025313,0.567708,0.025358,384.0,Bulgaria,BGR,BGR,20210216
0.589672,0.010208,0.593696,0.010223,2316.0,Canada,CAN,CAN,20210216
0.725666,0.013929,0.740666,0.01418,991.0,Chile,CHL,CHL,20210216
0.718919,0.009922,0.74355,0.010214,1938.0,Colombia,COL,COL,20210216
0.716284,0.023563,0.737143,0.024131,350.0,Costa Rica,CRI,CRI,20210216
0.423416,0.03114,0.439216,0.031003,255.0,Croatia,HRV,HRV,20210216
0.494928,0.016797,0.493799,0.016797,887.0,Czech Republic,CZE,CZE,20210216
0.573977,0.015198,0.546555,0.015096,1074.0,Denmark,DNK,DNK,20210216
0.65103,0.027753,0.665517,0.028038,290.0,Dominican Republic,DOM,DOM,20210216
0.66939,0.014793,0.694845,0.015112,970.0,Ecuador,ECU,ECU,20210216
0.545109,0.017397,0.524848,0.017347,825.0,Egypt,EGY,EGY,20210216
0.733486,0.023905,0.739645,0.024085,338.0,El Salvador,SLV,SLV,20210216
0.664947,0.027046,0.654839,0.026852,310.0,Finland,FIN,FIN,20210216
0.49016,0.008166,0.489594,0.008167,3748.0,France,FRA,FRA,20210216
0.525735,0.007979,0.5158,0.007972,3924.0,Germany,DEU,DEU,20210216
0.555591,0.034683,0.597015,0.035136,201.0,Ghana,GHA,GHA,20210216
0.68028,0.017287,0.677596,0.017249,732.0,Greece,GRC,GRC,20210216
0.683445,0.024798,0.723926,0.025801,326.0,Guatemala,GTM,GTM,20210216
0.694749,0.029016,0.713115,0.029542,244.0,Honduras,HND,HND,20210216
0.679213,0.034459,0.64433,0.033599,194.0,Hong Kong,HKG,HKG,20210216
0.565727,0.012939,0.607719,0.013135,1425.0,Hungary,HUN,HUN,20210216
0.613574,0.009581,0.6364,0.009698,2522.0,India,IND,IND,20210216
0.473753,0.013076,0.470508,0.013081,1458.0,Indonesia,IDN,IDN,20210216
0.474869,0.021312,0.474545,0.021313,550.0,Iraq,IRQ,IRQ,20210216
0.721863,0.019939,0.728916,0.020099,498.0,Ireland,IRL,IRL,20210216
0.376038,0.038747,0.39375,0.038415,160.0,Israel,ISR,ISR,20210216
0.744998,0.006623,0.743956,0.006615,4343.0,Italy,ITA,ITA,20210216
0.630676,0.005625,0.640786,0.005658,7277.0,Japan,JPN,JPN,20210216
0.430278,0.03036,0.485294,0.030076,272.0,Jordan,JOR,JOR,20210216
0.322109,0.039484,0.282443,0.040984,131.0,Kazakhstan,KAZ,KAZ,20210216
0.692322,0.026816,0.688963,0.026736,299.0,Kenya,KEN,KEN,20210216
0.640492,0.04033,0.631944,0.040128,144.0,Lebanon,LBN,LBN,20210216
0.556735,0.04246,0.569343,0.042598,137.0,Libya,LBY,LBY,20210216
0.631007,0.018096,0.661314,0.01845,685.0,Malaysia,MYS,MYS,20210216
0.807962,0.004287,0.824261,0.004437,7881.0,Mexico,MEX,MEX,20210216
0.579227,0.036856,0.60452,0.037213,177.0,Morocco,MAR,MAR,20210216
0.645586,0.034104,0.596154,0.033247,208.0,Nepal,NPL,NPL,20210216
0.469271,0.013079,0.469458,0.013079,1457.0,Netherlands,NLD,NLD,20210216
0.600555,0.01755,0.597187,0.017526,782.0,New Zealand,NZL,NZL,20210216
0.730138,0.033573,0.724719,0.033365,178.0,Nicaragua,NIC,NIC,20210216
0.611373,0.023148,0.64186,0.023534,430.0,Nigeria,NGA,NGA,20210216
0.560974,0.01513,0.537259,0.015059,1087.0,Norway,NOR,NOR,20210216
0.644925,0.024158,0.614251,0.023749,407.0,Pakistan,PAK,PAK,20210216
0.72089,0.03337,0.737143,0.034005,175.0,Panama,PAN,PAN,20210216
0.675413,0.031811,0.659193,0.031425,223.0,Paraguay,PRY,PRY,20210216
0.729614,0.01216,0.724112,0.012084,1352.0,Peru,PER,PER,20210216
0.582732,0.013215,0.62,0.013426,1350.0,Philippines,PHL,PHL,20210216
0.497704,0.014599,0.514919,0.014605,1173.0,Poland,POL,POL,20210216
0.716528,0.011133,0.714199,0.011105,1648.0,Portugal,PRT,PRT,20210216
0.819719,0.021225,0.79558,0.020233,362.0,"Puerto Rico, U.S.",PRI,PRI,20210216
0.520587,0.017594,0.541719,0.017641,803.0,Romania,ROU,ROU,20210216
0.338923,0.01573,0.352113,0.015589,923.0,Russia,RUS,RUS,20210216
0.606645,0.027335,0.611285,0.027393,319.0,Saudi Arabia,SAU,SAU,20210216
0.430666,0.02851,0.454248,0.028353,306.0,Serbia,SRB,SRB,20210216
0.647354,0.042029,0.636364,0.041745,132.0,Singapore,SGP,SGP,20210216
0.541447,0.023464,0.5625,0.023568,448.0,Slovakia,SVK,SVK,20210216
0.463349,0.039992,0.477707,0.039924,157.0,Slovenia,SVN,SVN,20210216
0.579347,0.017688,0.595331,0.01779,771.0,South Africa,ZAF,ZAF,20210216
0.605695,0.020267,0.610345,0.02031,580.0,South Korea,KOR,KOR,20210216
0.794684,0.008029,0.790354,0.007968,2571.0,Spain,ESP,ESP,20210216
0.711779,0.039312,0.695652,0.038697,138.0,Sri Lanka,LKA,LKA,20210216
0.58946,0.045077,0.578512,0.044907,121.0,Sudan,SDN,SDN,20210216
0.622794,0.009685,0.620223,0.009672,2512.0,Sweden,SWE,SWE,20210216
0.533591,0.022165,0.543478,0.022199,506.0,Switzerland,CHE,CHE,20210216
0.67342,0.0099,0.731306,0.010473,2006.0,Taiwan,TWN,TWN,20210216
0.579141,0.014277,0.576314,0.014264,1199.0,Thailand,THA,THA,20210216
0.471673,0.03442,0.495283,0.034366,212.0,Tunisia,TUN,TUN,20210216
0.567504,0.014189,0.583609,0.01426,1208.0,Turkey,TUR,TUR,20210216
0.323864,0.013686,0.316017,0.013775,1155.0,Ukraine,UKR,UKR,20210216
0.594506,0.03995,0.61745,0.040359,149.0,United Arab Emirates,ARE,ARE,20210216
0.642962,0.010498,0.634981,0.010448,2104.0,United Kingdom,GBR,GBR,20210216
0.708146,0.022015,0.706294,0.021975,429.0,Uruguay,URY,URY,20210216
0.714637,0.017455,0.747182,0.018136,621.0,Venezuela,VEN,VEN,20210216
0.619706,0.007748,0.630021,0.007791,3884.0,Vietnam,VNM,VNM,20210216
0.461828,0.031967,0.459016,0.031981,244.0,Algeria,DZA,DZA,20210217
0.736752,0.008879,0.742175,0.008939,2428.0,Argentina,ARG,ARG,20210217
0.630699,0.013559,0.626374,0.013527,1274.0,Australia,AUS,AUS,20210217
0.541645,0.019368,0.549168,0.019395,661.0,Austria,AUT,AUT,20210217
0.590902,0.026598,0.593567,0.026625,342.0,Bangladesh,BGD,BGD,20210217
0.34416,0.034564,0.289017,0.036226,173.0,Belarus,BLR,BLR,20210217
0.533859,0.019657,0.548287,0.019703,642.0,Belgium,BEL,BEL,20210217
0.670032,0.020677,0.689243,0.021007,502.0,Bolivia,BOL,BOL,20210217
0.784774,0.004035,0.802072,0.004162,9751.0,Brazil,BRA,BRA,20210217
0.496455,0.024201,0.522248,0.024224,427.0,Bulgaria,BGR,BGR,20210217
0.605225,0.010117,0.60963,0.010137,2326.0,Canada,CAN,CAN,20210217
0.742492,0.014596,0.747463,0.01469,887.0,Chile,CHL,CHL,20210217
0.719574,0.010239,0.730954,0.010371,1877.0,Colombia,COL,COL,20210217
0.746963,0.022765,0.744565,0.022694,368.0,Costa Rica,CRI,CRI,20210217
0.47908,0.031113,0.465116,0.031162,258.0,Croatia,HRV,HRV,20210217
0.522581,0.016475,0.528836,0.016486,919.0,Czech Republic,CZE,CZE,20210217
0.572968,0.014708,0.550218,0.014625,1145.0,Denmark,DNK,DNK,20210217
0.654896,0.029306,0.655303,0.029315,264.0,Dominican Republic,DOM,DOM,20210217
0.697169,0.013502,0.716592,0.013767,1115.0,Ecuador,ECU,ECU,20210217
0.510204,0.01796,0.536269,0.018003,772.0,Egypt,EGY,EGY,20210217
0.751111,0.023453,0.718157,0.022539,369.0,El Salvador,SLV,SLV,20210217
0.661139,0.02685,0.656051,0.026754,314.0,Finland,FIN,FIN,20210217
0.474877,0.008182,0.475309,0.008182,3726.0,France,FRA,FRA,20210217
0.519196,0.007823,0.504895,0.007817,4086.0,Germany,DEU,DEU,20210217
0.573179,0.033478,0.575342,0.0335,219.0,Ghana,GHA,GHA,20210217
0.652068,0.016688,0.680307,0.017044,782.0,Greece,GRC,GRC,20210217
0.733147,0.02492,0.710843,0.024312,332.0,Guatemala,GTM,GTM,20210217
0.801454,0.025889,0.76779,0.024458,267.0,Honduras,HND,HND,20210217
0.578091,0.037143,0.612717,0.037657,173.0,Hong Kong,HKG,HKG,20210217
0.55024,0.012975,0.585992,0.013105,1442.0,Hungary,HUN,HUN,20210217
0.611565,0.00922,0.628686,0.009301,2747.0,India,IND,IND,20210217
0.438016,0.012892,0.453083,0.012849,1492.0,Indonesia,IDN,IDN,20210217
0.498279,0.021633,0.51028,0.021637,535.0,Iraq,IRQ,IRQ,20210217
0.696948,0.020616,0.708419,0.020847,487.0,Ireland,IRL,IRL,20210217
0.449577,0.041872,0.432624,0.042042,141.0,Israel,ISR,ISR,20210217
0.747723,0.006578,0.749539,0.006593,4340.0,Italy,ITA,ITA,20210217
0.653665,0.005727,0.649805,0.005712,6939.0,Japan,JPN,JPN,20210217
0.327182,0.033926,0.422535,0.032224,213.0,Jordan,JOR,JOR,20210217
0.262548,0.040406,0.285714,0.039356,126.0,Kazakhstan,KAZ,KAZ,20210217
0.66653,0.026343,0.677215,0.026563,316.0,Kenya,KEN,KEN,20210217
0.720205,0.036522,0.714286,0.036291,154.0,Lebanon,LBN,LBN,20210217
0.470685,0.041224,0.486486,0.041168,148.0,Libya,LBY,LBY,20210217
0.587962,0.01937,0.587326,0.019365,647.0,Malaysia,MYS,MYS,20210217
0.79963,0.004367,0.816907,0.00452,7843.0,Mexico,MEX,MEX,20210217
0.65216,0.03534,0.601036,0.034373,193.0,Morocco,MAR,MAR,20210217
0.607505,0.046075,0.610619,0.046141,113.0,Mozambique,MOZ,MOZ,20210217
0.514871,0.037048,0.575419,0.03746,179.0,Nepal,NPL,NPL,20210217
0.458562,0.012806,0.467413,0.012789,1519.0,Netherlands,NLD,NLD,20210217
0.585141,0.018794,0.599119,0.018894,681.0,New Zealand,NZL,NZL,20210217
0.654021,0.036974,0.660606,0.037145,165.0,Nicaragua,NIC,NIC,20210217
0.634401,0.023361,0.658596,0.023727,413.0,Nigeria,NGA,NGA,20210217
0.561365,0.016045,0.548287,0.015999,963.0,Norway,NOR,NOR,20210217
0.600117,0.024798,0.612403,0.024934,387.0,Pakistan,PAK,PAK,20210217
0.711783,0.032903,0.734807,0.03376,181.0,Panama,PAN,PAN,20210217
0.60348,0.032597,0.657277,0.033597,213.0,Paraguay,PRY,PRY,20210217
0.717703,0.011907,0.73827,0.012192,1364.0,Peru,PER,PER,20210217
0.576707,0.013051,0.625727,0.013324,1376.0,Philippines,PHL,PHL,20210217
0.44832,0.01441,0.471274,0.014356,1201.0,Poland,POL,POL,20210217
0.713825,0.011708,0.71962,0.01178,1473.0,Portugal,PRT,PRT,20210217
0.731635,0.024641,0.698276,0.023787,348.0,"Puerto Rico, U.S.",PRI,PRI,20210217
0.492085,0.017913,0.49359,0.017912,780.0,Romania,ROU,ROU,20210217
0.327675,0.014953,0.340299,0.014813,1005.0,Russia,RUS,RUS,20210217
0.583649,0.02813,0.579288,0.028089,309.0,Saudi Arabia,SAU,SAU,20210217
0.462704,0.029211,0.47099,0.029179,293.0,Serbia,SRB,SRB,20210217
0.598729,0.043913,0.636364,0.044745,121.0,Singapore,SGP,SGP,20210217
0.545386,0.022519,0.544898,0.022517,490.0,Slovakia,SVK,SVK,20210217
0.526445,0.035703,0.51269,0.035664,197.0,Slovenia,SVN,SVN,20210217
0.584215,0.018161,0.599451,0.018266,729.0,South Africa,ZAF,ZAF,20210217
0.574331,0.020524,0.595113,0.020674,573.0,South Korea,KOR,KOR,20210217
0.78905,0.00803,0.789229,0.008032,2581.0,Spain,ESP,ESP,20210217
0.693994,0.040818,0.731092,0.042423,119.0,Sri Lanka,LKA,LKA,20210217
0.585527,0.04457,0.616667,0.045159,120.0,Sudan,SDN,SDN,20210217
0.610079,0.009657,0.620103,0.009704,2527.0,Sweden,SWE,SWE,20210217
0.477206,0.020923,0.478109,0.020921,571.0,Switzerland,CHE,CHE,20210217
0.706781,0.010472,0.725771,0.010686,1816.0,Taiwan,TWN,TWN,20210217
0.624505,0.048257,0.61165,0.047948,103.0,Tanzania,TZA,TZA,20210217
0.572014,0.014142,0.577396,0.014166,1221.0,Thailand,THA,THA,20210217
0.510745,0.034337,0.492958,0.034332,213.0,Tunisia,TUN,TUN,20210217
0.517019,0.014289,0.563018,0.014395,1206.0,Turkey,TUR,TUR,20210217
0.35827,0.013441,0.35103,0.013503,1262.0,Ukraine,UKR,UKR,20210217
0.623334,0.039509,0.589744,0.03892,156.0,United Arab Emirates,ARE,ARE,20210217
0.659293,0.010379,0.656325,0.010357,2095.0,United Kingdom,GBR,GBR,20210217
0.626686,0.023198,0.644028,0.023435,427.0,Uruguay,URY,URY,20210217
0.687967,0.018511,0.707438,0.018852,605.0,Venezuela,VEN,VEN,20210217
0.613546,0.008096,0.623674,0.008137,3582.0,Vietnam,VNM,VNM,20210217
0.468899,0.031563,0.456,0.031625,250.0,Algeria,DZA,DZA,20210218
0.733471,0.009342,0.743707,0.009461,2185.0,Argentina,ARG,ARG,20210218
0.622218,0.014567,0.627949,0.014612,1102.0,Australia,AUS,AUS,20210218
0.508459,0.018995,0.526012,0.019018,692.0,Austria,AUT,AUT,20210218
0.634623,0.027876,0.623762,0.027709,303.0,Bangladesh,BGD,BGD,20210218
0.307414,0.034802,0.298851,0.035081,174.0,Belarus,BLR,BLR,20210218
0.542818,0.019405,0.557927,0.019465,656.0,Belgium,BEL,BEL,20210218
0.654631,0.02234,0.682759,0.022824,435.0,Bolivia,BOL,BOL,20210218
0.555517,0.049257,0.490385,0.048962,104.0,Bosnia and Herzegovina,BIH,BIH,20210218
0.799155,0.004016,0.807724,0.004082,9632.0,Brazil,BRA,BRA,20210218
0.432946,0.025285,0.505102,0.025058,392.0,Bulgaria,BGR,BGR,20210218
0.623649,0.010075,0.620422,0.010058,2321.0,Canada,CAN,CAN,20210218
0.736956,0.014831,0.743945,0.014962,867.0,Chile,CHL,CHL,20210218
0.721879,0.010421,0.73043,0.010523,1814.0,Colombia,COL,COL,20210218
0.755304,0.024181,0.750779,0.024033,321.0,Costa Rica,CRI,CRI,20210218
0.504419,0.032966,0.493506,0.032968,231.0,Croatia,HRV,HRV,20210218
0.471639,0.016067,0.474664,0.016061,967.0,Czech Republic,CZE,CZE,20210218
0.546926,0.014843,0.532272,0.014808,1131.0,Denmark,DNK,DNK,20210218
0.659329,0.028902,0.671698,0.029169,265.0,Dominican Republic,DOM,DOM,20210218
0.690507,0.014296,0.707799,0.014532,1013.0,Ecuador,ECU,ECU,20210218
0.506364,0.01767,0.514357,0.017676,801.0,Egypt,EGY,EGY,20210218
0.759037,0.023541,0.751479,0.023297,338.0,El Salvador,SLV,SLV,20210218
0.606769,0.027498,0.621795,0.027698,312.0,Finland,FIN,FIN,20210218
0.482825,0.008102,0.488311,0.0081,3807.0,France,FRA,FRA,20210218
0.527657,0.007981,0.505732,0.00797,3925.0,Germany,DEU,DEU,20210218
0.617749,0.032191,0.641256,0.032614,223.0,Ghana,GHA,GHA,20210218
0.658195,0.017136,0.674232,0.017343,749.0,Greece,GRC,GRC,20210218
0.723159,0.024705,0.767918,0.026184,293.0,Guatemala,GTM,GTM,20210218
0.825186,0.024012,0.801444,0.022862,277.0,Honduras,HND,HND,20210218
0.619224,0.037336,0.601156,0.037025,173.0,Hong Kong,HKG,HKG,20210218
0.516818,0.0127,0.560864,0.012788,1528.0,Hungary,HUN,HUN,20210218
0.60871,0.009642,0.61811,0.009686,2540.0,India,IND,IND,20210218
0.457594,0.013323,0.461099,0.013315,1401.0,Indonesia,IDN,IDN,20210218
0.527928,0.021497,0.521257,0.021483,541.0,Iraq,IRQ,IRQ,20210218
0.708256,0.020226,0.710317,0.020268,504.0,Ireland,IRL,IRL,20210218
0.438718,0.045426,0.433333,0.045489,120.0,Israel,ISR,ISR,20210218
0.75328,0.006772,0.746967,0.006716,4122.0,Italy,ITA,ITA,20210218
0.650252,0.005788,0.647922,0.005779,6811.0,Japan,JPN,JPN,20210218
0.524808,0.036368,0.494737,0.036325,190.0,Jordan,JOR,JOR,20210218
0.168226,0.031111,0.150376,0.032558,133.0,Kazakhstan,KAZ,KAZ,20210218
0.718767,0.026241,0.733333,0.026679,285.0,Kenya,KEN,KEN,20210218
0.566625,0.036379,0.620112,0.037142,179.0,Lebanon,LBN,LBN,20210218
0.494778,0.039528,0.496894,0.039526,161.0,Libya,LBY,LBY,20210218
0.601538,0.019991,0.597015,0.019954,603.0,Malaysia,MYS,MYS,20210218
0.802722,0.004478,0.81631,0.004602,7480.0,Mexico,MEX,MEX,20210218
0.486555,0.040284,0.490323,0.040277,155.0,Morocco,MAR,MAR,20210218
0.70977,0.036779,0.68323,0.035881,161.0,Nepal,NPL,NPL,20210218
0.478541,0.013062,0.464702,0.013083,1459.0,Netherlands,NLD,NLD,20210218
0.617648,0.020356,0.59622,0.020161,582.0,New Zealand,NZL,NZL,20210218
0.648267,0.035996,0.668605,0.036516,172.0,Nicaragua,NIC,NIC,20210218
0.663132,0.022431,0.690141,0.022926,426.0,Nigeria,NGA,NGA,20210218
0.595673,0.015931,0.573057,0.015806,965.0,Norway,NOR,NOR,20210218
0.61194,0.025611,0.617729,0.025683,361.0,Pakistan,PAK,PAK,20210218
0.696293,0.035886,0.69697,0.035909,165.0,Panama,PAN,PAN,20210218
0.673138,0.034658,0.666667,0.034486,186.0,Paraguay,PRY,PRY,20210218
0.722508,0.012213,0.745483,0.012555,1273.0,Peru,PER,PER,20210218
0.619976,0.013343,0.64441,0.01353,1288.0,Philippines,PHL,PHL,20210218
0.467316,0.014692,0.483592,0.014668,1158.0,Poland,POL,POL,20210218
0.722319,0.011579,0.739736,0.011818,1437.0,Portugal,PRT,PRT,20210218
0.659118,0.025815,0.728188,0.027505,298.0,"Puerto Rico, U.S.",PRI,PRI,20210218
0.471254,0.017868,0.501276,0.017839,784.0,Romania,ROU,ROU,20210218
0.321982,0.015241,0.323436,0.015223,943.0,Russia,RUS,RUS,20210218
0.49957,0.031117,0.570866,0.031435,254.0,Saudi Arabia,SAU,SAU,20210218
0.399853,0.027758,0.429467,0.02747,319.0,Serbia,SRB,SRB,20210218
0.558522,0.04618,0.568966,0.046305,116.0,Singapore,SGP,SGP,20210218
0.533023,0.0232,0.554348,0.023287,460.0,Slovakia,SVK,SVK,20210218
0.538404,0.040891,0.550336,0.040978,149.0,Slovenia,SVN,SVN,20210218
0.599584,0.016694,0.614571,0.016806,851.0,South Africa,ZAF,ZAF,20210218
0.628162,0.020817,0.633147,0.020875,537.0,South Korea,KOR,KOR,20210218
0.777045,0.008537,0.782776,0.008617,2334.0,Spain,ESP,ESP,20210218
0.693029,0.04586,0.682692,0.045447,104.0,Sri Lanka,LKA,LKA,20210218
0.562212,0.03871,0.63871,0.039978,155.0,Sudan,SDN,SDN,20210218
0.614037,0.009569,0.621159,0.009603,2571.0,Sweden,SWE,SWE,20210218
0.444605,0.020568,0.459184,0.02051,588.0,Switzerland,CHE,CHE,20210218
0.713746,0.011033,0.729796,0.01123,1621.0,Taiwan,TWN,TWN,20210218
0.63544,0.014644,0.611362,0.014459,1109.0,Thailand,THA,THA,20210218
0.438217,0.033075,0.392694,0.033605,219.0,Tunisia,TUN,TUN,20210218
0.539952,0.014445,0.543697,0.014454,1190.0,Turkey,TUR,TUR,20210218
0.299776,0.013275,0.30597,0.013198,1206.0,Ukraine,UKR,UKR,20210218
0.733569,0.040594,0.697674,0.039076,129.0,United Arab Emirates,ARE,ARE,20210218
0.635738,0.010477,0.64,0.010504,2100.0,United Kingdom,GBR,GBR,20210218
0.596801,0.024885,0.623684,0.025197,380.0,Uruguay,URY,URY,20210218
0.765512,0.016788,0.789831,0.017457,590.0,Venezuela,VEN,VEN,20210218
0.593607,0.008228,0.625542,0.00835,3461.0,Vietnam,VNM,VNM,20210218
0.397837,0.028849,0.427119,0.028545,295.0,Algeria,DZA,DZA,20210219
0.716116,0.009723,0.737433,0.009963,2049.0,Argentina,ARG,ARG,20210219
0.59127,0.015144,0.611379,0.015273,1037.0,Australia,AUS,AUS,20210219
0.491818,0.02107,0.492908,0.02107,564.0,Austria,AUT,AUT,20210219
0.683649,0.028418,0.615646,0.027169,294.0,Bangladesh,BGD,BGD,20210219
0.290864,0.035509,0.295181,0.035356,166.0,Belarus,BLR,BLR,20210219
0.524198,0.021523,0.535316,0.021551,538.0,Belgium,BEL,BEL,20210219
0.677163,0.023071,0.669065,0.022924,417.0,Bolivia,BOL,BOL,20210219
0.782463,0.004223,0.798934,0.004347,9007.0,Brazil,BRA,BRA,20210219
0.523572,0.025882,0.569482,0.026106,367.0,Bulgaria,BGR,BGR,20210219
0.603226,0.01071,0.60692,0.010727,2081.0,Canada,CAN,CAN,20210219
0.714612,0.015922,0.716065,0.015947,803.0,Chile,CHL,CHL,20210219
0.732315,0.010562,0.746612,0.010751,1697.0,Colombia,COL,COL,20210219
0.747224,0.024892,0.741935,0.024724,310.0,Costa Rica,CRI,CRI,20210219
0.439331,0.032408,0.42735,0.032514,234.0,Croatia,HRV,HRV,20210219
0.507078,0.016344,0.514957,0.01635,936.0,Czech Republic,CZE,CZE,20210219
0.570044,0.016134,0.546695,0.016045,953.0,Denmark,DNK,DNK,20210219
0.631292,0.030284,0.653226,0.030698,248.0,Dominican Republic,DOM,DOM,20210219
0.699404,0.015262,0.713311,0.015474,879.0,Ecuador,ECU,ECU,20210219
0.576588,0.017078,0.570749,0.017048,841.0,Egypt,EGY,EGY,20210219
0.738318,0.024384,0.75974,0.025086,308.0,El Salvador,SLV,SLV,20210219
0.549527,0.029135,0.579861,0.029369,288.0,Finland,FIN,FIN,20210219
0.470832,0.008453,0.467719,0.008457,3485.0,France,FRA,FRA,20210219
0.515918,0.007962,0.509257,0.00796,3943.0,Germany,DEU,DEU,20210219
0.595856,0.037084,0.596591,0.037095,176.0,Ghana,GHA,GHA,20210219
0.643649,0.016759,0.684416,0.01727,770.0,Greece,GRC,GRC,20210219
0.71141,0.026637,0.721831,0.026934,284.0,Guatemala,GTM,GTM,20210219
0.759807,0.027552,0.75,0.027182,248.0,Honduras,HND,HND,20210219
0.60953,0.03744,0.608187,0.037417,171.0,Hong Kong,HKG,HKG,20210219
0.552879,0.013363,0.579063,0.013457,1366.0,Hungary,HUN,HUN,20210219
0.61373,0.009455,0.633808,0.009556,2597.0,India,IND,IND,20210219
0.43879,0.013915,0.453552,0.01387,1281.0,Indonesia,IDN,IDN,20210219
0.50883,0.020528,0.510101,0.020529,594.0,Iraq,IRQ,IRQ,20210219
0.708409,0.020611,0.721519,0.020898,474.0,Ireland,IRL,IRL,20210219
0.477393,0.045985,0.449153,0.046178,118.0,Israel,ISR,ISR,20210219
0.756898,0.006787,0.753533,0.006755,4033.0,Italy,ITA,ITA,20210219
0.637927,0.005832,0.638292,0.005833,6790.0,Japan,JPN,JPN,20210219
0.424474,0.031216,0.460938,0.030952,256.0,Jordan,JOR,JOR,20210219
0.257971,0.036006,0.186441,0.040449,118.0,Kazakhstan,KAZ,KAZ,20210219
0.674242,0.026216,0.679245,0.026322,318.0,Kenya,KEN,KEN,20210219
0.731696,0.033666,0.727273,0.033493,176.0,Lebanon,LBN,LBN,20210219
0.540321,0.041872,0.567376,0.04212,141.0,Libya,LBY,LBY,20210219
0.640822,0.019168,0.640127,0.01916,628.0,Malaysia,MYS,MYS,20210219
0.792962,0.004603,0.813075,0.004784,7174.0,Mexico,MEX,MEX,20210219
0.472652,0.035155,0.580808,0.03557,198.0,Morocco,MAR,MAR,20210219
0.550122,0.037315,0.579545,0.037606,176.0,Nepal,NPL,NPL,20210219
0.440514,0.013375,0.443881,0.013364,1381.0,Netherlands,NLD,NLD,20210219
0.612966,0.020908,0.616236,0.020941,542.0,New Zealand,NZL,NZL,20210219
0.64939,0.037655,0.681818,0.038576,154.0,Nicaragua,NIC,NIC,20210219
0.645402,0.022783,0.660508,0.023017,433.0,Nigeria,NGA,NGA,20210219
0.563708,0.016742,0.544018,0.01667,886.0,Norway,NOR,NOR,20210219
0.661612,0.02413,0.658915,0.024083,387.0,Pakistan,PAK,PAK,20210219
0.705596,0.034174,0.729412,0.03506,170.0,Panama,PAN,PAN,20210219
0.61987,0.031302,0.695853,0.033029,217.0,Paraguay,PRY,PRY,20210219
0.754611,0.011906,0.76746,0.012128,1260.0,Peru,PER,PER,20210219
0.589566,0.013744,0.595611,0.013776,1276.0,Philippines,PHL,PHL,20210219
0.463254,0.015035,0.485533,0.015001,1106.0,Poland,POL,POL,20210219
0.722418,0.012389,0.72427,0.012415,1302.0,Portugal,PRT,PRT,20210219
0.760173,0.024999,0.752508,0.024734,299.0,"Puerto Rico, U.S.",PRI,PRI,20210219
0.529503,0.01805,0.527415,0.018046,766.0,Romania,ROU,ROU,20210219
0.305796,0.015492,0.318232,0.015324,905.0,Russia,RUS,RUS,20210219
0.586285,0.028723,0.57047,0.028578,298.0,Saudi Arabia,SAU,SAU,20210219
0.487447,0.030182,0.48,0.030197,275.0,Serbia,SRB,SRB,20210219
0.53824,0.042039,0.614815,0.043067,135.0,Singapore,SGP,SGP,20210219
0.569745,0.022405,0.567347,0.02239,490.0,Slovakia,SVK,SVK,20210219
0.423102,0.038026,0.447674,0.037781,172.0,Slovenia,SVN,SVN,20210219
0.595266,0.017716,0.596354,0.017723,768.0,South Africa,ZAF,ZAF,20210219
0.622609,0.022077,0.63048,0.022171,479.0,South Korea,KOR,KOR,20210219
0.774105,0.008791,0.78018,0.008877,2220.0,Spain,ESP,ESP,20210219
0.697683,0.043642,0.696429,0.043591,112.0,Sri Lanka,LKA,LKA,20210219
0.558986,0.040428,0.569536,0.04054,151.0,Sudan,SDN,SDN,20210219
0.614164,0.009639,0.618261,0.009659,2541.0,Sweden,SWE,SWE,20210219
0.514144,0.021951,0.520231,0.02196,519.0,Switzerland,CHE,CHE,20210219
0.696885,0.010927,0.724447,0.01124,1673.0,Taiwan,TWN,TWN,20210219
0.588315,0.014708,0.592659,0.014732,1117.0,Thailand,THA,THA,20210219
0.401338,0.032366,0.447257,0.031907,237.0,Tunisia,TUN,TUN,20210219
0.533978,0.01488,0.561545,0.014959,1113.0,Turkey,TUR,TUR,20210219
0.311559,0.014249,0.311909,0.014245,1058.0,Ukraine,UKR,UKR,20210219
0.501618,0.043105,0.64,0.044901,125.0,United Arab Emirates,ARE,ARE,20210219
0.652475,0.010848,0.648942,0.010822,1937.0,United Kingdom,GBR,GBR,20210219
0.67113,0.024409,0.694678,0.024899,357.0,Uruguay,URY,URY,20210219
0.706678,0.019881,0.742268,0.020695,485.0,Venezuela,VEN,VEN,20210219
0.642377,0.008662,0.632258,0.00861,3100.0,Vietnam,VNM,VNM,20210219
0.447503,0.031062,0.467181,0.030957,259.0,Algeria,DZA,DZA,20210220
0.745569,0.009512,0.765358,0.009776,1986.0,Argentina,ARG,ARG,20210220
0.629568,0.014691,0.624081,0.014647,1088.0,Australia,AUS,AUS,20210220
0.5459,0.020279,0.519737,0.020209,608.0,Austria,AUT,AUT,20210220
0.538405,0.027761,0.580442,0.028044,317.0,Bangladesh,BGD,BGD,20210220
0.356127,0.03764,0.390533,0.036944,169.0,Belarus,BLR,BLR,20210220
0.53585,0.0205,0.540541,0.020514,592.0,Belgium,BEL,BEL,20210220
0.697356,0.021725,0.701124,0.021802,445.0,Bolivia,BOL,BOL,20210220
0.792049,0.004122,0.809267,0.004258,9086.0,Brazil,BRA,BRA,20210220
0.448544,0.0261,0.525886,0.025997,367.0,Bulgaria,BGR,BGR,20210220
0.603301,0.010563,0.607577,0.010583,2138.0,Canada,CAN,CAN,20210220
0.719624,0.015451,0.73236,0.015677,822.0,Chile,CHL,CHL,20210220
0.734892,0.010936,0.751601,0.011172,1562.0,Colombia,COL,COL,20210220
0.691726,0.028747,0.706349,0.029147,252.0,Costa Rica,CRI,CRI,20210220
0.388201,0.034557,0.447115,0.033873,208.0,Croatia,HRV,HRV,20210220
0.508674,0.01669,0.511136,0.016692,898.0,Czech Republic,CZE,CZE,20210220
0.531991,0.016055,0.522188,0.016038,969.0,Denmark,DNK,DNK,20210220
0.611378,0.029661,0.660156,0.030524,256.0,Dominican Republic,DOM,DOM,20210220
0.683803,0.015853,0.718362,0.016389,806.0,Ecuador,ECU,ECU,20210220
0.494768,0.018614,0.522885,0.018633,721.0,Egypt,EGY,EGY,20210220
0.726164,0.024749,0.728395,0.024812,324.0,El Salvador,SLV,SLV,20210220
0.660604,0.028552,0.613014,0.027757,292.0,Finland,FIN,FIN,20210220
0.477756,0.008452,0.479542,0.00845,3495.0,France,FRA,FRA,20210220
0.533012,0.00804,0.518509,0.008028,3863.0,Germany,DEU,DEU,20210220
0.4777,0.03684,0.565934,0.037128,182.0,Ghana,GHA,GHA,20210220
0.631768,0.017451,0.659892,0.017767,738.0,Greece,GRC,GRC,20210220
0.686408,0.028939,0.688716,0.028997,257.0,Guatemala,GTM,GTM,20210220
0.723773,0.029013,0.733906,0.029356,233.0,Honduras,HND,HND,20210220
0.601443,0.036807,0.613636,0.03701,176.0,Hong Kong,HKG,HKG,20210220
0.53789,0.012699,0.566273,0.012775,1524.0,Hungary,HUN,HUN,20210220
0.668385,0.009286,0.640344,0.009109,2672.0,India,IND,IND,20210220
0.434799,0.014073,0.461783,0.013993,1256.0,Indonesia,IDN,IDN,20210220
0.475573,0.020528,0.489899,0.020508,594.0,Iraq,IRQ,IRQ,20210220
0.73464,0.019947,0.7251,0.019726,502.0,Ireland,IRL,IRL,20210220
0.483092,0.044042,0.425197,0.044518,127.0,Israel,ISR,ISR,20210220
0.754692,0.006827,0.748947,0.006774,4035.0,Italy,ITA,ITA,20210220
0.643476,0.005676,0.638749,0.005659,7164.0,Japan,JPN,JPN,20210220
0.461194,0.031496,0.468254,0.031465,252.0,Jordan,JOR,JOR,20210220
0.214998,0.040383,0.270492,0.037347,122.0,Kazakhstan,KAZ,KAZ,20210220
0.676566,0.025166,0.686217,0.025369,341.0,Kenya,KEN,KEN,20210220
0.671684,0.035886,0.69697,0.03667,165.0,Lebanon,LBN,LBN,20210220
0.533021,0.041303,0.530612,0.04129,147.0,Libya,LBY,LBY,20210220
0.580077,0.020228,0.605128,0.020423,585.0,Malaysia,MYS,MYS,20210220
0.784316,0.00473,0.81332,0.004993,6787.0,Mexico,MEX,MEX,20210220
0.473753,0.04868,0.423077,0.049199,104.0,Moldova,MDA,MDA,20210220
0.538919,0.037448,0.480447,0.037363,179.0,Morocco,MAR,MAR,20210220
0.588238,0.038855,0.613924,0.039278,158.0,Nepal,NPL,NPL,20210220
0.455222,0.01337,0.449097,0.013386,1385.0,Netherlands,NLD,NLD,20210220
0.603317,0.021051,0.605556,0.021072,540.0,New Zealand,NZL,NZL,20210220
0.61408,0.042542,0.613636,0.042533,132.0,Nicaragua,NIC,NIC,20210220
0.620792,0.024322,0.674731,0.02519,372.0,Nigeria,NGA,NGA,20210220
0.549258,0.016408,0.535135,0.016369,925.0,Norway,NOR,NOR,20210220
0.525738,0.026663,0.578488,0.026962,344.0,Pakistan,PAK,PAK,20210220
0.525196,0.048013,0.53211,0.048051,109.0,Palestine,PSE,PSE,20210220
0.777255,0.029284,0.769231,0.02892,208.0,Panama,PAN,PAN,20210220
0.711702,0.033954,0.703297,0.033669,182.0,Paraguay,PRY,PRY,20210220
0.718674,0.013605,0.732767,0.013824,1059.0,Peru,PER,PER,20210220
0.589645,0.01359,0.618936,0.013765,1278.0,Philippines,PHL,PHL,20210220
0.47981,0.015365,0.499057,0.015352,1060.0,Poland,POL,POL,20210220
0.709642,0.012082,0.711949,0.01211,1406.0,Portugal,PRT,PRT,20210220
0.65991,0.026947,0.689189,0.027582,296.0,"Puerto Rico, U.S.",PRI,PRI,20210220
0.507437,0.017995,0.531169,0.018028,770.0,Romania,ROU,ROU,20210220
0.300171,0.015854,0.328783,0.015468,879.0,Russia,RUS,RUS,20210220
0.536446,0.0288,0.560403,0.028936,298.0,Saudi Arabia,SAU,SAU,20210220
0.451617,0.029611,0.48951,0.029478,286.0,Serbia,SRB,SRB,20210220
0.633688,0.046378,0.633028,0.046361,109.0,Singapore,SGP,SGP,20210220
0.522193,0.022826,0.520833,0.022823,480.0,Slovakia,SVK,SVK,20210220
0.426844,0.038133,0.407186,0.03839,167.0,Slovenia,SVN,SVN,20210220
0.609382,0.018636,0.632836,0.018863,670.0,South Africa,ZAF,ZAF,20210220
0.650792,0.021591,0.640404,0.021449,495.0,South Korea,KOR,KOR,20210220
0.781299,0.008698,0.780822,0.008691,2263.0,Spain,ESP,ESP,20210220
0.721988,0.040907,0.756757,0.042717,111.0,Sri Lanka,LKA,LKA,20210220
0.499685,0.045077,0.578512,0.045644,121.0,Sudan,SDN,SDN,20210220
0.620265,0.009738,0.632287,0.009801,2453.0,Sweden,SWE,SWE,20210220
0.447962,0.022381,0.460765,0.022329,497.0,Switzerland,CHE,CHE,20210220
0.707777,0.011475,0.719974,0.011623,1532.0,Taiwan,TWN,TWN,20210220
0.698054,0.048783,0.62,0.046141,100.0,Tanzania,TZA,TZA,20210220
0.58938,0.014572,0.597002,0.014615,1134.0,Thailand,THA,THA,20210220
0.403767,0.034888,0.446078,0.034437,204.0,Tunisia,TUN,TUN,20210220
0.525271,0.014564,0.547476,0.014611,1169.0,Turkey,TUR,TUR,20210220
0.361712,0.014875,0.349854,0.014986,1029.0,Ukraine,UKR,UKR,20210220
0.564415,0.036512,0.634286,0.037589,175.0,United Arab Emirates,ARE,ARE,20210220
0.629746,0.011125,0.631579,0.011137,1881.0,United Kingdom,GBR,GBR,20210220
0.628537,0.023892,0.630807,0.023922,409.0,Uruguay,URY,URY,20210220
0.703493,0.018884,0.746241,0.01982,532.0,Venezuela,VEN,VEN,20210220
0.604422,0.009103,0.619684,0.009169,2845.0,Vietnam,VNM,VNM,20210220
0.4107,0.031557,0.42915,0.031366,247.0,Algeria,DZA,DZA,20210221
0.743344,0.009409,0.751898,0.009516,2108.0,Argentina,ARG,ARG,20210221
0.610458,0.014704,0.610354,0.014703,1101.0,Australia,AUS,AUS,20210221
0.505589,0.019007,0.496392,0.019006,693.0,Austria,AUT,AUT,20210221
0.581185,0.027315,0.625397,0.027842,315.0,Bangladesh,BGD,BGD,20210221
0.333505,0.035083,0.338798,0.034947,183.0,Belarus,BLR,BLR,20210221
0.511953,0.020028,0.536232,0.020075,621.0,Belgium,BEL,BEL,20210221
0.682783,0.02314,0.693467,0.023357,398.0,Bolivia,BOL,BOL,20210221
0.456365,0.047867,0.449541,0.047929,109.0,Bosnia and Herzegovina,BIH,BIH,20210221
0.786052,0.004037,0.801722,0.004153,9754.0,Brazil,BRA,BRA,20210221
0.444525,0.024241,0.462264,0.024161,424.0,Bulgaria,BGR,BGR,20210221
0.600901,0.010192,0.620097,0.010283,2269.0,Canada,CAN,CAN,20210221
0.708053,0.015402,0.730445,0.015781,831.0,Chile,CHL,CHL,20210221
0.752643,0.010654,0.753358,0.010664,1638.0,Colombia,COL,COL,20210221
0.722651,0.025664,0.750877,0.026566,285.0,Costa Rica,CRI,CRI,20210221
0.4867,0.033541,0.484305,0.033546,223.0,Croatia,HRV,HRV,20210221
0.514093,0.015986,0.507661,0.015982,979.0,Czech Republic,CZE,CZE,20210221
0.545251,0.015379,0.52178,0.015331,1056.0,Denmark,DNK,DNK,20210221
0.681217,0.029348,0.690763,0.029591,249.0,Dominican Republic,DOM,DOM,20210221
0.694103,0.015433,0.726077,0.015946,836.0,Ecuador,ECU,ECU,20210221
0.525737,0.017787,0.531726,0.017799,788.0,Egypt,EGY,EGY,20210221
0.742287,0.024109,0.735119,0.023896,336.0,El Salvador,SLV,SLV,20210221
0.586987,0.027018,0.622291,0.027439,323.0,Finland,FIN,FIN,20210221
0.474632,0.008408,0.478335,0.008405,3531.0,France,FRA,FRA,20210221
0.518217,0.007711,0.516068,0.00771,4201.0,Germany,DEU,DEU,20210221
0.61824,0.036564,0.596685,0.036211,181.0,Ghana,GHA,GHA,20210221
0.654428,0.017578,0.673212,0.017822,713.0,Greece,GRC,GRC,20210221
0.729595,0.025077,0.727848,0.025026,316.0,Guatemala,GTM,GTM,20210221
0.769166,0.026302,0.772549,0.026439,255.0,Honduras,HND,HND,20210221
0.63872,0.039126,0.619355,0.038709,155.0,Hong Kong,HKG,HKG,20210221
0.532701,0.012575,0.570968,0.012677,1550.0,Hungary,HUN,HUN,20210221
0.615531,0.009089,0.631075,0.009164,2819.0,India,IND,IND,20210221
0.444889,0.013591,0.454207,0.013566,1343.0,Indonesia,IDN,IDN,20210221
0.477563,0.020255,0.53125,0.020274,608.0,Iraq,IRQ,IRQ,20210221
0.69215,0.019947,0.694757,0.019994,534.0,Ireland,IRL,IRL,20210221
0.482624,0.047867,0.449541,0.048083,109.0,Israel,ISR,ISR,20210221
0.742229,0.006563,0.752544,0.006653,4324.0,Italy,ITA,ITA,20210221
0.637652,0.00565,0.644649,0.005675,7176.0,Japan,JPN,JPN,20210221
0.444426,0.030144,0.431734,0.03024,271.0,Jordan,JOR,JOR,20210221
0.259011,0.038924,0.286765,0.037705,136.0,Kazakhstan,KAZ,KAZ,20210221
0.688556,0.025027,0.716923,0.025727,325.0,Kenya,KEN,KEN,20210221
0.656276,0.035378,0.661111,0.035499,180.0,Lebanon,LBN,LBN,20210221
0.490525,0.041667,0.458333,0.041805,144.0,Libya,LBY,LBY,20210221
0.622083,0.018452,0.621387,0.018445,692.0,Malaysia,MYS,MYS,20210221
0.796301,0.004622,0.812211,0.004766,7141.0,Mexico,MEX,MEX,20210221
0.373511,0.047062,0.367925,0.047208,106.0,Moldova,MDA,MDA,20210221
0.58257,0.03506,0.628272,0.035776,191.0,Morocco,MAR,MAR,20210221
0.557628,0.037315,0.579545,0.037545,176.0,Nepal,NPL,NPL,20210221
0.468871,0.013054,0.465435,0.01306,1461.0,Netherlands,NLD,NLD,20210221
0.61151,0.020435,0.605585,0.02038,573.0,New Zealand,NZL,NZL,20210221
0.721858,0.039446,0.703704,0.038709,135.0,Nicaragua,NIC,NIC,20210221
0.654251,0.023628,0.671717,0.023931,396.0,Nigeria,NGA,NGA,20210221
0.552921,0.015527,0.543689,0.015499,1030.0,Norway,NOR,NOR,20210221
0.740621,0.022659,0.7,0.021672,410.0,Pakistan,PAK,PAK,20210221
0.743766,0.030795,0.755102,0.031262,196.0,Panama,PAN,PAN,20210221
0.613619,0.034929,0.615385,0.034959,195.0,Paraguay,PRY,PRY,20210221
0.746339,0.012365,0.754328,0.012498,1213.0,Peru,PER,PER,20210221
0.583528,0.013754,0.622687,0.013988,1243.0,Philippines,PHL,PHL,20210221
0.480186,0.01463,0.497006,0.014619,1169.0,Poland,POL,POL,20210221
0.704128,0.011693,0.719215,0.011876,1478.0,Portugal,PRT,PRT,20210221
0.713278,0.025924,0.694006,0.02544,317.0,"Puerto Rico, U.S.",PRI,PRI,20210221
0.477159,0.017609,0.490706,0.017593,807.0,Romania,ROU,ROU,20210221
0.326745,0.0158,0.328814,0.015775,885.0,Russia,RUS,RUS,20210221
0.546283,0.030769,0.569231,0.030935,260.0,Saudi Arabia,SAU,SAU,20210221
0.42284,0.029519,0.434629,0.029418,283.0,Serbia,SRB,SRB,20210221
0.704435,0.040594,0.697674,0.040331,129.0,Singapore,SGP,SGP,20210221
0.551662,0.022189,0.557769,0.022219,502.0,Slovakia,SVK,SVK,20210221
0.478681,0.040158,0.49359,0.040124,156.0,Slovenia,SVN,SVN,20210221
0.601946,0.016969,0.623775,0.017146,816.0,South Africa,ZAF,ZAF,20210221
0.618554,0.021074,0.628083,0.021179,527.0,South Korea,KOR,KOR,20210221
0.766092,0.00832,0.778491,0.008482,2492.0,Spain,ESP,ESP,20210221
0.820705,0.039698,0.765217,0.035927,115.0,Sri Lanka,LKA,LKA,20210221
0.547927,0.043367,0.614173,0.044338,127.0,Sudan,SDN,SDN,20210221
0.607072,0.009628,0.624013,0.009708,2532.0,Sweden,SWE,SWE,20210221
0.497111,0.021757,0.491493,0.021759,529.0,Switzerland,CHE,CHE,20210221
0.678609,0.011424,0.69132,0.01155,1636.0,Taiwan,TWN,TWN,20210221
0.627955,0.01388,0.614135,0.013782,1231.0,Thailand,THA,THA,20210221
0.455916,0.033262,0.453333,0.033278,225.0,Tunisia,TUN,TUN,20210221
0.543804,0.014097,0.554662,0.014127,1244.0,Turkey,TUR,TUR,20210221
0.327739,0.013966,0.326241,0.013982,1128.0,Ukraine,UKR,UKR,20210221
0.672282,0.040572,0.633803,0.039529,142.0,United Arab Emirates,ARE,ARE,20210221
0.620588,0.010676,0.626887,0.010712,2053.0,United Kingdom,GBR,GBR,20210221
0.556108,0.025049,0.580977,0.025223,389.0,Uruguay,URY,URY,20210221
0.724128,0.018265,0.748673,0.01882,565.0,Venezuela,VEN,VEN,20210221
0.629766,0.008983,0.629322,0.008981,2892.0,Vietnam,VNM,VNM,20210221
0.462432,0.032363,0.416309,0.032734,233.0,Algeria,DZA,DZA,20210222
0.724208,0.009019,0.745712,0.009257,2332.0,Argentina,ARG,ARG,20210222
0.631132,0.014629,0.637373,0.014682,1081.0,Australia,AUS,AUS,20210222
0.482547,0.018949,0.490674,0.018941,697.0,Austria,AUT,AUT,20210222
0.652298,0.027748,0.637874,0.027496,301.0,Bangladesh,BGD,BGD,20210222
0.347554,0.035665,0.319767,0.036415,172.0,Belarus,BLR,BLR,20210222
0.586309,0.018776,0.594161,0.018831,685.0,Belgium,BEL,BEL,20210222
0.715102,0.020965,0.711538,0.020887,468.0,Bolivia,BOL,BOL,20210222
0.796728,0.00389,0.806834,0.003965,10302.0,Brazil,BRA,BRA,20210222
0.549475,0.025119,0.56266,0.025194,391.0,Bulgaria,BGR,BGR,20210222
0.607909,0.010176,0.613974,0.010204,2290.0,Canada,CAN,CAN,20210222
0.74184,0.014008,0.754497,0.014243,945.0,Chile,CHL,CHL,20210222
0.724283,0.010422,0.736165,0.010568,1789.0,Colombia,COL,COL,20210222
0.712916,0.024842,0.713855,0.024866,332.0,Costa Rica,CRI,CRI,20210222
0.443121,0.032268,0.434599,0.032336,237.0,Croatia,HRV,HRV,20210222
0.509995,0.015645,0.509785,0.015645,1022.0,Czech Republic,CZE,CZE,20210222
0.560115,0.015504,0.53134,0.015422,1037.0,Denmark,DNK,DNK,20210222
0.736046,0.027045,0.732342,0.026925,269.0,Dominican Republic,DOM,DOM,20210222
0.686705,0.014577,0.711479,0.014924,967.0,Ecuador,ECU,ECU,20210222
0.503273,0.017658,0.534418,0.017699,799.0,Egypt,EGY,EGY,20210222
0.733427,0.02274,0.733509,0.022743,379.0,El Salvador,SLV,SLV,20210222
0.602808,0.026786,0.598214,0.026734,336.0,Finland,FIN,FIN,20210222
0.495922,0.008215,0.490551,0.008216,3704.0,France,FRA,FRA,20210222
0.511882,0.007721,0.51109,0.00772,4193.0,Germany,DEU,DEU,20210222
0.615919,0.033204,0.618605,0.033248,215.0,Ghana,GHA,GHA,20210222
0.672642,0.017363,0.671214,0.017344,733.0,Greece,GRC,GRC,20210222
0.706066,0.025897,0.731293,0.026614,294.0,Guatemala,GTM,GTM,20210222
0.762513,0.025604,0.777358,0.02619,265.0,Honduras,HND,HND,20210222
0.559456,0.037724,0.572254,0.037854,173.0,Hong Kong,HKG,HKG,20210222
0.543915,0.012525,0.580811,0.012643,1553.0,Hungary,HUN,HUN,20210222
0.608755,0.009047,0.624782,0.009119,2865.0,India,IND,IND,20210222
0.474481,0.013723,0.470544,0.013729,1324.0,Indonesia,IDN,IDN,20210222
0.502699,0.021886,0.478927,0.021905,522.0,Iraq,IRQ,IRQ,20210222
0.726997,0.019692,0.729412,0.019747,510.0,Ireland,IRL,IRL,20210222
0.37414,0.042446,0.407407,0.041803,135.0,Israel,ISR,ISR,20210222
0.760631,0.006684,0.755808,0.006639,4132.0,Italy,ITA,ITA,20210222
0.633429,0.005578,0.643215,0.005611,7377.0,Japan,JPN,JPN,20210222
0.475564,0.029983,0.508961,0.029952,279.0,Jordan,JOR,JOR,20210222
0.297435,0.040347,0.3,0.040248,130.0,Kazakhstan,KAZ,KAZ,20210222
0.669478,0.025454,0.681548,0.025701,336.0,Kenya,KEN,KEN,20210222
0.66589,0.038556,0.645161,0.038009,155.0,Lebanon,LBN,LBN,20210222
0.576643,0.038277,0.56213,0.03812,169.0,Libya,LBY,LBY,20210222
0.623097,0.018916,0.625,0.018935,656.0,Malaysia,MYS,MYS,20210222
0.794091,0.004497,0.815168,0.004685,7450.0,Mexico,MEX,MEX,20210222
0.329333,0.04617,0.313725,0.046764,102.0,Moldova,MDA,MDA,20210222
0.633086,0.036708,0.526882,0.035435,186.0,Morocco,MAR,MAR,20210222
0.648696,0.038058,0.62963,0.037623,162.0,Nepal,NPL,NPL,20210222
0.44757,0.012585,0.447503,0.012585,1562.0,Netherlands,NLD,NLD,20210222
0.575203,0.021559,0.564151,0.021492,530.0,New Zealand,NZL,NZL,20210222
0.724384,0.036647,0.737931,0.037235,145.0,Nicaragua,NIC,NIC,20210222
0.60833,0.023842,0.654135,0.024467,399.0,Nigeria,NGA,NGA,20210222
0.551714,0.015771,0.531936,0.015719,1002.0,Norway,NOR,NOR,20210222
0.676149,0.025364,0.630854,0.024595,363.0,Pakistan,PAK,PAK,20210222
0.662785,0.034182,0.690217,0.034947,184.0,Panama,PAN,PAN,20210222
0.737154,0.031082,0.71028,0.030161,214.0,Paraguay,PRY,PRY,20210222
0.704748,0.012466,0.725995,0.01275,1281.0,Peru,PER,PER,20210222
0.588305,0.013236,0.633007,0.013515,1327.0,Philippines,PHL,PHL,20210222
0.450317,0.014477,0.471429,0.014429,1190.0,Poland,POL,POL,20210222
0.740578,0.012244,0.738557,0.012213,1289.0,Portugal,PRT,PRT,20210222
0.725299,0.024084,0.724638,0.024066,345.0,"Puerto Rico, U.S.",PRI,PRI,20210222
0.525366,0.017894,0.534704,0.017914,778.0,Romania,ROU,ROU,20210222
0.328249,0.015554,0.330055,0.015532,915.0,Russia,RUS,RUS,20210222
0.572123,0.029562,0.578571,0.029621,280.0,Saudi Arabia,SAU,SAU,20210222
0.417172,0.030271,0.440741,0.030064,270.0,Serbia,SRB,SRB,20210222
0.706087,0.039053,0.730769,0.040109,130.0,Singapore,SGP,SGP,20210222
0.510696,0.022344,0.537074,0.0224,499.0,Slovakia,SVK,SVK,20210222
0.50331,0.039394,0.487654,0.039405,162.0,Slovenia,SVN,SVN,20210222
0.617986,0.017508,0.636243,0.017683,756.0,South Africa,ZAF,ZAF,20210222
0.574492,0.021061,0.620301,0.021456,532.0,South Korea,KOR,KOR,20210222
0.787658,0.008401,0.787279,0.008395,2374.0,Spain,ESP,ESP,20210222
0.73998,0.045242,0.712871,0.043865,101.0,Sri Lanka,LKA,LKA,20210222
0.574198,0.03838,0.550296,0.038149,169.0,Sudan,SDN,SDN,20210222
0.610624,0.009544,0.60687,0.009528,2620.0,Sweden,SWE,SWE,20210222
0.458341,0.020787,0.474048,0.020743,578.0,Switzerland,CHE,CHE,20210222
0.670317,0.011739,0.696871,0.012007,1534.0,Taiwan,TWN,TWN,20210222
0.643398,0.014238,0.615056,0.014016,1169.0,Thailand,THA,THA,20210222
0.487872,0.034484,0.516588,0.034493,211.0,Tunisia,TUN,TUN,20210222
0.543855,0.014953,0.551942,0.014977,1107.0,Turkey,TUR,TUR,20210222
0.343919,0.014126,0.32821,0.01429,1106.0,Ukraine,UKR,UKR,20210222
0.620132,0.039532,0.618421,0.039498,152.0,United Arab Emirates,ARE,ARE,20210222
0.623739,0.011197,0.632004,0.011248,1856.0,United Kingdom,GBR,GBR,20210222
0.612777,0.022945,0.643021,0.023329,437.0,Uruguay,URY,URY,20210222
0.758866,0.017305,0.776248,0.017762,581.0,Venezuela,VEN,VEN,20210222
0.598024,0.009149,0.626609,0.009274,2796.0,Vietnam,VNM,VNM,20210222
