pct_trust_fam,trust_fam_se,pct_trust_fam_unw,trust_fam_se_unw,sample_size,country,iso_code,gid_0,survey_date
0.402637,0.017496,0.4,0.017515,785.0,Argentina,ARG,ARG,20201221
0.32423,0.016732,0.310705,0.016924,766.0,Australia,AUS,AUS,20201221
0.20336,0.036683,0.21875,0.035716,128.0,Austria,AUT,AUT,20201221
0.627122,0.044059,0.622951,0.043961,122.0,Bangladesh,BGD,BGD,20201221
0.116095,0.031548,0.148438,0.028425,128.0,Belgium,BEL,BEL,20201221
0.437822,0.035806,0.5,0.035528,196.0,Bolivia,BOL,BOL,20201221
0.462499,0.007628,0.438696,0.007664,4233.0,Brazil,BRA,BRA,20201221
0.291629,0.015216,0.284904,0.015322,881.0,Canada,CAN,CAN,20201221
0.464336,0.024657,0.463415,0.02466,410.0,Chile,CHL,CHL,20201221
0.524267,0.016087,0.500517,0.016068,967.0,Colombia,COL,COL,20201221
0.586551,0.03643,0.598901,0.036604,182.0,Costa Rica,CRI,CRI,20201221
0.371697,0.042577,0.359375,0.042882,128.0,Czech Republic,CZE,CZE,20201221
0.284715,0.02841,0.264463,0.029069,242.0,Denmark,DNK,DNK,20201221
0.454773,0.042556,0.456522,0.042543,138.0,Dominican Republic,DOM,DOM,20201221
0.509967,0.02554,0.486979,0.025544,384.0,Ecuador,ECU,ECU,20201221
0.311784,0.021881,0.326087,0.021621,460.0,Egypt,EGY,EGY,20201221
0.501815,0.038009,0.576471,0.038461,170.0,El Salvador,SLV,SLV,20201221
0.173314,0.014008,0.16968,0.014126,719.0,France,FRA,FRA,20201221
0.304683,0.015808,0.296651,0.015928,836.0,Germany,DEU,DEU,20201221
0.187979,0.03775,0.180952,0.038311,105.0,Greece,GRC,GRC,20201221
0.56407,0.038297,0.580838,0.038488,167.0,Guatemala,GTM,GTM,20201221
0.656951,0.049107,0.594059,0.047473,101.0,Honduras,HND,HND,20201221
0.458015,0.044957,0.42623,0.045294,122.0,Hong Kong,HKG,HKG,20201221
0.316757,0.03025,0.277273,0.031436,220.0,Hungary,HUN,HUN,20201221
0.518176,0.014207,0.526699,0.014218,1236.0,India,IND,IND,20201221
0.287628,0.015619,0.295906,0.01549,855.0,Indonesia,IDN,IDN,20201221
0.352236,0.044943,0.327273,0.045752,110.0,Iraq,IRQ,IRQ,20201221
0.371241,0.041985,0.368421,0.042052,133.0,Ireland,IRL,IRL,20201221
0.348255,0.034528,0.38191,0.033858,199.0,Israel,ISR,ISR,20201221
0.289529,0.015836,0.250667,0.016572,750.0,Italy,ITA,ITA,20201221
0.505964,0.008532,0.495779,0.008532,3435.0,Japan,JPN,JPN,20201221
0.320682,0.043546,0.262136,0.046214,103.0,Jordan,JOR,JOR,20201221
0.562076,0.046841,0.580357,0.047091,112.0,Kenya,KEN,KEN,20201221
0.378546,0.029649,0.395604,0.029409,273.0,Malaysia,MYS,MYS,20201221
0.556423,0.008392,0.559269,0.008398,3501.0,Mexico,MEX,MEX,20201221
0.24476,0.025116,0.217712,0.026166,271.0,Netherlands,NLD,NLD,20201221
0.285328,0.030297,0.325,0.02921,240.0,New Zealand,NZL,NZL,20201221
0.522263,0.037351,0.483333,0.037335,180.0,Nigeria,NGA,NGA,20201221
0.326366,0.034918,0.318436,0.035144,179.0,Norway,NOR,NOR,20201221
0.537725,0.036273,0.502618,0.03617,191.0,Pakistan,PAK,PAK,20201221
0.536207,0.04402,0.5625,0.044251,128.0,Panama,PAN,PAN,20201221
0.459604,0.027422,0.466867,0.027393,332.0,Peru,PER,PER,20201221
0.355469,0.022757,0.393939,0.022293,462.0,Philippines,PHL,PHL,20201221
0.325106,0.030856,0.298643,0.03158,221.0,Poland,POL,POL,20201221
0.340506,0.030291,0.322176,0.030717,239.0,Portugal,PRT,PRT,20201221
0.468965,0.036453,0.486772,0.036396,189.0,"Puerto Rico, U.S.",PRI,PRI,20201221
0.222221,0.034521,0.251572,0.033074,159.0,Romania,ROU,ROU,20201221
0.284174,0.022425,0.260417,0.023046,384.0,Russia,RUS,RUS,20201221
0.361802,0.045039,0.37069,0.044809,116.0,Saudi Arabia,SAU,SAU,20201221
0.487873,0.029519,0.434629,0.029766,283.0,South Africa,ZAF,ZAF,20201221
0.563715,0.024515,0.573529,0.024582,408.0,South Korea,KOR,KOR,20201221
0.295681,0.017846,0.281447,0.01811,636.0,Spain,ESP,ESP,20201221
0.349052,0.022077,0.36952,0.021802,479.0,Sweden,SWE,SWE,20201221
0.244203,0.035349,0.254902,0.034846,153.0,Switzerland,CHE,CHE,20201221
0.337393,0.019955,0.366438,0.019582,584.0,Taiwan,TWN,TWN,20201221
0.502518,0.014418,0.542259,0.01447,1195.0,Thailand,THA,THA,20201221
0.214963,0.019697,0.239915,0.018949,471.0,Turkey,TUR,TUR,20201221
0.301176,0.023572,0.285326,0.023948,368.0,Ukraine,UKR,UKR,20201221
0.310139,0.023198,0.30102,0.023392,392.0,United Kingdom,GBR,GBR,20201221
0.373658,0.028122,0.333333,0.02886,282.0,Uruguay,URY,URY,20201221
0.45344,0.030138,0.485507,0.03002,276.0,Venezuela,VEN,VEN,20201221
0.472363,0.022733,0.469979,0.02274,483.0,Vietnam,VNM,VNM,20201221
0.543085,0.045949,0.529412,0.045858,119.0,Afghanistan,AFG,AFG,20201222
0.216259,0.024493,0.271903,0.022663,331.0,Algeria,DZA,DZA,20201222
0.407921,0.01055,0.38829,0.010639,2135.0,Argentina,ARG,ARG,20201222
0.309041,0.011557,0.308078,0.011567,1597.0,Australia,AUS,AUS,20201222
0.243236,0.015978,0.242718,0.015989,721.0,Austria,AUT,AUT,20201222
0.273597,0.045126,0.28,0.044805,100.0,Azerbaijan,AZE,AZE,20201222
0.645454,0.021126,0.632184,0.020958,522.0,Bangladesh,BGD,BGD,20201222
0.187821,0.02531,0.185654,0.025424,237.0,Belarus,BLR,BLR,20201222
0.241203,0.016035,0.235378,0.01617,701.0,Belgium,BEL,BEL,20201222
0.465308,0.020407,0.476667,0.02038,600.0,Bolivia,BOL,BOL,20201222
0.321158,0.041833,0.308943,0.042273,123.0,Bosnia and Herzegovina,BIH,BIH,20201222
0.456605,0.004543,0.437904,0.004562,11925.0,Brazil,BRA,BRA,20201222
0.239188,0.023479,0.263456,0.022737,353.0,Bulgaria,BGR,BGR,20201222
0.306758,0.009119,0.298253,0.009192,2518.0,Canada,CAN,CAN,20201222
0.461663,0.014447,0.446414,0.014488,1185.0,Chile,CHL,CHL,20201222
0.555024,0.009648,0.538375,0.009618,2671.0,Colombia,COL,COL,20201222
0.554998,0.022312,0.532934,0.022225,501.0,Costa Rica,CRI,CRI,20201222
0.31885,0.022671,0.289277,0.023302,401.0,Croatia,HRV,HRV,20201222
0.330084,0.01679,0.325641,0.016848,780.0,Czech Republic,CZE,CZE,20201222
0.259615,0.011292,0.251691,0.011408,1478.0,Denmark,DNK,DNK,20201222
0.474297,0.026975,0.479651,0.026962,344.0,Dominican Republic,DOM,DOM,20201222
0.467607,0.015761,0.471116,0.015755,1004.0,Ecuador,ECU,ECU,20201222
0.347829,0.012206,0.35098,0.01218,1530.0,Egypt,EGY,EGY,20201222
0.586178,0.024401,0.580488,0.024353,410.0,El Salvador,SLV,SLV,20201222
0.328537,0.023072,0.294118,0.023783,391.0,Finland,FIN,FIN,20201222
0.205885,0.006324,0.17779,0.006688,3656.0,France,FRA,FRA,20201222
0.275715,0.006518,0.270811,0.006555,4649.0,Germany,DEU,DEU,20201222
0.401997,0.038245,0.447059,0.037715,170.0,Ghana,GHA,GHA,20201222
0.295405,0.017482,0.280967,0.017745,662.0,Greece,GRC,GRC,20201222
0.558129,0.024819,0.554726,0.024799,402.0,Guatemala,GTM,GTM,20201222
0.575791,0.030422,0.561798,0.030303,267.0,Honduras,HND,HND,20201222
0.418138,0.028328,0.412541,0.028384,303.0,Hong Kong,HKG,HKG,20201222
0.225445,0.0113,0.226511,0.011282,1373.0,Hungary,HUN,HUN,20201222
0.540851,0.007749,0.524188,0.007732,4155.0,India,IND,IND,20201222
0.262843,0.010258,0.288786,0.009963,1953.0,Indonesia,IDN,IDN,20201222
0.336109,0.020305,0.333333,0.020347,540.0,Iraq,IRQ,IRQ,20201222
0.36389,0.019716,0.350937,0.019875,587.0,Ireland,IRL,IRL,20201222
0.384106,0.017111,0.393382,0.017037,816.0,Israel,ISR,ISR,20201222
0.278255,0.006858,0.265316,0.006961,4146.0,Italy,ITA,ITA,20201222
0.4865,0.005806,0.490558,0.005805,7414.0,Japan,JPN,JPN,20201222
0.251044,0.022215,0.223796,0.023112,353.0,Jordan,JOR,JOR,20201222
0.200248,0.036413,0.221374,0.035099,131.0,Kazakhstan,KAZ,KAZ,20201222
0.553866,0.024214,0.574163,0.024343,418.0,Kenya,KEN,KEN,20201222
0.461392,0.047838,0.390476,0.048883,105.0,Kuwait,KWT,KWT,20201222
0.327224,0.038197,0.315436,0.038568,149.0,Lebanon,LBN,LBN,20201222
0.460488,0.036573,0.465241,0.036547,187.0,Libya,LBY,LBY,20201222
0.43953,0.017956,0.454545,0.017898,770.0,Malaysia,MYS,MYS,20201222
0.565112,0.005178,0.566874,0.00518,9159.0,Mexico,MEX,MEX,20201222
0.27285,0.042188,0.252336,0.043263,107.0,Moldova,MDA,MDA,20201222
0.33745,0.030079,0.313808,0.03065,239.0,Morocco,MAR,MAR,20201222
0.599355,0.027332,0.558912,0.026975,331.0,Myanmar,MMR,MMR,20201222
0.516419,0.030644,0.533835,0.030698,266.0,Nepal,NPL,NPL,20201222
0.214934,0.009383,0.19978,0.009639,1817.0,Netherlands,NLD,NLD,20201222
0.320386,0.021443,0.313433,0.02157,469.0,New Zealand,NZL,NZL,20201222
0.550164,0.031681,0.571429,0.031848,245.0,Nicaragua,NIC,NIC,20201222
0.524338,0.021862,0.505725,0.021838,524.0,Nigeria,NGA,NGA,20201222
0.283017,0.013834,0.286916,0.013778,1070.0,Norway,NOR,NOR,20201222
0.512683,0.018786,0.528996,0.018812,707.0,Pakistan,PAK,PAK,20201222
0.292414,0.03891,0.304965,0.038444,141.0,Palestine,PSE,PSE,20201222
0.52723,0.031551,0.511905,0.031513,252.0,Panama,PAN,PAN,20201222
0.435891,0.032498,0.472574,0.032279,237.0,Paraguay,PRY,PRY,20201222
0.498287,0.016874,0.496018,0.016874,879.0,Peru,PER,PER,20201222
0.435443,0.014325,0.442228,0.014301,1203.0,Philippines,PHL,PHL,20201222
0.321716,0.012841,0.314744,0.012916,1309.0,Poland,POL,POL,20201222
0.394226,0.014702,0.380952,0.014795,1092.0,Portugal,PRT,PRT,20201222
0.522844,0.022427,0.504016,0.022405,498.0,"Puerto Rico, U.S.",PRI,PRI,20201222
0.232065,0.012609,0.220167,0.012846,1081.0,Romania,ROU,ROU,20201222
0.248811,0.011915,0.2304,0.012233,1250.0,Russia,RUS,RUS,20201222
0.462365,0.024155,0.443396,0.024242,424.0,Saudi Arabia,SAU,SAU,20201222
0.325878,0.023175,0.316832,0.023348,404.0,Serbia,SRB,SRB,20201222
0.426499,0.035889,0.380435,0.03656,184.0,Singapore,SGP,SGP,20201222
0.376185,0.020719,0.368324,0.020808,543.0,Slovakia,SVK,SVK,20201222
0.313302,0.033586,0.333333,0.033047,198.0,Slovenia,SVN,SVN,20201222
0.385742,0.013804,0.392173,0.013762,1252.0,South Africa,ZAF,ZAF,20201222
0.584924,0.01742,0.590226,0.017454,798.0,South Korea,KOR,KOR,20201222
0.301309,0.008869,0.293515,0.008937,2637.0,Spain,ESP,ESP,20201222
0.432642,0.040764,0.436242,0.040725,149.0,Sri Lanka,LKA,LKA,20201222
0.387838,0.035673,0.416667,0.035257,192.0,Sudan,SDN,SDN,20201222
0.399712,0.008673,0.402439,0.008663,3198.0,Sweden,SWE,SWE,20201222
0.224017,0.01554,0.213773,0.015804,697.0,Switzerland,CHE,CHE,20201222
0.32693,0.011084,0.347237,0.010921,1846.0,Taiwan,TWN,TWN,20201222
0.559933,0.008098,0.563166,0.008105,3752.0,Thailand,THA,THA,20201222
0.232917,0.025339,0.247423,0.024821,291.0,Tunisia,TUN,TUN,20201222
0.280368,0.009832,0.27068,0.00994,2043.0,Turkey,TUR,TUR,20201222
0.270044,0.011124,0.264463,0.011198,1573.0,Ukraine,UKR,UKR,20201222
0.410225,0.026945,0.405405,0.026995,333.0,United Arab Emirates,ARE,ARE,20201222
0.372621,0.009017,0.361844,0.009073,2841.0,United Kingdom,GBR,GBR,20201222
0.336596,0.017788,0.35,0.017623,720.0,Uruguay,URY,URY,20201222
0.512218,0.018254,0.52737,0.018276,749.0,Venezuela,VEN,VEN,20201222
0.508687,0.013403,0.489224,0.013404,1392.0,Vietnam,VNM,VNM,20201222
0.236067,0.02275,0.223214,0.023202,336.0,Algeria,DZA,DZA,20201223
0.388399,0.010339,0.377727,0.010393,2200.0,Argentina,ARG,ARG,20201223
0.304198,0.01203,0.301031,0.012065,1455.0,Australia,AUS,AUS,20201223
0.243975,0.01668,0.23493,0.016898,647.0,Austria,AUT,AUT,20201223
0.342346,0.046898,0.339806,0.046982,103.0,Azerbaijan,AZE,AZE,20201223
0.661436,0.022055,0.655914,0.021969,465.0,Bangladesh,BGD,BGD,20201223
0.199477,0.026079,0.216,0.025324,250.0,Belarus,BLR,BLR,20201223
0.193669,0.014045,0.180851,0.01442,752.0,Belgium,BEL,BEL,20201223
0.513359,0.0203,0.526403,0.020321,606.0,Bolivia,BOL,BOL,20201223
0.35158,0.047702,0.375,0.047046,104.0,Bosnia and Herzegovina,BIH,BIH,20201223
0.456173,0.004648,0.435424,0.004669,11382.0,Brazil,BRA,BRA,20201223
0.273317,0.023208,0.263158,0.023488,361.0,Bulgaria,BGR,BGR,20201223
0.287857,0.009062,0.282591,0.009112,2470.0,Canada,CAN,CAN,20201223
0.463791,0.014851,0.476148,0.014828,1132.0,Chile,CHL,CHL,20201223
0.524418,0.010089,0.525092,0.010089,2451.0,Colombia,COL,COL,20201223
0.547818,0.021631,0.532833,0.021578,533.0,Costa Rica,CRI,CRI,20201223
0.217431,0.023014,0.252101,0.021862,357.0,Croatia,HRV,HRV,20201223
0.312879,0.016887,0.326425,0.016699,772.0,Czech Republic,CZE,CZE,20201223
0.319004,0.013401,0.302128,0.013603,1175.0,Denmark,DNK,DNK,20201223
0.428531,0.026937,0.426036,0.026957,338.0,Dominican Republic,DOM,DOM,20201223
0.456265,0.016932,0.466053,0.016906,869.0,Ecuador,ECU,ECU,20201223
0.328327,0.011921,0.345888,0.01177,1593.0,Egypt,EGY,EGY,20201223
0.52121,0.02546,0.520725,0.025459,386.0,El Salvador,SLV,SLV,20201223
0.369364,0.025556,0.351429,0.025835,350.0,Finland,FIN,FIN,20201223
0.181748,0.006512,0.177462,0.006573,3443.0,France,FRA,FRA,20201223
0.284524,0.006598,0.2668,0.006731,4494.0,Germany,DEU,DEU,20201223
0.494769,0.040548,0.509804,0.040553,153.0,Ghana,GHA,GHA,20201223
0.302137,0.01755,0.268025,0.018194,638.0,Greece,GRC,GRC,20201223
0.614784,0.025808,0.590659,0.025542,364.0,Guatemala,GTM,GTM,20201223
0.519428,0.032961,0.510823,0.032944,231.0,Honduras,HND,HND,20201223
0.416093,0.030901,0.403162,0.03105,253.0,Hong Kong,HKG,HKG,20201223
0.23095,0.011606,0.246009,0.011357,1378.0,Hungary,HUN,HUN,20201223
0.520166,0.007978,0.515924,0.007975,3925.0,India,IND,IND,20201223
0.281841,0.010373,0.301685,0.010167,1959.0,Indonesia,IDN,IDN,20201223
0.327478,0.020972,0.348162,0.020659,517.0,Iraq,IRQ,IRQ,20201223
0.381205,0.020256,0.37303,0.020343,571.0,Ireland,IRL,IRL,20201223
0.395989,0.017205,0.404908,0.017142,815.0,Israel,ISR,ISR,20201223
0.268346,0.00704,0.262848,0.007086,3911.0,Italy,ITA,ITA,20201223
0.506772,0.005876,0.493164,0.005876,7241.0,Japan,JPN,JPN,20201223
0.24892,0.022021,0.213256,0.023245,347.0,Jordan,JOR,JOR,20201223
0.195715,0.034635,0.1875,0.035206,128.0,Kazakhstan,KAZ,KAZ,20201223
0.568168,0.025121,0.591146,0.02531,384.0,Kenya,KEN,KEN,20201223
0.210704,0.032343,0.229412,0.03137,170.0,Lebanon,LBN,LBN,20201223
0.325662,0.033844,0.329897,0.033732,194.0,Libya,LBY,LBY,20201223
0.413588,0.018266,0.397775,0.018379,719.0,Malaysia,MYS,MYS,20201223
0.570553,0.005272,0.566063,0.005265,8840.0,Mexico,MEX,MEX,20201223
0.266574,0.039147,0.245902,0.040197,122.0,Moldova,MDA,MDA,20201223
0.340415,0.0293,0.300813,0.030273,246.0,Morocco,MAR,MAR,20201223
0.58906,0.028181,0.588235,0.028172,306.0,Myanmar,MMR,MMR,20201223
0.563175,0.030796,0.549618,0.030701,262.0,Nepal,NPL,NPL,20201223
0.208692,0.009887,0.203614,0.009977,1660.0,Netherlands,NLD,NLD,20201223
0.297809,0.020318,0.28252,0.020637,492.0,New Zealand,NZL,NZL,20201223
0.630685,0.034697,0.637306,0.03483,193.0,Nicaragua,NIC,NIC,20201223
0.523176,0.021657,0.498127,0.021634,534.0,Nigeria,NGA,NGA,20201223
0.304591,0.01456,0.302909,0.014583,997.0,Norway,NOR,NOR,20201223
0.550361,0.017553,0.559301,0.017588,801.0,Pakistan,PAK,PAK,20201223
0.268717,0.038072,0.270073,0.038012,137.0,Palestine,PSE,PSE,20201223
0.542758,0.032755,0.504274,0.032636,234.0,Panama,PAN,PAN,20201223
0.436062,0.034856,0.453659,0.03472,205.0,Paraguay,PRY,PRY,20201223
0.513432,0.017664,0.519351,0.017671,801.0,Peru,PER,PER,20201223
0.411147,0.014343,0.440367,0.014216,1199.0,Philippines,PHL,PHL,20201223
0.310026,0.013268,0.309465,0.013274,1215.0,Poland,POL,POL,20201223
0.412536,0.014628,0.399287,0.014703,1122.0,Portugal,PRT,PRT,20201223
0.543492,0.02134,0.520947,0.021278,549.0,"Puerto Rico, U.S.",PRI,PRI,20201223
0.236705,0.013381,0.234297,0.013428,1003.0,Romania,ROU,ROU,20201223
0.250108,0.012277,0.232264,0.012591,1184.0,Russia,RUS,RUS,20201223
0.408783,0.024582,0.375321,0.024958,389.0,Saudi Arabia,SAU,SAU,20201223
0.310989,0.022975,0.306931,0.023059,404.0,Serbia,SRB,SRB,20201223
0.3836,0.035454,0.358696,0.035946,184.0,Singapore,SGP,SGP,20201223
0.346246,0.020732,0.345351,0.020745,527.0,Slovakia,SVK,SVK,20201223
0.258326,0.031156,0.257576,0.031186,198.0,Slovenia,SVN,SVN,20201223
0.440815,0.013666,0.416283,0.013765,1302.0,South Africa,ZAF,ZAF,20201223
0.603816,0.018252,0.576294,0.018065,734.0,South Korea,KOR,KOR,20201223
0.287722,0.009105,0.279424,0.009185,2430.0,Spain,ESP,ESP,20201223
0.392914,0.041396,0.408451,0.041131,142.0,Sri Lanka,LKA,LKA,20201223
0.391103,0.035014,0.389744,0.035036,195.0,Sudan,SDN,SDN,20201223
0.390497,0.009185,0.403853,0.009132,2855.0,Sweden,SWE,SWE,20201223
0.246642,0.016425,0.25,0.016351,696.0,Switzerland,CHE,CHE,20201223
0.336616,0.011235,0.340079,0.011207,1779.0,Taiwan,TWN,TWN,20201223
0.545766,0.008216,0.563237,0.008248,3645.0,Thailand,THA,THA,20201223
0.295027,0.026943,0.282143,0.027303,280.0,Tunisia,TUN,TUN,20201223
0.243325,0.009828,0.247668,0.00977,1930.0,Turkey,TUR,TUR,20201223
0.28567,0.011481,0.28746,0.011459,1555.0,Ukraine,UKR,UKR,20201223
0.376398,0.029972,0.399254,0.02965,268.0,United Arab Emirates,ARE,ARE,20201223
0.359696,0.009105,0.34854,0.00917,2740.0,United Kingdom,GBR,GBR,20201223
0.416909,0.01831,0.368345,0.018716,695.0,Uruguay,URY,URY,20201223
0.545515,0.019936,0.519873,0.019869,629.0,Venezuela,VEN,VEN,20201223
0.548924,0.013943,0.519066,0.013887,1285.0,Vietnam,VNM,VNM,20201223
0.277433,0.045416,0.300971,0.044332,103.0,Yemen,YEM,YEM,20201223
0.188153,0.022016,0.216524,0.020891,351.0,Algeria,DZA,DZA,20201224
0.393851,0.011418,0.381557,0.011485,1811.0,Argentina,ARG,ARG,20201224
0.317064,0.01357,0.318644,0.013552,1180.0,Australia,AUS,AUS,20201224
0.260573,0.019168,0.257198,0.019249,521.0,Austria,AUT,AUT,20201224
0.623666,0.021101,0.6,0.020867,540.0,Bangladesh,BGD,BGD,20201224
0.289817,0.029701,0.240385,0.031533,208.0,Belarus,BLR,BLR,20201224
0.208304,0.017064,0.214162,0.016891,579.0,Belgium,BEL,BEL,20201224
0.574923,0.023018,0.579176,0.023049,461.0,Bolivia,BOL,BOL,20201224
0.317533,0.041119,0.286885,0.04232,122.0,Bosnia and Herzegovina,BIH,BIH,20201224
0.46041,0.005208,0.429678,0.005243,9037.0,Brazil,BRA,BRA,20201224
0.284341,0.025011,0.294294,0.024757,333.0,Bulgaria,BGR,BGR,20201224
0.321119,0.009806,0.303953,0.009954,2201.0,Canada,CAN,CAN,20201224
0.480196,0.016002,0.466598,0.016025,973.0,Chile,CHL,CHL,20201224
0.5089,0.011296,0.53641,0.011324,1950.0,Colombia,COL,COL,20201224
0.574483,0.022939,0.572961,0.022928,466.0,Costa Rica,CRI,CRI,20201224
0.261798,0.024406,0.244373,0.024968,311.0,Croatia,HRV,HRV,20201224
0.340299,0.017918,0.327511,0.01809,687.0,Czech Republic,CZE,CZE,20201224
0.322724,0.015115,0.296499,0.015473,914.0,Denmark,DNK,DNK,20201224
0.482329,0.030828,0.507576,0.030812,264.0,Dominican Republic,DOM,DOM,20201224
0.47084,0.019047,0.472384,0.019044,688.0,Ecuador,ECU,ECU,20201224
0.350001,0.012286,0.361438,0.012198,1530.0,Egypt,EGY,EGY,20201224
0.502838,0.027072,0.491228,0.027076,342.0,El Salvador,SLV,SLV,20201224
0.346861,0.02754,0.333333,0.027807,294.0,Finland,FIN,FIN,20201224
0.168228,0.006968,0.162384,0.007068,2802.0,France,FRA,FRA,20201224
0.290889,0.007423,0.277151,0.007532,3637.0,Germany,DEU,DEU,20201224
0.367125,0.041976,0.417266,0.041032,139.0,Ghana,GHA,GHA,20201224
0.281465,0.019118,0.269017,0.019389,539.0,Greece,GRC,GRC,20201224
0.553344,0.028238,0.566343,0.028328,309.0,Guatemala,GTM,GTM,20201224
0.576641,0.034037,0.600962,0.034342,208.0,Honduras,HND,HND,20201224
0.422252,0.030735,0.426923,0.030691,260.0,Hong Kong,HKG,HKG,20201224
0.24086,0.012809,0.25368,0.012588,1155.0,Hungary,HUN,HUN,20201224
0.507113,0.008203,0.504575,0.008203,3716.0,India,IND,IND,20201224
0.285239,0.010383,0.298146,0.010249,1942.0,Indonesia,IDN,IDN,20201224
0.348793,0.022176,0.397541,0.021596,488.0,Iraq,IRQ,IRQ,20201224
0.362186,0.021765,0.359343,0.021802,487.0,Ireland,IRL,IRL,20201224
0.407676,0.018037,0.433862,0.017884,756.0,Israel,ISR,ISR,20201224
0.302769,0.007211,0.275215,0.007418,3837.0,Italy,ITA,ITA,20201224
0.482356,0.005943,0.497034,0.005939,7080.0,Japan,JPN,JPN,20201224
0.202715,0.023246,0.225309,0.022369,324.0,Jordan,JOR,JOR,20201224
0.269662,0.039729,0.284615,0.039073,130.0,Kazakhstan,KAZ,KAZ,20201224
0.592407,0.025892,0.623932,0.026266,351.0,Kenya,KEN,KEN,20201224
0.285907,0.041888,0.261261,0.043082,111.0,Lebanon,LBN,LBN,20201224
0.420437,0.03412,0.433962,0.033983,212.0,Libya,LBY,LBY,20201224
0.423889,0.019711,0.449843,0.01958,638.0,Malaysia,MYS,MYS,20201224
0.604904,0.005758,0.597519,0.00574,7255.0,Mexico,MEX,MEX,20201224
0.316159,0.039615,0.239316,0.043172,117.0,Moldova,MDA,MDA,20201224
0.329407,0.02918,0.309524,0.029666,252.0,Morocco,MAR,MAR,20201224
0.551153,0.028714,0.551495,0.028716,301.0,Myanmar,MMR,MMR,20201224
0.602251,0.030079,0.575646,0.029786,271.0,Nepal,NPL,NPL,20201224
0.228221,0.01064,0.21742,0.010825,1504.0,Netherlands,NLD,NLD,20201224
0.351958,0.024375,0.329759,0.024761,373.0,New Zealand,NZL,NZL,20201224
0.609533,0.03744,0.608187,0.037417,171.0,Nicaragua,NIC,NIC,20201224
0.522127,0.021974,0.519305,0.021968,518.0,Nigeria,NGA,NGA,20201224
0.313835,0.016332,0.310087,0.016386,803.0,Norway,NOR,NOR,20201224
0.538784,0.018963,0.539017,0.018964,692.0,Pakistan,PAK,PAK,20201224
0.259821,0.034443,0.254658,0.034669,161.0,Palestine,PSE,PSE,20201224
0.514588,0.034186,0.53271,0.034245,214.0,Panama,PAN,PAN,20201224
0.536235,0.038459,0.494118,0.03836,170.0,Paraguay,PRY,PRY,20201224
0.523923,0.018701,0.517483,0.018691,715.0,Peru,PER,PER,20201224
0.437249,0.015805,0.468938,0.01571,998.0,Philippines,PHL,PHL,20201224
0.314509,0.014608,0.308691,0.014683,1001.0,Poland,POL,POL,20201224
0.419423,0.016994,0.395657,0.017149,829.0,Portugal,PRT,PRT,20201224
0.498894,0.02327,0.544662,0.023363,459.0,"Puerto Rico, U.S.",PRI,PRI,20201224
0.223629,0.01373,0.22605,0.013678,929.0,Romania,ROU,ROU,20201224
0.255905,0.012545,0.244898,0.01273,1176.0,Russia,RUS,RUS,20201224
0.39074,0.027194,0.427711,0.026818,332.0,Saudi Arabia,SAU,SAU,20201224
0.332545,0.024929,0.326761,0.02504,355.0,Serbia,SRB,SRB,20201224
0.279602,0.036315,0.331361,0.034626,169.0,Singapore,SGP,SGP,20201224
0.353226,0.022154,0.349138,0.022213,464.0,Slovakia,SVK,SVK,20201224
0.284754,0.036058,0.304878,0.035348,164.0,Slovenia,SVN,SVN,20201224
0.395269,0.015868,0.376206,0.016015,933.0,South Africa,ZAF,ZAF,20201224
0.556783,0.018917,0.561684,0.018939,689.0,South Korea,KOR,KOR,20201224
0.31903,0.010088,0.308206,0.010183,2096.0,Spain,ESP,ESP,20201224
0.408948,0.043525,0.393701,0.043799,127.0,Sri Lanka,LKA,LKA,20201224
0.389738,0.03396,0.383495,0.034062,206.0,Sudan,SDN,SDN,20201224
0.390576,0.010047,0.413894,0.009953,2404.0,Sweden,SWE,SWE,20201224
0.250125,0.018103,0.253886,0.018014,579.0,Switzerland,CHE,CHE,20201224
0.294837,0.011673,0.333333,0.01129,1632.0,Taiwan,TWN,TWN,20201224
0.520507,0.0089,0.548274,0.008934,3128.0,Thailand,THA,THA,20201224
0.257114,0.025984,0.246377,0.026355,276.0,Tunisia,TUN,TUN,20201224
0.234445,0.009626,0.246384,0.009464,2005.0,Turkey,TUR,TUR,20201224
0.279777,0.011567,0.274983,0.011629,1491.0,Ukraine,UKR,UKR,20201224
0.4072,0.02963,0.422939,0.029467,279.0,United Arab Emirates,ARE,ARE,20201224
0.361333,0.009479,0.345512,0.009575,2518.0,United Kingdom,GBR,GBR,20201224
0.378208,0.020801,0.354717,0.021084,530.0,Uruguay,URY,URY,20201224
0.519701,0.022011,0.502901,0.021994,517.0,Venezuela,VEN,VEN,20201224
0.542897,0.01416,0.519262,0.014118,1246.0,Vietnam,VNM,VNM,20201224
0.563286,0.048973,0.52381,0.048635,105.0,Afghanistan,AFG,AFG,20201225
0.194307,0.022707,0.203175,0.022329,315.0,Algeria,DZA,DZA,20201225
0.390345,0.010875,0.369036,0.010994,1970.0,Argentina,ARG,ARG,20201225
0.304963,0.012724,0.292416,0.012878,1279.0,Australia,AUS,AUS,20201225
0.243688,0.01683,0.241113,0.016891,647.0,Austria,AUT,AUT,20201225
0.651998,0.023213,0.648585,0.02316,424.0,Bangladesh,BGD,BGD,20201225
0.241124,0.0259,0.214286,0.027,252.0,Belarus,BLR,BLR,20201225
0.238989,0.017467,0.244224,0.017338,606.0,Belgium,BEL,BEL,20201225
0.514741,0.023102,0.527778,0.023127,468.0,Bolivia,BOL,BOL,20201225
0.268953,0.042693,0.261682,0.043068,107.0,Bosnia and Herzegovina,BIH,BIH,20201225
0.457903,0.004847,0.431923,0.004875,10444.0,Brazil,BRA,BRA,20201225
0.266767,0.025955,0.248201,0.026573,278.0,Bulgaria,BGR,BGR,20201225
0.318675,0.009995,0.301233,0.010151,2108.0,Canada,CAN,CAN,20201225
0.49041,0.015523,0.488439,0.015524,1038.0,Chile,CHL,CHL,20201225
0.534146,0.011016,0.527494,0.011007,2055.0,Colombia,COL,COL,20201225
0.56491,0.023657,0.587558,0.023825,434.0,Costa Rica,CRI,CRI,20201225
0.239746,0.024673,0.247557,0.024406,307.0,Croatia,HRV,HRV,20201225
0.316403,0.017003,0.327654,0.016848,763.0,Czech Republic,CZE,CZE,20201225
0.288572,0.01265,0.262593,0.013026,1211.0,Denmark,DNK,DNK,20201225
0.464157,0.02809,0.462025,0.028099,316.0,Dominican Republic,DOM,DOM,20201225
0.427236,0.018871,0.462089,0.018724,699.0,Ecuador,ECU,ECU,20201225
0.330529,0.011452,0.345886,0.011326,1726.0,Egypt,EGY,EGY,20201225
0.474694,0.026096,0.508152,0.026066,368.0,El Salvador,SLV,SLV,20201225
0.353623,0.024183,0.333333,0.024526,381.0,Finland,FIN,FIN,20201225
0.186258,0.006932,0.171622,0.007157,2960.0,France,FRA,FRA,20201225
0.287394,0.006779,0.2701,0.006909,4291.0,Germany,DEU,DEU,20201225
0.414754,0.042497,0.449275,0.042092,138.0,Ghana,GHA,GHA,20201225
0.329356,0.018981,0.307432,0.019332,592.0,Greece,GRC,GRC,20201225
0.551042,0.027638,0.621359,0.028341,309.0,Guatemala,GTM,GTM,20201225
0.570573,0.030144,0.568266,0.030124,271.0,Honduras,HND,HND,20201225
0.395693,0.031544,0.394191,0.031565,241.0,Hong Kong,HKG,HKG,20201225
0.252844,0.011835,0.261594,0.011704,1380.0,Hungary,HUN,HUN,20201225
0.513671,0.008387,0.513088,0.008386,3553.0,India,IND,IND,20201225
0.292268,0.010222,0.303704,0.010109,2025.0,Indonesia,IDN,IDN,20201225
0.290574,0.021921,0.371663,0.020595,487.0,Iraq,IRQ,IRQ,20201225
0.399487,0.0243,0.38,0.02452,400.0,Ireland,IRL,IRL,20201225
0.399021,0.018079,0.41745,0.017953,745.0,Israel,ISR,ISR,20201225
0.285113,0.007456,0.275939,0.007531,3595.0,Italy,ITA,ITA,20201225
0.503968,0.005786,0.502477,0.005786,7469.0,Japan,JPN,JPN,20201225
0.214904,0.022194,0.249344,0.021071,381.0,Jordan,JOR,JOR,20201225
0.558465,0.025491,0.610354,0.025956,367.0,Kenya,KEN,KEN,20201225
0.243157,0.032959,0.238095,0.033196,168.0,Lebanon,LBN,LBN,20201225
0.422332,0.032152,0.445833,0.03195,240.0,Libya,LBY,LBY,20201225
0.418589,0.01905,0.428994,0.018988,676.0,Malaysia,MYS,MYS,20201225
0.591154,0.005681,0.588063,0.005675,7506.0,Mexico,MEX,MEX,20201225
0.365301,0.047838,0.390476,0.047216,105.0,Moldova,MDA,MDA,20201225
0.292677,0.031928,0.333333,0.030816,219.0,Morocco,MAR,MAR,20201225
0.569124,0.028848,0.583618,0.028979,293.0,Myanmar,MMR,MMR,20201225
0.569083,0.033187,0.53304,0.032941,227.0,Nepal,NPL,NPL,20201225
0.201119,0.010393,0.199052,0.010433,1477.0,Netherlands,NLD,NLD,20201225
0.349767,0.022205,0.325112,0.022607,446.0,New Zealand,NZL,NZL,20201225
0.599812,0.03547,0.610526,0.035638,190.0,Nicaragua,NIC,NIC,20201225
0.502181,0.02236,0.49501,0.02236,501.0,Nigeria,NGA,NGA,20201225
0.309372,0.015028,0.314136,0.014965,955.0,Norway,NOR,NOR,20201225
0.522717,0.018938,0.519369,0.018933,697.0,Pakistan,PAK,PAK,20201225
0.24255,0.034411,0.246835,0.034208,158.0,Palestine,PSE,PSE,20201225
0.495173,0.033391,0.484444,0.033406,225.0,Panama,PAN,PAN,20201225
0.49654,0.035703,0.48731,0.035713,197.0,Paraguay,PRY,PRY,20201225
0.566659,0.018682,0.538569,0.018571,713.0,Peru,PER,PER,20201225
0.447183,0.013548,0.45938,0.013517,1354.0,Philippines,PHL,PHL,20201225
0.340639,0.013976,0.327724,0.014111,1129.0,Poland,POL,POL,20201225
0.409998,0.014641,0.410619,0.014638,1130.0,Portugal,PRT,PRT,20201225
0.47331,0.022748,0.533195,0.022766,482.0,"Puerto Rico, U.S.",PRI,PRI,20201225
0.259187,0.014485,0.26087,0.014454,920.0,Romania,ROU,ROU,20201225
0.254299,0.0122,0.242718,0.012391,1236.0,Russia,RUS,RUS,20201225
0.378746,0.024958,0.387435,0.024851,382.0,Saudi Arabia,SAU,SAU,20201225
0.347188,0.024984,0.333333,0.025232,357.0,Serbia,SRB,SRB,20201225
0.403477,0.034188,0.398058,0.034265,206.0,Singapore,SGP,SGP,20201225
0.368254,0.020978,0.36553,0.021011,528.0,Slovakia,SVK,SVK,20201225
0.234122,0.034715,0.26087,0.033477,161.0,Slovenia,SVN,SVN,20201225
0.390108,0.016657,0.383353,0.016711,853.0,South Africa,ZAF,ZAF,20201225
0.566699,0.017847,0.577575,0.017904,767.0,South Korea,KOR,KOR,20201225
0.30101,0.008994,0.298726,0.009013,2591.0,Spain,ESP,ESP,20201225
0.358657,0.043486,0.410853,0.042392,129.0,Sri Lanka,LKA,LKA,20201225
0.448084,0.032606,0.391111,0.033227,225.0,Sudan,SDN,SDN,20201225
0.378951,0.009076,0.3949,0.009007,2902.0,Sweden,SWE,SWE,20201225
0.288065,0.0177,0.274725,0.017957,637.0,Switzerland,CHE,CHE,20201225
0.309192,0.011365,0.324101,0.011222,1697.0,Taiwan,TWN,TWN,20201225
0.507211,0.009111,0.532333,0.009129,3000.0,Thailand,THA,THA,20201225
0.376839,0.028568,0.345324,0.029116,278.0,Tunisia,TUN,TUN,20201225
0.249558,0.010071,0.269686,0.00982,1943.0,Turkey,TUR,TUR,20201225
0.289256,0.011894,0.270251,0.012144,1395.0,Ukraine,UKR,UKR,20201225
0.442077,0.030283,0.47619,0.030113,273.0,United Arab Emirates,ARE,ARE,20201225
0.36313,0.01093,0.351493,0.011009,1909.0,United Kingdom,GBR,GBR,20201225
0.373709,0.019841,0.332743,0.020371,565.0,Uruguay,URY,URY,20201225
0.538361,0.020197,0.51876,0.020152,613.0,Venezuela,VEN,VEN,20201225
0.486457,0.013713,0.490226,0.01371,1330.0,Vietnam,VNM,VNM,20201225
0.212204,0.043546,0.262136,0.040484,103.0,Yemen,YEM,YEM,20201225
0.533565,0.04458,0.539683,0.04462,126.0,Afghanistan,AFG,AFG,20201226
0.227356,0.02327,0.238095,0.022899,336.0,Algeria,DZA,DZA,20201226
0.409796,0.009787,0.40461,0.009807,2516.0,Argentina,ARG,ARG,20201226
0.315565,0.011463,0.303294,0.01159,1609.0,Australia,AUS,AUS,20201226
0.27405,0.016854,0.253373,0.017283,667.0,Austria,AUT,AUT,20201226
0.610638,0.022725,0.594017,0.022564,468.0,Bangladesh,BGD,BGD,20201226
0.264385,0.027969,0.252066,0.028408,242.0,Belarus,BLR,BLR,20201226
0.206741,0.014665,0.209845,0.014585,772.0,Belgium,BEL,BEL,20201226
0.523182,0.020194,0.535188,0.020223,611.0,Bolivia,BOL,BOL,20201226
0.368392,0.046747,0.364486,0.046852,107.0,Bosnia and Herzegovina,BIH,BIH,20201226
0.469145,0.00442,0.442949,0.004441,12629.0,Brazil,BRA,BRA,20201226
0.243385,0.021577,0.253071,0.021297,407.0,Bulgaria,BGR,BGR,20201226
0.306828,0.009177,0.299639,0.009238,2493.0,Canada,CAN,CAN,20201226
0.490236,0.013681,0.488024,0.013682,1336.0,Chile,CHL,CHL,20201226
0.549486,0.009739,0.539695,0.009722,2620.0,Colombia,COL,COL,20201226
0.544525,0.021739,0.548571,0.021756,525.0,Costa Rica,CRI,CRI,20201226
0.249495,0.021678,0.25,0.021663,400.0,Croatia,HRV,HRV,20201226
0.332395,0.016274,0.329341,0.016312,835.0,Czech Republic,CZE,CZE,20201226
0.286462,0.011985,0.265636,0.012269,1359.0,Denmark,DNK,DNK,20201226
0.450091,0.025984,0.460705,0.025934,369.0,Dominican Republic,DOM,DOM,20201226
0.521692,0.017068,0.493597,0.017054,859.0,Ecuador,ECU,ECU,20201226
0.311999,0.011669,0.370111,0.011197,1713.0,Egypt,EGY,EGY,20201226
0.568883,0.023798,0.569124,0.023799,434.0,El Salvador,SLV,SLV,20201226
0.410671,0.023973,0.362283,0.024537,403.0,Finland,FIN,FIN,20201226
0.186815,0.006254,0.179501,0.006352,3766.0,France,FRA,FRA,20201226
0.299751,0.006705,0.29211,0.006755,4601.0,Germany,DEU,DEU,20201226
0.343711,0.041612,0.379562,0.040726,137.0,Ghana,GHA,GHA,20201226
0.291416,0.016933,0.271014,0.017312,690.0,Greece,GRC,GRC,20201226
0.572704,0.026442,0.556497,0.026329,354.0,Guatemala,GTM,GTM,20201226
0.580586,0.029707,0.533569,0.029385,283.0,Honduras,HND,HND,20201226
0.446953,0.029232,0.425087,0.029399,287.0,Hong Kong,HKG,HKG,20201226
0.269079,0.011587,0.27681,0.011485,1492.0,Hungary,HUN,HUN,20201226
0.521777,0.00847,0.516083,0.008467,3482.0,India,IND,IND,20201226
0.269296,0.010069,0.287129,0.009872,2020.0,Indonesia,IDN,IDN,20201226
0.38203,0.022136,0.364979,0.022341,474.0,Iraq,IRQ,IRQ,20201226
0.402283,0.019982,0.39399,0.020052,599.0,Ireland,IRL,IRL,20201226
0.397124,0.016425,0.437021,0.016202,913.0,Israel,ISR,ISR,20201226
0.269613,0.006456,0.264668,0.006494,4670.0,Italy,ITA,ITA,20201226
0.494591,0.005531,0.499144,0.00553,8174.0,Japan,JPN,JPN,20201226
0.234388,0.021773,0.223433,0.022143,367.0,Jordan,JOR,JOR,20201226
0.168075,0.033141,0.174242,0.032671,132.0,Kazakhstan,KAZ,KAZ,20201226
0.564983,0.024797,0.591371,0.025008,394.0,Kenya,KEN,KEN,20201226
0.198103,0.031752,0.214286,0.030842,168.0,Lebanon,LBN,LBN,20201226
0.457984,0.033991,0.479263,0.0339,217.0,Libya,LBY,LBY,20201226
0.391022,0.018224,0.400552,0.018148,724.0,Malaysia,MYS,MYS,20201226
0.600925,0.005182,0.597098,0.005174,8960.0,Mexico,MEX,MEX,20201226
0.189106,0.03771,0.196429,0.037168,112.0,Moldova,MDA,MDA,20201226
0.315954,0.03223,0.315789,0.032235,209.0,Morocco,MAR,MAR,20201226
0.592248,0.030112,0.583643,0.030018,269.0,Myanmar,MMR,MMR,20201226
0.513288,0.030354,0.464945,0.030418,271.0,Nepal,NPL,NPL,20201226
0.21459,0.009735,0.194931,0.010088,1657.0,Netherlands,NLD,NLD,20201226
0.3313,0.020976,0.320565,0.021156,496.0,New Zealand,NZL,NZL,20201226
0.575104,0.034876,0.574257,0.034867,202.0,Nicaragua,NIC,NIC,20201226
0.527668,0.021873,0.483748,0.021851,523.0,Nigeria,NGA,NGA,20201226
0.292214,0.013378,0.29983,0.013279,1174.0,Norway,NOR,NOR,20201226
0.511424,0.019442,0.53566,0.019487,659.0,Pakistan,PAK,PAK,20201226
0.326269,0.035852,0.29878,0.036723,164.0,Palestine,PSE,PSE,20201226
0.533951,0.028241,0.519108,0.028196,314.0,Panama,PAN,PAN,20201226
0.453241,0.030609,0.47191,0.030523,267.0,Paraguay,PRY,PRY,20201226
0.537599,0.016724,0.546787,0.01675,887.0,Peru,PER,PER,20201226
0.416442,0.012902,0.453691,0.012775,1490.0,Philippines,PHL,PHL,20201226
0.328322,0.013039,0.332312,0.012999,1306.0,Poland,POL,POL,20201226
0.361387,0.013334,0.360062,0.013345,1297.0,Portugal,PRT,PRT,20201226
0.534389,0.021712,0.533081,0.021708,529.0,"Puerto Rico, U.S.",PRI,PRI,20201226
0.24612,0.013065,0.246789,0.013053,1090.0,Romania,ROU,ROU,20201226
0.239807,0.012475,0.238218,0.012504,1167.0,Russia,RUS,RUS,20201226
0.421438,0.024979,0.435443,0.024877,395.0,Saudi Arabia,SAU,SAU,20201226
0.281516,0.0238,0.280112,0.023836,357.0,Serbia,SRB,SRB,20201226
0.416736,0.033619,0.431193,0.033468,218.0,Singapore,SGP,SGP,20201226
0.354689,0.020156,0.344704,0.020289,557.0,Slovakia,SVK,SVK,20201226
0.317901,0.034228,0.320856,0.034144,187.0,Slovenia,SVN,SVN,20201226
0.386904,0.01425,0.390452,0.014227,1173.0,South Africa,ZAF,ZAF,20201226
0.617202,0.017002,0.579384,0.016741,844.0,South Korea,KOR,KOR,20201226
0.306172,0.008768,0.30772,0.008756,2772.0,Spain,ESP,ESP,20201226
0.418055,0.040861,0.432432,0.040682,148.0,Sri Lanka,LKA,LKA,20201226
0.398777,0.033323,0.410959,0.033163,219.0,Sudan,SDN,SDN,20201226
0.39896,0.008869,0.418229,0.008805,3094.0,Sweden,SWE,SWE,20201226
0.250293,0.016041,0.249657,0.016055,729.0,Switzerland,CHE,CHE,20201226
0.311222,0.011109,0.330546,0.010934,1794.0,Taiwan,TWN,TWN,20201226
0.515811,0.009278,0.533887,0.009295,2892.0,Thailand,THA,THA,20201226
0.391577,0.02694,0.297578,0.028762,289.0,Tunisia,TUN,TUN,20201226
0.279903,0.009476,0.287467,0.0094,2282.0,Turkey,TUR,TUR,20201226
0.308672,0.011872,0.284429,0.012156,1445.0,Ukraine,UKR,UKR,20201226
0.453028,0.030826,0.467681,0.030753,263.0,United Arab Emirates,ARE,ARE,20201226
0.356228,0.009092,0.345155,0.009159,2735.0,United Kingdom,GBR,GBR,20201226
0.388832,0.017804,0.35901,0.018092,727.0,Uruguay,URY,URY,20201226
0.504633,0.019396,0.524096,0.019418,664.0,Venezuela,VEN,VEN,20201226
0.504405,0.013334,0.506041,0.013334,1407.0,Vietnam,VNM,VNM,20201226
0.562064,0.04988,0.465347,0.049613,101.0,Afghanistan,AFG,AFG,20201227
0.261547,0.022926,0.225225,0.024119,333.0,Algeria,DZA,DZA,20201227
0.394125,0.00947,0.379284,0.009538,2626.0,Argentina,ARG,ARG,20201227
0.325057,0.011023,0.311438,0.011149,1766.0,Australia,AUS,AUS,20201227
0.264142,0.015565,0.26401,0.015568,803.0,Austria,AUT,AUT,20201227
0.600968,0.023282,0.625866,0.023561,433.0,Bangladesh,BGD,BGD,20201227
0.261873,0.026094,0.229885,0.027266,261.0,Belarus,BLR,BLR,20201227
0.187728,0.014004,0.205988,0.013522,835.0,Belgium,BEL,BEL,20201227
0.51252,0.020346,0.534884,0.020389,602.0,Bolivia,BOL,BOL,20201227
0.373972,0.042679,0.333333,0.043806,123.0,Bosnia and Herzegovina,BIH,BIH,20201227
0.453373,0.004286,0.438908,0.0043,13406.0,Brazil,BRA,BRA,20201227
0.338597,0.023385,0.304124,0.024056,388.0,Bulgaria,BGR,BGR,20201227
0.320868,0.008635,0.294075,0.008847,2785.0,Canada,CAN,CAN,20201227
0.50191,0.012953,0.498323,0.012953,1491.0,Chile,CHL,CHL,20201227
0.527388,0.009719,0.523089,0.009715,2642.0,Colombia,COL,COL,20201227
0.587326,0.020348,0.569983,0.020234,593.0,Costa Rica,CRI,CRI,20201227
0.265675,0.020919,0.282328,0.020527,464.0,Croatia,HRV,HRV,20201227
0.365435,0.016211,0.343423,0.01644,859.0,Czech Republic,CZE,CZE,20201227
0.261018,0.011642,0.264951,0.011586,1438.0,Denmark,DNK,DNK,20201227
0.469213,0.025415,0.494845,0.025368,388.0,Dominican Republic,DOM,DOM,20201227
0.475199,0.016535,0.474261,0.016536,913.0,Ecuador,ECU,ECU,20201227
0.374951,0.011983,0.363918,0.012058,1613.0,Egypt,EGY,EGY,20201227
0.594753,0.023645,0.578947,0.023512,437.0,El Salvador,SLV,SLV,20201227
0.373091,0.023097,0.347418,0.023459,426.0,Finland,FIN,FIN,20201227
0.19616,0.005913,0.184229,0.006057,4299.0,France,FRA,FRA,20201227
0.290336,0.006414,0.27408,0.006527,4838.0,Germany,DEU,DEU,20201227
0.330933,0.04114,0.378571,0.039911,140.0,Ghana,GHA,GHA,20201227
0.314566,0.017241,0.308762,0.017329,719.0,Greece,GRC,GRC,20201227
0.525233,0.02453,0.538647,0.024572,414.0,Guatemala,GTM,GTM,20201227
0.528446,0.028008,0.553797,0.028126,316.0,Honduras,HND,HND,20201227
0.397568,0.028698,0.379791,0.028939,287.0,Hong Kong,HKG,HKG,20201227
0.240614,0.011052,0.25,0.01091,1536.0,Hungary,HUN,HUN,20201227
0.511421,0.008383,0.507307,0.008381,3558.0,India,IND,IND,20201227
0.276424,0.010026,0.294487,0.009837,2068.0,Indonesia,IDN,IDN,20201227
0.33619,0.022112,0.351178,0.021884,467.0,Iraq,IRQ,IRQ,20201227
0.396733,0.018623,0.393324,0.018651,689.0,Ireland,IRL,IRL,20201227
0.437174,0.016911,0.457998,0.016837,869.0,Israel,ISR,ISR,20201227
0.290008,0.006195,0.277597,0.006277,5227.0,Italy,ITA,ITA,20201227
0.499221,0.005643,0.500318,0.005643,7853.0,Japan,JPN,JPN,20201227
0.275847,0.024053,0.282051,0.02389,351.0,Jordan,JOR,JOR,20201227
0.15261,0.031071,0.158273,0.030612,139.0,Kazakhstan,KAZ,KAZ,20201227
0.573758,0.022757,0.606061,0.023033,462.0,Kenya,KEN,KEN,20201227
0.237788,0.035157,0.253247,0.034418,154.0,Lebanon,LBN,LBN,20201227
0.380577,0.035553,0.414508,0.03504,193.0,Libya,LBY,LBY,20201227
0.438897,0.018197,0.422764,0.01828,738.0,Malaysia,MYS,MYS,20201227
0.606248,0.00507,0.596583,0.005049,9365.0,Mexico,MEX,MEX,20201227
0.348635,0.04447,0.299065,0.046285,107.0,Moldova,MDA,MDA,20201227
0.397585,0.031043,0.382114,0.031267,246.0,Morocco,MAR,MAR,20201227
0.579362,0.031034,0.566406,0.030914,256.0,Myanmar,MMR,MMR,20201227
0.588978,0.029826,0.551971,0.029509,279.0,Nepal,NPL,NPL,20201227
0.23122,0.00956,0.215559,0.009802,1851.0,Netherlands,NLD,NLD,20201227
0.319753,0.020732,0.309237,0.02092,498.0,New Zealand,NZL,NZL,20201227
0.56965,0.033279,0.586364,0.033457,220.0,Nicaragua,NIC,NIC,20201227
0.574086,0.021005,0.561717,0.020933,559.0,Nigeria,NGA,NGA,20201227
0.290972,0.012848,0.273256,0.013096,1204.0,Norway,NOR,NOR,20201227
0.497314,0.019272,0.520059,0.019288,673.0,Pakistan,PAK,PAK,20201227
0.167794,0.034331,0.198529,0.032162,136.0,Palestine,PSE,PSE,20201227
0.49981,0.02676,0.508571,0.026764,350.0,Panama,PAN,PAN,20201227
0.392571,0.031062,0.467181,0.030402,259.0,Paraguay,PRY,PRY,20201227
0.582721,0.016454,0.57064,0.016392,906.0,Peru,PER,PER,20201227
0.435076,0.012025,0.455128,0.011971,1716.0,Philippines,PHL,PHL,20201227
0.331252,0.011956,0.335256,0.01192,1560.0,Poland,POL,POL,20201227
0.442022,0.012398,0.434021,0.012423,1599.0,Portugal,PRT,PRT,20201227
0.561378,0.019558,0.563665,0.019569,644.0,"Puerto Rico, U.S.",PRI,PRI,20201227
0.212515,0.01231,0.235492,0.011869,1189.0,Romania,ROU,ROU,20201227
0.238961,0.012026,0.240506,0.012,1264.0,Russia,RUS,RUS,20201227
0.439452,0.026205,0.416901,0.026379,355.0,Saudi Arabia,SAU,SAU,20201227
0.342188,0.024018,0.316489,0.0245,376.0,Serbia,SRB,SRB,20201227
0.419683,0.033606,0.438356,0.033425,219.0,Singapore,SGP,SGP,20201227
0.41111,0.01958,0.403816,0.019634,629.0,Slovakia,SVK,SVK,20201227
0.203624,0.028241,0.221198,0.0274,217.0,Slovenia,SVN,SVN,20201227
0.438703,0.013831,0.409486,0.013958,1265.0,South Africa,ZAF,ZAF,20201227
0.596449,0.01765,0.571792,0.017499,787.0,South Korea,KOR,KOR,20201227
0.309453,0.008195,0.304375,0.008233,3154.0,Spain,ESP,ESP,20201227
0.411391,0.043459,0.473684,0.042831,133.0,Sri Lanka,LKA,LKA,20201227
0.415528,0.032768,0.427948,0.032637,229.0,Sudan,SDN,SDN,20201227
0.409963,0.008723,0.425638,0.008677,3214.0,Sweden,SWE,SWE,20201227
0.249278,0.015254,0.242731,0.015391,791.0,Switzerland,CHE,CHE,20201227
0.325022,0.010556,0.349339,0.01037,2041.0,Taiwan,TWN,TWN,20201227
0.504271,0.009313,0.52573,0.009325,2876.0,Thailand,THA,THA,20201227
0.235705,0.025443,0.240283,0.025275,283.0,Tunisia,TUN,TUN,20201227
0.261506,0.009451,0.264679,0.009414,2180.0,Turkey,TUR,TUR,20201227
0.28837,0.011672,0.27973,0.011779,1480.0,Ukraine,UKR,UKR,20201227
0.49407,0.028423,0.480645,0.028442,310.0,United Arab Emirates,ARE,ARE,20201227
0.367607,0.008557,0.366845,0.008561,3173.0,United Kingdom,GBR,GBR,20201227
0.304937,0.017048,0.322709,0.016788,753.0,Uruguay,URY,URY,20201227
0.572818,0.017669,0.56798,0.017644,787.0,Venezuela,VEN,VEN,20201227
0.518081,0.012753,0.504551,0.012745,1538.0,Vietnam,VNM,VNM,20201227
0.221553,0.023076,0.259669,0.021857,362.0,Algeria,DZA,DZA,20201228
0.391302,0.009064,0.378709,0.009119,2865.0,Argentina,ARG,ARG,20201228
0.307343,0.010505,0.295924,0.010619,1889.0,Australia,AUS,AUS,20201228
0.248228,0.01484,0.248528,0.014834,849.0,Austria,AUT,AUT,20201228
0.637749,0.022446,0.62931,0.022338,464.0,Bangladesh,BGD,BGD,20201228
0.225385,0.027373,0.210762,0.028043,223.0,Belarus,BLR,BLR,20201228
0.203823,0.013885,0.202622,0.013916,839.0,Belgium,BEL,BEL,20201228
0.556364,0.018145,0.541722,0.018093,755.0,Bolivia,BOL,BOL,20201228
0.284822,0.041424,0.330769,0.039737,130.0,Bosnia and Herzegovina,BIH,BIH,20201228
0.466972,0.004124,0.445401,0.00414,14524.0,Brazil,BRA,BRA,20201228
0.338175,0.021447,0.298246,0.022179,456.0,Bulgaria,BGR,BGR,20201228
0.304743,0.008336,0.29029,0.008453,2966.0,Canada,CAN,CAN,20201228
0.461648,0.013537,0.458702,0.013543,1356.0,Chile,CHL,CHL,20201228
0.521276,0.009285,0.522625,0.009286,2895.0,Colombia,COL,COL,20201228
0.536909,0.020931,0.544974,0.020959,567.0,Costa Rica,CRI,CRI,20201228
0.428071,0.047661,0.416667,0.047834,108.0,CÃ´te d'Ivoire,CIV,CIV,20201228
0.21668,0.019751,0.218679,0.019685,439.0,Croatia,HRV,HRV,20201228
0.320335,0.01494,0.323829,0.014898,982.0,Czech Republic,CZE,CZE,20201228
0.291468,0.011487,0.277924,0.011652,1522.0,Denmark,DNK,DNK,20201228
0.450299,0.024155,0.443396,0.02419,424.0,Dominican Republic,DOM,DOM,20201228
0.440142,0.015789,0.455823,0.015737,996.0,Ecuador,ECU,ECU,20201228
0.35582,0.011824,0.360993,0.011786,1651.0,Egypt,EGY,EGY,20201228
0.547856,0.024081,0.534884,0.024029,430.0,El Salvador,SLV,SLV,20201228
0.381307,0.021879,0.341826,0.022404,471.0,Finland,FIN,FIN,20201228
0.18927,0.005864,0.17873,0.005996,4269.0,France,FRA,FRA,20201228
0.302497,0.006254,0.281377,0.006388,5171.0,Germany,DEU,DEU,20201228
0.461874,0.039789,0.462025,0.039788,158.0,Ghana,GHA,GHA,20201228
0.314614,0.017256,0.294707,0.017576,699.0,Greece,GRC,GRC,20201228
0.519877,0.02597,0.567123,0.026186,365.0,Guatemala,GTM,GTM,20201228
0.583139,0.027983,0.585209,0.028003,311.0,Honduras,HND,HND,20201228
0.392904,0.027317,0.390625,0.027345,320.0,Hong Kong,HKG,HKG,20201228
0.259861,0.010554,0.26583,0.010478,1753.0,Hungary,HUN,HUN,20201228
0.533252,0.00841,0.514577,0.008395,3533.0,India,IND,IND,20201228
0.264505,0.009561,0.287054,0.009321,2240.0,Indonesia,IDN,IDN,20201228
0.308878,0.021979,0.36722,0.021067,482.0,Iraq,IRQ,IRQ,20201228
0.386128,0.01724,0.376738,0.017322,791.0,Ireland,IRL,IRL,20201228
0.45817,0.016236,0.459173,0.016234,943.0,Israel,ISR,ISR,20201228
0.289576,0.006271,0.28353,0.00631,5167.0,Italy,ITA,ITA,20201228
0.498997,0.00559,0.503999,0.00559,8002.0,Japan,JPN,JPN,20201228
0.236443,0.023756,0.267241,0.02281,348.0,Jordan,JOR,JOR,20201228
0.211714,0.035462,0.218978,0.035031,137.0,Kazakhstan,KAZ,KAZ,20201228
0.581391,0.023001,0.571121,0.022927,464.0,Kenya,KEN,KEN,20201228
0.185161,0.027357,0.202765,0.026429,217.0,Lebanon,LBN,LBN,20201228
0.361039,0.036032,0.394595,0.035408,185.0,Libya,LBY,LBY,20201228
0.415829,0.017071,0.414868,0.017077,834.0,Malaysia,MYS,MYS,20201228
0.588778,0.004943,0.587003,0.004939,9925.0,Mexico,MEX,MEX,20201228
0.326293,0.040759,0.278689,0.042623,122.0,Moldova,MDA,MDA,20201228
0.351019,0.030253,0.371094,0.029889,256.0,Morocco,MAR,MAR,20201228
0.635689,0.030927,0.578125,0.030136,256.0,Myanmar,MMR,MMR,20201228
0.546914,0.030609,0.52809,0.030522,267.0,Nepal,NPL,NPL,20201228
0.221425,0.008976,0.20504,0.009231,2024.0,Netherlands,NLD,NLD,20201228
0.342792,0.019783,0.311475,0.020276,549.0,New Zealand,NZL,NZL,20201228
0.593239,0.030018,0.597015,0.030063,268.0,Nicaragua,NIC,NIC,20201228
0.474102,0.020655,0.497445,0.020627,587.0,Nigeria,NGA,NGA,20201228
0.275988,0.012354,0.275229,0.012365,1308.0,Norway,NOR,NOR,20201228
0.545139,0.019176,0.532448,0.019138,678.0,Pakistan,PAK,PAK,20201228
0.213504,0.036983,0.281879,0.033684,149.0,Palestine,PSE,PSE,20201228
0.551339,0.027778,0.527778,0.027674,324.0,Panama,PAN,PAN,20201228
0.459902,0.029479,0.475694,0.029419,288.0,Paraguay,PRY,PRY,20201228
0.505587,0.016493,0.505435,0.016492,920.0,Peru,PER,PER,20201228
0.435749,0.012141,0.444511,0.012116,1676.0,Philippines,PHL,PHL,20201228
0.329339,0.011603,0.333535,0.011566,1652.0,Poland,POL,POL,20201228
0.416725,0.012044,0.407207,0.012086,1665.0,Portugal,PRT,PRT,20201228
0.55205,0.020248,0.54876,0.020234,605.0,"Puerto Rico, U.S.",PRI,PRI,20201228
0.240422,0.011907,0.237686,0.011954,1279.0,Romania,ROU,ROU,20201228
0.267003,0.012506,0.239931,0.012956,1167.0,Russia,RUS,RUS,20201228
0.389645,0.02501,0.404145,0.024854,386.0,Saudi Arabia,SAU,SAU,20201228
0.327937,0.025037,0.332394,0.024952,355.0,Serbia,SRB,SRB,20201228
0.337045,0.036447,0.348837,0.036148,172.0,Singapore,SGP,SGP,20201228
0.369252,0.019234,0.3616,0.01932,625.0,Slovakia,SVK,SVK,20201228
0.234389,0.028291,0.240175,0.028055,229.0,Slovenia,SVN,SVN,20201228
0.402344,0.012363,0.40216,0.012364,1574.0,South Africa,ZAF,ZAF,20201228
0.550183,0.017471,0.552404,0.01748,811.0,South Korea,KOR,KOR,20201228
0.314336,0.008366,0.310908,0.008391,3062.0,Spain,ESP,ESP,20201228
0.409147,0.041502,0.415493,0.041407,142.0,Sri Lanka,LKA,LKA,20201228
0.403398,0.033527,0.397196,0.033614,214.0,Sudan,SDN,SDN,20201228
0.422068,0.008427,0.428696,0.00841,3450.0,Sweden,SWE,SWE,20201228
0.266397,0.015164,0.260143,0.01528,838.0,Switzerland,CHE,CHE,20201228
0.328488,0.010431,0.328402,0.010432,2028.0,Taiwan,TWN,TWN,20201228
0.517469,0.009076,0.538767,0.009097,3018.0,Thailand,THA,THA,20201228
0.284368,0.025868,0.262069,0.026536,290.0,Tunisia,TUN,TUN,20201228
0.260855,0.010239,0.278791,0.010026,1919.0,Turkey,TUR,TUR,20201228
0.282932,0.011793,0.280798,0.011821,1453.0,Ukraine,UKR,UKR,20201228
0.560191,0.029185,0.464164,0.029047,293.0,United Arab Emirates,ARE,ARE,20201228
0.348138,0.00793,0.340426,0.007972,3572.0,United Kingdom,GBR,GBR,20201228
0.394655,0.016358,0.367816,0.016581,870.0,Uruguay,URY,URY,20201228
0.561102,0.017121,0.556346,0.017102,843.0,Venezuela,VEN,VEN,20201228
0.526314,0.011774,0.492794,0.011759,1804.0,Vietnam,VNM,VNM,20201228
0.501051,0.048937,0.442308,0.049266,104.0,Afghanistan,AFG,AFG,20201229
0.235954,0.023245,0.25,0.022793,348.0,Algeria,DZA,DZA,20201229
0.418133,0.009232,0.399503,0.009297,2816.0,Argentina,ARG,ARG,20201229
0.305401,0.010717,0.299014,0.010781,1826.0,Australia,AUS,AUS,20201229
0.274218,0.015671,0.259259,0.015953,783.0,Austria,AUT,AUT,20201229
0.631711,0.022915,0.627803,0.022865,446.0,Bangladesh,BGD,BGD,20201229
0.262817,0.02709,0.228216,0.028412,241.0,Belarus,BLR,BLR,20201229
0.237447,0.014523,0.221271,0.014887,818.0,Belgium,BEL,BEL,20201229
0.534204,0.018357,0.524966,0.018337,741.0,Bolivia,BOL,BOL,20201229
0.334967,0.039183,0.316901,0.039748,142.0,Bosnia and Herzegovina,BIH,BIH,20201229
0.454341,0.004206,0.437487,0.004222,13909.0,Brazil,BRA,BRA,20201229
0.316192,0.023865,0.312169,0.023948,378.0,Bulgaria,BGR,BGR,20201229
0.301672,0.008516,0.290538,0.00861,2843.0,Canada,CAN,CAN,20201229
0.4946,0.013296,0.485149,0.013301,1414.0,Chile,CHL,CHL,20201229
0.527587,0.009135,0.537584,0.009147,2980.0,Colombia,COL,COL,20201229
0.56946,0.020501,0.586505,0.020613,578.0,Costa Rica,CRI,CRI,20201229
0.2974,0.024583,0.286136,0.024864,339.0,Croatia,HRV,HRV,20201229
0.355188,0.01473,0.360902,0.014678,1064.0,Czech Republic,CZE,CZE,20201229
0.288409,0.01131,0.277423,0.011444,1568.0,Denmark,DNK,DNK,20201229
0.47238,0.02554,0.486979,0.02551,384.0,Dominican Republic,DOM,DOM,20201229
0.497256,0.015978,0.482125,0.015988,979.0,Ecuador,ECU,ECU,20201229
0.333079,0.012221,0.369635,0.011933,1561.0,Egypt,EGY,EGY,20201229
0.631852,0.02443,0.564165,0.023761,413.0,El Salvador,SLV,SLV,20201229
0.394518,0.022215,0.36383,0.022568,470.0,Finland,FIN,FIN,20201229
0.186277,0.005876,0.178848,0.005969,4255.0,France,FRA,FRA,20201229
0.294653,0.00623,0.286365,0.006283,5266.0,Germany,DEU,DEU,20201229
0.494412,0.035875,0.482051,0.035896,195.0,Ghana,GHA,GHA,20201229
0.281763,0.016251,0.258597,0.016696,727.0,Greece,GRC,GRC,20201229
0.594943,0.024587,0.587065,0.024515,402.0,Guatemala,GTM,GTM,20201229
0.595985,0.027106,0.625,0.027474,320.0,Honduras,HND,HND,20201229
0.375533,0.028749,0.360714,0.028992,280.0,Hong Kong,HKG,HKG,20201229
0.273799,0.011101,0.273404,0.011106,1613.0,Hungary,HUN,HUN,20201229
0.52334,0.008107,0.525955,0.008109,3795.0,India,IND,IND,20201229
0.255552,0.009405,0.284224,0.009095,2301.0,Indonesia,IDN,IDN,20201229
0.353943,0.022987,0.373874,0.02272,444.0,Iraq,IRQ,IRQ,20201229
0.378694,0.017146,0.374687,0.017182,798.0,Ireland,IRL,IRL,20201229
0.510793,0.016473,0.519001,0.016481,921.0,Israel,ISR,ISR,20201229
0.31048,0.006356,0.295362,0.006446,5153.0,Italy,ITA,ITA,20201229
0.503794,0.005358,0.50178,0.005358,8709.0,Japan,JPN,JPN,20201229
0.234447,0.023185,0.224615,0.023536,325.0,Jordan,JOR,JOR,20201229
0.217198,0.035879,0.226277,0.035358,137.0,Kazakhstan,KAZ,KAZ,20201229
0.548002,0.023047,0.585153,0.023281,458.0,Kenya,KEN,KEN,20201229
0.27826,0.031048,0.286385,0.030779,213.0,Lebanon,LBN,LBN,20201229
0.389651,0.037139,0.4,0.03697,175.0,Libya,LBY,LBY,20201229
0.416282,0.017222,0.415854,0.017225,820.0,Malaysia,MYS,MYS,20201229
0.595574,0.00487,0.59111,0.004862,10191.0,Mexico,MEX,MEX,20201229
0.222187,0.040775,0.231481,0.040189,108.0,Moldova,MDA,MDA,20201229
0.335288,0.029253,0.359259,0.028784,270.0,Morocco,MAR,MAR,20201229
0.542631,0.030702,0.555133,0.030778,263.0,Myanmar,MMR,MMR,20201229
0.530406,0.030957,0.542308,0.031011,260.0,Nepal,NPL,NPL,20201229
0.202771,0.008717,0.196635,0.008818,2080.0,Netherlands,NLD,NLD,20201229
0.358535,0.020265,0.320151,0.020831,531.0,New Zealand,NZL,NZL,20201229
0.615193,0.029648,0.612546,0.02961,271.0,Nicaragua,NIC,NIC,20201229
0.412823,0.019794,0.437202,0.019647,629.0,Nigeria,NGA,NGA,20201229
0.296601,0.012879,0.29794,0.012863,1262.0,Norway,NOR,NOR,20201229
0.523492,0.018994,0.532562,0.019014,691.0,Pakistan,PAK,PAK,20201229
0.34422,0.040245,0.347518,0.040154,141.0,Palestine,PSE,PSE,20201229
0.561551,0.030125,0.547445,0.030031,274.0,Panama,PAN,PAN,20201229
0.377173,0.030498,0.395349,0.030233,258.0,Paraguay,PRY,PRY,20201229
0.519131,0.016175,0.512552,0.016168,956.0,Peru,PER,PER,20201229
0.416896,0.01262,0.439922,0.012536,1548.0,Philippines,PHL,PHL,20201229
0.32357,0.01158,0.32622,0.011556,1640.0,Poland,POL,POL,20201229
0.449587,0.012584,0.432624,0.012635,1551.0,Portugal,PRT,PRT,20201229
0.534194,0.022019,0.54191,0.022045,513.0,"Puerto Rico, U.S.",PRI,PRI,20201229
0.253526,0.012092,0.24961,0.012155,1282.0,Romania,ROU,ROU,20201229
0.266591,0.012817,0.259607,0.012927,1171.0,Russia,RUS,RUS,20201229
0.440895,0.025814,0.430894,0.025882,369.0,Saudi Arabia,SAU,SAU,20201229
0.356283,0.024322,0.341207,0.024567,381.0,Serbia,SRB,SRB,20201229
0.400055,0.033523,0.414747,0.033334,217.0,Singapore,SGP,SGP,20201229
0.349308,0.019955,0.366438,0.019745,584.0,Slovakia,SVK,SVK,20201229
0.277507,0.0304,0.281818,0.030257,220.0,Slovenia,SVN,SVN,20201229
0.408672,0.0124,0.407384,0.012407,1571.0,South Africa,ZAF,ZAF,20201229
0.568137,0.018004,0.557743,0.017956,762.0,South Korea,KOR,KOR,20201229
0.325709,0.008536,0.325481,0.008538,3014.0,Spain,ESP,ESP,20201229
0.424606,0.039191,0.434783,0.039077,161.0,Sri Lanka,LKA,LKA,20201229
0.333614,0.032132,0.345455,0.031861,220.0,Sudan,SDN,SDN,20201229
0.392985,0.008242,0.403499,0.008205,3544.0,Sweden,SWE,SWE,20201229
0.250144,0.015052,0.232234,0.015438,788.0,Switzerland,CHE,CHE,20201229
0.314299,0.010563,0.32623,0.010459,1971.0,Taiwan,TWN,TWN,20201229
0.532502,0.00908,0.542677,0.009094,3011.0,Thailand,THA,THA,20201229
0.195979,0.028273,0.285156,0.024858,256.0,Tunisia,TUN,TUN,20201229
0.281162,0.00995,0.279253,0.009971,2034.0,Turkey,TUR,TUR,20201229
0.286057,0.011605,0.274019,0.011759,1478.0,Ukraine,UKR,UKR,20201229
0.453941,0.027718,0.448916,0.027745,323.0,United Arab Emirates,ARE,ARE,20201229
0.360728,0.007896,0.352186,0.007939,3660.0,United Kingdom,GBR,GBR,20201229
0.357341,0.017049,0.343629,0.017203,777.0,Uruguay,URY,URY,20201229
0.526161,0.017365,0.535109,0.017384,826.0,Venezuela,VEN,VEN,20201229
0.532235,0.011268,0.504569,0.011245,1970.0,Vietnam,VNM,VNM,20201229
0.549434,0.050091,0.54,0.050006,100.0,Afghanistan,AFG,AFG,20201230
0.264888,0.024569,0.265432,0.024553,324.0,Algeria,DZA,DZA,20201230
0.404377,0.009831,0.390175,0.009891,2463.0,Argentina,ARG,ARG,20201230
0.310597,0.0107,0.306034,0.010744,1856.0,Australia,AUS,AUS,20201230
0.280929,0.015427,0.254386,0.01592,798.0,Austria,AUT,AUT,20201230
0.619299,0.024872,0.608808,0.024746,386.0,Bangladesh,BGD,BGD,20201230
0.198712,0.024396,0.178138,0.025441,247.0,Belarus,BLR,BLR,20201230
0.232496,0.015026,0.221204,0.015293,764.0,Belgium,BEL,BEL,20201230
0.51566,0.019286,0.534328,0.019322,670.0,Bolivia,BOL,BOL,20201230
0.294421,0.045552,0.320755,0.04448,106.0,Bosnia and Herzegovina,BIH,BIH,20201230
0.473246,0.004394,0.456342,0.004405,12850.0,Brazil,BRA,BRA,20201230
0.305707,0.023676,0.300532,0.023791,376.0,Bulgaria,BGR,BGR,20201230
0.318989,0.008456,0.290569,0.00868,2884.0,Canada,CAN,CAN,20201230
0.514607,0.014365,0.489274,0.014362,1212.0,Chile,CHL,CHL,20201230
0.548431,0.009614,0.531725,0.009588,2695.0,Colombia,COL,COL,20201230
0.557569,0.021613,0.531835,0.021513,534.0,Costa Rica,CRI,CRI,20201230
0.277255,0.024003,0.293629,0.023593,361.0,Croatia,HRV,HRV,20201230
0.362208,0.014613,0.360777,0.014625,1081.0,Czech Republic,CZE,CZE,20201230
0.306363,0.011567,0.290992,0.011739,1543.0,Denmark,DNK,DNK,20201230
0.441938,0.023504,0.449889,0.023463,449.0,Dominican Republic,DOM,DOM,20201230
0.461567,0.01733,0.472924,0.017304,831.0,Ecuador,ECU,ECU,20201230
0.34345,0.012872,0.355025,0.012774,1383.0,Egypt,EGY,EGY,20201230
0.576613,0.024014,0.574118,0.023995,425.0,El Salvador,SLV,SLV,20201230
0.368996,0.021573,0.334029,0.022071,479.0,Finland,FIN,FIN,20201230
0.203948,0.005974,0.192942,0.0061,4364.0,France,FRA,FRA,20201230
0.297036,0.006243,0.281226,0.006345,5188.0,Germany,DEU,DEU,20201230
0.489467,0.037757,0.477273,0.037788,176.0,Ghana,GHA,GHA,20201230
0.283483,0.017017,0.270864,0.017258,683.0,Greece,GRC,GRC,20201230
0.556861,0.026295,0.567416,0.026365,356.0,Guatemala,GTM,GTM,20201230
0.53887,0.029117,0.549488,0.029172,293.0,Honduras,HND,HND,20201230
0.353384,0.029381,0.395683,0.028721,278.0,Hong Kong,HKG,HKG,20201230
0.256947,0.010667,0.261484,0.010607,1698.0,Hungary,HUN,HUN,20201230
0.53363,0.008242,0.531224,0.008239,3667.0,India,IND,IND,20201230
0.274116,0.009814,0.293735,0.009611,2155.0,Indonesia,IDN,IDN,20201230
0.361475,0.022742,0.34023,0.023061,435.0,Iraq,IRQ,IRQ,20201230
0.36806,0.016321,0.369863,0.016304,876.0,Ireland,IRL,IRL,20201230
0.434672,0.016331,0.461951,0.016238,933.0,Israel,ISR,ISR,20201230
0.302143,0.006324,0.286664,0.006422,5114.0,Italy,ITA,ITA,20201230
0.494772,0.005293,0.503081,0.005293,8925.0,Japan,JPN,JPN,20201230
0.240311,0.023437,0.250729,0.023104,343.0,Jordan,JOR,JOR,20201230
0.619479,0.022164,0.641791,0.022443,469.0,Kenya,KEN,KEN,20201230
0.28171,0.033869,0.302703,0.033162,185.0,Lebanon,LBN,LBN,20201230
0.331624,0.03324,0.361905,0.032566,210.0,Libya,LBY,LBY,20201230
0.375531,0.017712,0.406494,0.017463,770.0,Malaysia,MYS,MYS,20201230
0.603091,0.004997,0.599584,0.00499,9615.0,Mexico,MEX,MEX,20201230
0.31271,0.033711,0.338384,0.03303,198.0,Morocco,MAR,MAR,20201230
0.559963,0.029867,0.640927,0.030904,259.0,Myanmar,MMR,MMR,20201230
0.566426,0.028642,0.606164,0.029051,292.0,Nepal,NPL,NPL,20201230
0.233995,0.009178,0.21238,0.0095,1987.0,Netherlands,NLD,NLD,20201230
0.340745,0.020475,0.337079,0.020529,534.0,New Zealand,NZL,NZL,20201230
0.583792,0.031356,0.572,0.031238,250.0,Nicaragua,NIC,NIC,20201230
0.436207,0.020052,0.456311,0.019965,618.0,Nigeria,NGA,NGA,20201230
0.299096,0.013186,0.311741,0.013034,1235.0,Norway,NOR,NOR,20201230
0.534248,0.019834,0.531546,0.019827,634.0,Pakistan,PAK,PAK,20201230
0.365085,0.041415,0.340909,0.042065,132.0,Palestine,PSE,PSE,20201230
0.510849,0.031788,0.520161,0.031807,248.0,Panama,PAN,PAN,20201230
0.483372,0.032134,0.489712,0.032123,243.0,Paraguay,PRY,PRY,20201230
0.514234,0.015638,0.509286,0.015634,1023.0,Peru,PER,PER,20201230
0.47664,0.013232,0.460563,0.013259,1420.0,Philippines,PHL,PHL,20201230
0.316831,0.011182,0.315394,0.011195,1728.0,Poland,POL,POL,20201230
0.460275,0.012993,0.448158,0.013022,1466.0,Portugal,PRT,PRT,20201230
0.52638,0.020745,0.545927,0.020804,577.0,"Puerto Rico, U.S.",PRI,PRI,20201230
0.252423,0.01191,0.23869,0.012137,1282.0,Romania,ROU,ROU,20201230
0.245972,0.012697,0.238011,0.01284,1126.0,Russia,RUS,RUS,20201230
0.445173,0.02647,0.441926,0.026489,353.0,Saudi Arabia,SAU,SAU,20201230
0.28289,0.024712,0.273006,0.024984,326.0,Serbia,SRB,SRB,20201230
0.391695,0.034649,0.383838,0.034778,198.0,Singapore,SGP,SGP,20201230
0.365372,0.019052,0.359055,0.019124,635.0,Slovakia,SVK,SVK,20201230
0.408069,0.033846,0.402844,0.033915,211.0,Slovenia,SVN,SVN,20201230
0.437948,0.013205,0.425517,0.01325,1403.0,South Africa,ZAF,ZAF,20201230
0.528261,0.018323,0.579092,0.018527,727.0,South Korea,KOR,KOR,20201230
0.307806,0.008396,0.314258,0.008348,3058.0,Spain,ESP,ESP,20201230
0.543714,0.044937,0.540323,0.044911,124.0,Sri Lanka,LKA,LKA,20201230
0.39653,0.034648,0.369231,0.035121,195.0,Sudan,SDN,SDN,20201230
0.414219,0.008369,0.426567,0.008336,3493.0,Sweden,SWE,SWE,20201230
0.268494,0.015589,0.257614,0.015798,788.0,Switzerland,CHE,CHE,20201230
0.326197,0.010613,0.331301,0.010571,1968.0,Taiwan,TWN,TWN,20201230
0.527827,0.009536,0.531946,0.009541,2739.0,Thailand,THA,THA,20201230
0.201314,0.02562,0.240143,0.024049,279.0,Tunisia,TUN,TUN,20201230
0.293565,0.010142,0.282818,0.010255,1973.0,Turkey,TUR,TUR,20201230
0.294322,0.012172,0.282164,0.012326,1368.0,Ukraine,UKR,UKR,20201230
0.493187,0.02924,0.481229,0.029258,293.0,United Arab Emirates,ARE,ARE,20201230
0.366004,0.007766,0.355187,0.007817,3798.0,United Kingdom,GBR,GBR,20201230
0.368426,0.017242,0.333778,0.017637,749.0,Uruguay,URY,URY,20201230
0.541169,0.01832,0.548038,0.018343,739.0,Venezuela,VEN,VEN,20201230
0.499599,0.01201,0.506344,0.012011,1734.0,Vietnam,VNM,VNM,20201230
