pct_twodoses,twodoses_se,pct_twodoses_unw,twodoses_se_unw,sample_size,country,iso_code,gid_0,survey_date
0.026243,0.016932,0.038462,0.014075,130.0,Germany,DEU,DEU,20210114
0.185261,0.015478,0.205279,0.014888,682.0,Israel,ISR,ISR,20210114
0.025151,0.008345,0.022293,0.008851,314.0,Italy,ITA,ITA,20210114
0.065222,0.022084,0.07947,0.020161,151.0,Mexico,MEX,MEX,20210114
0.0,0.0,0.0,0.0,115.0,Spain,ESP,ESP,20210114
0.093902,0.017814,0.071429,0.020177,210.0,United Kingdom,GBR,GBR,20210114
0.029981,0.013744,0.024,0.015314,125.0,France,FRA,FRA,20210115
0.028999,0.013272,0.032967,0.012473,182.0,Germany,DEU,DEU,20210115
0.211008,0.016698,0.227848,0.016243,632.0,Israel,ISR,ISR,20210115
0.018208,0.007366,0.018182,0.007371,330.0,Italy,ITA,ITA,20210115
0.08682,0.02427,0.098684,0.022914,152.0,Mexico,MEX,MEX,20210115
0.006757,0.008547,0.008547,0.007607,117.0,Spain,ESP,ESP,20210115
0.10599,0.019324,0.080402,0.021876,199.0,United Kingdom,GBR,GBR,20210115
0.048327,0.018092,0.036697,0.020636,109.0,France,FRA,FRA,20210116
0.021073,0.011291,0.02551,0.010285,196.0,Germany,DEU,DEU,20210116
0.2224,0.015543,0.242782,0.015075,762.0,Israel,ISR,ISR,20210116
0.006989,0.004352,0.007557,0.004186,397.0,Italy,ITA,ITA,20210116
0.032375,0.015525,0.050251,0.012578,199.0,Mexico,MEX,MEX,20210116
0.012702,0.009434,0.009434,0.010928,106.0,Romania,ROU,ROU,20210116
0.0,0.0,0.0,0.0,113.0,Spain,ESP,ESP,20210116
0.071383,0.01668,0.081481,0.015698,270.0,United Kingdom,GBR,GBR,20210116
0.01748,0.011005,0.015625,0.011629,128.0,France,FRA,FRA,20210117
0.015605,0.010433,0.018182,0.009678,165.0,Germany,DEU,DEU,20210117
0.271592,0.017586,0.304665,0.016994,686.0,Israel,ISR,ISR,20210117
0.012799,0.004756,0.009547,0.005498,419.0,Italy,ITA,ITA,20210117
0.045955,0.017897,0.07177,0.014518,209.0,Mexico,MEX,MEX,20210117
0.058617,0.02156,0.054054,0.022397,111.0,Romania,ROU,ROU,20210117
0.008627,0.009459,0.013423,0.007602,149.0,Spain,ESP,ESP,20210117
0.081274,0.015784,0.076923,0.016186,286.0,United Kingdom,GBR,GBR,20210117
0.064621,0.016411,0.053191,0.017979,188.0,Germany,DEU,DEU,20210118
0.330974,0.017955,0.360335,0.017598,716.0,Israel,ISR,ISR,20210118
0.023387,0.008354,0.023881,0.008269,335.0,Italy,ITA,ITA,20210118
0.054549,0.016379,0.050279,0.017022,179.0,Mexico,MEX,MEX,20210118
0.0,0.0,0.0,0.0,106.0,Romania,ROU,ROU,20210118
0.00928,0.012459,0.017699,0.00906,113.0,Spain,ESP,ESP,20210118
0.108627,0.015948,0.079585,0.018336,289.0,United Kingdom,GBR,GBR,20210118
0.046263,0.020131,0.045872,0.020212,109.0,France,FRA,FRA,20210119
0.102792,0.019702,0.076503,0.022511,183.0,Germany,DEU,DEU,20210119
0.374567,0.017593,0.418043,0.017264,787.0,Israel,ISR,ISR,20210119
0.036101,0.01063,0.039039,0.010238,333.0,Italy,ITA,ITA,20210119
0.06702,0.01624,0.055276,0.017771,199.0,Mexico,MEX,MEX,20210119
0.016836,0.011319,0.019737,0.01047,152.0,Romania,ROU,ROU,20210119
0.027598,0.014231,0.028777,0.013945,139.0,Spain,ESP,ESP,20210119
0.104286,0.016257,0.075472,0.01881,265.0,United Kingdom,GBR,GBR,20210119
0.062075,0.021079,0.048077,0.023775,104.0,Brazil,BRA,BRA,20210120
0.1659,0.017192,0.039063,0.033009,128.0,France,FRA,FRA,20210120
0.243888,0.028971,0.186813,0.031919,182.0,Germany,DEU,DEU,20210120
0.405436,0.01869,0.464236,0.0184,713.0,Israel,ISR,ISR,20210120
0.067195,0.012995,0.058282,0.013887,326.0,Italy,ITA,ITA,20210120
0.050107,0.015237,0.043956,0.016216,182.0,Mexico,MEX,MEX,20210120
0.04789,0.018231,0.049296,0.017983,142.0,Romania,ROU,ROU,20210120
0.456991,0.046613,0.376147,0.047934,109.0,Russia,RUS,RUS,20210120
0.05893,0.021704,0.067164,0.02042,134.0,Spain,ESP,ESP,20210120
0.063202,0.014131,0.054264,0.015178,258.0,United Kingdom,GBR,GBR,20210120
0.063754,0.017424,0.053571,0.018906,168.0,Brazil,BRA,BRA,20210121
0.018228,0.013465,0.027211,0.011071,147.0,France,FRA,FRA,20210121
0.165612,0.027045,0.170103,0.026758,194.0,Germany,DEU,DEU,20210121
0.167792,0.037083,0.166667,0.037183,102.0,India,IND,IND,20210121
0.49252,0.018039,0.545216,0.018111,763.0,Israel,ISR,ISR,20210121
0.074055,0.012689,0.064171,0.013559,374.0,Italy,ITA,ITA,20210121
0.069486,0.017308,0.064356,0.017935,202.0,Mexico,MEX,MEX,20210121
0.05979,0.019592,0.070175,0.018185,171.0,Romania,ROU,ROU,20210121
0.073902,0.022822,0.078571,0.02219,140.0,Spain,ESP,ESP,20210121
0.07109,0.014699,0.071429,0.014666,308.0,United Kingdom,GBR,GBR,20210121
0.045617,0.011291,0.02551,0.014942,196.0,Brazil,BRA,BRA,20210122
0.059103,0.015573,0.044944,0.017725,178.0,France,FRA,FRA,20210122
0.120701,0.02384,0.13,0.023094,200.0,Germany,DEU,DEU,20210122
0.107725,0.032754,0.130841,0.030113,107.0,India,IND,IND,20210122
0.509977,0.019502,0.565688,0.019668,647.0,Israel,ISR,ISR,20210122
0.095523,0.016775,0.107872,0.015894,343.0,Italy,ITA,ITA,20210122
0.048525,0.016351,0.063063,0.014454,222.0,Mexico,MEX,MEX,20210122
0.065289,0.018612,0.057325,0.019779,157.0,Romania,ROU,ROU,20210122
0.523092,0.045879,0.342593,0.048285,108.0,Russia,RUS,RUS,20210122
0.020044,0.014333,0.028986,0.011974,138.0,Spain,ESP,ESP,20210122
0.058176,0.011931,0.043919,0.013628,296.0,United Kingdom,GBR,GBR,20210122
0.00536,0.00598,0.008475,0.004763,236.0,Brazil,BRA,BRA,20210123
0.007796,0.008703,0.015152,0.006266,198.0,France,FRA,FRA,20210123
0.255234,0.027919,0.207547,0.030015,212.0,Germany,DEU,DEU,20210123
0.043408,0.020107,0.062069,0.016981,145.0,India,IND,IND,20210123
0.510002,0.017711,0.566327,0.017865,784.0,Israel,ISR,ISR,20210123
0.136726,0.017959,0.13941,0.017813,373.0,Italy,ITA,ITA,20210123
0.067869,0.017465,0.079167,0.01627,240.0,Mexico,MEX,MEX,20210123
0.061812,0.020018,0.077778,0.017999,180.0,Romania,ROU,ROU,20210123
0.074054,0.020658,0.083333,0.019572,180.0,Spain,ESP,ESP,20210123
0.041769,0.018257,0.037037,0.019341,108.0,Sweden,SWE,SWE,20210123
0.079815,0.013537,0.064024,0.014987,328.0,United Kingdom,GBR,GBR,20210123
0.021099,0.008315,0.016736,0.009316,239.0,Brazil,BRA,BRA,20210124
0.013851,0.008597,0.012195,0.009154,164.0,France,FRA,FRA,20210124
0.1913,0.026134,0.197425,0.025823,233.0,Germany,DEU,DEU,20210124
0.164979,0.026608,0.100775,0.032806,129.0,India,IND,IND,20210124
0.549954,0.018436,0.605114,0.018764,704.0,Israel,ISR,ISR,20210124
0.14579,0.018082,0.151899,0.017779,395.0,Italy,ITA,ITA,20210124
0.053015,0.017037,0.075,0.014493,240.0,Mexico,MEX,MEX,20210124
0.154666,0.032676,0.140351,0.034015,114.0,Poland,POL,POL,20210124
0.036439,0.016083,0.054726,0.01325,201.0,Romania,ROU,ROU,20210124
0.268141,0.044943,0.327273,0.042431,110.0,Russia,RUS,RUS,20210124
0.089043,0.022319,0.090361,0.022172,166.0,Spain,ESP,ESP,20210124
0.052337,0.010349,0.040872,0.011641,367.0,United Kingdom,GBR,GBR,20210124
0.037909,0.011642,0.037453,0.01171,267.0,Brazil,BRA,BRA,20210125
0.039286,0.014066,0.037838,0.014322,185.0,France,FRA,FRA,20210125
0.183942,0.027809,0.19,0.027465,200.0,Germany,DEU,DEU,20210125
0.086643,0.026625,0.130435,0.02224,161.0,India,IND,IND,20210125
0.576438,0.017781,0.625337,0.018152,742.0,Israel,ISR,ISR,20210125
0.255002,0.024333,0.249211,0.024519,317.0,Italy,ITA,ITA,20210125
0.071897,0.019103,0.084507,0.017741,213.0,Mexico,MEX,MEX,20210125
0.048823,0.018728,0.057692,0.017309,156.0,Romania,ROU,ROU,20210125
0.217754,0.042156,0.290598,0.03832,117.0,Russia,RUS,RUS,20210125
0.119429,0.026592,0.108696,0.027706,138.0,Spain,ESP,ESP,20210125
0.009949,0.01257,0.017857,0.00942,112.0,Sweden,SWE,SWE,20210125
0.126322,0.013697,0.075269,0.017248,372.0,United Kingdom,GBR,GBR,20210125
0.036884,0.009956,0.031949,0.01067,313.0,Brazil,BRA,BRA,20210126
0.042582,0.017253,0.058824,0.014805,187.0,France,FRA,FRA,20210126
0.208895,0.029121,0.206186,0.029262,194.0,Germany,DEU,DEU,20210126
0.06549,0.024552,0.080645,0.022306,124.0,India,IND,IND,20210126
0.599182,0.01671,0.691503,0.01773,765.0,Israel,ISR,ISR,20210126
0.276291,0.024347,0.268072,0.024578,332.0,Italy,ITA,ITA,20210126
0.066785,0.016497,0.076628,0.015483,261.0,Mexico,MEX,MEX,20210126
0.272061,0.039694,0.25,0.040795,120.0,Poland,POL,POL,20210126
0.150721,0.024527,0.155251,0.024232,219.0,Romania,ROU,ROU,20210126
0.420037,0.046198,0.483051,0.04563,118.0,Russia,RUS,RUS,20210126
0.135473,0.030277,0.145985,0.029346,137.0,Spain,ESP,ESP,20210126
0.061735,0.021751,0.054545,0.023052,110.0,Sweden,SWE,SWE,20210126
0.040032,0.010781,0.042614,0.010463,352.0,United Kingdom,GBR,GBR,20210126
0.027096,0.008085,0.024523,0.008487,367.0,Brazil,BRA,BRA,20210127
0.050294,0.017343,0.05914,0.016068,186.0,France,FRA,FRA,20210127
0.259446,0.029944,0.262673,0.029825,217.0,Germany,DEU,DEU,20210127
0.028772,0.019032,0.065089,0.012897,169.0,India,IND,IND,20210127
0.606418,0.016601,0.684949,0.017459,784.0,Israel,ISR,ISR,20210127
0.393321,0.026399,0.395349,0.026376,344.0,Italy,ITA,ITA,20210127
0.092793,0.020025,0.107884,0.018729,241.0,Mexico,MEX,MEX,20210127
0.268068,0.043363,0.266667,0.043435,105.0,Poland,POL,POL,20210127
0.102458,0.023738,0.11236,0.022794,178.0,Romania,ROU,ROU,20210127
0.247502,0.043505,0.273585,0.042116,106.0,Russia,RUS,RUS,20210127
0.192824,0.036557,0.189655,0.036789,116.0,Spain,ESP,ESP,20210127
0.01854,0.014676,0.025641,0.012525,117.0,Sweden,SWE,SWE,20210127
0.278382,0.037385,0.302632,0.036474,152.0,United Arab Emirates,ARE,ARE,20210127
0.072447,0.012961,0.071066,0.013076,394.0,United Kingdom,GBR,GBR,20210127
0.013298,0.006505,0.016043,0.005931,374.0,Brazil,BRA,BRA,20210128
0.068785,0.016293,0.060465,0.017301,215.0,France,FRA,FRA,20210128
0.279073,0.032059,0.304348,0.031252,207.0,Germany,DEU,DEU,20210128
0.056768,0.01461,0.039326,0.017393,178.0,India,IND,IND,20210128
0.691972,0.015696,0.751979,0.01678,758.0,Israel,ISR,ISR,20210128
0.414085,0.026782,0.431487,0.026635,343.0,Italy,ITA,ITA,20210128
0.068034,0.018602,0.082192,0.017054,219.0,Mexico,MEX,MEX,20210128
0.291046,0.04341,0.284404,0.04371,109.0,Poland,POL,POL,20210128
0.239919,0.033342,0.248521,0.032946,169.0,Romania,ROU,ROU,20210128
0.252838,0.044346,0.333333,0.040887,114.0,Russia,RUS,RUS,20210128
0.171355,0.033248,0.179104,0.032674,134.0,Spain,ESP,ESP,20210128
0.049261,0.023828,0.069565,0.020269,115.0,Sweden,SWE,SWE,20210128
0.282958,0.036335,0.263514,0.037151,148.0,United Arab Emirates,ARE,ARE,20210128
0.038154,0.009552,0.033613,0.010153,357.0,United Kingdom,GBR,GBR,20210128
0.041354,0.008643,0.026239,0.010766,343.0,Brazil,BRA,BRA,20210129
0.058495,0.019042,0.071038,0.017395,183.0,France,FRA,FRA,20210129
0.378111,0.034026,0.36,0.034375,200.0,Germany,DEU,DEU,20210129
0.084096,0.020691,0.070968,0.022364,155.0,India,IND,IND,20210129
0.68506,0.017185,0.739663,0.018191,653.0,Israel,ISR,ISR,20210129
0.464419,0.027607,0.495441,0.027538,329.0,Italy,ITA,ITA,20210129
0.109337,0.022256,0.107692,0.022405,195.0,Mexico,MEX,MEX,20210129
0.200067,0.031726,0.22093,0.030593,172.0,Romania,ROU,ROU,20210129
0.230696,0.044026,0.318584,0.039807,113.0,Russia,RUS,RUS,20210129
0.253603,0.03704,0.248175,0.037307,137.0,Spain,ESP,ESP,20210129
0.067195,0.025398,0.069307,0.025036,101.0,Sweden,SWE,SWE,20210129
0.277916,0.0375,0.269504,0.037861,141.0,United Arab Emirates,ARE,ARE,20210129
0.067089,0.011276,0.054321,0.012447,405.0,United Kingdom,GBR,GBR,20210129
0.014623,0.006085,0.015,0.006009,400.0,Brazil,BRA,BRA,20210130
0.074955,0.020205,0.097222,0.017958,216.0,France,FRA,FRA,20210130
0.306851,0.030818,0.358025,0.029646,243.0,Germany,DEU,DEU,20210130
0.030008,0.016161,0.055,0.012094,200.0,India,IND,IND,20210130
0.666075,0.015179,0.741007,0.01634,834.0,Israel,ISR,ISR,20210130
0.498744,0.026202,0.509589,0.026207,365.0,Italy,ITA,ITA,20210130
0.103662,0.023677,0.131707,0.021342,205.0,Mexico,MEX,MEX,20210130
0.363097,0.047551,0.352941,0.047851,102.0,Poland,POL,POL,20210130
0.212506,0.030619,0.221622,0.030158,185.0,Romania,ROU,ROU,20210130
0.281731,0.041521,0.300813,0.040727,123.0,Russia,RUS,RUS,20210130
0.227639,0.038167,0.233871,0.037808,124.0,Spain,ESP,ESP,20210130
0.33086,0.038375,0.352564,0.037793,156.0,United Arab Emirates,ARE,ARE,20210130
0.047279,0.00989,0.046358,0.009983,453.0,United Kingdom,GBR,GBR,20210130
0.010009,0.005751,0.015317,0.004662,457.0,Brazil,BRA,BRA,20210131
0.109767,0.022009,0.116822,0.021419,214.0,France,FRA,FRA,20210131
0.384114,0.030492,0.3361,0.031396,241.0,Germany,DEU,DEU,20210131
0.469005,0.050212,0.48,0.050155,100.0,Hungary,HUN,HUN,20210131
0.043347,0.017909,0.066667,0.01462,195.0,India,IND,IND,20210131
0.712188,0.016062,0.77961,0.017543,667.0,Israel,ISR,ISR,20210131
0.583953,0.024827,0.604113,0.025023,389.0,Italy,ITA,ITA,20210131
0.135875,0.025213,0.129213,0.025756,178.0,Mexico,MEX,MEX,20210131
0.364041,0.045776,0.36036,0.045877,111.0,Poland,POL,POL,20210131
0.220073,0.029008,0.242009,0.02806,219.0,Romania,ROU,ROU,20210131
0.308974,0.045433,0.362832,0.043662,113.0,Russia,RUS,RUS,20210131
0.331502,0.037682,0.33121,0.03769,157.0,Spain,ESP,ESP,20210131
0.060945,0.025958,0.08547,0.022212,117.0,Sweden,SWE,SWE,20210131
0.304327,0.036164,0.298137,0.036376,161.0,United Arab Emirates,ARE,ARE,20210131
0.038875,0.008734,0.037736,0.00886,477.0,United Kingdom,GBR,GBR,20210131
0.013418,0.006901,0.015528,0.006422,322.0,Brazil,BRA,BRA,20210201
0.071715,0.023652,0.089041,0.021427,146.0,France,FRA,FRA,20210201
0.390154,0.035125,0.380208,0.035295,192.0,Germany,DEU,DEU,20210201
0.036411,0.023035,0.071429,0.016754,126.0,India,IND,IND,20210201
0.683325,0.018754,0.763107,0.020518,515.0,Israel,ISR,ISR,20210201
0.565599,0.029648,0.562278,0.029622,281.0,Italy,ITA,ITA,20210201
0.119283,0.026133,0.117647,0.02629,153.0,Mexico,MEX,MEX,20210201
0.247331,0.036966,0.260563,0.036336,142.0,Romania,ROU,ROU,20210201
0.370575,0.045982,0.394737,0.045433,114.0,Spain,ESP,ESP,20210201
0.352046,0.041985,0.368421,0.04157,133.0,United Arab Emirates,ARE,ARE,20210201
0.014985,0.008022,0.022923,0.006513,349.0,United Kingdom,GBR,GBR,20210201
0.019023,0.00877,0.026627,0.007441,338.0,Brazil,BRA,BRA,20210202
0.217102,0.033085,0.228395,0.032492,162.0,France,FRA,FRA,20210202
0.480889,0.038109,0.459302,0.038208,172.0,Germany,DEU,DEU,20210202
0.650923,0.022669,0.688995,0.023343,418.0,Israel,ISR,ISR,20210202
0.719488,0.025889,0.708738,0.025598,309.0,Italy,ITA,ITA,20210202
0.100651,0.024119,0.114286,0.022809,175.0,Mexico,MEX,MEX,20210202
0.280247,0.034937,0.325967,0.033475,181.0,Romania,ROU,ROU,20210202
0.383187,0.050161,0.47,0.048861,100.0,Spain,ESP,ESP,20210202
0.124426,0.031922,0.127273,0.031615,110.0,Sweden,SWE,SWE,20210202
0.36145,0.043608,0.365854,0.043495,123.0,United Arab Emirates,ARE,ARE,20210202
0.043918,0.010199,0.042929,0.01031,396.0,United Kingdom,GBR,GBR,20210202
0.019984,0.006246,0.021858,0.005978,549.0,Brazil,BRA,BRA,20210203
0.162103,0.02426,0.179283,0.023309,251.0,France,FRA,FRA,20210203
0.451334,0.029743,0.477032,0.029633,283.0,Germany,DEU,DEU,20210203
0.538721,0.04563,0.512397,0.045506,121.0,Hungary,HUN,HUN,20210203
0.047125,0.012846,0.043478,0.013349,253.0,India,IND,IND,20210203
0.204909,0.035145,0.162162,0.038485,111.0,Indonesia,IDN,IDN,20210203
0.651651,0.014612,0.73102,0.015699,922.0,Israel,ISR,ISR,20210203
0.72476,0.023416,0.730556,0.023572,360.0,Italy,ITA,ITA,20210203
0.109426,0.023465,0.130435,0.02175,207.0,Mexico,MEX,MEX,20210203
0.527693,0.041054,0.52349,0.041037,149.0,Poland,POL,POL,20210203
0.234241,0.030207,0.290749,0.028172,227.0,Romania,ROU,ROU,20210203
0.325775,0.038048,0.331169,0.037889,154.0,Russia,RUS,RUS,20210203
0.374328,0.037588,0.425287,0.036794,174.0,Spain,ESP,ESP,20210203
0.187515,0.037415,0.19469,0.036882,113.0,Sweden,SWE,SWE,20210203
0.455908,0.035403,0.444444,0.035485,198.0,United Arab Emirates,ARE,ARE,20210203
0.03043,0.007594,0.032727,0.007331,550.0,United Kingdom,GBR,GBR,20210203
0.034796,0.006368,0.020325,0.008271,492.0,Brazil,BRA,BRA,20210204
0.258678,0.030232,0.257143,0.030291,210.0,France,FRA,FRA,20210204
0.498166,0.03306,0.528384,0.033113,229.0,Germany,DEU,DEU,20210204
0.019254,0.011564,0.033195,0.00887,241.0,India,IND,IND,20210204
0.637225,0.015102,0.752754,0.016831,817.0,Israel,ISR,ISR,20210204
0.785169,0.021525,0.797143,0.021985,350.0,Italy,ITA,ITA,20210204
0.074533,0.017941,0.074419,0.017953,215.0,Mexico,MEX,MEX,20210204
0.615926,0.047948,0.541284,0.046802,109.0,Poland,POL,POL,20210204
0.381003,0.038724,0.407407,0.038273,162.0,Romania,ROU,ROU,20210204
0.299227,0.038445,0.421687,0.035649,166.0,Russia,RUS,RUS,20210204
0.491362,0.044699,0.515873,0.044715,126.0,Spain,ESP,ESP,20210204
0.209004,0.035357,0.230769,0.034121,143.0,Sweden,SWE,SWE,20210204
0.404629,0.035651,0.372973,0.036184,185.0,United Arab Emirates,ARE,ARE,20210204
0.036131,0.007735,0.028261,0.00871,460.0,United Kingdom,GBR,GBR,20210204
0.033669,0.008016,0.031513,0.008276,476.0,Brazil,BRA,BRA,20210205
0.252954,0.031353,0.262626,0.030971,198.0,France,FRA,FRA,20210205
0.478835,0.031927,0.51626,0.031915,246.0,Germany,DEU,DEU,20210205
0.026761,0.011966,0.040441,0.009803,272.0,India,IND,IND,20210205
0.655717,0.016688,0.734665,0.017958,701.0,Israel,ISR,ISR,20210205
0.828492,0.019861,0.84273,0.020564,337.0,Italy,ITA,ITA,20210205
0.089918,0.023368,0.110497,0.021322,181.0,Mexico,MEX,MEX,20210205
0.613277,0.047838,0.609524,0.047754,105.0,Poland,POL,POL,20210205
0.28517,0.036938,0.35119,0.034938,168.0,Romania,ROU,ROU,20210205
0.239504,0.037655,0.318182,0.034503,154.0,Russia,RUS,RUS,20210205
0.613269,0.040573,0.613793,0.040583,145.0,Spain,ESP,ESP,20210205
0.299978,0.037096,0.230769,0.040346,130.0,Sweden,SWE,SWE,20210205
0.435425,0.036383,0.438503,0.036355,187.0,United Arab Emirates,ARE,ARE,20210205
0.032826,0.008343,0.034979,0.008091,486.0,United Kingdom,GBR,GBR,20210205
0.047057,0.009355,0.047893,0.009277,522.0,Brazil,BRA,BRA,20210206
0.155881,0.03266,0.12,0.036457,100.0,Chile,CHL,CHL,20210206
0.220918,0.029885,0.26484,0.028098,219.0,France,FRA,FRA,20210206
0.50751,0.033203,0.544248,0.03333,226.0,Germany,DEU,DEU,20210206
0.031848,0.016455,0.065789,0.011655,228.0,India,IND,IND,20210206
0.678773,0.014707,0.771114,0.016346,817.0,Israel,ISR,ISR,20210206
0.819988,0.019999,0.828652,0.020391,356.0,Italy,ITA,ITA,20210206
0.123849,0.026796,0.168367,0.023589,196.0,Mexico,MEX,MEX,20210206
0.560879,0.048368,0.566038,0.048432,106.0,Poland,POL,POL,20210206
0.407176,0.042039,0.385185,0.042443,135.0,"Puerto Rico, U.S.",PRI,PRI,20210206
0.434897,0.037018,0.47541,0.036747,183.0,Romania,ROU,ROU,20210206
0.270949,0.035913,0.421053,0.032329,190.0,Russia,RUS,RUS,20210206
0.552827,0.039764,0.580645,0.040066,155.0,Spain,ESP,ESP,20210206
0.225922,0.041126,0.26087,0.039167,115.0,Sweden,SWE,SWE,20210206
0.59392,0.037406,0.530726,0.036809,179.0,United Arab Emirates,ARE,ARE,20210206
0.044306,0.008746,0.042831,0.008888,537.0,United Kingdom,GBR,GBR,20210206
0.03657,0.008179,0.037244,0.008108,537.0,Brazil,BRA,BRA,20210207
0.130011,0.030921,0.113208,0.032821,106.0,Chile,CHL,CHL,20210207
0.214945,0.028048,0.247899,0.026683,238.0,France,FRA,FRA,20210207
0.567792,0.031842,0.55102,0.031714,245.0,Germany,DEU,DEU,20210207
0.04872,0.0158,0.06087,0.014226,230.0,India,IND,IND,20210207
0.666067,0.015485,0.765333,0.017232,750.0,Israel,ISR,ISR,20210207
0.831181,0.018782,0.843085,0.019344,376.0,Italy,ITA,ITA,20210207
0.154368,0.026696,0.173267,0.025484,202.0,Mexico,MEX,MEX,20210207
0.59449,0.043293,0.609375,0.043568,128.0,Poland,POL,POL,20210207
0.463661,0.041054,0.47651,0.040991,149.0,"Puerto Rico, U.S.",PRI,PRI,20210207
0.385509,0.040336,0.434211,0.039608,152.0,Romania,ROU,ROU,20210207
0.337088,0.039162,0.444444,0.037255,162.0,Russia,RUS,RUS,20210207
0.606476,0.037861,0.66242,0.039114,157.0,Spain,ESP,ESP,20210207
0.279693,0.042663,0.289474,0.042224,114.0,Sweden,SWE,SWE,20210207
0.503961,0.034695,0.528846,0.034751,208.0,United Arab Emirates,ARE,ARE,20210207
0.019548,0.00653,0.025597,0.005724,586.0,United Kingdom,GBR,GBR,20210207
0.062322,0.010197,0.053388,0.010966,487.0,Brazil,BRA,BRA,20210208
0.247066,0.03153,0.306977,0.029483,215.0,France,FRA,FRA,20210208
0.575776,0.035438,0.571429,0.035392,196.0,Germany,DEU,DEU,20210208
0.07503,0.019232,0.087558,0.017925,217.0,India,IND,IND,20210208
0.189757,0.039221,0.221239,0.037051,113.0,Indonesia,IDN,IDN,20210208
0.658728,0.015887,0.742744,0.017233,758.0,Israel,ISR,ISR,20210208
0.827328,0.019306,0.839779,0.019893,362.0,Italy,ITA,ITA,20210208
0.133017,0.024043,0.136585,0.023776,205.0,Mexico,MEX,MEX,20210208
0.625367,0.047505,0.640777,0.047926,103.0,Poland,POL,POL,20210208
0.412978,0.042763,0.42963,0.042534,135.0,"Puerto Rico, U.S.",PRI,PRI,20210208
0.350267,0.036996,0.385057,0.03627,174.0,Romania,ROU,ROU,20210208
0.396171,0.037983,0.404762,0.037848,168.0,Russia,RUS,RUS,20210208
0.740867,0.040114,0.731707,0.039669,123.0,Spain,ESP,ESP,20210208
0.231931,0.043899,0.264706,0.041997,102.0,Sweden,SWE,SWE,20210208
0.559805,0.038695,0.554217,0.038646,166.0,United Arab Emirates,ARE,ARE,20210208
0.036776,0.007919,0.036036,0.007996,555.0,United Kingdom,GBR,GBR,20210208
0.073457,0.010363,0.057426,0.011621,505.0,Brazil,BRA,BRA,20210209
0.077588,0.025155,0.078261,0.025056,115.0,Chile,CHL,CHL,20210209
0.345974,0.032589,0.345794,0.032593,214.0,France,FRA,FRA,20210209
0.520988,0.031006,0.544402,0.031101,259.0,Germany,DEU,DEU,20210209
0.095844,0.017579,0.084,0.018655,250.0,India,IND,IND,20210209
0.266521,0.042365,0.259259,0.042743,108.0,Indonesia,IDN,IDN,20210209
0.707142,0.014874,0.774684,0.016201,790.0,Israel,ISR,ISR,20210209
0.831296,0.019922,0.843844,0.020553,333.0,Italy,ITA,ITA,20210209
0.100126,0.025398,0.142105,0.021834,190.0,Mexico,MEX,MEX,20210209
0.527465,0.045567,0.528926,0.045575,121.0,Poland,POL,POL,20210209
0.503005,0.045426,0.566667,0.045834,120.0,"Puerto Rico, U.S.",PRI,PRI,20210209
0.540967,0.035252,0.562814,0.035414,199.0,Romania,ROU,ROU,20210209
0.299809,0.039058,0.463415,0.035887,164.0,Russia,RUS,RUS,20210209
0.698435,0.039993,0.688889,0.039646,135.0,Spain,ESP,ESP,20210209
0.2647,0.041587,0.285714,0.040613,119.0,Sweden,SWE,SWE,20210209
0.468871,0.040419,0.506494,0.040344,154.0,United Arab Emirates,ARE,ARE,20210209
0.030679,0.006902,0.029703,0.007011,606.0,United Kingdom,GBR,GBR,20210209
0.086982,0.011249,0.074818,0.012049,548.0,Brazil,BRA,BRA,20210210
0.057252,0.018816,0.064327,0.017818,171.0,Chile,CHL,CHL,20210210
0.382653,0.034771,0.396985,0.034541,199.0,France,FRA,FRA,20210210
0.574907,0.031448,0.598361,0.031713,244.0,Germany,DEU,DEU,20210210
0.090001,0.014727,0.05,0.019338,220.0,India,IND,IND,20210210
0.383491,0.045879,0.342593,0.047006,108.0,Indonesia,IDN,IDN,20210210
0.688338,0.015204,0.778075,0.016947,748.0,Israel,ISR,ISR,20210210
0.800516,0.020701,0.82029,0.021546,345.0,Italy,ITA,ITA,20210210
0.131896,0.028116,0.158824,0.026029,170.0,Mexico,MEX,MEX,20210210
0.671601,0.042577,0.640625,0.041673,128.0,Poland,POL,POL,20210210
0.422164,0.040693,0.418919,0.040737,148.0,"Puerto Rico, U.S.",PRI,PRI,20210210
0.530144,0.035973,0.573684,0.036303,190.0,Romania,ROU,ROU,20210210
0.302093,0.039343,0.407643,0.036763,157.0,Russia,RUS,RUS,20210210
0.686131,0.039004,0.675862,0.038672,145.0,Spain,ESP,ESP,20210210
0.336175,0.041667,0.333333,0.041755,129.0,Sweden,SWE,SWE,20210210
0.583503,0.037585,0.583815,0.037589,173.0,United Arab Emirates,ARE,ARE,20210210
0.039346,0.007819,0.038206,0.00793,602.0,United Kingdom,GBR,GBR,20210210
0.098774,0.013833,0.102083,0.013632,480.0,Brazil,BRA,BRA,20210211
0.094821,0.024164,0.126316,0.02131,190.0,Chile,CHL,CHL,20210211
0.396394,0.03566,0.408377,0.035487,191.0,France,FRA,FRA,20210211
0.564536,0.034213,0.594203,0.034545,207.0,Germany,DEU,DEU,20210211
0.05329,0.014131,0.054264,0.014011,258.0,India,IND,IND,20210211
0.284318,0.04341,0.284404,0.043406,109.0,Indonesia,IDN,IDN,20210211
0.691699,0.015273,0.784828,0.017162,725.0,Israel,ISR,ISR,20210211
0.792103,0.021821,0.802395,0.022238,334.0,Italy,ITA,ITA,20210211
0.139306,0.02842,0.160714,0.026795,168.0,Mexico,MEX,MEX,20210211
0.502135,0.047883,0.490909,0.047891,110.0,Poland,POL,POL,20210211
0.391454,0.043439,0.44697,0.042643,132.0,"Puerto Rico, U.S.",PRI,PRI,20210211
0.571632,0.034798,0.595,0.035078,200.0,Romania,ROU,ROU,20210211
0.299863,0.037536,0.397661,0.035142,171.0,Russia,RUS,RUS,20210211
0.665212,0.040056,0.669065,0.040172,139.0,Spain,ESP,ESP,20210211
0.358533,0.043293,0.390625,0.042555,128.0,Sweden,SWE,SWE,20210211
0.651037,0.03744,0.608187,0.036557,171.0,United Arab Emirates,ARE,ARE,20210211
0.021107,0.006997,0.028369,0.006058,564.0,United Kingdom,GBR,GBR,20210211
0.049597,0.023801,0.064815,0.020989,108.0,Bangladesh,BGD,BGD,20210212
0.11245,0.011474,0.117048,0.011276,786.0,Brazil,BRA,BRA,20210212
0.390924,0.043172,0.412214,0.042797,131.0,Canada,CAN,CAN,20210212
0.082653,0.016731,0.101227,0.015274,326.0,Chile,CHL,CHL,20210212
0.451759,0.027566,0.5,0.027437,330.0,France,FRA,FRA,20210212
0.654312,0.025083,0.657382,0.025136,359.0,Germany,DEU,DEU,20210212
0.547491,0.041835,0.538462,0.041769,143.0,Hungary,HUN,HUN,20210212
0.022349,0.011776,0.045016,0.008395,311.0,India,IND,IND,20210212
0.385174,0.041606,0.353383,0.042356,133.0,Indonesia,IDN,IDN,20210212
0.69467,0.013248,0.779592,0.014719,980.0,Israel,ISR,ISR,20210212
0.816699,0.016535,0.804159,0.016121,577.0,Italy,ITA,ITA,20210212
0.140857,0.024384,0.189189,0.021658,259.0,Mexico,MEX,MEX,20210212
0.423324,0.04782,0.472727,0.047325,110.0,Netherlands,NLD,NLD,20210212
0.588231,0.039255,0.631579,0.040051,152.0,Poland,POL,POL,20210212
0.551132,0.048658,0.592233,0.049248,103.0,Portugal,PRT,PRT,20210212
0.488924,0.039163,0.5,0.039153,164.0,"Puerto Rico, U.S.",PRI,PRI,20210212
0.573331,0.029784,0.642308,0.030733,260.0,Romania,ROU,ROU,20210212
0.416788,0.03402,0.497696,0.033546,217.0,Russia,RUS,RUS,20210212
0.332909,0.044439,0.369748,0.043382,119.0,Serbia,SRB,SRB,20210212
0.738411,0.030225,0.731481,0.029974,216.0,Spain,ESP,ESP,20210212
0.444328,0.037568,0.406977,0.037998,172.0,Sweden,SWE,SWE,20210212
0.375112,0.046423,0.40708,0.045748,113.0,Turkey,TUR,TUR,20210212
0.583431,0.032671,0.604444,0.032939,225.0,United Arab Emirates,ARE,ARE,20210212
0.040419,0.006036,0.035827,0.006396,949.0,United Kingdom,GBR,GBR,20210212
0.008687,0.01353,0.023622,0.008267,127.0,Bangladesh,BGD,BGD,20210213
0.169041,0.014313,0.162406,0.014545,665.0,Brazil,BRA,BRA,20210213
0.323431,0.044493,0.364407,0.043247,118.0,Canada,CAN,CAN,20210213
0.102059,0.018354,0.108014,0.017901,287.0,Chile,CHL,CHL,20210213
0.42622,0.026952,0.47093,0.026702,344.0,France,FRA,FRA,20210213
0.621137,0.026227,0.639881,0.026504,336.0,Germany,DEU,DEU,20210213
0.51478,0.043939,0.530769,0.044003,130.0,Hungary,HUN,HUN,20210213
0.034893,0.014374,0.071429,0.010242,322.0,India,IND,IND,20210213
0.552189,0.043807,0.409449,0.0443,127.0,Indonesia,IDN,IDN,20210213
0.704447,0.01204,0.782794,0.013323,1174.0,Israel,ISR,ISR,20210213
0.761701,0.018182,0.766114,0.0183,543.0,Italy,ITA,ITA,20210213
0.155816,0.027568,0.201878,0.024909,213.0,Mexico,MEX,MEX,20210213
0.66439,0.034849,0.638743,0.034257,191.0,Poland,POL,POL,20210213
0.529104,0.03691,0.586592,0.037413,179.0,"Puerto Rico, U.S.",PRI,PRI,20210213
0.629244,0.028343,0.675182,0.029233,274.0,Romania,ROU,ROU,20210213
0.369773,0.030568,0.451128,0.029655,266.0,Russia,RUS,RUS,20210213
0.707115,0.034014,0.695652,0.033641,184.0,Spain,ESP,ESP,20210213
0.316013,0.03916,0.353333,0.038088,150.0,Sweden,SWE,SWE,20210213
0.33891,0.039111,0.408805,0.037657,159.0,Turkey,TUR,TUR,20210213
0.655961,0.030952,0.631148,0.030475,244.0,United Arab Emirates,ARE,ARE,20210213
0.025054,0.005877,0.032151,0.005207,902.0,United Kingdom,GBR,GBR,20210213
0.012384,0.01913,0.038835,0.01095,103.0,Bangladesh,BGD,BGD,20210214
0.145856,0.0143,0.156347,0.013898,646.0,Brazil,BRA,BRA,20210214
0.449182,0.049257,0.490385,0.049011,104.0,Canada,CAN,CAN,20210214
0.116059,0.020538,0.125954,0.019826,262.0,Chile,CHL,CHL,20210214
0.410767,0.029331,0.444444,0.02904,288.0,France,FRA,FRA,20210214
0.619925,0.027312,0.616352,0.027263,318.0,Germany,DEU,DEU,20210214
0.45045,0.045675,0.458333,0.045609,120.0,Hungary,HUN,HUN,20210214
0.070387,0.017856,0.091603,0.015834,262.0,India,IND,IND,20210214
0.323747,0.043431,0.352459,0.042537,122.0,Indonesia,IDN,IDN,20210214
0.717484,0.012693,0.797607,0.014223,1003.0,Israel,ISR,ISR,20210214
0.756743,0.019994,0.753219,0.019897,466.0,Italy,ITA,ITA,20210214
0.217459,0.032785,0.21875,0.032715,160.0,Mexico,MEX,MEX,20210214
0.669294,0.038695,0.697183,0.03962,142.0,Poland,POL,POL,20210214
0.392747,0.042734,0.441176,0.042031,136.0,"Puerto Rico, U.S.",PRI,PRI,20210214
0.649497,0.030656,0.683983,0.031461,231.0,Romania,ROU,ROU,20210214
0.319891,0.032043,0.460905,0.029984,243.0,Russia,RUS,RUS,20210214
0.439375,0.046409,0.487179,0.046081,117.0,Serbia,SRB,SRB,20210214
0.70753,0.034075,0.684492,0.033355,187.0,Spain,ESP,ESP,20210214
0.482613,0.039575,0.46875,0.039629,160.0,Sweden,SWE,SWE,20210214
0.382921,0.041588,0.411348,0.041083,141.0,Turkey,TUR,TUR,20210214
0.709841,0.035214,0.704142,0.035014,169.0,United Arab Emirates,ARE,ARE,20210214
0.029033,0.00646,0.034134,0.005974,791.0,United Kingdom,GBR,GBR,20210214
0.070948,0.014079,0.02459,0.02334,122.0,Bangladesh,BGD,BGD,20210215
0.174485,0.014937,0.18649,0.014554,681.0,Brazil,BRA,BRA,20210215
0.048809,0.013866,0.055147,0.013089,272.0,Chile,CHL,CHL,20210215
0.421521,0.030162,0.441176,0.029996,272.0,France,FRA,FRA,20210215
0.608948,0.02995,0.606742,0.02992,267.0,Germany,DEU,DEU,20210215
0.615042,0.043919,0.612903,0.043874,124.0,Hungary,HUN,HUN,20210215
0.148566,0.018565,0.114865,0.020707,296.0,India,IND,IND,20210215
0.396922,0.04431,0.448819,0.043587,127.0,Indonesia,IDN,IDN,20210215
0.736637,0.013582,0.783696,0.014529,920.0,Israel,ISR,ISR,20210215
0.742433,0.020853,0.737668,0.02073,446.0,Italy,ITA,ITA,20210215
0.129437,0.027792,0.140127,0.026876,157.0,Mexico,MEX,MEX,20210215
0.614824,0.039966,0.641379,0.040553,145.0,Poland,POL,POL,20210215
0.486779,0.038195,0.476744,0.038223,172.0,"Puerto Rico, U.S.",PRI,PRI,20210215
0.705043,0.031028,0.705069,0.031028,217.0,Romania,ROU,ROU,20210215
0.343893,0.032049,0.450413,0.030598,242.0,Russia,RUS,RUS,20210215
0.534582,0.048086,0.584906,0.048678,106.0,Serbia,SRB,SRB,20210215
0.708046,0.035014,0.721212,0.035503,165.0,Spain,ESP,ESP,20210215
0.456266,0.041379,0.496599,0.041222,147.0,Sweden,SWE,SWE,20210215
0.329466,0.042829,0.401515,0.041066,132.0,Turkey,TUR,TUR,20210215
0.659808,0.034918,0.681564,0.035511,179.0,United Arab Emirates,ARE,ARE,20210215
0.030642,0.006574,0.034749,0.006187,777.0,United Kingdom,GBR,GBR,20210215
0.025209,0.013112,0.02649,0.012799,151.0,Bangladesh,BGD,BGD,20210216
0.227987,0.01513,0.222222,0.015268,756.0,Brazil,BRA,BRA,20210216
0.030942,0.01028,0.033003,0.009964,303.0,Chile,CHL,CHL,20210216
0.477046,0.0306,0.5,0.030567,268.0,France,FRA,FRA,20210216
0.555787,0.028966,0.622776,0.029694,281.0,Germany,DEU,DEU,20210216
0.574674,0.044795,0.556452,0.044578,124.0,Hungary,HUN,HUN,20210216
0.096781,0.018152,0.110368,0.017127,299.0,India,IND,IND,20210216
0.457052,0.044509,0.480315,0.044379,127.0,Indonesia,IDN,IDN,20210216
0.688662,0.013158,0.795117,0.015095,942.0,Israel,ISR,ISR,20210216
0.725768,0.02217,0.715663,0.021926,415.0,Italy,ITA,ITA,20210216
0.174511,0.028782,0.169591,0.02911,171.0,Mexico,MEX,MEX,20210216
0.604231,0.041782,0.585714,0.041478,140.0,Poland,POL,POL,20210216
0.526894,0.037713,0.590643,0.038293,171.0,"Puerto Rico, U.S.",PRI,PRI,20210216
0.711289,0.028787,0.760181,0.030552,221.0,Romania,ROU,ROU,20210216
0.441892,0.033185,0.495614,0.032961,228.0,Russia,RUS,RUS,20210216
0.653307,0.043214,0.666667,0.043627,120.0,Serbia,SRB,SRB,20210216
0.704898,0.033366,0.744186,0.034878,172.0,Spain,ESP,ESP,20210216
0.484986,0.041835,0.538462,0.04194,143.0,Sweden,SWE,SWE,20210216
0.359357,0.038185,0.376543,0.037814,162.0,Turkey,TUR,TUR,20210216
0.72804,0.032308,0.717949,0.031947,195.0,United Arab Emirates,ARE,ARE,20210216
0.026489,0.006667,0.035248,0.005806,766.0,United Kingdom,GBR,GBR,20210216
0.012209,0.012459,0.021739,0.009382,138.0,Bangladesh,BGD,BGD,20210217
0.25064,0.016618,0.266573,0.016287,709.0,Brazil,BRA,BRA,20210217
0.527643,0.04811,0.504587,0.048039,109.0,Canada,CAN,CAN,20210217
0.05579,0.013477,0.06051,0.012973,314.0,Chile,CHL,CHL,20210217
0.52664,0.029411,0.541667,0.029472,288.0,France,FRA,FRA,20210217
0.635987,0.027021,0.646497,0.027196,314.0,Germany,DEU,DEU,20210217
0.616529,0.043443,0.601563,0.043146,128.0,Hungary,HUN,HUN,20210217
0.146578,0.021239,0.150877,0.020987,285.0,India,IND,IND,20210217
0.399418,0.043894,0.44186,0.043291,129.0,Indonesia,IDN,IDN,20210217
0.739512,0.013465,0.800454,0.014787,882.0,Israel,ISR,ISR,20210217
0.747428,0.021239,0.721973,0.020597,446.0,Italy,ITA,ITA,20210217
0.179819,0.029635,0.219388,0.027501,196.0,Mexico,MEX,MEX,20210217
0.629775,0.038528,0.604938,0.038055,162.0,Poland,POL,POL,20210217
0.585386,0.037508,0.589595,0.037565,173.0,"Puerto Rico, U.S.",PRI,PRI,20210217
0.669668,0.031302,0.695853,0.032002,217.0,Romania,ROU,ROU,20210217
0.426806,0.032571,0.562232,0.032473,233.0,Russia,RUS,RUS,20210217
0.695844,0.045224,0.682243,0.044684,107.0,Serbia,SRB,SRB,20210217
0.733889,0.035157,0.73125,0.035047,160.0,Spain,ESP,ESP,20210217
0.508448,0.038195,0.523256,0.03823,172.0,Sweden,SWE,SWE,20210217
0.28456,0.03445,0.291429,0.034206,175.0,Turkey,TUR,TUR,20210217
0.682698,0.034958,0.714286,0.036016,168.0,United Arab Emirates,ARE,ARE,20210217
0.03008,0.006484,0.034264,0.006089,788.0,United Kingdom,GBR,GBR,20210217
0.009218,0.007092,0.007092,0.008077,141.0,Bangladesh,BGD,BGD,20210218
0.291163,0.017527,0.294985,0.01746,678.0,Brazil,BRA,BRA,20210218
0.058823,0.012779,0.058824,0.012779,340.0,Chile,CHL,CHL,20210218
0.500927,0.029872,0.532143,0.029934,280.0,France,FRA,FRA,20210218
0.649576,0.02641,0.674051,0.026882,316.0,Germany,DEU,DEU,20210218
0.525902,0.039683,0.534591,0.039724,159.0,Hungary,HUN,HUN,20210218
0.149265,0.021434,0.144444,0.021727,270.0,India,IND,IND,20210218
0.628629,0.04868,0.576923,0.047608,104.0,Indonesia,IDN,IDN,20210218
0.726174,0.013133,0.815578,0.015101,873.0,Israel,ISR,ISR,20210218
0.704319,0.020231,0.727835,0.020743,485.0,Italy,ITA,ITA,20210218
0.382994,0.032541,0.466102,0.031711,236.0,Mexico,MEX,MEX,20210218
0.575824,0.039889,0.598684,0.040219,152.0,Poland,POL,POL,20210218
0.537231,0.040943,0.543624,0.040986,149.0,"Puerto Rico, U.S.",PRI,PRI,20210218
0.672742,0.028025,0.68231,0.028243,277.0,Romania,ROU,ROU,20210218
0.547691,0.031153,0.630705,0.032128,241.0,Russia,RUS,RUS,20210218
0.669337,0.0421,0.646154,0.041421,130.0,Serbia,SRB,SRB,20210218
0.536043,0.037576,0.565714,0.037806,175.0,Spain,ESP,ESP,20210218
0.497685,0.03743,0.544944,0.037582,178.0,Sweden,SWE,SWE,20210218
0.329809,0.034737,0.356021,0.034108,191.0,Turkey,TUR,TUR,20210218
0.758861,0.035835,0.736842,0.034812,152.0,United Arab Emirates,ARE,ARE,20210218
0.031996,0.006993,0.040994,0.006207,805.0,United Kingdom,GBR,GBR,20210218
0.001525,0.009036,0.012821,0.003134,156.0,Bangladesh,BGD,BGD,20210219
0.343413,0.018124,0.348266,0.018064,692.0,Brazil,BRA,BRA,20210219
0.400513,0.046742,0.469565,0.045893,115.0,Canada,CAN,CAN,20210219
0.069938,0.013752,0.066667,0.014061,330.0,Chile,CHL,CHL,20210219
0.568127,0.029413,0.592857,0.029655,280.0,France,FRA,FRA,20210219
0.604108,0.027671,0.636964,0.028141,303.0,Germany,DEU,DEU,20210219
0.5105,0.043097,0.466667,0.043184,135.0,Hungary,HUN,HUN,20210219
0.19707,0.022325,0.175258,0.023359,291.0,India,IND,IND,20210219
0.570918,0.04786,0.518182,0.047407,110.0,Indonesia,IDN,IDN,20210219
0.754276,0.013548,0.824873,0.015346,788.0,Israel,ISR,ISR,20210219
0.686648,0.021932,0.684444,0.021891,450.0,Italy,ITA,ITA,20210219
0.483338,0.033046,0.573333,0.033389,225.0,Mexico,MEX,MEX,20210219
0.608275,0.037757,0.638037,0.038352,163.0,Poland,POL,POL,20210219
0.618075,0.037291,0.610465,0.037155,172.0,"Puerto Rico, U.S.",PRI,PRI,20210219
0.725631,0.027885,0.743902,0.028506,246.0,Romania,ROU,ROU,20210219
0.583741,0.033672,0.571429,0.03354,217.0,Russia,RUS,RUS,20210219
0.653206,0.045951,0.625,0.045175,112.0,Serbia,SRB,SRB,20210219
0.742555,0.037299,0.706667,0.035819,150.0,Spain,ESP,ESP,20210219
0.495072,0.037561,0.516854,0.03758,178.0,Sweden,SWE,SWE,20210219
0.306176,0.032133,0.29902,0.032349,204.0,Turkey,TUR,TUR,20210219
0.806798,0.032877,0.769697,0.030829,165.0,United Arab Emirates,ARE,ARE,20210219
0.020923,0.005979,0.030952,0.004941,840.0,United Kingdom,GBR,GBR,20210219
0.01657,0.01133,0.022857,0.009677,175.0,Bangladesh,BGD,BGD,20210220
0.336172,0.017763,0.340813,0.017704,713.0,Brazil,BRA,BRA,20210220
0.039537,0.009565,0.030675,0.010809,326.0,Chile,CHL,CHL,20210220
0.527132,0.02953,0.538462,0.029574,286.0,France,FRA,FRA,20210220
0.607185,0.025128,0.620321,0.025287,374.0,Germany,DEU,DEU,20210220
0.55802,0.037974,0.522989,0.037757,174.0,Hungary,HUN,HUN,20210220
0.131368,0.023345,0.192308,0.02001,286.0,India,IND,IND,20210220
0.585641,0.047376,0.587156,0.047402,109.0,Indonesia,IDN,IDN,20210220
0.799511,0.011957,0.850562,0.013428,890.0,Israel,ISR,ISR,20210220
0.663112,0.021209,0.669371,0.021309,493.0,Italy,ITA,ITA,20210220
0.52783,0.030675,0.558935,0.030842,263.0,Mexico,MEX,MEX,20210220
0.558303,0.039213,0.549383,0.039137,162.0,Poland,POL,POL,20210220
0.525802,0.048382,0.580952,0.048964,105.0,Portugal,PRT,PRT,20210220
0.553417,0.038593,0.575758,0.03882,165.0,"Puerto Rico, U.S.",PRI,PRI,20210220
0.745944,0.02644,0.73741,0.026156,278.0,Romania,ROU,ROU,20210220
0.53622,0.031601,0.60166,0.03219,241.0,Russia,RUS,RUS,20210220
0.548871,0.043939,0.530769,0.043812,130.0,Serbia,SRB,SRB,20210220
0.626325,0.036451,0.627119,0.036466,177.0,Spain,ESP,ESP,20210220
0.464157,0.039357,0.524691,0.039304,162.0,Sweden,SWE,SWE,20210220
0.315981,0.034853,0.390863,0.033208,197.0,Turkey,TUR,TUR,20210220
0.747564,0.036197,0.72549,0.035235,153.0,United Arab Emirates,ARE,ARE,20210220
0.022734,0.00634,0.034731,0.005161,835.0,United Kingdom,GBR,GBR,20210220
0.577167,0.045455,0.545455,0.045097,121.0,Argentina,ARG,ARG,20210221
0.02101,0.013112,0.02649,0.01171,151.0,Bangladesh,BGD,BGD,20210221
0.360336,0.017121,0.336828,0.017392,763.0,Brazil,BRA,BRA,20210221
0.433123,0.048562,0.504673,0.048128,107.0,Canada,CAN,CAN,20210221
0.058629,0.0134,0.072193,0.012164,374.0,Chile,CHL,CHL,20210221
0.515764,0.029283,0.5625,0.029499,288.0,France,FRA,FRA,20210221
0.539666,0.02568,0.612188,0.026269,361.0,Germany,DEU,DEU,20210221
0.581695,0.03624,0.542105,0.035881,190.0,Hungary,HUN,HUN,20210221
0.210604,0.023828,0.206897,0.023985,290.0,India,IND,IND,20210221
0.493291,0.048094,0.513761,0.048108,109.0,Indonesia,IDN,IDN,20210221
0.755356,0.01312,0.815789,0.014549,874.0,Israel,ISR,ISR,20210221
0.640021,0.020648,0.629562,0.020523,548.0,Italy,ITA,ITA,20210221
0.525725,0.031363,0.6,0.031967,245.0,Mexico,MEX,MEX,20210221
0.639165,0.03596,0.649718,0.0362,177.0,Poland,POL,POL,20210221
0.470453,0.049939,0.524752,0.049913,101.0,Portugal,PRT,PRT,20210221
0.640947,0.037784,0.641975,0.037807,162.0,"Puerto Rico, U.S.",PRI,PRI,20210221
0.714724,0.028166,0.684982,0.027379,273.0,Romania,ROU,ROU,20210221
0.542672,0.031335,0.559524,0.031445,252.0,Russia,RUS,RUS,20210221
0.638288,0.042834,0.615385,0.042305,130.0,Serbia,SRB,SRB,20210221
0.654426,0.03519,0.626316,0.034592,190.0,Spain,ESP,ESP,20210221
0.579639,0.037179,0.573034,0.037103,178.0,Sweden,SWE,SWE,20210221
0.306046,0.032961,0.338164,0.032109,207.0,Turkey,TUR,TUR,20210221
0.801125,0.035794,0.753425,0.033148,146.0,United Arab Emirates,ARE,ARE,20210221
0.026745,0.005832,0.033543,0.005226,954.0,United Kingdom,GBR,GBR,20210221
0.442344,0.047516,0.459459,0.047355,111.0,Argentina,ARG,ARG,20210222
0.01408,0.010371,0.018072,0.009172,166.0,Bangladesh,BGD,BGD,20210222
0.394971,0.018519,0.409348,0.018411,706.0,Brazil,BRA,BRA,20210222
0.462021,0.048545,0.485981,0.048424,107.0,Canada,CAN,CAN,20210222
0.077702,0.015791,0.088957,0.014849,326.0,Chile,CHL,CHL,20210222
0.573438,0.028568,0.587248,0.028698,298.0,France,FRA,FRA,20210222
0.649317,0.024983,0.670423,0.025362,355.0,Germany,DEU,DEU,20210222
0.583599,0.043074,0.583333,0.04307,132.0,Hungary,HUN,HUN,20210222
0.230899,0.023953,0.238994,0.023669,318.0,India,IND,IND,20210222
0.572554,0.044509,0.519685,0.044072,127.0,Indonesia,IDN,IDN,20210222
0.824351,0.011757,0.859429,0.012871,875.0,Israel,ISR,ISR,20210222
0.625303,0.021312,0.63035,0.021371,514.0,Italy,ITA,ITA,20210222
0.494343,0.030943,0.532567,0.031007,261.0,Mexico,MEX,MEX,20210222
0.573558,0.040703,0.606897,0.041213,145.0,Poland,POL,POL,20210222
0.668517,0.034802,0.701149,0.03579,174.0,"Puerto Rico, U.S.",PRI,PRI,20210222
0.708977,0.02713,0.704225,0.027001,284.0,Romania,ROU,ROU,20210222
0.53443,0.028636,0.598639,0.029141,294.0,Russia,RUS,RUS,20210222
0.580612,0.041949,0.560284,0.041705,141.0,Serbia,SRB,SRB,20210222
0.650935,0.036997,0.631579,0.036559,171.0,Spain,ESP,ESP,20210222
0.521525,0.036527,0.584699,0.037028,183.0,Sweden,SWE,SWE,20210222
0.293004,0.035766,0.290123,0.03587,162.0,Turkey,TUR,TUR,20210222
0.848734,0.036932,0.779528,0.031921,127.0,United Arab Emirates,ARE,ARE,20210222
0.025547,0.006286,0.036199,0.00531,884.0,United Kingdom,GBR,GBR,20210222
