Percent,Indicator,Date
0.002794,covid,20200501
0.0015480000000000001,covid,20200502
0.002116,covid,20200503
0.001526,covid,20200504
0.001222,covid,20200505
0.0022170000000000002,covid,20200506
0.002124,covid,20200507
0.001082,covid,20200508
0.001265,covid,20200509
0.000648,covid,20200510
0.001791,covid,20200511
0.001744,covid,20200512
0.0008210000000000001,covid,20200513
0.001668,covid,20200514
0.001117,covid,20200515
0.000712,covid,20200516
0.001139,covid,20200517
0.000868,covid,20200518
0.0019219999999999999,covid,20200519
0.00215,covid,20200520
0.00086,covid,20200521
0.000553,covid,20200522
0.002577,covid,20200523
0.001611,covid,20200524
0.001312,covid,20200525
0.001269,covid,20200526
0.0008820000000000001,covid,20200527
0.001188,covid,20200528
0.001164,covid,20200529
0.0036030000000000003,covid,20200530
0.00715,covid,20200531
0.000947,covid,20200601
0.00224,covid,20200602
0.000925,covid,20200603
0.002823,covid,20200604
0.002241,covid,20200605
0.002546,covid,20200606
0.001916,covid,20200607
0.002246,covid,20200608
0.001023,covid,20200609
0.0013160000000000001,covid,20200610
0.0020570000000000002,covid,20200611
0.001684,covid,20200612
0.000925,covid,20200613
0.001955,covid,20200614
0.001287,covid,20200615
0.001495,covid,20200616
0.000802,covid,20200617
0.001556,covid,20200618
0.001552,covid,20200619
0.000306,covid,20200620
0.000531,covid,20200621
0.000866,covid,20200622
0.000684,covid,20200623
0.0017420000000000003,covid,20200624
0.001796,covid,20200625
0.0009130000000000001,covid,20200626
0.001486,covid,20200627
0.001265,covid,20200628
0.00063,covid,20200629
0.0033399999999999997,covid,20200630
0.001106,covid,20200701
0.001936,covid,20200702
0.000723,covid,20200703
0.000686,covid,20200704
0.0010609999999999999,covid,20200705
0.0,covid,20200706
0.000919,covid,20200707
0.000936,covid,20200708
0.000959,covid,20200709
0.001831,covid,20200710
0.001007,covid,20200711
0.0015890000000000001,covid,20200712
0.001584,covid,20200713
0.000867,covid,20200714
0.0010890000000000001,covid,20200715
0.002591,covid,20200716
0.000308,covid,20200717
0.0015539999999999998,covid,20200718
0.00145,covid,20200719
0.001179,covid,20200720
0.001761,covid,20200721
0.000868,covid,20200722
0.001135,covid,20200723
0.0010710000000000001,covid,20200724
0.001463,covid,20200725
0.000433,covid,20200726
0.00186,covid,20200727
0.001274,covid,20200728
0.001004,covid,20200729
0.000932,covid,20200730
0.001456,covid,20200731
0.0033130000000000004,covid,20200801
0.0012699999999999999,covid,20200802
0.000942,covid,20200803
0.0008939999999999999,covid,20200804
0.000679,covid,20200805
0.001773,covid,20200806
0.001912,covid,20200807
0.001565,covid,20200808
0.004973,covid,20200809
0.001628,covid,20200810
0.001047,covid,20200811
0.0015300000000000001,covid,20200812
0.0011970000000000001,covid,20200813
0.000813,covid,20200814
0.002597,covid,20200815
0.002241,covid,20200816
0.001996,covid,20200817
0.001114,covid,20200818
0.0009050000000000001,covid,20200819
0.002325,covid,20200820
0.0038689999999999996,covid,20200821
0.002254,covid,20200822
0.004815,covid,20200823
0.0012720000000000001,covid,20200824
0.0020829999999999998,covid,20200825
0.002617,covid,20200826
0.002736,covid,20200827
0.001714,covid,20200828
0.002229,covid,20200829
0.0033060000000000003,covid,20200830
0.001923,covid,20200831
0.0035210000000000003,covid,20200901
0.001831,covid,20200902
0.002579,covid,20200903
0.003285,covid,20200904
0.0008710000000000001,covid,20200905
0.002072,covid,20200906
0.0020280000000000003,covid,20200907
0.006023,covid,20200908
0.002132,covid,20200909
0.001483,covid,20200910
0.0036659999999999996,covid,20200911
0.002262,covid,20200912
0.001884,covid,20200913
0.001726,covid,20200914
0.001766,covid,20200915
0.003072,covid,20200916
0.0032359999999999997,covid,20200917
0.001786,covid,20200918
0.0029920000000000003,covid,20200919
0.0032359999999999997,covid,20200920
0.00262,covid,20200921
0.002235,covid,20200922
0.0034990000000000004,covid,20200923
0.0019010000000000001,covid,20200924
0.0022440000000000003,covid,20200925
0.0034909999999999997,covid,20200926
0.0006230000000000001,covid,20200927
0.0037909999999999997,covid,20200928
0.002462,covid,20200929
0.0019370000000000001,covid,20200930
0.0035210000000000003,covid,20200901
0.001831,covid,20200902
0.002579,covid,20200903
0.003285,covid,20200904
0.0008710000000000001,covid,20200905
0.002072,covid,20200906
0.0020280000000000003,covid,20200907
0.006023,covid,20200908
0.002132,covid,20200909
0.003817,covid,20201010
0.003184,covid,20201011
0.004331000000000001,covid,20201012
0.004148,covid,20201013
0.003592,covid,20201014
0.00349,covid,20201015
0.002875,covid,20201016
0.005086,covid,20201017
0.0029850000000000002,covid,20201018
0.0032890000000000003,covid,20201019
0.004825,covid,20201020
0.004507,covid,20201021
0.006693000000000001,covid,20201022
0.009245999999999999,covid,20201023
0.0071849999999999995,covid,20201024
0.006273,covid,20201025
0.007198,covid,20201026
0.007204,covid,20201027
0.007776000000000001,covid,20201028
0.006208,covid,20201029
0.0053560000000000005,covid,20201030
0.013831999999999999,covid,20201031
0.002059,covid,20201001
0.003141,covid,20201002
0.002801,covid,20201003
0.003193,covid,20201004
0.003372,covid,20201005
0.001875,covid,20201006
0.0035659999999999997,covid,20201007
0.003925,covid,20201008
0.0019079999999999998,covid,20201009
0.0073290000000000004,covid,20201110
0.0058920000000000005,covid,20201111
0.008608,covid,20201112
0.0067150000000000005,covid,20201113
0.00555,covid,20201114
0.014049,covid,20201115
0.011082,covid,20201116
0.006365,covid,20201117
0.008002,covid,20201118
0.008154999999999999,covid,20201119
0.009829000000000001,covid,20201120
0.010536,covid,20201121
0.005099,covid,20201122
0.009601,covid,20201123
0.009138,covid,20201124
0.006514,covid,20201125
0.0032380000000000004,covid,20201126
0.007312999999999999,covid,20201127
0.006749,covid,20201128
0.006164,covid,20201129
0.007164,covid,20201130
0.008498,covid,20201101
0.0064340000000000005,covid,20201102
0.005959000000000001,covid,20201103
0.006626000000000001,covid,20201104
0.006204,covid,20201105
0.007749,covid,20201106
0.010284,covid,20201107
0.008105,covid,20201108
0.011391,covid,20201109
0.004914,covid,20201210
0.006962,covid,20201211
0.005187,covid,20201212
0.00772,covid,20201213
0.005116,covid,20201214
0.006016,covid,20201215
0.004912,covid,20201216
0.007108,covid,20201217
0.0045579999999999996,covid,20201218
0.005187,covid,20201219
0.0071200000000000005,covid,20201220
0.004683,covid,20201221
0.004589,covid,20201222
0.004211,covid,20201223
0.003297,covid,20201224
0.0035770000000000003,covid,20201225
0.009822,covid,20201226
0.003047,covid,20201227
0.005525,covid,20201228
0.005696,covid,20201229
0.005622,covid,20201230
0.005704,covid,20201231
0.006936,covid,20210101
0.00899,covid,20210102
0.004869,covid,20210103
0.004839,covid,20210104
0.005099,covid,20210105
0.004915999999999999,covid,20210106
0.005115,covid,20210107
0.009692000000000001,covid,20210108
0.004797999999999999,covid,20210109
0.004189,covid,20210110
0.004268999999999999,covid,20210111
0.007156,covid,20210112
0.004034,covid,20210113
0.005091,covid,20210114
0.005599,covid,20210115
0.0050799999999999994,covid,20210116
0.002972,covid,20210117
0.007022,covid,20210118
0.004606,covid,20210119
0.0038520000000000004,covid,20210120
0.00506,covid,20210121
0.003447,covid,20210122
0.005303,covid,20210123
0.002072,covid,20210124
0.003163,covid,20210125
0.00445,covid,20210126
0.00528,covid,20210127
0.0032450000000000005,covid,20210128
0.004168,covid,20210129
0.006428,covid,20210130
0.004218,covid,20210131
0.002571,covid,20210201
0.0059689999999999995,covid,20210202
0.006261,covid,20210203
0.004861,covid,20210204
0.005161,covid,20210205
0.006475,covid,20210206
0.004312,covid,20210207
0.0037329999999999998,covid,20210208
0.004802000000000001,covid,20210209
0.004743,covid,20210210
0.004429,covid,20210211
0.004318,covid,20210212
0.005159,covid,20210213
0.005471,covid,20210214
0.0059240000000000004,covid,20210215
0.003134,covid,20210216
0.003625,covid,20210217
0.004633,covid,20210218
0.005143,covid,20210219
0.0054789999999999995,covid,20210220
0.0036829999999999996,covid,20210221
0.0049039999999999995,covid,20210222
0.003841,flu,20200501
0.0015480000000000001,flu,20200502
0.0027489999999999997,flu,20200503
0.003539,flu,20200504
0.001552,flu,20200505
0.0028079999999999997,flu,20200506
0.002169,flu,20200507
0.001338,flu,20200508
0.001809,flu,20200509
0.001245,flu,20200510
0.00168,flu,20200511
0.0019030000000000002,flu,20200512
0.001256,flu,20200513
0.00213,flu,20200514
0.0018920000000000002,flu,20200515
0.000975,flu,20200516
0.002177,flu,20200517
0.0016870000000000001,flu,20200518
0.002248,flu,20200519
0.0021969999999999997,flu,20200520
0.0024170000000000003,flu,20200521
0.001334,flu,20200522
0.003348,flu,20200523
0.002241,flu,20200524
0.002853,flu,20200525
0.001384,flu,20200526
0.0010220000000000001,flu,20200527
0.001356,flu,20200528
0.001745,flu,20200529
0.003665,flu,20200530
0.007012000000000001,flu,20200531
0.001153,flu,20200601
0.001471,flu,20200602
0.0013210000000000001,flu,20200603
0.002945,flu,20200604
0.002137,flu,20200605
0.001418,flu,20200606
0.001894,flu,20200607
0.002872,flu,20200608
0.0013599999999999999,flu,20200609
0.0017879999999999999,flu,20200610
0.001448,flu,20200611
0.002382,flu,20200612
0.001194,flu,20200613
0.002396,flu,20200614
0.001534,flu,20200615
0.001917,flu,20200616
0.0011539999999999999,flu,20200617
0.001997,flu,20200618
0.001772,flu,20200619
0.000543,flu,20200620
0.000557,flu,20200621
0.000742,flu,20200622
0.001145,flu,20200623
0.005378,flu,20200624
0.00084,flu,20200625
0.000833,flu,20200626
0.0018920000000000002,flu,20200627
0.0015710000000000001,flu,20200628
0.000755,flu,20200629
0.003104,flu,20200630
0.000826,flu,20200701
0.001999,flu,20200702
0.0007830000000000001,flu,20200703
0.000964,flu,20200704
0.0012779999999999998,flu,20200705
0.000262,flu,20200706
0.0014140000000000001,flu,20200707
0.001233,flu,20200708
0.001756,flu,20200709
0.00328,flu,20200710
0.001196,flu,20200711
0.002555,flu,20200712
0.001737,flu,20200713
0.001486,flu,20200714
0.002339,flu,20200715
0.001713,flu,20200716
0.00045999999999999996,flu,20200717
0.001,flu,20200718
0.001736,flu,20200719
0.0015429999999999999,flu,20200720
0.0016420000000000002,flu,20200721
0.001062,flu,20200722
0.0014119999999999998,flu,20200723
0.0010710000000000001,flu,20200724
0.0021969999999999997,flu,20200725
0.000992,flu,20200726
0.002291,flu,20200727
0.001471,flu,20200728
0.0017760000000000002,flu,20200729
0.000932,flu,20200730
0.001962,flu,20200731
0.003674,flu,20200801
0.001607,flu,20200802
0.001241,flu,20200803
0.0010810000000000001,flu,20200804
0.0012779999999999998,flu,20200805
0.003861,flu,20200806
0.002238,flu,20200807
0.0021739999999999997,flu,20200808
0.0013449999999999998,flu,20200809
0.001983,flu,20200810
0.001552,flu,20200811
0.002195,flu,20200812
0.001754,flu,20200813
0.001438,flu,20200814
0.003016,flu,20200815
0.0026379999999999997,flu,20200816
0.002136,flu,20200817
0.00162,flu,20200818
0.001285,flu,20200819
0.00279,flu,20200820
0.00474,flu,20200821
0.002349,flu,20200822
0.005799,flu,20200823
0.001442,flu,20200824
0.003091,flu,20200825
0.002704,flu,20200826
0.002876,flu,20200827
0.002852,flu,20200828
0.0024170000000000003,flu,20200829
0.003817,flu,20200830
0.001907,flu,20200831
0.004108,flu,20200901
0.003188,flu,20200902
0.003144,flu,20200903
0.0043100000000000005,flu,20200904
0.001239,flu,20200905
0.002207,flu,20200906
0.001786,flu,20200907
0.006084,flu,20200908
0.002644,flu,20200909
0.0013880000000000001,flu,20200910
0.003824,flu,20200911
0.002601,flu,20200912
0.002096,flu,20200913
0.001726,flu,20200914
0.001794,flu,20200915
0.0033009999999999997,flu,20200916
0.004605,flu,20200917
0.001882,flu,20200918
0.003588,flu,20200919
0.003743,flu,20200920
0.003389,flu,20200921
0.002282,flu,20200922
0.003904,flu,20200923
0.002493,flu,20200924
0.0033710000000000003,flu,20200925
0.004268,flu,20200926
0.001562,flu,20200927
0.0045119999999999995,flu,20200928
0.003655,flu,20200929
0.0033729999999999997,flu,20200930
0.004108,flu,20200901
0.003188,flu,20200902
0.003144,flu,20200903
0.0043100000000000005,flu,20200904
0.001239,flu,20200905
0.002207,flu,20200906
0.001786,flu,20200907
0.006084,flu,20200908
0.002644,flu,20200909
0.004822,flu,20201010
0.0032670000000000004,flu,20201011
0.004182,flu,20201012
0.004335,flu,20201013
0.004327,flu,20201014
0.004854,flu,20201015
0.0032020000000000004,flu,20201016
0.006517,flu,20201017
0.0045899999999999995,flu,20201018
0.003892,flu,20201019
0.00527,flu,20201020
0.005383,flu,20201021
0.006808,flu,20201022
0.010313,flu,20201023
0.007772,flu,20201024
0.007031999999999999,flu,20201025
0.009022,flu,20201026
0.007481999999999999,flu,20201027
0.00894,flu,20201028
0.008577,flu,20201029
0.006692,flu,20201030
0.014180000000000002,flu,20201031
0.002879,flu,20201001
0.0027170000000000002,flu,20201002
0.002547,flu,20201003
0.003137,flu,20201004
0.004079999999999999,flu,20201005
0.002872,flu,20201006
0.0037670000000000004,flu,20201007
0.004607,flu,20201008
0.0028280000000000002,flu,20201009
0.008046,flu,20201110
0.007382,flu,20201111
0.009617,flu,20201112
0.008117000000000001,flu,20201113
0.006663,flu,20201114
0.01551,flu,20201115
0.010267,flu,20201116
0.0075829999999999995,flu,20201117
0.008012,flu,20201118
0.008907,flu,20201119
0.009094,flu,20201120
0.011432,flu,20201121
0.006449,flu,20201122
0.009616,flu,20201123
0.010371,flu,20201124
0.006887999999999999,flu,20201125
0.003625,flu,20201126
0.00839,flu,20201127
0.007797,flu,20201128
0.0069,flu,20201129
0.00793,flu,20201130
0.010138,flu,20201101
0.007387,flu,20201102
0.007142,flu,20201103
0.008921,flu,20201104
0.007154000000000001,flu,20201105
0.008661,flu,20201106
0.01121,flu,20201107
0.008923,flu,20201108
0.011965,flu,20201109
0.0057280000000000005,flu,20201210
0.007926,flu,20201211
0.006823,flu,20201212
0.007081999999999999,flu,20201213
0.006129,flu,20201214
0.006406,flu,20201215
0.0055,flu,20201216
0.006459,flu,20201217
0.004692,flu,20201218
0.006247,flu,20201219
0.007409999999999999,flu,20201220
0.005801,flu,20201221
0.004476,flu,20201222
0.005723,flu,20201223
0.004201,flu,20201224
0.003846,flu,20201225
0.009021,flu,20201226
0.0037070000000000002,flu,20201227
0.005475,flu,20201228
0.006742000000000001,flu,20201229
0.006790000000000001,flu,20201230
0.005785,flu,20201231
0.006677,flu,20210101
0.009381,flu,20210102
0.005364,flu,20210103
0.005631000000000001,flu,20210104
0.006363000000000001,flu,20210105
0.005062,flu,20210106
0.005705,flu,20210107
0.009641,flu,20210108
0.004374,flu,20210109
0.0067870000000000005,flu,20210110
0.004168,flu,20210111
0.007638,flu,20210112
0.004074,flu,20210113
0.0047,flu,20210114
0.006803,flu,20210115
0.00865,flu,20210116
0.0040869999999999995,flu,20210117
0.008386,flu,20210118
0.004186,flu,20210119
0.004186,flu,20210120
0.0061329999999999996,flu,20210121
0.004628,flu,20210122
0.006539,flu,20210123
0.0022440000000000003,flu,20210124
0.004490999999999999,flu,20210125
0.004423,flu,20210126
0.006072999999999999,flu,20210127
0.003355,flu,20210128
0.004534000000000001,flu,20210129
0.006622,flu,20210130
0.004898,flu,20210131
0.002682,flu,20210201
0.006423000000000001,flu,20210202
0.007378,flu,20210203
0.00511,flu,20210204
0.005695,flu,20210205
0.005821,flu,20210206
0.002473,flu,20210207
0.004453,flu,20210208
0.0052759999999999994,flu,20210209
0.004681,flu,20210210
0.004399,flu,20210211
0.005286,flu,20210212
0.00672,flu,20210213
0.005197,flu,20210214
0.006055,flu,20210215
0.0038179999999999998,flu,20210216
0.004792,flu,20210217
0.004142,flu,20210218
0.005246,flu,20210219
0.006802,flu,20210220
0.0042369999999999994,flu,20210221
0.004268999999999999,flu,20210222
0.802924,mask,20200501
0.798818,mask,20200502
0.822559,mask,20200503
0.837543,mask,20200504
0.8532,mask,20200505
0.869411,mask,20200506
0.875978,mask,20200507
0.888278,mask,20200508
0.907433,mask,20200509
0.906524,mask,20200510
0.897917,mask,20200511
0.899148,mask,20200512
0.9115260000000001,mask,20200513
0.9199209999999999,mask,20200514
0.918694,mask,20200515
0.9154610000000001,mask,20200516
0.899859,mask,20200517
0.906141,mask,20200518
0.926401,mask,20200519
0.932154,mask,20200520
0.9353030000000001,mask,20200521
0.9338129999999999,mask,20200522
0.934787,mask,20200523
0.935984,mask,20200524
0.9290129999999999,mask,20200525
0.939212,mask,20200526
0.941725,mask,20200527
0.936723,mask,20200528
0.9324290000000001,mask,20200529
0.944364,mask,20200530
0.938316,mask,20200531
0.945325,mask,20200601
0.944781,mask,20200602
0.945276,mask,20200603
0.939844,mask,20200604
0.942808,mask,20200605
0.9488479999999999,mask,20200606
0.936909,mask,20200607
0.936746,mask,20200608
0.940319,mask,20200609
0.941743,mask,20200610
0.939175,mask,20200611
0.933783,mask,20200612
0.9344120000000001,mask,20200613
0.929441,mask,20200614
0.935474,mask,20200615
0.9370729999999999,mask,20200616
0.9395680000000001,mask,20200617
0.933477,mask,20200618
0.9265950000000001,mask,20200619
0.936076,mask,20200620
0.9304459999999999,mask,20200621
0.919349,mask,20200622
0.933235,mask,20200623
0.920761,mask,20200624
0.9156290000000001,mask,20200625
0.916178,mask,20200626
0.900591,mask,20200627
0.894368,mask,20200628
0.888592,mask,20200629
0.887194,mask,20200630
0.8936200000000001,mask,20200701
0.89589,mask,20200702
0.883675,mask,20200703
0.8916360000000001,mask,20200704
0.891022,mask,20200705
0.8950969999999999,mask,20200706
0.890418,mask,20200707
0.893324,mask,20200708
0.884675,mask,20200709
0.8938940000000001,mask,20200710
0.884281,mask,20200711
0.883141,mask,20200712
0.871876,mask,20200713
0.872542,mask,20200714
0.880132,mask,20200715
0.87965,mask,20200716
0.885508,mask,20200717
0.875568,mask,20200718
0.877654,mask,20200719
0.868714,mask,20200720
0.879476,mask,20200721
0.883409,mask,20200722
0.8772840000000001,mask,20200723
0.883684,mask,20200724
0.877971,mask,20200725
0.8864129999999999,mask,20200726
0.880238,mask,20200727
0.8839049999999999,mask,20200728
0.8930040000000001,mask,20200729
0.894975,mask,20200730
0.890966,mask,20200731
0.89418,mask,20200801
0.8895379999999999,mask,20200802
0.8940229999999999,mask,20200803
0.898164,mask,20200804
0.902349,mask,20200805
0.9056200000000001,mask,20200806
0.892697,mask,20200807
0.8920950000000001,mask,20200808
0.872568,mask,20200809
0.882102,mask,20200810
0.8945069999999999,mask,20200811
0.8927139999999999,mask,20200812
0.880424,mask,20200813
0.887857,mask,20200814
0.872884,mask,20200815
0.8854540000000001,mask,20200816
0.8853200000000001,mask,20200817
0.896156,mask,20200818
0.897424,mask,20200819
0.908805,mask,20200820
0.9080889999999999,mask,20200821
0.902374,mask,20200822
0.906734,mask,20200823
0.908792,mask,20200824
0.899848,mask,20200825
0.916623,mask,20200826
0.9055059999999999,mask,20200827
0.91609,mask,20200828
0.9233450000000001,mask,20200829
0.917601,mask,20200830
0.931639,mask,20200831
0.930019,mask,20200901
0.93699,mask,20200902
0.922579,mask,20200903
0.927811,mask,20200904
0.931109,mask,20200905
0.9311530000000001,mask,20200906
0.9278280000000001,mask,20200907
0.92604,mask,20200908
0.934373,mask,20200909
0.9259620000000001,mask,20200910
0.93479,mask,20200911
0.936208,mask,20200912
0.9338559999999999,mask,20200913
0.9182549999999999,mask,20200914
0.927502,mask,20200915
0.941378,mask,20200916
0.922852,mask,20200917
0.931272,mask,20200918
0.9397559999999999,mask,20200919
0.935614,mask,20200920
0.936257,mask,20200921
0.9407700000000001,mask,20200922
0.9384399999999999,mask,20200923
0.9286040000000001,mask,20200924
0.934207,mask,20200925
0.940075,mask,20200926
0.9386680000000001,mask,20200927
0.9507690000000001,mask,20200928
0.944068,mask,20200929
0.9504469999999999,mask,20200930
0.930019,mask,20200901
0.93699,mask,20200902
0.922579,mask,20200903
0.927811,mask,20200904
0.931109,mask,20200905
0.9311530000000001,mask,20200906
0.9278280000000001,mask,20200907
0.92604,mask,20200908
0.934373,mask,20200909
0.9560780000000001,mask,20201010
0.969865,mask,20201011
0.961952,mask,20201012
0.9710610000000001,mask,20201013
0.9710790000000001,mask,20201014
0.97052,mask,20201015
0.976123,mask,20201016
0.974245,mask,20201017
0.9708709999999999,mask,20201018
0.971759,mask,20201019
0.9688760000000001,mask,20201020
0.9680860000000001,mask,20201021
0.9654860000000001,mask,20201022
0.969002,mask,20201023
0.963404,mask,20201024
0.9649629999999999,mask,20201025
0.961742,mask,20201026
0.966859,mask,20201027
0.959095,mask,20201028
0.9645299999999999,mask,20201029
0.964816,mask,20201030
0.956443,mask,20201031
0.940465,mask,20201001
0.955383,mask,20201002
0.951714,mask,20201003
0.946664,mask,20201004
0.948934,mask,20201005
0.9605889999999999,mask,20201006
0.9537,mask,20201007
0.9555520000000001,mask,20201008
0.955184,mask,20201009
0.957571,mask,20201110
0.945894,mask,20201111
0.955926,mask,20201112
0.9511879999999999,mask,20201113
0.9443309999999999,mask,20201114
0.944325,mask,20201115
0.954152,mask,20201116
0.948152,mask,20201117
0.9463790000000001,mask,20201118
0.938802,mask,20201119
0.9284870000000001,mask,20201120
0.93021,mask,20201121
0.93725,mask,20201122
0.9333239999999999,mask,20201123
0.9352379999999999,mask,20201124
0.9351659999999999,mask,20201125
0.942132,mask,20201126
0.9369559999999999,mask,20201127
0.9403959999999999,mask,20201128
0.9420930000000001,mask,20201129
0.949259,mask,20201130
0.9695950000000001,mask,20201101
0.9608959999999999,mask,20201102
0.965867,mask,20201103
0.9468190000000001,mask,20201104
0.958217,mask,20201105
0.963001,mask,20201106
0.9564790000000001,mask,20201107
0.9555469999999999,mask,20201108
0.9538260000000001,mask,20201109
0.955266,mask,20201210
0.9497899999999999,mask,20201211
0.948686,mask,20201212
0.950076,mask,20201213
0.954801,mask,20201214
0.959735,mask,20201215
0.957778,mask,20201216
0.9539569999999999,mask,20201217
0.957958,mask,20201218
0.966348,mask,20201219
0.962275,mask,20201220
0.9619139999999999,mask,20201221
0.95896,mask,20201222
0.9717870000000001,mask,20201223
0.964785,mask,20201224
0.964303,mask,20201225
0.9599709999999999,mask,20201226
0.957706,mask,20201227
0.951792,mask,20201228
0.948364,mask,20201229
0.960515,mask,20201230
0.956802,mask,20201231
0.958625,mask,20210101
0.9417059999999999,mask,20210102
0.946349,mask,20210103
0.93981,mask,20210104
0.9492459999999999,mask,20210105
0.9515319999999999,mask,20210106
0.946365,mask,20210107
0.9572129999999999,mask,20210108
0.9568260000000001,mask,20210109
0.955556,mask,20210110
0.9508770000000001,mask,20210111
0.9529799999999999,mask,20210112
0.9516979999999999,mask,20210113
0.963773,mask,20210114
0.958145,mask,20210115
0.9619770000000001,mask,20210116
0.9628959999999999,mask,20210117
0.962558,mask,20210118
0.9628680000000001,mask,20210119
0.956777,mask,20210120
0.9585530000000001,mask,20210121
0.9626389999999999,mask,20210122
0.95901,mask,20210123
0.958354,mask,20210124
0.952867,mask,20210125
0.958678,mask,20210126
0.956731,mask,20210127
0.9595799999999999,mask,20210128
0.959292,mask,20210129
0.9675870000000001,mask,20210130
0.962141,mask,20210131
0.953893,mask,20210201
0.9652040000000001,mask,20210202
0.9592,mask,20210203
0.963227,mask,20210204
0.9647459999999999,mask,20210205
0.968801,mask,20210206
0.971778,mask,20210207
0.9621120000000001,mask,20210208
0.961259,mask,20210209
0.965686,mask,20210210
0.9650559999999999,mask,20210211
0.9632930000000001,mask,20210212
0.9662299999999999,mask,20210213
0.961778,mask,20210214
0.958966,mask,20210215
0.969441,mask,20210216
0.9679110000000001,mask,20210217
0.962173,mask,20210218
0.958831,mask,20210219
0.9698209999999999,mask,20210220
0.968556,mask,20210221
0.9608049999999999,mask,20210222
0.188745,contact,20200501
0.174626,contact,20200502
0.172941,contact,20200503
0.215441,contact,20200504
0.259,contact,20200505
0.28355199999999997,contact,20200506
0.282962,contact,20200507
0.296156,contact,20200508
0.301573,contact,20200509
0.340627,contact,20200510
0.355405,contact,20200511
0.301786,contact,20200512
0.310277,contact,20200513
0.298979,contact,20200514
0.31543899999999997,contact,20200515
0.336073,contact,20200516
0.36325100000000005,contact,20200517
0.372969,contact,20200518
0.36642800000000003,contact,20200519
0.36075,contact,20200520
0.36199899999999996,contact,20200521
0.387351,contact,20200522
0.383211,contact,20200523
0.433254,contact,20200524
0.427918,contact,20200525
0.400305,contact,20200526
0.403484,contact,20200527
0.397287,contact,20200528
0.41624799999999995,contact,20200529
0.43273999999999996,contact,20200530
0.440866,contact,20200531
0.449009,contact,20200601
0.469395,contact,20200602
0.439993,contact,20200603
0.45415600000000006,contact,20200604
0.44433999999999996,contact,20200605
0.486942,contact,20200606
0.503446,contact,20200607
0.501895,contact,20200608
0.464667,contact,20200609
0.47335299999999997,contact,20200610
0.473584,contact,20200611
0.48761499999999997,contact,20200612
0.512628,contact,20200613
0.525029,contact,20200614
0.538195,contact,20200615
0.507918,contact,20200616
0.49177200000000004,contact,20200617
0.49206300000000003,contact,20200618
0.5074350000000001,contact,20200619
0.5144810000000001,contact,20200620
0.553195,contact,20200621
0.561792,contact,20200622
0.5316890000000001,contact,20200623
0.517675,contact,20200624
0.517151,contact,20200625
0.521175,contact,20200626
0.537589,contact,20200627
0.5471739999999999,contact,20200628
0.558242,contact,20200629
0.564446,contact,20200630
0.509346,contact,20200701
0.534473,contact,20200702
0.550983,contact,20200703
0.54073,contact,20200704
0.559869,contact,20200705
0.5634600000000001,contact,20200706
0.526048,contact,20200707
0.533708,contact,20200708
0.534085,contact,20200709
0.526659,contact,20200710
0.56196,contact,20200711
0.5916819999999999,contact,20200712
0.566167,contact,20200713
0.537963,contact,20200714
0.550554,contact,20200715
0.5648449999999999,contact,20200716
0.5392939999999999,contact,20200717
0.573091,contact,20200718
0.582074,contact,20200719
0.582213,contact,20200720
0.5592600000000001,contact,20200721
0.547438,contact,20200722
0.554962,contact,20200723
0.552265,contact,20200724
0.577105,contact,20200725
0.6111260000000001,contact,20200726
0.573236,contact,20200727
0.5586840000000001,contact,20200728
0.575695,contact,20200729
0.593244,contact,20200730
0.5366390000000001,contact,20200731
0.5768340000000001,contact,20200801
0.5823699999999999,contact,20200802
0.576145,contact,20200803
0.558305,contact,20200804
0.567105,contact,20200805
0.569339,contact,20200806
0.563497,contact,20200807
0.574631,contact,20200808
0.5731069999999999,contact,20200809
0.571183,contact,20200810
0.555466,contact,20200811
0.5546760000000001,contact,20200812
0.55178,contact,20200813
0.541616,contact,20200814
0.570746,contact,20200815
0.591071,contact,20200816
0.579018,contact,20200817
0.537737,contact,20200818
0.53742,contact,20200819
0.565247,contact,20200820
0.545944,contact,20200821
0.553144,contact,20200822
0.5769850000000001,contact,20200823
0.5715680000000001,contact,20200824
0.538926,contact,20200825
0.54472,contact,20200826
0.5522090000000001,contact,20200827
0.541894,contact,20200828
0.546027,contact,20200829
0.586226,contact,20200830
0.544531,contact,20200831
0.52057,contact,20200901
0.551194,contact,20200902
0.530115,contact,20200903
0.530215,contact,20200904
0.5351100000000001,contact,20200905
0.57526,contact,20200906
0.56709,contact,20200907
0.50959,contact,20200908
0.540111,contact,20200909
0.529007,contact,20200910
0.548151,contact,20200911
0.5376920000000001,contact,20200912
0.570512,contact,20200913
0.568152,contact,20200914
0.5232020000000001,contact,20200915
0.524051,contact,20200916
0.5505439999999999,contact,20200917
0.51603,contact,20200918
0.556549,contact,20200919
0.587554,contact,20200920
0.552806,contact,20200921
0.509614,contact,20200922
0.5270739999999999,contact,20200923
0.532514,contact,20200924
0.5401090000000001,contact,20200925
0.538438,contact,20200926
0.549211,contact,20200927
0.5557,contact,20200928
0.48695900000000003,contact,20200929
0.542009,contact,20200930
0.52057,contact,20200901
0.551194,contact,20200902
0.530115,contact,20200903
0.530215,contact,20200904
0.5351100000000001,contact,20200905
0.57526,contact,20200906
0.56709,contact,20200907
0.50959,contact,20200908
0.540111,contact,20200909
0.505312,contact,20201010
0.521551,contact,20201011
0.491191,contact,20201012
0.46051400000000003,contact,20201013
0.46184899999999995,contact,20201014
0.458905,contact,20201015
0.45367399999999997,contact,20201016
0.47678100000000007,contact,20201017
0.47146800000000005,contact,20201018
0.48224700000000004,contact,20201019
0.41959300000000005,contact,20201020
0.438434,contact,20201021
0.41923999999999995,contact,20201022
0.437221,contact,20201023
0.44776099999999996,contact,20201024
0.420209,contact,20201025
0.47804300000000005,contact,20201026
0.415321,contact,20201027
0.393563,contact,20201028
0.398777,contact,20201029
0.41040200000000004,contact,20201030
0.393696,contact,20201031
0.519927,contact,20201001
0.519489,contact,20201002
0.514934,contact,20201003
0.551079,contact,20201004
0.542401,contact,20201005
0.48551099999999997,contact,20201006
0.49260600000000004,contact,20201007
0.492989,contact,20201008
0.490055,contact,20201009
0.346903,contact,20201110
0.33510300000000004,contact,20201111
0.35031,contact,20201112
0.329925,contact,20201113
0.344072,contact,20201114
0.320279,contact,20201115
0.32958200000000004,contact,20201116
0.30597399999999997,contact,20201117
0.331732,contact,20201118
0.329466,contact,20201119
0.308804,contact,20201120
0.32059299999999996,contact,20201121
0.31854299999999997,contact,20201122
0.306782,contact,20201123
0.30128299999999997,contact,20201124
0.313922,contact,20201125
0.31786,contact,20201126
0.327882,contact,20201127
0.319845,contact,20201128
0.32353699999999996,contact,20201129
0.345556,contact,20201130
0.39970500000000003,contact,20201101
0.41361899999999996,contact,20201102
0.40183,contact,20201103
0.369379,contact,20201104
0.386806,contact,20201105
0.39407800000000004,contact,20201106
0.360621,contact,20201107
0.343195,contact,20201108
0.35751900000000003,contact,20201109
0.34976,contact,20201210
0.35540700000000003,contact,20201211
0.349637,contact,20201212
0.368755,contact,20201213
0.369886,contact,20201214
0.36753800000000003,contact,20201215
0.34276,contact,20201216
0.366698,contact,20201217
0.379736,contact,20201218
0.378825,contact,20201219
0.39406599999999997,contact,20201220
0.383315,contact,20201221
0.372258,contact,20201222
0.40265100000000004,contact,20201223
0.387675,contact,20201224
0.40476799999999996,contact,20201225
0.414469,contact,20201226
0.37197600000000003,contact,20201227
0.35596700000000003,contact,20201228
0.341559,contact,20201229
0.35971,contact,20201230
0.345528,contact,20201231
0.393692,contact,20210101
0.364431,contact,20210102
0.33516399999999996,contact,20210103
0.34717800000000004,contact,20210104
0.34006,contact,20210105
0.351578,contact,20210106
0.349994,contact,20210107
0.363635,contact,20210108
0.377565,contact,20210109
0.347183,contact,20210110
0.350771,contact,20210111
0.346645,contact,20210112
0.35703,contact,20210113
0.343004,contact,20210114
0.366825,contact,20210115
0.372356,contact,20210116
0.380949,contact,20210117
0.352222,contact,20210118
0.332003,contact,20210119
0.344916,contact,20210120
0.369165,contact,20210121
0.372803,contact,20210122
0.35431,contact,20210123
0.372871,contact,20210124
0.373663,contact,20210125
0.364313,contact,20210126
0.37595300000000004,contact,20210127
0.369336,contact,20210128
0.36838000000000004,contact,20210129
0.381269,contact,20210130
0.393256,contact,20210131
0.41322700000000007,contact,20210201
0.40052600000000005,contact,20210202
0.377048,contact,20210203
0.39365500000000003,contact,20210204
0.406568,contact,20210205
0.390868,contact,20210206
0.44113199999999997,contact,20210207
0.402318,contact,20210208
0.37169800000000003,contact,20210209
0.39804,contact,20210210
0.39279200000000003,contact,20210211
0.39575,contact,20210212
0.41914300000000004,contact,20210213
0.412341,contact,20210214
0.396539,contact,20210215
0.38819000000000004,contact,20210216
0.401661,contact,20210217
0.41262200000000004,contact,20210218
0.40925700000000004,contact,20210219
0.41887700000000005,contact,20210220
0.431633,contact,20210221
0.428522,contact,20210222
0.519918,finance,20200503
0.449346,finance,20200504
0.46779499999999996,finance,20200505
0.46645200000000003,finance,20200506
0.449535,finance,20200507
0.445274,finance,20200508
0.45622799999999997,finance,20200509
0.442062,finance,20200510
0.464371,finance,20200511
0.45680600000000005,finance,20200512
0.43187,finance,20200513
0.448726,finance,20200514
0.442597,finance,20200515
0.434213,finance,20200516
0.434907,finance,20200517
0.434855,finance,20200518
0.41972299999999996,finance,20200519
0.42103500000000005,finance,20200520
0.43083299999999997,finance,20200521
0.41419399999999995,finance,20200522
0.424929,finance,20200523
0.41736999999999996,finance,20200524
0.398688,finance,20200525
0.42276099999999994,finance,20200526
0.41668299999999997,finance,20200527
0.421342,finance,20200528
0.422882,finance,20200529
0.41129099999999996,finance,20200530
0.431795,finance,20200531
0.40825300000000003,finance,20200601
0.412184,finance,20200602
0.39868600000000004,finance,20200603
0.42763599999999996,finance,20200604
0.396306,finance,20200605
0.368852,finance,20200606
0.384112,finance,20200607
0.40713299999999997,finance,20200608
0.41226999999999997,finance,20200609
0.395531,finance,20200610
0.400831,finance,20200611
0.381688,finance,20200612
0.372512,finance,20200613
0.36730300000000005,finance,20200614
0.376816,finance,20200615
0.393411,finance,20200616
0.38245500000000004,finance,20200617
0.392726,finance,20200618
0.402995,finance,20200619
0.38358400000000004,finance,20200620
0.375774,finance,20200621
0.397658,finance,20200622
0.395302,finance,20200623
0.383653,finance,20200624
0.385046,finance,20200625
0.38092,finance,20200626
0.366203,finance,20200627
0.369057,finance,20200628
0.379873,finance,20200629
0.38859899999999997,finance,20200630
0.371732,finance,20200701
0.354344,finance,20200702
0.365683,finance,20200703
0.36985100000000004,finance,20200704
0.35258,finance,20200705
0.396223,finance,20200706
0.38163400000000003,finance,20200707
0.383735,finance,20200708
0.381303,finance,20200709
0.368237,finance,20200710
0.37846,finance,20200711
0.36544,finance,20200712
0.376267,finance,20200713
0.381239,finance,20200714
0.372985,finance,20200715
0.36545900000000003,finance,20200716
0.365318,finance,20200717
0.37349499999999997,finance,20200718
0.361462,finance,20200719
0.368411,finance,20200720
0.357116,finance,20200721
0.362239,finance,20200722
0.370607,finance,20200723
0.381592,finance,20200724
0.37011700000000003,finance,20200725
0.344989,finance,20200726
0.357912,finance,20200727
0.335024,finance,20200728
0.368602,finance,20200729
0.36554200000000003,finance,20200730
0.371276,finance,20200731
0.351159,finance,20200801
0.359662,finance,20200802
0.365216,finance,20200803
0.361084,finance,20200804
0.348191,finance,20200805
0.368399,finance,20200806
0.361982,finance,20200807
0.34280700000000003,finance,20200808
0.36089499999999997,finance,20200809
0.361664,finance,20200810
0.37092600000000003,finance,20200811
0.346028,finance,20200812
0.373873,finance,20200813
0.374961,finance,20200814
0.33986,finance,20200815
0.38008200000000003,finance,20200816
0.382791,finance,20200817
0.374154,finance,20200818
0.37164,finance,20200819
0.359267,finance,20200820
0.367148,finance,20200821
0.342538,finance,20200822
0.360183,finance,20200823
0.36654899999999996,finance,20200824
0.359709,finance,20200825
0.373452,finance,20200826
0.372523,finance,20200827
0.361848,finance,20200828
0.352648,finance,20200829
0.33724899999999997,finance,20200830
0.362315,finance,20200831
0.356277,finance,20200901
0.34989499999999996,finance,20200902
0.346335,finance,20200903
0.34224499999999997,finance,20200904
0.355434,finance,20200905
0.327701,finance,20200906
0.34949,finance,20200907
0.34519299999999997,finance,20200908
0.348554,finance,20200909
0.339359,finance,20200910
0.333402,finance,20200911
0.336767,finance,20200912
0.33279699999999995,finance,20200913
0.350722,finance,20200914
0.34986,finance,20200915
0.35386799999999996,finance,20200916
0.337792,finance,20200917
0.343073,finance,20200918
0.33518000000000003,finance,20200919
0.34717800000000004,finance,20200920
0.344129,finance,20200921
0.33082,finance,20200922
0.352695,finance,20200923
0.350951,finance,20200924
0.351565,finance,20200925
0.342165,finance,20200926
0.341884,finance,20200927
0.353608,finance,20200928
0.348183,finance,20200929
0.349509,finance,20200930
0.356277,finance,20200901
0.34989499999999996,finance,20200902
0.346335,finance,20200903
0.34224499999999997,finance,20200904
0.355434,finance,20200905
0.327701,finance,20200906
0.34949,finance,20200907
0.34519299999999997,finance,20200908
0.348554,finance,20200909
0.371259,finance,20201010
0.36159,finance,20201011
0.37333099999999997,finance,20201012
0.381704,finance,20201013
0.381033,finance,20201014
0.369884,finance,20201015
0.407221,finance,20201016
0.38419699999999996,finance,20201017
0.389665,finance,20201018
0.394493,finance,20201019
0.40329499999999996,finance,20201020
0.40585,finance,20201021
0.398354,finance,20201022
0.398767,finance,20201023
0.37848000000000004,finance,20201024
0.415546,finance,20201025
0.462232,finance,20201026
0.40639000000000003,finance,20201027
0.41471800000000003,finance,20201028
0.416162,finance,20201029
0.419626,finance,20201030
0.410951,finance,20201031
0.35065999999999997,finance,20201001
0.356914,finance,20201002
0.341223,finance,20201003
0.358021,finance,20201004
0.36944299999999997,finance,20201005
0.371895,finance,20201006
0.367635,finance,20201007
0.363099,finance,20201008
0.374328,finance,20201009
0.404417,finance,20201110
0.405025,finance,20201111
0.378769,finance,20201112
0.40513000000000005,finance,20201113
0.39393,finance,20201114
0.383221,finance,20201115
0.385538,finance,20201116
0.37376,finance,20201117
0.3745,finance,20201118
0.38087,finance,20201119
0.378208,finance,20201120
0.375934,finance,20201121
0.354214,finance,20201122
0.381017,finance,20201123
0.38089,finance,20201124
0.380721,finance,20201125
0.366614,finance,20201126
0.36654899999999996,finance,20201127
0.36369,finance,20201128
0.366327,finance,20201129
0.373667,finance,20201130
0.40602,finance,20201101
0.40729899999999997,finance,20201102
0.41015100000000004,finance,20201103
0.41934399999999994,finance,20201104
0.396423,finance,20201105
0.376866,finance,20201106
0.396986,finance,20201107
0.374691,finance,20201108
0.393945,finance,20201109
0.366815,finance,20201210
0.361192,finance,20201211
0.342752,finance,20201212
0.365636,finance,20201213
0.358074,finance,20201214
0.35765,finance,20201215
0.38281,finance,20201216
0.371539,finance,20201217
0.356121,finance,20201218
0.356641,finance,20201219
0.351747,finance,20201220
0.341058,finance,20201221
0.369246,finance,20201222
0.341568,finance,20201223
0.346328,finance,20201224
0.34328200000000003,finance,20201225
0.323337,finance,20201226
0.3367,finance,20201227
0.344159,finance,20201228
0.34663099999999997,finance,20201229
0.35583899999999996,finance,20201230
0.34882399999999997,finance,20201231
0.339021,finance,20210101
0.339636,finance,20210102
0.345771,finance,20210103
0.368589,finance,20210104
0.353925,finance,20210105
0.347068,finance,20210106
0.363969,finance,20210107
0.363215,finance,20210108
0.33936,finance,20210109
0.34831599999999996,finance,20210110
0.365699,finance,20210111
0.353525,finance,20210112
0.384948,finance,20210113
0.371989,finance,20210114
0.376195,finance,20210115
0.372317,finance,20210116
0.353218,finance,20210117
0.388739,finance,20210118
0.348694,finance,20210119
0.351139,finance,20210120
0.371677,finance,20210121
0.362759,finance,20210122
0.340861,finance,20210123
0.34436700000000003,finance,20210124
0.371618,finance,20210125
0.36980999999999997,finance,20210126
0.353055,finance,20210127
0.34280900000000003,finance,20210128
0.358388,finance,20210129
0.347758,finance,20210130
0.346358,finance,20210131
0.361657,finance,20210201
0.37500100000000003,finance,20210202
0.373985,finance,20210203
0.366218,finance,20210204
0.357178,finance,20210205
0.326861,finance,20210206
0.364145,finance,20210207
0.350048,finance,20210208
0.367025,finance,20210209
0.36282600000000004,finance,20210210
0.350054,finance,20210211
0.33796,finance,20210212
0.342385,finance,20210213
0.344341,finance,20210214
0.365514,finance,20210215
0.36628499999999997,finance,20210216
0.363701,finance,20210217
0.371266,finance,20210218
0.352556,finance,20210219
0.350215,finance,20210220
0.34879099999999996,finance,20210221
0.372697,finance,20210222
0.014907,anosmia,20200501
0.010542000000000001,anosmia,20200502
0.014025999999999999,anosmia,20200503
0.008079000000000001,anosmia,20200504
0.009165999999999999,anosmia,20200505
0.009420999999999999,anosmia,20200506
0.010631,anosmia,20200507
0.010789,anosmia,20200508
0.008133,anosmia,20200509
0.009849,anosmia,20200510
0.011922,anosmia,20200511
0.012355,anosmia,20200512
0.011038,anosmia,20200513
0.011448,anosmia,20200514
0.009287,anosmia,20200515
0.009113,anosmia,20200516
0.007817000000000001,anosmia,20200517
0.00829,anosmia,20200518
0.008303,anosmia,20200519
0.008459999999999999,anosmia,20200520
0.00902,anosmia,20200521
0.009295999999999999,anosmia,20200522
0.01185,anosmia,20200523
0.009379,anosmia,20200524
0.009602,anosmia,20200525
0.008581,anosmia,20200526
0.008041,anosmia,20200527
0.006374,anosmia,20200528
0.011878,anosmia,20200529
0.008514,anosmia,20200530
0.009594,anosmia,20200531
0.010703,anosmia,20200601
0.007195,anosmia,20200602
0.008652,anosmia,20200603
0.012475,anosmia,20200604
0.012412999999999999,anosmia,20200605
0.01145,anosmia,20200606
0.008139,anosmia,20200607
0.011536,anosmia,20200608
0.005729,anosmia,20200609
0.009281999999999999,anosmia,20200610
0.009363,anosmia,20200611
0.007751000000000001,anosmia,20200612
0.007381,anosmia,20200613
0.011784000000000001,anosmia,20200614
0.009504,anosmia,20200615
0.00655,anosmia,20200616
0.007381,anosmia,20200617
0.007243,anosmia,20200618
0.009699,anosmia,20200619
0.0075120000000000004,anosmia,20200620
0.011621,anosmia,20200621
0.006252000000000001,anosmia,20200622
0.008716,anosmia,20200623
0.011343,anosmia,20200624
0.006675,anosmia,20200625
0.00704,anosmia,20200626
0.008408,anosmia,20200627
0.009645,anosmia,20200628
0.008316,anosmia,20200629
0.007859999999999999,anosmia,20200630
0.006399,anosmia,20200701
0.00687,anosmia,20200702
0.004867,anosmia,20200703
0.010911,anosmia,20200704
0.008794,anosmia,20200705
0.006314,anosmia,20200706
0.007547,anosmia,20200707
0.005367,anosmia,20200708
0.006768000000000001,anosmia,20200709
0.0065569999999999995,anosmia,20200710
0.004529999999999999,anosmia,20200711
0.0076159999999999995,anosmia,20200712
0.009287,anosmia,20200713
0.006883,anosmia,20200714
0.00825,anosmia,20200715
0.006149,anosmia,20200716
0.007961,anosmia,20200717
0.006125,anosmia,20200718
0.008747,anosmia,20200719
0.009345000000000001,anosmia,20200720
0.00872,anosmia,20200721
0.008836,anosmia,20200722
0.005553,anosmia,20200723
0.00908,anosmia,20200724
0.008269,anosmia,20200725
0.009275,anosmia,20200726
0.0079,anosmia,20200727
0.004411,anosmia,20200728
0.004771,anosmia,20200729
0.0068390000000000005,anosmia,20200730
0.00836,anosmia,20200731
0.010315000000000001,anosmia,20200801
0.007722,anosmia,20200802
0.007679999999999999,anosmia,20200803
0.006476000000000001,anosmia,20200804
0.009963,anosmia,20200805
0.008399,anosmia,20200806
0.008924,anosmia,20200807
0.0063,anosmia,20200808
0.013625,anosmia,20200809
0.008014,anosmia,20200810
0.010475,anosmia,20200811
0.010721,anosmia,20200812
0.010272,anosmia,20200813
0.003583,anosmia,20200814
0.009058,anosmia,20200815
0.006624,anosmia,20200816
0.0064930000000000005,anosmia,20200817
0.005777,anosmia,20200818
0.0065980000000000006,anosmia,20200819
0.008633,anosmia,20200820
0.005267,anosmia,20200821
0.006421,anosmia,20200822
0.010473,anosmia,20200823
0.00788,anosmia,20200824
0.0055509999999999995,anosmia,20200825
0.008276,anosmia,20200826
0.0077859999999999995,anosmia,20200827
0.006154,anosmia,20200828
0.010888,anosmia,20200829
0.008114,anosmia,20200830
0.006938,anosmia,20200831
0.009101999999999999,anosmia,20200901
0.011504,anosmia,20200902
0.007809999999999999,anosmia,20200903
0.008026,anosmia,20200904
0.007141,anosmia,20200905
0.009279,anosmia,20200906
0.008839,anosmia,20200907
0.011511,anosmia,20200908
0.00861,anosmia,20200909
0.009252,anosmia,20200910
0.006855,anosmia,20200911
0.00881,anosmia,20200912
0.011840999999999999,anosmia,20200913
0.007326000000000001,anosmia,20200914
0.00632,anosmia,20200915
0.0074010000000000005,anosmia,20200916
0.006792,anosmia,20200917
0.007943,anosmia,20200918
0.011271,anosmia,20200919
0.005855,anosmia,20200920
0.006553,anosmia,20200921
0.009895000000000001,anosmia,20200922
0.008313,anosmia,20200923
0.007237,anosmia,20200924
0.005441,anosmia,20200925
0.010897,anosmia,20200926
0.009332,anosmia,20200927
0.00967,anosmia,20200928
0.006776000000000001,anosmia,20200929
0.0068650000000000004,anosmia,20200930
0.009101999999999999,anosmia,20200901
0.011504,anosmia,20200902
0.007809999999999999,anosmia,20200903
0.008026,anosmia,20200904
0.007141,anosmia,20200905
0.009279,anosmia,20200906
0.008839,anosmia,20200907
0.011511,anosmia,20200908
0.00861,anosmia,20200909
0.009501,anosmia,20201010
0.007334,anosmia,20201011
0.009514,anosmia,20201012
0.005474000000000001,anosmia,20201013
0.012128,anosmia,20201014
0.012676999999999999,anosmia,20201015
0.009973000000000001,anosmia,20201016
0.008820999999999999,anosmia,20201017
0.014819,anosmia,20201018
0.009592,anosmia,20201019
0.011269,anosmia,20201020
0.009845999999999999,anosmia,20201021
0.013678999999999998,anosmia,20201022
0.013385,anosmia,20201023
0.009552,anosmia,20201024
0.014324000000000002,anosmia,20201025
0.008958,anosmia,20201026
0.014100999999999999,anosmia,20201027
0.012249,anosmia,20201028
0.017774,anosmia,20201029
0.014088,anosmia,20201030
0.015790000000000002,anosmia,20201031
0.007647,anosmia,20201001
0.010554000000000001,anosmia,20201002
0.008343999999999999,anosmia,20201003
0.005954999999999999,anosmia,20201004
0.009170000000000001,anosmia,20201005
0.009759,anosmia,20201006
0.008126000000000001,anosmia,20201007
0.009931,anosmia,20201008
0.007011,anosmia,20201009
0.018000000000000002,anosmia,20201110
0.020649,anosmia,20201111
0.019146,anosmia,20201112
0.020479,anosmia,20201113
0.021792,anosmia,20201114
0.021494,anosmia,20201115
0.023425,anosmia,20201116
0.022539,anosmia,20201117
0.029543,anosmia,20201118
0.021662999999999998,anosmia,20201119
0.019521,anosmia,20201120
0.025571,anosmia,20201121
0.020177,anosmia,20201122
0.019413999999999997,anosmia,20201123
0.022038,anosmia,20201124
0.027693000000000002,anosmia,20201125
0.017871,anosmia,20201126
0.01718,anosmia,20201127
0.022952,anosmia,20201128
0.020321000000000002,anosmia,20201129
0.018895,anosmia,20201130
0.015797,anosmia,20201101
0.016156999999999998,anosmia,20201102
0.012922999999999999,anosmia,20201103
0.016498,anosmia,20201104
0.021476,anosmia,20201105
0.020106,anosmia,20201106
0.018844999999999997,anosmia,20201107
0.018292,anosmia,20201108
0.029704,anosmia,20201109
0.018559,anosmia,20201210
0.015425999999999999,anosmia,20201211
0.018841999999999998,anosmia,20201212
0.020763,anosmia,20201213
0.016957,anosmia,20201214
0.019003,anosmia,20201215
0.018165,anosmia,20201216
0.020249,anosmia,20201217
0.023153999999999997,anosmia,20201218
0.017813,anosmia,20201219
0.01399,anosmia,20201220
0.022040999999999998,anosmia,20201221
0.015947,anosmia,20201222
0.014524,anosmia,20201223
0.014811000000000001,anosmia,20201224
0.020536000000000002,anosmia,20201225
0.019828,anosmia,20201226
0.012967,anosmia,20201227
0.013637,anosmia,20201228
0.017172,anosmia,20201229
0.015244,anosmia,20201230
0.012496,anosmia,20201231
0.016365,anosmia,20210101
0.019065000000000002,anosmia,20210102
0.014771000000000001,anosmia,20210103
0.016828,anosmia,20210104
0.019203,anosmia,20210105
0.013288,anosmia,20210106
0.016229,anosmia,20210107
0.018846,anosmia,20210108
0.016845,anosmia,20210109
0.017728,anosmia,20210110
0.018422,anosmia,20210111
0.016978999999999998,anosmia,20210112
0.019794,anosmia,20210113
0.014639,anosmia,20210114
0.018357,anosmia,20210115
0.019912,anosmia,20210116
0.015796,anosmia,20210117
0.019427,anosmia,20210118
0.0215,anosmia,20210119
0.01546,anosmia,20210120
0.016628999999999998,anosmia,20210121
0.015676,anosmia,20210122
0.012055,anosmia,20210123
0.010915000000000001,anosmia,20210124
0.013706999999999999,anosmia,20210125
0.013094,anosmia,20210126
0.019816999999999998,anosmia,20210127
0.015718,anosmia,20210128
0.016028,anosmia,20210129
0.019619,anosmia,20210130
0.014488999999999998,anosmia,20210131
0.011836,anosmia,20210201
0.013800999999999999,anosmia,20210202
0.016941,anosmia,20210203
0.017343,anosmia,20210204
0.012731000000000001,anosmia,20210205
0.023969999999999998,anosmia,20210206
0.015646,anosmia,20210207
0.015027,anosmia,20210208
0.014234,anosmia,20210209
0.016551,anosmia,20210210
0.015790000000000002,anosmia,20210211
0.016409,anosmia,20210212
0.016729,anosmia,20210213
0.012731000000000001,anosmia,20210214
0.016694,anosmia,20210215
0.015702,anosmia,20210216
0.013028999999999999,anosmia,20210217
0.015604,anosmia,20210218
0.016741,anosmia,20210219
0.010764,anosmia,20210220
0.015097,anosmia,20210221
0.011976,anosmia,20210222
0.786435,vaccine_acpt,20201221
0.7912640000000001,vaccine_acpt,20201222
0.8075720000000001,vaccine_acpt,20201223
0.8103090000000001,vaccine_acpt,20201224
0.7840159999999999,vaccine_acpt,20201225
0.796034,vaccine_acpt,20201226
0.819351,vaccine_acpt,20201227
0.8463649999999999,vaccine_acpt,20201228
0.84941,vaccine_acpt,20201229
0.8560459999999999,vaccine_acpt,20201230
0.8555290000000001,vaccine_acpt,20201231
0.8621129999999999,vaccine_acpt,20210101
0.8573290000000001,vaccine_acpt,20210102
0.8647459999999999,vaccine_acpt,20210103
0.869563,vaccine_acpt,20210104
0.8638440000000001,vaccine_acpt,20210105
0.869259,vaccine_acpt,20210106
0.862023,vaccine_acpt,20210107
0.8616010000000001,vaccine_acpt,20210108
0.8815370000000001,vaccine_acpt,20210109
0.8791700000000001,vaccine_acpt,20210110
0.879234,vaccine_acpt,20210111
0.877654,vaccine_acpt,20210112
0.882044,vaccine_acpt,20210113
0.882025,vaccine_acpt,20210114
0.879341,vaccine_acpt,20210115
0.8722700000000001,vaccine_acpt,20210116
0.8672059999999999,vaccine_acpt,20210117
0.868467,vaccine_acpt,20210118
0.8699540000000001,vaccine_acpt,20210119
0.8684639999999999,vaccine_acpt,20210120
0.8600549999999999,vaccine_acpt,20210121
0.869935,vaccine_acpt,20210122
0.869663,vaccine_acpt,20210123
0.87129,vaccine_acpt,20210124
0.8647440000000001,vaccine_acpt,20210125
0.8727870000000001,vaccine_acpt,20210126
0.865705,vaccine_acpt,20210127
0.8515950000000001,vaccine_acpt,20210128
0.847932,vaccine_acpt,20210129
0.8764299999999999,vaccine_acpt,20210130
0.8681479999999999,vaccine_acpt,20210131
0.871449,vaccine_acpt,20210201
0.866116,vaccine_acpt,20210202
0.8737360000000001,vaccine_acpt,20210203
0.8540409999999999,vaccine_acpt,20210204
0.8660209999999999,vaccine_acpt,20210205
0.866728,vaccine_acpt,20210206
0.8704149999999999,vaccine_acpt,20210207
0.8701049999999999,vaccine_acpt,20210208
0.8743290000000001,vaccine_acpt,20210209
0.869906,vaccine_acpt,20210210
0.8679969999999999,vaccine_acpt,20210211
0.874724,vaccine_acpt,20210212
0.874958,vaccine_acpt,20210213
0.869812,vaccine_acpt,20210214
0.879025,vaccine_acpt,20210215
0.869002,vaccine_acpt,20210216
0.8771770000000001,vaccine_acpt,20210217
0.8685639999999999,vaccine_acpt,20210218
0.8707729999999999,vaccine_acpt,20210219
0.879401,vaccine_acpt,20210220
0.8625360000000001,vaccine_acpt,20210221
0.873948,vaccine_acpt,20210222
0.009884,covid_vaccine,20210105
0.022546,covid_vaccine,20210106
0.029851,covid_vaccine,20210107
0.032617,covid_vaccine,20210108
0.033381,covid_vaccine,20210109
0.039358,covid_vaccine,20210110
0.038354,covid_vaccine,20210111
0.043460000000000006,covid_vaccine,20210112
0.051192,covid_vaccine,20210113
0.05255800000000001,covid_vaccine,20210114
0.051313,covid_vaccine,20210115
0.064704,covid_vaccine,20210116
0.061780999999999996,covid_vaccine,20210117
0.062152,covid_vaccine,20210118
0.052724,covid_vaccine,20210119
0.055646,covid_vaccine,20210120
0.06185499999999999,covid_vaccine,20210121
0.06578099999999999,covid_vaccine,20210122
0.066335,covid_vaccine,20210123
0.066837,covid_vaccine,20210124
0.057676,covid_vaccine,20210125
0.060536,covid_vaccine,20210126
0.064688,covid_vaccine,20210127
0.06546,covid_vaccine,20210128
0.062752,covid_vaccine,20210129
0.074827,covid_vaccine,20210130
0.066817,covid_vaccine,20210131
0.073919,covid_vaccine,20210201
0.071982,covid_vaccine,20210202
0.06625199999999999,covid_vaccine,20210203
0.071409,covid_vaccine,20210204
0.077671,covid_vaccine,20210205
0.07512100000000001,covid_vaccine,20210206
0.065174,covid_vaccine,20210207
0.076709,covid_vaccine,20210208
0.06841599999999999,covid_vaccine,20210209
0.070504,covid_vaccine,20210210
0.070952,covid_vaccine,20210211
0.080665,covid_vaccine,20210212
0.08517999999999999,covid_vaccine,20210213
0.086863,covid_vaccine,20210214
0.089982,covid_vaccine,20210215
0.07657,covid_vaccine,20210216
0.077236,covid_vaccine,20210217
0.09503099999999999,covid_vaccine,20210218
0.087449,covid_vaccine,20210219
0.09285800000000001,covid_vaccine,20210220
0.096127,covid_vaccine,20210221
0.092512,covid_vaccine,20210222
0.289529,trust_fam,20201221
0.27825500000000003,trust_fam,20201222
0.26834600000000003,trust_fam,20201223
0.302769,trust_fam,20201224
0.285113,trust_fam,20201225
0.269613,trust_fam,20201226
0.290008,trust_fam,20201227
0.289576,trust_fam,20201228
0.31048000000000003,trust_fam,20201229
0.302143,trust_fam,20201230
0.536668,trust_healthcare,20201221
0.606821,trust_healthcare,20201222
0.604228,trust_healthcare,20201223
0.621437,trust_healthcare,20201224
0.590487,trust_healthcare,20201225
0.6139859999999999,trust_healthcare,20201226
0.609798,trust_healthcare,20201227
0.641358,trust_healthcare,20201228
0.636055,trust_healthcare,20201229
0.6240829999999999,trust_healthcare,20201230
0.62671,trust_healthcare,20201231
0.643012,trust_healthcare,20210101
0.6378689999999999,trust_healthcare,20210102
0.643419,trust_healthcare,20210103
0.64678,trust_healthcare,20210104
0.64376,trust_healthcare,20210105
0.640679,trust_healthcare,20210106
0.641433,trust_healthcare,20210107
0.6439229999999999,trust_healthcare,20210108
0.6647890000000001,trust_healthcare,20210109
0.652285,trust_healthcare,20210110
0.6565979999999999,trust_healthcare,20210111
0.644261,trust_healthcare,20210112
0.646814,trust_healthcare,20210113
0.678642,trust_healthcare,20210114
0.680271,trust_healthcare,20210115
0.691416,trust_healthcare,20210116
0.656857,trust_healthcare,20210117
0.6736949999999999,trust_healthcare,20210118
0.666133,trust_healthcare,20210119
0.668036,trust_healthcare,20210120
0.669036,trust_healthcare,20210121
0.679495,trust_healthcare,20210122
0.684571,trust_healthcare,20210123
0.6806979999999999,trust_healthcare,20210124
0.662578,trust_healthcare,20210125
0.661713,trust_healthcare,20210126
0.665606,trust_healthcare,20210127
0.651464,trust_healthcare,20210128
0.660223,trust_healthcare,20210129
0.6680699999999999,trust_healthcare,20210130
0.670955,trust_healthcare,20210131
0.664407,trust_healthcare,20210201
0.668295,trust_healthcare,20210202
0.665826,trust_healthcare,20210203
0.669769,trust_healthcare,20210204
0.6739890000000001,trust_healthcare,20210205
0.6198060000000001,trust_healthcare,20210206
0.673967,trust_healthcare,20210207
0.714498,trust_healthcare,20210208
0.6790010000000001,trust_healthcare,20210209
0.706527,trust_healthcare,20210210
0.648346,trust_healthcare,20210211
0.700603,trust_healthcare,20210212
0.628063,trust_healthcare,20210213
0.48971499999999996,trust_who,20201221
0.507571,trust_who,20201222
0.51807,trust_who,20201223
0.525946,trust_who,20201224
0.5035689999999999,trust_who,20201225
0.5089739999999999,trust_who,20201226
0.512034,trust_who,20201227
0.541504,trust_who,20201228
0.552294,trust_who,20201229
0.5518460000000001,trust_who,20201230
0.5318109999999999,trust_who,20201231
0.5469890000000001,trust_who,20210101
0.558184,trust_who,20210102
0.557371,trust_who,20210103
0.563602,trust_who,20210104
0.553854,trust_who,20210105
0.5555,trust_who,20210106
0.5501520000000001,trust_who,20210107
0.550275,trust_who,20210108
0.5633319999999999,trust_who,20210109
0.568257,trust_who,20210110
0.563659,trust_who,20210111
0.562268,trust_who,20210112
0.562912,trust_who,20210113
0.6014390000000001,trust_who,20210114
0.60727,trust_who,20210115
0.608785,trust_who,20210116
0.586393,trust_who,20210117
0.606549,trust_who,20210118
0.59264,trust_who,20210119
0.591521,trust_who,20210120
0.584641,trust_who,20210121
0.595755,trust_who,20210122

