Percent,Indicator,Date
0.025563,covid,20200501
0.018805000000000002,covid,20200502
0.021499,covid,20200503
0.025087,covid,20200504
0.02462,covid,20200505
0.024030000000000003,covid,20200506
0.018558,covid,20200507
0.020729,covid,20200508
0.017893,covid,20200509
0.016575,covid,20200510
0.019391,covid,20200511
0.022219,covid,20200512
0.021611000000000002,covid,20200513
0.02513,covid,20200514
0.024008,covid,20200515
0.020086,covid,20200516
0.019805,covid,20200517
0.022594,covid,20200518
0.027042,covid,20200519
0.016008,covid,20200520
0.019635,covid,20200521
0.017208,covid,20200522
0.023571,covid,20200523
0.021641999999999998,covid,20200524
0.015402,covid,20200525
0.013412,covid,20200526
0.019576,covid,20200527
0.015184,covid,20200528
0.021759999999999998,covid,20200529
0.018458000000000002,covid,20200530
0.013835,covid,20200531
0.015880000000000002,covid,20200601
0.014998,covid,20200602
0.010489,covid,20200603
0.01885,covid,20200604
0.016249,covid,20200605
0.026479000000000003,covid,20200606
0.015194,covid,20200607
0.018537,covid,20200608
0.013943,covid,20200609
0.01514,covid,20200610
0.017023,covid,20200611
0.019614,covid,20200612
0.016433,covid,20200613
0.018397,covid,20200614
0.011829000000000001,covid,20200615
0.014691,covid,20200616
0.01593,covid,20200617
0.01042,covid,20200618
0.016219,covid,20200619
0.015428,covid,20200620
0.012437,covid,20200621
0.010897,covid,20200622
0.015461,covid,20200623
0.016019,covid,20200624
0.011141,covid,20200625
0.011384,covid,20200626
0.011032,covid,20200627
0.010121999999999999,covid,20200628
0.00614,covid,20200629
0.011556,covid,20200630
0.011687000000000001,covid,20200701
0.014722,covid,20200702
0.014615000000000001,covid,20200703
0.013605,covid,20200704
0.009353,covid,20200705
0.011212,covid,20200706
0.008068,covid,20200707
0.014944999999999998,covid,20200708
0.011203,covid,20200709
0.011438,covid,20200710
0.013684,covid,20200711
0.014292,covid,20200712
0.013202,covid,20200713
0.009011,covid,20200714
0.010532,covid,20200715
0.013309999999999999,covid,20200716
0.009023999999999999,covid,20200717
0.009018,covid,20200718
0.008998,covid,20200719
0.005627,covid,20200720
0.015790000000000002,covid,20200721
0.006519,covid,20200722
0.004521,covid,20200723
0.006014,covid,20200724
0.0057740000000000005,covid,20200725
0.005757,covid,20200726
0.012095,covid,20200727
0.008151,covid,20200728
0.005881,covid,20200729
0.006344,covid,20200730
0.011466,covid,20200731
0.008306000000000001,covid,20200801
0.010166,covid,20200802
0.0055060000000000005,covid,20200803
0.006235,covid,20200804
0.011099,covid,20200805
0.011884,covid,20200806
0.008391,covid,20200807
0.008657999999999999,covid,20200808
0.004017,covid,20200809
0.005994,covid,20200810
0.008915000000000001,covid,20200811
0.005526,covid,20200812
0.005824,covid,20200813
0.008555,covid,20200814
0.004896,covid,20200815
0.008187,covid,20200816
0.005253,covid,20200817
0.010954,covid,20200818
0.008745999999999999,covid,20200819
0.01415,covid,20200820
0.00867,covid,20200821
0.008457,covid,20200822
0.00609,covid,20200823
0.011547,covid,20200824
0.012033,covid,20200825
0.01521,covid,20200826
0.01374,covid,20200827
0.013496000000000001,covid,20200828
0.010847,covid,20200829
0.017694,covid,20200830
0.01243,covid,20200831
0.01542,covid,20200901
0.022681,covid,20200902
0.033042,covid,20200903
0.020571000000000002,covid,20200904
0.018861000000000003,covid,20200905
0.016279,covid,20200906
0.018897999999999998,covid,20200907
0.023828,covid,20200908
0.023912,covid,20200909
0.028763999999999998,covid,20200910
0.018597,covid,20200911
0.016666999999999998,covid,20200912
0.02445,covid,20200913
0.024594,covid,20200914
0.020633000000000002,covid,20200915
0.018856,covid,20200916
0.01107,covid,20200917
0.01621,covid,20200918
0.013015,covid,20200919
0.020312,covid,20200920
0.023425,covid,20200921
0.023763999999999997,covid,20200922
0.019229,covid,20200923
0.016942,covid,20200924
0.01439,covid,20200925
0.016212,covid,20200926
0.0142,covid,20200927
0.015941,covid,20200928
0.015736,covid,20200929
0.020228,covid,20200930
0.01542,covid,20200901
0.022681,covid,20200902
0.033042,covid,20200903
0.020571000000000002,covid,20200904
0.018861000000000003,covid,20200905
0.016279,covid,20200906
0.018897999999999998,covid,20200907
0.023828,covid,20200908
0.023912,covid,20200909
0.020980000000000002,covid,20201010
0.008051,covid,20201011
0.013429,covid,20201012
0.013778,covid,20201013
0.013136000000000002,covid,20201014
0.009495,covid,20201015
0.025657999999999997,covid,20201016
0.017875,covid,20201017
0.015826,covid,20201018
0.014328,covid,20201019
0.018976,covid,20201020
0.024566,covid,20201021
0.015665000000000002,covid,20201022
0.019118,covid,20201023
0.014674000000000001,covid,20201024
0.015477000000000001,covid,20201025
0.013505000000000001,covid,20201026
0.017753,covid,20201027
0.018468000000000002,covid,20201028
0.019412000000000002,covid,20201029
0.014797,covid,20201030
0.022397,covid,20201031
0.017794,covid,20201001
0.013956,covid,20201002
0.013741,covid,20201003
0.008993000000000001,covid,20201004
0.011909000000000001,covid,20201005
0.018415,covid,20201006
0.013819,covid,20201007
0.013277,covid,20201008
0.010309,covid,20201009
0.021111,covid,20201110
0.020626,covid,20201111
0.027408999999999996,covid,20201112
0.02339,covid,20201113
0.017200999999999998,covid,20201114
0.017978,covid,20201115
0.017730000000000003,covid,20201116
0.028673,covid,20201117
0.019180000000000003,covid,20201118
0.014094,covid,20201119
0.026392000000000002,covid,20201120
0.018442,covid,20201121
0.023211000000000002,covid,20201122
0.021682,covid,20201123
0.019566,covid,20201124
0.022313,covid,20201125
0.022984,covid,20201126
0.025407,covid,20201127
0.021172999999999997,covid,20201128
0.0202,covid,20201129
0.026948000000000003,covid,20201130
0.013146000000000001,covid,20201101
0.018622,covid,20201102
0.021817,covid,20201103
0.013628,covid,20201104
0.030284,covid,20201105
0.018298,covid,20201106
0.021293,covid,20201107
0.022558,covid,20201108
0.008839,covid,20201109
0.023227,covid,20201210
0.02387,covid,20201211
0.01966,covid,20201212
0.017381,covid,20201213
0.018925,covid,20201214
0.019582,covid,20201215
0.018037,covid,20201216
0.013874000000000001,covid,20201217
0.018823,covid,20201218
0.017797,covid,20201219
0.020041,covid,20201220
0.020215,covid,20201221
0.014111000000000002,covid,20201222
0.016408000000000002,covid,20201223
0.023954,covid,20201224
0.017516999999999998,covid,20201225
0.016834000000000002,covid,20201226
0.015184,covid,20201227
0.024046,covid,20201228
0.018083000000000002,covid,20201229
0.018017,covid,20201230
0.024480000000000002,covid,20201231
0.015202,covid,20210101
0.016313,covid,20210102
0.024398,covid,20210103
0.022585,covid,20210104
0.01745,covid,20210105
0.026205000000000003,covid,20210106
0.019927,covid,20210107
0.017353,covid,20210108
0.019786,covid,20210109
0.017149,covid,20210110
0.015135,covid,20210111
0.018562000000000002,covid,20210112
0.01542,covid,20210113
0.018095,covid,20210114
0.017414,covid,20210115
0.012270999999999999,covid,20210116
0.021181000000000002,covid,20210117
0.012943999999999999,covid,20210118
0.018512,covid,20210119
0.017024,covid,20210120
0.024084,covid,20210121
0.015600999999999999,covid,20210122
0.016216,covid,20210123
0.016763,covid,20210124
0.015297,covid,20210125
0.011977,covid,20210126
0.013359999999999999,covid,20210127
0.020962,covid,20210128
0.021855,covid,20210129
0.014788999999999998,covid,20210130
0.015663999999999997,covid,20210131
0.018727,covid,20210201
0.017516999999999998,covid,20210202
0.021178,covid,20210203
0.015449000000000001,covid,20210204
0.022631000000000002,covid,20210205
0.019427,covid,20210206
0.01243,covid,20210207
0.013503,covid,20210208
0.015993,covid,20210209
0.016536000000000002,covid,20210210
0.010647,covid,20210211
0.017398,covid,20210212
0.017715,covid,20210213
0.022068,covid,20210214
0.01548,covid,20210215
0.01753,covid,20210216
0.018451,covid,20210217
0.022336,covid,20210218
0.013436000000000002,covid,20210219
0.023823,covid,20210220
0.018522999999999998,covid,20210221
0.016349000000000002,covid,20210222
0.027995,flu,20200501
0.021584,flu,20200502
0.026619999999999998,flu,20200503
0.027514,flu,20200504
0.030349,flu,20200505
0.027406,flu,20200506
0.020852000000000002,flu,20200507
0.023783000000000002,flu,20200508
0.019407,flu,20200509
0.022236000000000002,flu,20200510
0.021194,flu,20200511
0.023469999999999998,flu,20200512
0.022768,flu,20200513
0.026806,flu,20200514
0.025079,flu,20200515
0.021988999999999998,flu,20200516
0.024887,flu,20200517
0.025613,flu,20200518
0.029457999999999998,flu,20200519
0.016794,flu,20200520
0.020016,flu,20200521
0.018903,flu,20200522
0.022889,flu,20200523
0.022511,flu,20200524
0.014593,flu,20200525
0.01619,flu,20200526
0.022056,flu,20200527
0.019272,flu,20200528
0.022088,flu,20200529
0.018099,flu,20200530
0.014694,flu,20200531
0.015021000000000001,flu,20200601
0.015972,flu,20200602
0.013561000000000002,flu,20200603
0.020181,flu,20200604
0.018798,flu,20200605
0.029463999999999997,flu,20200606
0.017727,flu,20200607
0.022063,flu,20200608
0.015951,flu,20200609
0.017397,flu,20200610
0.018879,flu,20200611
0.020922,flu,20200612
0.019167,flu,20200613
0.019336000000000002,flu,20200614
0.013368999999999999,flu,20200615
0.017049,flu,20200616
0.018040999999999998,flu,20200617
0.015044,flu,20200618
0.016383,flu,20200619
0.017876,flu,20200620
0.015882,flu,20200621
0.010598,flu,20200622
0.014297,flu,20200623
0.017089,flu,20200624
0.013293000000000001,flu,20200625
0.011976,flu,20200626
0.012703,flu,20200627
0.010303,flu,20200628
0.008456,flu,20200629
0.012611,flu,20200630
0.010917,flu,20200701
0.017399,flu,20200702
0.019344999999999998,flu,20200703
0.015646,flu,20200704
0.010425,flu,20200705
0.012676999999999999,flu,20200706
0.010466,flu,20200707
0.015652000000000003,flu,20200708
0.012606000000000001,flu,20200709
0.012062999999999999,flu,20200710
0.014141999999999998,flu,20200711
0.015954,flu,20200712
0.013465000000000001,flu,20200713
0.011253,flu,20200714
0.012924000000000001,flu,20200715
0.015413,flu,20200716
0.009006,flu,20200717
0.009356999999999999,flu,20200718
0.010384000000000001,flu,20200719
0.00692,flu,20200720
0.0187,flu,20200721
0.006818,flu,20200722
0.004719,flu,20200723
0.012306999999999998,flu,20200724
0.008298,flu,20200725
0.0064010000000000004,flu,20200726
0.013897,flu,20200727
0.010029000000000001,flu,20200728
0.007481,flu,20200729
0.009384,flu,20200730
0.014487,flu,20200731
0.008515,flu,20200801
0.010103000000000001,flu,20200802
0.0068379999999999995,flu,20200803
0.006171,flu,20200804
0.012103000000000001,flu,20200805
0.013888,flu,20200806
0.011042,flu,20200807
0.008726000000000001,flu,20200808
0.0056229999999999995,flu,20200809
0.007278,flu,20200810
0.008981999999999999,flu,20200811
0.007475,flu,20200812
0.00856,flu,20200813
0.011682,flu,20200814
0.0055520000000000005,flu,20200815
0.009223,flu,20200816
0.006294,flu,20200817
0.013659000000000001,flu,20200818
0.00993,flu,20200819
0.015616999999999999,flu,20200820
0.01123,flu,20200821
0.011015,flu,20200822
0.007237,flu,20200823
0.012519,flu,20200824
0.014513,flu,20200825
0.017873,flu,20200826
0.0168,flu,20200827
0.015303,flu,20200828
0.014214,flu,20200829
0.017504,flu,20200830
0.015416999999999998,flu,20200831
0.022807,flu,20200901
0.025945,flu,20200902
0.035435,flu,20200903
0.024114,flu,20200904
0.019019,flu,20200905
0.020595,flu,20200906
0.021137,flu,20200907
0.027349000000000002,flu,20200908
0.033565,flu,20200909
0.033458999999999996,flu,20200910
0.022416,flu,20200911
0.021149,flu,20200912
0.024829,flu,20200913
0.031726,flu,20200914
0.026148,flu,20200915
0.023884,flu,20200916
0.01661,flu,20200917
0.021655,flu,20200918
0.014775,flu,20200919
0.023763,flu,20200920
0.025877999999999998,flu,20200921
0.0268,flu,20200922
0.0214,flu,20200923
0.018251,flu,20200924
0.01524,flu,20200925
0.020119,flu,20200926
0.014009,flu,20200927
0.019334999999999998,flu,20200928
0.02018,flu,20200929
0.023227,flu,20200930
0.022807,flu,20200901
0.025945,flu,20200902
0.035435,flu,20200903
0.024114,flu,20200904
0.019019,flu,20200905
0.020595,flu,20200906
0.021137,flu,20200907
0.027349000000000002,flu,20200908
0.033565,flu,20200909
0.024063,flu,20201010
0.008584999999999999,flu,20201011
0.015463999999999999,flu,20201012
0.018687,flu,20201013
0.018504,flu,20201014
0.013009999999999999,flu,20201015
0.0264,flu,20201016
0.022376,flu,20201017
0.017447999999999998,flu,20201018
0.017458,flu,20201019
0.020465,flu,20201020
0.030282999999999997,flu,20201021
0.018458000000000002,flu,20201022
0.022346,flu,20201023
0.018455000000000003,flu,20201024
0.016208,flu,20201025
0.013505000000000001,flu,20201026
0.022162,flu,20201027
0.022072,flu,20201028
0.021809000000000002,flu,20201029
0.013701,flu,20201030
0.026508999999999998,flu,20201031
0.021228,flu,20201001
0.016944,flu,20201002
0.015688999999999998,flu,20201003
0.013766999999999998,flu,20201004
0.017085,flu,20201005
0.021651,flu,20201006
0.017791,flu,20201007
0.015972,flu,20201008
0.012025,flu,20201009
0.028606,flu,20201110
0.024175,flu,20201111
0.029356999999999998,flu,20201112
0.028319,flu,20201113
0.018835,flu,20201114
0.018076,flu,20201115
0.024013999999999997,flu,20201116
0.030081999999999998,flu,20201117
0.020784999999999998,flu,20201118
0.015406,flu,20201119
0.031368,flu,20201120
0.019882,flu,20201121
0.026276,flu,20201122
0.025755,flu,20201123
0.021612,flu,20201124
0.025195,flu,20201125
0.023831,flu,20201126
0.028942000000000002,flu,20201127
0.024241,flu,20201128
0.022316,flu,20201129
0.032701,flu,20201130
0.016517,flu,20201101
0.023547,flu,20201102
0.024975999999999998,flu,20201103
0.013430000000000001,flu,20201104
0.032319,flu,20201105
0.020233,flu,20201106
0.025764,flu,20201107
0.023735,flu,20201108
0.011154,flu,20201109
0.025744,flu,20201210
0.026974,flu,20201211
0.024325,flu,20201212
0.019274,flu,20201213
0.026607,flu,20201214
0.021243,flu,20201215
0.018877,flu,20201216
0.017813,flu,20201217
0.021108000000000002,flu,20201218
0.020146,flu,20201219
0.022133,flu,20201220
0.023536,flu,20201221
0.015738,flu,20201222
0.018694,flu,20201223
0.026232,flu,20201224
0.020154,flu,20201225
0.020262,flu,20201226
0.015907,flu,20201227
0.025587000000000002,flu,20201228
0.020534999999999998,flu,20201229
0.022088,flu,20201230
0.026725,flu,20201231
0.018133,flu,20210101
0.018253,flu,20210102
0.027620999999999996,flu,20210103
0.024128999999999998,flu,20210104
0.016527,flu,20210105
0.030548000000000002,flu,20210106
0.020893000000000002,flu,20210107
0.019628,flu,20210108
0.020482,flu,20210109
0.020531999999999998,flu,20210110
0.015744,flu,20210111
0.018803999999999998,flu,20210112
0.017754,flu,20210113
0.020201,flu,20210114
0.019857,flu,20210115
0.017366999999999997,flu,20210116
0.022869,flu,20210117
0.014687,flu,20210118
0.020000999999999998,flu,20210119
0.016855000000000002,flu,20210120
0.026788,flu,20210121
0.017005000000000003,flu,20210122
0.01876,flu,20210123
0.018149000000000002,flu,20210124
0.019665000000000002,flu,20210125
0.013334,flu,20210126
0.015625,flu,20210127
0.021544999999999998,flu,20210128
0.022900999999999998,flu,20210129
0.014443000000000001,flu,20210130
0.015957,flu,20210131
0.021383000000000003,flu,20210201
0.020655,flu,20210202
0.021903,flu,20210203
0.019522,flu,20210204
0.02543,flu,20210205
0.024718,flu,20210206
0.013526,flu,20210207
0.01728,flu,20210208
0.024056,flu,20210209
0.017428,flu,20210210
0.014486,flu,20210211
0.020099000000000002,flu,20210212
0.018989,flu,20210213
0.026193,flu,20210214
0.015493999999999999,flu,20210215
0.019676,flu,20210216
0.021991999999999998,flu,20210217
0.029681,flu,20210218
0.021373,flu,20210219
0.024911000000000003,flu,20210220
0.019679,flu,20210221
0.018241999999999998,flu,20210222
0.010838,mask,20200501
0.014301,mask,20200502
0.017052,mask,20200503
0.019867,mask,20200504
0.022816,mask,20200505
0.017567,mask,20200506
0.016957,mask,20200507
0.011815,mask,20200508
0.01409,mask,20200509
0.016957,mask,20200510
0.018062,mask,20200511
0.016426,mask,20200512
0.015577,mask,20200513
0.010494,mask,20200514
0.029636000000000003,mask,20200515
0.016895,mask,20200516
0.028091,mask,20200517
0.024774,mask,20200518
0.029287999999999998,mask,20200519
0.031523,mask,20200520
0.019214,mask,20200521
0.014188999999999998,mask,20200522
0.018216,mask,20200523
0.016737000000000002,mask,20200524
0.014844999999999999,mask,20200525
0.013075,mask,20200526
0.025758999999999997,mask,20200527
0.017296000000000002,mask,20200528
0.027067,mask,20200529
0.020622,mask,20200530
0.018379,mask,20200531
0.016640000000000002,mask,20200601
0.017256,mask,20200602
0.019681,mask,20200603
0.031967,mask,20200604
0.02708,mask,20200605
0.020174,mask,20200606
0.014643999999999999,mask,20200607
0.018573,mask,20200608
0.015812,mask,20200609
0.020259,mask,20200610
0.013777000000000001,mask,20200611
0.02102,mask,20200612
0.019223,mask,20200613
0.01706,mask,20200614
0.031083999999999997,mask,20200615
0.017616999999999997,mask,20200616
0.055477,mask,20200617
0.022466,mask,20200618
0.031768,mask,20200619
0.022049000000000003,mask,20200620
0.016922,mask,20200621
0.031414,mask,20200622
0.018849,mask,20200623
0.017147,mask,20200624
0.031777,mask,20200625
0.021293,mask,20200626
0.021986000000000002,mask,20200627
0.015531999999999999,mask,20200628
0.039749,mask,20200629
0.02217,mask,20200630
0.027313,mask,20200701
0.018927,mask,20200702
0.017381,mask,20200703
0.030979000000000003,mask,20200704
0.018455000000000003,mask,20200705
0.016618,mask,20200706
0.017700999999999998,mask,20200707
0.025611000000000002,mask,20200708
0.016638,mask,20200709
0.018535,mask,20200710
0.029830000000000002,mask,20200711
0.026876,mask,20200712
0.019753,mask,20200713
0.019974000000000002,mask,20200714
0.019184,mask,20200715
0.014761000000000002,mask,20200716
0.021398,mask,20200717
0.021952,mask,20200718
0.016899,mask,20200719
0.013128,mask,20200720
0.030185000000000003,mask,20200721
0.02755,mask,20200722
0.019416,mask,20200723
0.020881999999999998,mask,20200724
0.01708,mask,20200725
0.020378999999999998,mask,20200726
0.017204,mask,20200727
0.022297,mask,20200728
0.031177,mask,20200729
0.017093999999999998,mask,20200730
0.038202999999999994,mask,20200731
0.051508000000000005,mask,20200801
0.017941,mask,20200802
0.022756000000000002,mask,20200803
0.025307,mask,20200804
0.017071,mask,20200805
0.013553999999999998,mask,20200806
0.031027999999999997,mask,20200807
0.020332,mask,20200808
0.016382,mask,20200809
0.015350999999999998,mask,20200810
0.023126,mask,20200811
0.055339,mask,20200812
0.01542,mask,20200813
0.029876,mask,20200814
0.015585,mask,20200815
0.01593,mask,20200816
0.018153,mask,20200817
0.037032,mask,20200818
0.020590999999999998,mask,20200819
0.01883,mask,20200820
0.016881999999999998,mask,20200821
0.025396000000000002,mask,20200822
0.01798,mask,20200823
0.019944,mask,20200824
0.022267,mask,20200825
0.01545,mask,20200826
0.019441999999999997,mask,20200827
0.018001,mask,20200828
0.020303,mask,20200829
0.02876,mask,20200830
0.021391999999999998,mask,20200831
0.023495,mask,20200901
0.027639999999999998,mask,20200902
0.03573,mask,20200903
0.037131,mask,20200904
0.02311,mask,20200905
0.023329,mask,20200906
0.023732,mask,20200907
0.023487,mask,20200908
0.029528,mask,20200909
0.019417,mask,20200910
0.024044,mask,20200911
0.015508000000000001,mask,20200912
0.021072999999999998,mask,20200913
0.02161,mask,20200914
0.017631,mask,20200915
0.025901,mask,20200916
0.018611000000000003,mask,20200917
0.020368999999999998,mask,20200918
0.02425,mask,20200919
0.024013999999999997,mask,20200920
0.021595,mask,20200921
0.011925,mask,20200922
0.025651999999999998,mask,20200923
0.021646000000000002,mask,20200924
0.013303,mask,20200925
0.026101999999999997,mask,20200926
0.024338,mask,20200927
0.014419,mask,20200928
0.022488,mask,20200929
0.033152,mask,20200930
0.023495,mask,20200901
0.027639999999999998,mask,20200902
0.03573,mask,20200903
0.037131,mask,20200904
0.02311,mask,20200905
0.023329,mask,20200906
0.023732,mask,20200907
0.023487,mask,20200908
0.029528,mask,20200909
0.020019,mask,20201010
0.028163999999999998,mask,20201011
0.017945,mask,20201012
0.013916999999999999,mask,20201013
0.031529,mask,20201014
0.015106,mask,20201015
0.024762,mask,20201016
0.040039,mask,20201017
0.035841000000000005,mask,20201018
0.023757,mask,20201019
0.028018,mask,20201020
0.01696,mask,20201021
0.025047999999999997,mask,20201022
0.017303,mask,20201023
0.025848000000000003,mask,20201024
0.033115,mask,20201025
0.012077,mask,20201026
0.026338,mask,20201027
0.021411000000000003,mask,20201028
0.023231,mask,20201029
0.029438,mask,20201030
0.042325,mask,20201031
0.02179,mask,20201001
0.021636000000000002,mask,20201002
0.017909,mask,20201003
0.022897999999999998,mask,20201004
0.020106,mask,20201005
0.019719999999999998,mask,20201006
0.016488,mask,20201007
0.027096,mask,20201008
0.019388,mask,20201009
0.035841000000000005,mask,20201110
0.035945,mask,20201111
0.05507000000000001,mask,20201112
0.037162,mask,20201113
0.046992,mask,20201114
0.045887,mask,20201115
0.080828,mask,20201116
0.047244,mask,20201117
0.05467999999999999,mask,20201118
0.054863,mask,20201119
0.055446,mask,20201120
0.087323,mask,20201121
0.06525,mask,20201122
0.060365999999999996,mask,20201123
0.070272,mask,20201124
0.071242,mask,20201125
0.07631900000000001,mask,20201126
0.070614,mask,20201127
0.055341999999999995,mask,20201128
0.066482,mask,20201129
0.069097,mask,20201130
0.030258999999999998,mask,20201101
0.035302999999999994,mask,20201102
0.034226,mask,20201103
0.031336,mask,20201104
0.038155,mask,20201105
0.038860000000000006,mask,20201106
0.051947,mask,20201107
0.036722000000000005,mask,20201108
0.034127,mask,20201109
0.09440499999999999,mask,20201210
0.123821,mask,20201211
0.10678,mask,20201212
0.07900499999999999,mask,20201213
0.09283999999999999,mask,20201214
0.112198,mask,20201215
0.098053,mask,20201216
0.086765,mask,20201217
0.103872,mask,20201218
0.10378699999999999,mask,20201219
0.11751600000000001,mask,20201220
0.11913699999999999,mask,20201221
0.122599,mask,20201222
0.128997,mask,20201223
0.141546,mask,20201224
0.13253800000000002,mask,20201225
0.136629,mask,20201226
0.129615,mask,20201227
0.129848,mask,20201228
0.141494,mask,20201229
0.135482,mask,20201230
0.143149,mask,20201231
0.132393,mask,20210101
0.130417,mask,20210102
0.13476400000000002,mask,20210103
0.143324,mask,20210104
0.11964100000000001,mask,20210105
0.142938,mask,20210106
0.13461800000000002,mask,20210107
0.13862,mask,20210108
0.148092,mask,20210109
0.12884600000000002,mask,20210110
0.14564100000000002,mask,20210111
0.138408,mask,20210112
0.16834200000000002,mask,20210113
0.16306099999999998,mask,20210114
0.16497799999999999,mask,20210115
0.153773,mask,20210116
0.146045,mask,20210117
0.149867,mask,20210118
0.151449,mask,20210119
0.155625,mask,20210120
0.201566,mask,20210121
0.172855,mask,20210122
0.148444,mask,20210123
0.15426199999999998,mask,20210124
0.14366500000000001,mask,20210125
0.149833,mask,20210126
0.17058900000000002,mask,20210127
0.155554,mask,20210128
0.15348399999999998,mask,20210129
0.151385,mask,20210130
0.145895,mask,20210131
0.158473,mask,20210201
0.123975,mask,20210202
0.133272,mask,20210203
0.163391,mask,20210204
0.15598499999999998,mask,20210205
0.158073,mask,20210206
0.13968699999999998,mask,20210207
0.151331,mask,20210208
0.139603,mask,20210209
0.157096,mask,20210210
0.168668,mask,20210211
0.15751400000000002,mask,20210212
0.176816,mask,20210213
0.15853599999999998,mask,20210214
0.157834,mask,20210215
0.138917,mask,20210216
0.145874,mask,20210217
0.16575,mask,20210218
0.16072,mask,20210219
0.16961400000000001,mask,20210220
0.150822,mask,20210221
0.14519100000000001,mask,20210222
0.425947,contact,20200501
0.415943,contact,20200502
0.448664,contact,20200503
0.45648199999999994,contact,20200504
0.4497,contact,20200505
0.46141899999999997,contact,20200506
0.450071,contact,20200507
0.471817,contact,20200508
0.488407,contact,20200509
0.465729,contact,20200510
0.47174499999999997,contact,20200511
0.45014899999999997,contact,20200512
0.46743,contact,20200513
0.453237,contact,20200514
0.45094799999999996,contact,20200515
0.481738,contact,20200516
0.44166000000000005,contact,20200517
0.4527,contact,20200518
0.48515,contact,20200519
0.47176999999999997,contact,20200520
0.468247,contact,20200521
0.471683,contact,20200522
0.48250299999999996,contact,20200523
0.45205500000000004,contact,20200524
0.46083100000000005,contact,20200525
0.48848400000000003,contact,20200526
0.482732,contact,20200527
0.49959899999999996,contact,20200528
0.484066,contact,20200529
0.48818999999999996,contact,20200530
0.509369,contact,20200531
0.50793,contact,20200601
0.5002449999999999,contact,20200602
0.497857,contact,20200603
0.493334,contact,20200604
0.483284,contact,20200605
0.489777,contact,20200606
0.461049,contact,20200607
0.498266,contact,20200608
0.48777,contact,20200609
0.474973,contact,20200610
0.49962799999999996,contact,20200611
0.497462,contact,20200612
0.519927,contact,20200613
0.492619,contact,20200614
0.501163,contact,20200615
0.49363599999999996,contact,20200616
0.481171,contact,20200617
0.479548,contact,20200618
0.500529,contact,20200619
0.5560729999999999,contact,20200620
0.524876,contact,20200621
0.48635600000000007,contact,20200622
0.471408,contact,20200623
0.48751400000000006,contact,20200624
0.501189,contact,20200625
0.523784,contact,20200626
0.530029,contact,20200627
0.528234,contact,20200628
0.49467,contact,20200629
0.511293,contact,20200630
0.488178,contact,20200701
0.48640600000000006,contact,20200702
0.507985,contact,20200703
0.48026199999999997,contact,20200704
0.48246000000000006,contact,20200705
0.487571,contact,20200706
0.47693100000000005,contact,20200707
0.491608,contact,20200708
0.50246,contact,20200709
0.5117229999999999,contact,20200710
0.508997,contact,20200711
0.49302799999999997,contact,20200712
0.511824,contact,20200713
0.5118590000000001,contact,20200714
0.498832,contact,20200715
0.500374,contact,20200716
0.518626,contact,20200717
0.5262100000000001,contact,20200718
0.550281,contact,20200719
0.555775,contact,20200720
0.494378,contact,20200721
0.526451,contact,20200722
0.518888,contact,20200723
0.526199,contact,20200724
0.5631970000000001,contact,20200725
0.560952,contact,20200726
0.533419,contact,20200727
0.516617,contact,20200728
0.516273,contact,20200729
0.552484,contact,20200730
0.537216,contact,20200731
0.5684939999999999,contact,20200801
0.556174,contact,20200802
0.547391,contact,20200803
0.551528,contact,20200804
0.538559,contact,20200805
0.528903,contact,20200806
0.556601,contact,20200807
0.536845,contact,20200808
0.55457,contact,20200809
0.563227,contact,20200810
0.54797,contact,20200811
0.515208,contact,20200812
0.5473640000000001,contact,20200813
0.571128,contact,20200814
0.582427,contact,20200815
0.5841529999999999,contact,20200816
0.5623020000000001,contact,20200817
0.513116,contact,20200818
0.539667,contact,20200819
0.5544479999999999,contact,20200820
0.571485,contact,20200821
0.568088,contact,20200822
0.562325,contact,20200823
0.572313,contact,20200824
0.517586,contact,20200825
0.553253,contact,20200826
0.540061,contact,20200827
0.534963,contact,20200828
0.556143,contact,20200829
0.5589069999999999,contact,20200830
0.522018,contact,20200831
0.523512,contact,20200901
0.50326,contact,20200902
0.505223,contact,20200903
0.531146,contact,20200904
0.565036,contact,20200905
0.54035,contact,20200906
0.530203,contact,20200907
0.539888,contact,20200908
0.5280819999999999,contact,20200909
0.556091,contact,20200910
0.512512,contact,20200911
0.549864,contact,20200912
0.536118,contact,20200913
0.530997,contact,20200914
0.540636,contact,20200915
0.535918,contact,20200916
0.550539,contact,20200917
0.532215,contact,20200918
0.587746,contact,20200919
0.554546,contact,20200920
0.568734,contact,20200921
0.548953,contact,20200922
0.538596,contact,20200923
0.553936,contact,20200924
0.55162,contact,20200925
0.5637840000000001,contact,20200926
0.5630390000000001,contact,20200927
0.570455,contact,20200928
0.5362100000000001,contact,20200929
0.56135,contact,20200930
0.523512,contact,20200901
0.50326,contact,20200902
0.505223,contact,20200903
0.531146,contact,20200904
0.565036,contact,20200905
0.54035,contact,20200906
0.530203,contact,20200907
0.539888,contact,20200908
0.5280819999999999,contact,20200909
0.524177,contact,20201010
0.49922,contact,20201011
0.5133939999999999,contact,20201012
0.528886,contact,20201013
0.554756,contact,20201014
0.542982,contact,20201015
0.528972,contact,20201016
0.545463,contact,20201017
0.5294369999999999,contact,20201018
0.529313,contact,20201019
0.498841,contact,20201020
0.508927,contact,20201021
0.5325310000000001,contact,20201022
0.538749,contact,20201023
0.542435,contact,20201024
0.56314,contact,20201025
0.5160779999999999,contact,20201026
0.52198,contact,20201027
0.540568,contact,20201028
0.511969,contact,20201029
0.538489,contact,20201030
0.467693,contact,20201031
0.532601,contact,20201001
0.5417029999999999,contact,20201002
0.5514,contact,20201003
0.534729,contact,20201004
0.534261,contact,20201005
0.537695,contact,20201006
0.542883,contact,20201007
0.548593,contact,20201008
0.5364270000000001,contact,20201009
0.453908,contact,20201110
0.43724300000000005,contact,20201111
0.412308,contact,20201112
0.414245,contact,20201113
0.453139,contact,20201114
0.416921,contact,20201115
0.40200199999999997,contact,20201116
0.406047,contact,20201117
0.432413,contact,20201118
0.42192700000000005,contact,20201119
0.44635,contact,20201120
0.42721800000000004,contact,20201121
0.382205,contact,20201122
0.380031,contact,20201123
0.383177,contact,20201124
0.387975,contact,20201125
0.38090300000000005,contact,20201126
0.400251,contact,20201127
0.410253,contact,20201128
0.40251,contact,20201129
0.41113299999999997,contact,20201130
0.461388,contact,20201101
0.5017520000000001,contact,20201102
0.43085500000000004,contact,20201103
0.43416099999999996,contact,20201104
0.47434,contact,20201105
0.479076,contact,20201106
0.46498100000000003,contact,20201107
0.42157,contact,20201108
0.487727,contact,20201109
0.40005300000000005,contact,20201210
0.384975,contact,20201211
0.414379,contact,20201212
0.371821,contact,20201213
0.376015,contact,20201214
0.355321,contact,20201215
0.38786,contact,20201216
0.382486,contact,20201217
0.36718,contact,20201218
0.35186,contact,20201219
0.345196,contact,20201220
0.352483,contact,20201221
0.343561,contact,20201222
0.359242,contact,20201223
0.436433,contact,20201224
0.49634399999999995,contact,20201225
0.422904,contact,20201226
0.372776,contact,20201227
0.351615,contact,20201228
0.35785,contact,20201229
0.333665,contact,20201230
0.351936,contact,20201231
0.43877700000000003,contact,20210101
0.355168,contact,20210102
0.354217,contact,20210103
0.33619099999999996,contact,20210104
0.34448,contact,20210105
0.343697,contact,20210106
0.358994,contact,20210107
0.362159,contact,20210108
0.371663,contact,20210109
0.352902,contact,20210110
0.360589,contact,20210111
0.359732,contact,20210112
0.381957,contact,20210113
0.363915,contact,20210114
0.379961,contact,20210115
0.38550500000000004,contact,20210116
0.363165,contact,20210117
0.35317800000000005,contact,20210118
0.364987,contact,20210119
0.38042600000000004,contact,20210120
0.369596,contact,20210121
0.373325,contact,20210122
0.39358200000000004,contact,20210123
0.370706,contact,20210124
0.382737,contact,20210125
0.385621,contact,20210126
0.385968,contact,20210127
0.381344,contact,20210128
0.379732,contact,20210129
0.404633,contact,20210130
0.389948,contact,20210131
0.42718199999999995,contact,20210201
0.391412,contact,20210202
0.407497,contact,20210203
0.403118,contact,20210204
0.407352,contact,20210205
0.399267,contact,20210206
0.411314,contact,20210207
0.399767,contact,20210208
0.404325,contact,20210209
0.38448000000000004,contact,20210210
0.389524,contact,20210211
0.41397799999999996,contact,20210212
0.388869,contact,20210213
0.414549,contact,20210214
0.424771,contact,20210215
0.397988,contact,20210216
0.41687299999999994,contact,20210217
0.426418,contact,20210218
0.394073,contact,20210219
0.408984,contact,20210220
0.40942199999999995,contact,20210221
0.376629,contact,20210222
0.214772,finance,20200503
0.207265,finance,20200504
0.204345,finance,20200505
0.200715,finance,20200506
0.193555,finance,20200507
0.200277,finance,20200508
0.186862,finance,20200509
0.183251,finance,20200510
0.20313900000000001,finance,20200511
0.186408,finance,20200512
0.20526999999999998,finance,20200513
0.19300699999999998,finance,20200514
0.18016300000000002,finance,20200515
0.167698,finance,20200516
0.181384,finance,20200517
0.19212100000000001,finance,20200518
0.184343,finance,20200519
0.174012,finance,20200520
0.188634,finance,20200521
0.159236,finance,20200522
0.177832,finance,20200523
0.170915,finance,20200524
0.174877,finance,20200525
0.178963,finance,20200526
0.160462,finance,20200527
0.163582,finance,20200528
0.167632,finance,20200529
0.139899,finance,20200530
0.163477,finance,20200531
0.15729300000000002,finance,20200601
0.166199,finance,20200602
0.172403,finance,20200603
0.17794300000000002,finance,20200604
0.175375,finance,20200605
0.175996,finance,20200606
0.158228,finance,20200607
0.155495,finance,20200608
0.182897,finance,20200609
0.169468,finance,20200610
0.160237,finance,20200611
0.14891300000000002,finance,20200612
0.159752,finance,20200613
0.14335,finance,20200614
0.15481199999999998,finance,20200615
0.159691,finance,20200616
0.16028900000000001,finance,20200617
0.15954300000000002,finance,20200618
0.14366400000000001,finance,20200619
0.16301500000000002,finance,20200620
0.155841,finance,20200621
0.155626,finance,20200622
0.16051400000000002,finance,20200623
0.170943,finance,20200624
0.154358,finance,20200625
0.150063,finance,20200626
0.13758900000000002,finance,20200627
0.138523,finance,20200628
0.149856,finance,20200629
0.157436,finance,20200630
0.159057,finance,20200701
0.137809,finance,20200702
0.153923,finance,20200703
0.149293,finance,20200704
0.13752,finance,20200705
0.15825999999999998,finance,20200706
0.13071300000000002,finance,20200707
0.138041,finance,20200708
0.15346500000000002,finance,20200709
0.147726,finance,20200710
0.139998,finance,20200711
0.12650699999999998,finance,20200712
0.152879,finance,20200713
0.14416600000000002,finance,20200714
0.156145,finance,20200715
0.136287,finance,20200716
0.151386,finance,20200717
0.138825,finance,20200718
0.165467,finance,20200719
0.132138,finance,20200720
0.137446,finance,20200721
0.142544,finance,20200722
0.133246,finance,20200723
0.131803,finance,20200724
0.153048,finance,20200725
0.140928,finance,20200726
0.127047,finance,20200727
0.141504,finance,20200728
0.133676,finance,20200729
0.13251400000000002,finance,20200730
0.14063499999999998,finance,20200731
0.12598399999999998,finance,20200801
0.126147,finance,20200802
0.138881,finance,20200803
0.125494,finance,20200804
0.125915,finance,20200805
0.151371,finance,20200806
0.136212,finance,20200807
0.132396,finance,20200808
0.144362,finance,20200809
0.161802,finance,20200810
0.136442,finance,20200811
0.167515,finance,20200812
0.14456,finance,20200813
0.135762,finance,20200814
0.12741,finance,20200815
0.138378,finance,20200816
0.155633,finance,20200817
0.125315,finance,20200818
0.145766,finance,20200819
0.14332999999999999,finance,20200820
0.15871300000000002,finance,20200821
0.14290999999999998,finance,20200822
0.119593,finance,20200823
0.144858,finance,20200824
0.149598,finance,20200825
0.155022,finance,20200826
0.152639,finance,20200827
0.1395,finance,20200828
0.125145,finance,20200829
0.146703,finance,20200830
0.14919100000000002,finance,20200831
0.15421400000000002,finance,20200901
0.142234,finance,20200902
0.134424,finance,20200903
0.13043,finance,20200904
0.142454,finance,20200905
0.135372,finance,20200906
0.143276,finance,20200907
0.14503,finance,20200908
0.13320099999999999,finance,20200909
0.134326,finance,20200910
0.14637,finance,20200911
0.13336900000000002,finance,20200912
0.137989,finance,20200913
0.153862,finance,20200914
0.125522,finance,20200915
0.140547,finance,20200916
0.143744,finance,20200917
0.13241,finance,20200918
0.158045,finance,20200919
0.1375,finance,20200920
0.13736700000000002,finance,20200921
0.151304,finance,20200922
0.159546,finance,20200923
0.131471,finance,20200924
0.119663,finance,20200925
0.128618,finance,20200926
0.11571500000000001,finance,20200927
0.145303,finance,20200928
0.129547,finance,20200929
0.142898,finance,20200930
0.15421400000000002,finance,20200901
0.142234,finance,20200902
0.134424,finance,20200903
0.13043,finance,20200904
0.142454,finance,20200905
0.135372,finance,20200906
0.143276,finance,20200907
0.14503,finance,20200908
0.13320099999999999,finance,20200909
0.135388,finance,20201010
0.161198,finance,20201011
0.12245999999999999,finance,20201012
0.146254,finance,20201013
0.153059,finance,20201014
0.139606,finance,20201015
0.152599,finance,20201016
0.125743,finance,20201017
0.154857,finance,20201018
0.14224,finance,20201019
0.16403399999999999,finance,20201020
0.150029,finance,20201021
0.147085,finance,20201022
0.11294000000000001,finance,20201023
0.144448,finance,20201024
0.13683,finance,20201025
0.165468,finance,20201026
0.15425999999999998,finance,20201027
0.131893,finance,20201028
0.159871,finance,20201029
0.139428,finance,20201030
0.13780499999999998,finance,20201031
0.168493,finance,20201001
0.143509,finance,20201002
0.13095199999999999,finance,20201003
0.140322,finance,20201004
0.137294,finance,20201005
0.151955,finance,20201006
0.148764,finance,20201007
0.12704300000000002,finance,20201008
0.156961,finance,20201009
0.163299,finance,20201110
0.17538800000000002,finance,20201111
0.162425,finance,20201112
0.155108,finance,20201113
0.140152,finance,20201114
0.17999500000000002,finance,20201115
0.17038,finance,20201116
0.186534,finance,20201117
0.1637,finance,20201118
0.183364,finance,20201119
0.16633,finance,20201120
0.14871700000000002,finance,20201121
0.179228,finance,20201122
0.176035,finance,20201123
0.16758599999999998,finance,20201124
0.171494,finance,20201125
0.168337,finance,20201126
0.17363800000000001,finance,20201127
0.160641,finance,20201128
0.16455699999999998,finance,20201129
0.17962,finance,20201130
0.159178,finance,20201101
0.162453,finance,20201102
0.20021,finance,20201103
0.181953,finance,20201104
0.169746,finance,20201105
0.151473,finance,20201106
0.152186,finance,20201107
0.164665,finance,20201108
0.158632,finance,20201109
0.165686,finance,20201210
0.182783,finance,20201211
0.190381,finance,20201212
0.160228,finance,20201213
0.174733,finance,20201214
0.184587,finance,20201215
0.156334,finance,20201216
0.17386400000000002,finance,20201217
0.158721,finance,20201218
0.178235,finance,20201219
0.142207,finance,20201220
0.170165,finance,20201221
0.156415,finance,20201222
0.152702,finance,20201223
0.141665,finance,20201224
0.13062,finance,20201225
0.15774200000000002,finance,20201226
0.161999,finance,20201227
0.15135,finance,20201228
0.152299,finance,20201229
0.16838699999999998,finance,20201230
0.150643,finance,20201231
0.136683,finance,20210101
0.15539,finance,20210102
0.151013,finance,20210103
0.148701,finance,20210104
0.167772,finance,20210105
0.159271,finance,20210106
0.149919,finance,20210107
0.150644,finance,20210108
0.15282,finance,20210109
0.163363,finance,20210110
0.156639,finance,20210111
0.166242,finance,20210112
0.171275,finance,20210113
0.1598,finance,20210114
0.161511,finance,20210115
0.157255,finance,20210116
0.149169,finance,20210117
0.156696,finance,20210118
0.162439,finance,20210119
0.152098,finance,20210120
0.153028,finance,20210121
0.151844,finance,20210122
0.158459,finance,20210123
0.148592,finance,20210124
0.14783,finance,20210125
0.162599,finance,20210126
0.146826,finance,20210127
0.14944200000000002,finance,20210128
0.140344,finance,20210129
0.130712,finance,20210130
0.146565,finance,20210131
0.15274400000000002,finance,20210201
0.16354200000000002,finance,20210202
0.160101,finance,20210203
0.150857,finance,20210204
0.145767,finance,20210205
0.145584,finance,20210206
0.139547,finance,20210207
0.151765,finance,20210208
0.155323,finance,20210209
0.148775,finance,20210210
0.148017,finance,20210211
0.151445,finance,20210212
0.151745,finance,20210213
0.137244,finance,20210214
0.141785,finance,20210215
0.140448,finance,20210216
0.157882,finance,20210217
0.15806900000000002,finance,20210218
0.14310799999999999,finance,20210219
0.160637,finance,20210220
0.15548800000000002,finance,20210221
0.151554,finance,20210222
0.045101,anosmia,20200501
0.047043,anosmia,20200502
0.042321,anosmia,20200503
0.043697,anosmia,20200504
0.046533,anosmia,20200505
0.045467,anosmia,20200506
0.042546,anosmia,20200507
0.041749,anosmia,20200508
0.045747,anosmia,20200509
0.047864,anosmia,20200510
0.03792,anosmia,20200511
0.048418,anosmia,20200512
0.054266999999999996,anosmia,20200513
0.050685,anosmia,20200514
0.051124,anosmia,20200515
0.049162,anosmia,20200516
0.048674,anosmia,20200517
0.051002,anosmia,20200518
0.049117,anosmia,20200519
0.048306,anosmia,20200520
0.049743,anosmia,20200521
0.041428,anosmia,20200522
0.040463,anosmia,20200523
0.041183,anosmia,20200524
0.042404000000000004,anosmia,20200525
0.038013,anosmia,20200526
0.043252,anosmia,20200527
0.035342,anosmia,20200528
0.044545999999999995,anosmia,20200529
0.041033999999999994,anosmia,20200530
0.043736000000000004,anosmia,20200531
0.044545,anosmia,20200601
0.04622,anosmia,20200602
0.051203,anosmia,20200603
0.047343,anosmia,20200604
0.043247,anosmia,20200605
0.037932,anosmia,20200606
0.0411,anosmia,20200607
0.042989,anosmia,20200608
0.048622000000000005,anosmia,20200609
0.042602999999999995,anosmia,20200610
0.040888,anosmia,20200611
0.045676999999999995,anosmia,20200612
0.035891,anosmia,20200613
0.040036,anosmia,20200614
0.036561,anosmia,20200615
0.041345,anosmia,20200616
0.03966,anosmia,20200617
0.038395,anosmia,20200618
0.042842,anosmia,20200619
0.043426,anosmia,20200620
0.033434,anosmia,20200621
0.041731,anosmia,20200622
0.041174,anosmia,20200623
0.035582,anosmia,20200624
0.034381,anosmia,20200625
0.035857,anosmia,20200626
0.037276,anosmia,20200627
0.037971,anosmia,20200628
0.033484,anosmia,20200629
0.034828,anosmia,20200630
0.042341000000000004,anosmia,20200701
0.033375,anosmia,20200702
0.039155,anosmia,20200703
0.036834,anosmia,20200704
0.036508,anosmia,20200705
0.032418,anosmia,20200706
0.032027,anosmia,20200707
0.030642000000000003,anosmia,20200708
0.031711,anosmia,20200709
0.030815,anosmia,20200710
0.035128,anosmia,20200711
0.029358,anosmia,20200712
0.027563,anosmia,20200713
0.035334,anosmia,20200714
0.032921,anosmia,20200715
0.029615,anosmia,20200716
0.032792,anosmia,20200717
0.032777,anosmia,20200718
0.029452,anosmia,20200719
0.028852,anosmia,20200720
0.037591,anosmia,20200721
0.029339999999999998,anosmia,20200722
0.031103,anosmia,20200723
0.023447,anosmia,20200724
0.026847000000000003,anosmia,20200725
0.025081,anosmia,20200726
0.028324000000000002,anosmia,20200727
0.024533000000000003,anosmia,20200728
0.030074,anosmia,20200729
0.030386,anosmia,20200730
0.027757999999999998,anosmia,20200731
0.019955,anosmia,20200801
0.026782999999999998,anosmia,20200802
0.026786,anosmia,20200803
0.028595,anosmia,20200804
0.030799,anosmia,20200805
0.033066000000000005,anosmia,20200806
0.030038,anosmia,20200807
0.027911000000000002,anosmia,20200808
0.026614999999999996,anosmia,20200809
0.022356,anosmia,20200810
0.030233999999999997,anosmia,20200811
0.023083000000000003,anosmia,20200812
0.0331,anosmia,20200813
0.029236,anosmia,20200814
0.029172000000000003,anosmia,20200815
0.030521,anosmia,20200816
0.021606,anosmia,20200817
0.028481,anosmia,20200818
0.029392,anosmia,20200819
0.032854,anosmia,20200820
0.029160000000000002,anosmia,20200821
0.031688,anosmia,20200822
0.030818,anosmia,20200823
0.038388,anosmia,20200824
0.029736000000000002,anosmia,20200825
0.037698,anosmia,20200826
0.039094,anosmia,20200827
0.037067,anosmia,20200828
0.035933,anosmia,20200829
0.031681,anosmia,20200830
0.031958999999999994,anosmia,20200831
0.045288999999999996,anosmia,20200901
0.055542999999999995,anosmia,20200902
0.048371,anosmia,20200903
0.033460000000000004,anosmia,20200904
0.038779,anosmia,20200905
0.042893,anosmia,20200906
0.041377,anosmia,20200907
0.047823000000000004,anosmia,20200908
0.045151,anosmia,20200909
0.046888,anosmia,20200910
0.035712,anosmia,20200911
0.043381,anosmia,20200912
0.035582,anosmia,20200913
0.04127,anosmia,20200914
0.036995,anosmia,20200915
0.039135,anosmia,20200916
0.041698,anosmia,20200917
0.053187,anosmia,20200918
0.039945,anosmia,20200919
0.045139,anosmia,20200920
0.043924,anosmia,20200921
0.0385,anosmia,20200922
0.039425,anosmia,20200923
0.041553,anosmia,20200924
0.034312999999999996,anosmia,20200925
0.043495,anosmia,20200926
0.043932,anosmia,20200927
0.030373,anosmia,20200928
0.046067000000000004,anosmia,20200929
0.035043,anosmia,20200930
0.045288999999999996,anosmia,20200901
0.055542999999999995,anosmia,20200902
0.048371,anosmia,20200903
0.033460000000000004,anosmia,20200904
0.038779,anosmia,20200905
0.042893,anosmia,20200906
0.041377,anosmia,20200907
0.047823000000000004,anosmia,20200908
0.045151,anosmia,20200909
0.042839,anosmia,20201010
0.034549,anosmia,20201011
0.0321,anosmia,20201012
0.034081,anosmia,20201013
0.035914999999999996,anosmia,20201014
0.033854,anosmia,20201015
0.04028,anosmia,20201016
0.040168,anosmia,20201017
0.040648000000000004,anosmia,20201018
0.047761,anosmia,20201019
0.045975999999999996,anosmia,20201020
0.03633,anosmia,20201021
0.034041,anosmia,20201022
0.038377999999999995,anosmia,20201023
0.0406,anosmia,20201024
0.035623,anosmia,20201025
0.047686,anosmia,20201026
0.036299,anosmia,20201027
0.039591,anosmia,20201028
0.038525,anosmia,20201029
0.041167,anosmia,20201030
0.038676999999999996,anosmia,20201031
0.052376,anosmia,20201001
0.039091,anosmia,20201002
0.033652,anosmia,20201003
0.034801,anosmia,20201004
0.03519,anosmia,20201005
0.03601,anosmia,20201006
0.036869,anosmia,20201007
0.039092,anosmia,20201008
0.025525,anosmia,20201009
0.048558,anosmia,20201110
0.043582,anosmia,20201111
0.042161000000000004,anosmia,20201112
0.043341000000000005,anosmia,20201113
0.050950999999999996,anosmia,20201114
0.059434,anosmia,20201115
0.055948000000000005,anosmia,20201116
0.056308000000000004,anosmia,20201117
0.049237,anosmia,20201118
0.047294,anosmia,20201119
0.052573,anosmia,20201120
0.05015,anosmia,20201121
0.048608,anosmia,20201122
0.055711000000000004,anosmia,20201123
0.053914,anosmia,20201124
0.05285,anosmia,20201125
0.059624,anosmia,20201126
0.054916,anosmia,20201127
0.053403,anosmia,20201128
0.05599,anosmia,20201129
0.064087,anosmia,20201130
0.034839999999999996,anosmia,20201101
0.029902999999999996,anosmia,20201102
0.043762999999999996,anosmia,20201103
0.049713,anosmia,20201104
0.040031,anosmia,20201105
0.061853,anosmia,20201106
0.045701,anosmia,20201107
0.05218,anosmia,20201108
0.041767,anosmia,20201109
0.05185599999999999,anosmia,20201210
0.055518,anosmia,20201211
0.055915999999999993,anosmia,20201212
0.062942,anosmia,20201213
0.068299,anosmia,20201214
0.058870000000000006,anosmia,20201215
0.047744999999999996,anosmia,20201216
0.053426,anosmia,20201217
0.049268,anosmia,20201218
0.051177999999999994,anosmia,20201219
0.058262,anosmia,20201220
0.054122,anosmia,20201221
0.058575,anosmia,20201222
0.052746,anosmia,20201223
0.06553099999999999,anosmia,20201224
0.056964,anosmia,20201225
0.062112,anosmia,20201226
0.06185,anosmia,20201227
0.059135,anosmia,20201228
0.053698,anosmia,20201229
0.060909000000000005,anosmia,20201230
0.059744000000000005,anosmia,20201231
0.044872,anosmia,20210101
0.058842,anosmia,20210102
0.065855,anosmia,20210103
0.064563,anosmia,20210104
0.053377999999999995,anosmia,20210105
0.05935700000000001,anosmia,20210106
0.05864,anosmia,20210107
0.067673,anosmia,20210108
0.05903099999999999,anosmia,20210109
0.05432000000000001,anosmia,20210110
0.056232000000000004,anosmia,20210111
0.059779,anosmia,20210112
0.058302,anosmia,20210113
0.050873,anosmia,20210114
0.048701,anosmia,20210115
0.059137,anosmia,20210116
0.064011,anosmia,20210117
0.055095000000000005,anosmia,20210118
0.053461,anosmia,20210119
0.057777999999999996,anosmia,20210120
0.05570800000000001,anosmia,20210121
0.059317999999999996,anosmia,20210122
0.057101,anosmia,20210123
0.0498,anosmia,20210124
0.053069000000000005,anosmia,20210125
0.04937,anosmia,20210126
0.049139999999999996,anosmia,20210127
0.055843,anosmia,20210128
0.055518,anosmia,20210129
0.042016000000000005,anosmia,20210130
0.061001,anosmia,20210131
0.062957,anosmia,20210201
0.06751900000000001,anosmia,20210202
0.046310000000000004,anosmia,20210203
0.051530999999999993,anosmia,20210204
0.057328,anosmia,20210205
0.048247000000000005,anosmia,20210206
0.051051,anosmia,20210207
0.052649,anosmia,20210208
0.055616,anosmia,20210209
0.056532000000000006,anosmia,20210210
0.054324000000000004,anosmia,20210211
0.047275,anosmia,20210212
0.059791,anosmia,20210213
0.059934,anosmia,20210214
0.044691,anosmia,20210215
0.056128,anosmia,20210216
0.057869000000000004,anosmia,20210217
0.051237,anosmia,20210218
0.042066,anosmia,20210219
0.057335000000000004,anosmia,20210220
0.058242999999999996,anosmia,20210221
0.055156,anosmia,20210222
0.810856,vaccine_acpt,20201221
0.792461,vaccine_acpt,20201222
0.813659,vaccine_acpt,20201223
0.8299120000000001,vaccine_acpt,20201224
0.810149,vaccine_acpt,20201225
0.807054,vaccine_acpt,20201226
0.820625,vaccine_acpt,20201227
0.843585,vaccine_acpt,20201228
0.826559,vaccine_acpt,20201229
0.821184,vaccine_acpt,20201230
0.839758,vaccine_acpt,20201231
0.850642,vaccine_acpt,20210101
0.830844,vaccine_acpt,20210102
0.849244,vaccine_acpt,20210103
0.844614,vaccine_acpt,20210104
0.864966,vaccine_acpt,20210105
0.86887,vaccine_acpt,20210106
0.839835,vaccine_acpt,20210107
0.85972,vaccine_acpt,20210108
0.855758,vaccine_acpt,20210109
0.836508,vaccine_acpt,20210110
0.86818,vaccine_acpt,20210111
0.861985,vaccine_acpt,20210112
0.854305,vaccine_acpt,20210113
0.857348,vaccine_acpt,20210114
0.8568600000000001,vaccine_acpt,20210115
0.8559370000000001,vaccine_acpt,20210116
0.866218,vaccine_acpt,20210117
0.8707299999999999,vaccine_acpt,20210118
0.8616149999999999,vaccine_acpt,20210119
0.8594350000000001,vaccine_acpt,20210120
0.8562639999999999,vaccine_acpt,20210121
0.858109,vaccine_acpt,20210122
0.8650899999999999,vaccine_acpt,20210123
0.865383,vaccine_acpt,20210124
0.865074,vaccine_acpt,20210125
0.8444299999999999,vaccine_acpt,20210126
0.870295,vaccine_acpt,20210127
0.875049,vaccine_acpt,20210128
0.8550620000000001,vaccine_acpt,20210129
0.862316,vaccine_acpt,20210130
0.873792,vaccine_acpt,20210131
0.869793,vaccine_acpt,20210201
0.865848,vaccine_acpt,20210202
0.871396,vaccine_acpt,20210203
0.874972,vaccine_acpt,20210204
0.872585,vaccine_acpt,20210205
0.858225,vaccine_acpt,20210206
0.857917,vaccine_acpt,20210207
0.867445,vaccine_acpt,20210208
0.859759,vaccine_acpt,20210209
0.8655940000000001,vaccine_acpt,20210210
0.866209,vaccine_acpt,20210211
0.872612,vaccine_acpt,20210212
0.8820319999999999,vaccine_acpt,20210213
0.876983,vaccine_acpt,20210214
0.89046,vaccine_acpt,20210215
0.8674229999999999,vaccine_acpt,20210216
0.8699479999999999,vaccine_acpt,20210217
0.87454,vaccine_acpt,20210218
0.883742,vaccine_acpt,20210219
0.88235,vaccine_acpt,20210220
0.8717229999999999,vaccine_acpt,20210221
0.882439,vaccine_acpt,20210222
0.0,covid_vaccine,20210105
0.004051,covid_vaccine,20210106
0.002876,covid_vaccine,20210107
0.006566,covid_vaccine,20210108
0.005722,covid_vaccine,20210109
0.005566,covid_vaccine,20210110
0.005994,covid_vaccine,20210111
0.005602,covid_vaccine,20210112
0.011297,covid_vaccine,20210113
0.011437000000000001,covid_vaccine,20210114
0.013522,covid_vaccine,20210115
0.015776,covid_vaccine,20210116
0.015443,covid_vaccine,20210117
0.018028,covid_vaccine,20210118
0.015697,covid_vaccine,20210119
0.022573,covid_vaccine,20210120
0.023999,covid_vaccine,20210121
0.025291,covid_vaccine,20210122
0.027857,covid_vaccine,20210123
0.022909,covid_vaccine,20210124
0.032198000000000004,covid_vaccine,20210125
0.030088999999999998,covid_vaccine,20210126
0.031017000000000003,covid_vaccine,20210127
0.035578,covid_vaccine,20210128
0.03185,covid_vaccine,20210129
0.035476,covid_vaccine,20210130
0.039805,covid_vaccine,20210131
0.042012,covid_vaccine,20210201
0.04726,covid_vaccine,20210202
0.032957,covid_vaccine,20210203
0.042927,covid_vaccine,20210204
0.044519,covid_vaccine,20210205
0.04144,covid_vaccine,20210206
0.031031,covid_vaccine,20210207
0.043154000000000005,covid_vaccine,20210208
0.040693,covid_vaccine,20210209
0.040142000000000004,covid_vaccine,20210210
0.046642,covid_vaccine,20210211
0.052070000000000005,covid_vaccine,20210212
0.044496,covid_vaccine,20210213
0.049911000000000004,covid_vaccine,20210214
0.045379,covid_vaccine,20210215
0.049421,covid_vaccine,20210216
0.050794,covid_vaccine,20210217
0.05745599999999999,covid_vaccine,20210218
0.05306,covid_vaccine,20210219
0.053475999999999996,covid_vaccine,20210220
0.054331,covid_vaccine,20210221
0.05235599999999999,covid_vaccine,20210222
0.349052,trust_fam,20201221
0.399712,trust_fam,20201222
0.390497,trust_fam,20201223
0.39057600000000003,trust_fam,20201224
0.37895100000000004,trust_fam,20201225
0.39896,trust_fam,20201226
0.409963,trust_fam,20201227
0.42206800000000005,trust_fam,20201228
0.392985,trust_fam,20201229
0.41421899999999995,trust_fam,20201230
0.527854,trust_healthcare,20201221
0.514049,trust_healthcare,20201222
0.525312,trust_healthcare,20201223
0.56099,trust_healthcare,20201224
0.50761,trust_healthcare,20201225
0.555946,trust_healthcare,20201226
0.522458,trust_healthcare,20201227
0.548002,trust_healthcare,20201228
0.533222,trust_healthcare,20201229
0.555764,trust_healthcare,20201230
0.540604,trust_healthcare,20201231
0.546586,trust_healthcare,20210101
0.548243,trust_healthcare,20210102
0.550222,trust_healthcare,20210103
0.549984,trust_healthcare,20210104
0.553497,trust_healthcare,20210105
0.563682,trust_healthcare,20210106
0.542602,trust_healthcare,20210107
0.571068,trust_healthcare,20210108
0.570639,trust_healthcare,20210109
0.547771,trust_healthcare,20210110
0.5522819999999999,trust_healthcare,20210111
0.551723,trust_healthcare,20210112
0.5342140000000001,trust_healthcare,20210113
0.524782,trust_healthcare,20210114
0.534563,trust_healthcare,20210115
0.5424140000000001,trust_healthcare,20210116
0.529945,trust_healthcare,20210117
0.541892,trust_healthcare,20210118
0.514097,trust_healthcare,20210119
0.527597,trust_healthcare,20210120
0.529687,trust_healthcare,20210121
0.541432,trust_healthcare,20210122
0.5106350000000001,trust_healthcare,20210123
0.536326,trust_healthcare,20210124
0.531611,trust_healthcare,20210125
0.527208,trust_healthcare,20210126
0.536529,trust_healthcare,20210127
0.521948,trust_healthcare,20210128
0.543014,trust_healthcare,20210129
0.534841,trust_healthcare,20210130
0.517217,trust_healthcare,20210131
0.5308470000000001,trust_healthcare,20210201
0.516951,trust_healthcare,20210202
0.5129239999999999,trust_healthcare,20210203
0.533328,trust_healthcare,20210204
0.524011,trust_healthcare,20210205
0.550898,trust_healthcare,20210206
0.542844,trust_healthcare,20210207
0.5035229999999999,trust_healthcare,20210208
0.47871,trust_healthcare,20210209
0.508105,trust_healthcare,20210210
0.489465,trust_healthcare,20210211
0.525057,trust_healthcare,20210212
0.6683939999999999,trust_healthcare,20210213
0.443676,trust_who,20201221
0.470195,trust_who,20201222
0.49362799999999996,trust_who,20201223
0.513054,trust_who,20201224
0.47601099999999996,trust_who,20201225
0.50989,trust_who,20201226
0.485121,trust_who,20201227
0.490386,trust_who,20201228
0.490961,trust_who,20201229
0.490413,trust_who,20201230
0.49991899999999995,trust_who,20201231
0.509732,trust_who,20210101
0.49463199999999996,trust_who,20210102
0.5017659999999999,trust_who,20210103
0.49018500000000004,trust_who,20210104
0.5031399999999999,trust_who,20210105
0.51136,trust_who,20210106
0.49156400000000006,trust_who,20210107
0.512133,trust_who,20210108
0.517379,trust_who,20210109
0.506744,trust_who,20210110
0.502087,trust_who,20210111
0.49818100000000004,trust_who,20210112
0.472692,trust_who,20210113
0.46514399999999995,trust_who,20210114
0.477214,trust_who,20210115
0.48466499999999996,trust_who,20210116
0.488637,trust_who,20210117
0.482766,trust_who,20210118
0.469063,trust_who,20210119
0.49020699999999995,trust_who,20210120
0.489518,trust_who,20210121
0.48800200000000005,trust_who,20210122
0.465526,trust_who,20210123
0.492629,trust_who,20210124
0.487821,trust_who,20210125
0.48246400000000006,trust_who,20210126
0.48543500000000006,trust_who,20210127
0.48545900000000003,trust_who,20210128
0.49483999999999995,trust_who,20210129
0.5020319999999999,trust_who,20210130
0.49266400000000005,trust_who,20210131
0.48983000000000004,trust_who,20210201
0.46253599999999995,trust_who,20210202
0.485167,trust_who,20210203
0.49955,trust_who,20210204
0.497684,trust_who,20210205
0.47934,trust_who,20210206
0.46936000000000005,trust_who,20210207
0.484782,trust_who,20210208
0.45914799999999995,trust_who,20210209
0.46045699999999995,trust_who,20210210
0.45873800000000003,trust_who,20210211
0.458413,trust_who,20210212
0.463178,trust_who,20210213
0.511616,trust_who,20210214
0.472232,trust_who,20210215
0.463574,trust_who,20210216
0.46798599999999996,trust_who,20210217
0.463991,trust_who,20210218
0.46258599999999994,trust_who,20210219
0.466714,trust_who,20210220
0.454347,trust_who,20210221
0.479405,trust_who,20210222
0.424717,trust_govt,20201221
0.446225,trust_govt,20201222
0.47102299999999997,trust_govt,20201223
0.49629300000000004,trust_govt,20201224
0.459874,trust_govt,20201225
0.495483,trust_govt,20201226
0.468012,trust_govt,20201227
0.483579,trust_govt,20201228
0.46374399999999993,trust_govt,20201229
0.479101,trust_govt,20201230
0.477633,trust_govt,20201231
0.48619399999999996,trust_govt,20210101
0.478329,trust_govt,20210102
0.48305699999999996,trust_govt,20210103
0.47683000000000003,trust_govt,20210104
0.482562,trust_govt,20210105
0.495766,trust_govt,20210106
0.473973,trust_govt,20210107
0.496234,trust_govt,20210108
0.48618599999999995,trust_govt,20210109
0.48668199999999995,trust_govt,20210110
0.49057,trust_govt,20210111
0.479677,trust_govt,20210112
0.46412299999999995,trust_govt,20210113
0.46180600000000005,trust_govt,20210114
0.472052,trust_govt,20210115
0.477214,trust_govt,20210116
0.487958,trust_govt,20210117
0.483286,trust_govt,20210118
0.463991,trust_govt,20210119
0.47068000000000004,trust_govt,20210120
0.490886,trust_govt,20210121
0.486069,trust_govt,20210122
0.46496800000000005,trust_govt,20210123
0.47612299999999996,trust_govt,20210124
0.46399799999999997,trust_govt,20210125
0.465211,trust_govt,20210126
0.47457299999999997,trust_govt,20210127
0.47013299999999997,trust_govt,20210128
0.479206,trust_govt,20210129
0.48849899999999996,trust_govt,20210130
0.48391999999999996,trust_govt,20210131
0.485339,trust_govt,20210201
0.458769,trust_govt,20210202
0.481863,trust_govt,20210203
0.472204,trust_govt,20210204
0.47245,trust_govt,20210205
0.46602,trust_govt,20210206
0.452593,trust_govt,20210207
0.45919,trust_govt,20210208
0.439586,trust_govt,20210209
0.439092,trust_govt,20210210
0.44874200000000003,trust_govt,20210211
0.465693,trust_govt,20210212
0.46821999999999997,trust_govt,20210213
0.49231800000000003,trust_govt,20210214
0.45340699999999995,trust_govt,20210215
0.45460200000000006,trust_govt,20210216
0.455237,trust_govt,20210217
0.453085,trust_govt,20210218
0.45180600000000004,trust_govt,20210219
0.469361,trust_govt,20210220
0.43880699999999995,trust_govt,20210221
0.476228,trust_govt,20210222
0.11560899999999999,trust_politicians,20201221
0.180153,trust_politicians,20201222
0.185619,trust_politicians,20201223
0.20016099999999998,trust_politicians,20201224
0.17813199999999998,trust_politicians,20201225
0.199294,trust_politicians,20201226
0.18629,trust_politicians,20201227
0.194436,trust_politicians,20201228
0.18601199999999998,trust_politicians,20201229
0.192751,trust_politicians,20201230
0.194176,trust_politicians,20201231
0.191157,trust_politicians,20210101
0.18265399999999998,trust_politicians,20210102
0.186685,trust_politicians,20210103
0.171259,trust_politicians,20210104
0.190212,trust_politicians,20210105
0.194178,trust_politicians,20210106
0.19173099999999998,trust_politicians,20210107
0.21111799999999997,trust_politicians,20210108
0.213509,trust_politicians,20210109
0.192667,trust_politicians,20210110
0.19272,trust_politicians,20210111
0.189441,trust_politicians,20210112
0.189902,trust_politicians,20210113
0.14702300000000001,trust_politicians,20210114
0.163795,trust_politicians,20210115
0.187068,trust_politicians,20210116
0.177467,trust_politicians,20210117
0.169176,trust_politicians,20210118
0.157692,trust_politicians,20210119
0.17086600000000002,trust_politicians,20210120
0.16809100000000002,trust_politicians,20210121
0.16475,trust_politicians,20210122
0.175561,trust_politicians,20210123
0.17118,trust_politicians,20210124
0.161868,trust_politicians,20210125
0.149636,trust_politicians,20210126
0.17397100000000001,trust_politicians,20210127
0.159768,trust_politicians,20210128
0.166968,trust_politicians,20210129
0.168363,trust_politicians,20210130
0.164203,trust_politicians,20210131
0.152653,trust_politicians,20210201
0.167444,trust_politicians,20210202
0.165669,trust_politicians,20210203
0.155417,trust_politicians,20210204
0.165984,trust_politicians,20210205
0.173124,trust_politicians,20210206
0.173811,trust_politicians,20210207
0.144806,trust_politicians,20210208
0.150951,trust_politicians,20210209
0.153659,trust_politicians,20210210
0.155974,trust_politicians,20210211
0.157307,trust_politicians,20210212
0.157895,trust_politicians,20210213
0.155379,trust_politicians,20210214
0.157628,trust_politicians,20210215
0.15975899999999998,trust_politicians,20210216
0.14486,trust_politicians,20210217
0.164349,trust_politicians,20210218
0.156523,trust_politicians,20210219
0.189503,trust_politicians,20210220
0.153039,trust_politicians,20210221
0.166731,trust_politicians,20210222
0.041769,twodoses,20210123
0.009949,twodoses,20210125
0.061735000000000005,twodoses,20210126
0.01854,twodoses,20210127
0.049261,twodoses,20210128
0.067195,twodoses,20210129
0.060945000000000006,twodoses,20210131
0.124426,twodoses,20210202
0.18751500000000002,twodoses,20210203
0.209004,twodoses,20210204
0.299978,twodoses,20210205
0.22592199999999998,twodoses,20210206
0.27969299999999997,twodoses,20210207
0.231931,twodoses,20210208
0.2647,twodoses,20210209
0.336175,twodoses,20210210
0.358533,twodoses,20210211
0.444328,twodoses,20210212
0.316013,twodoses,20210213
0.482613,twodoses,20210214
0.456266,twodoses,20210215
0.484986,twodoses,20210216
0.508448,twodoses,20210217
0.49768500000000004,twodoses,20210218
0.495072,twodoses,20210219
0.464157,twodoses,20210220
0.579639,twodoses,20210221
0.521525,twodoses,20210222
0.38863400000000003,concerned_sideeffects,20210114
0.371305,concerned_sideeffects,20210115
0.365529,concerned_sideeffects,20210116
0.373319,concerned_sideeffects,20210117
0.372006,concerned_sideeffects,20210118
0.381874,concerned_sideeffects,20210119
0.339107,concerned_sideeffects,20210120
0.34823000000000004,concerned_sideeffects,20210121
0.341507,concerned_sideeffects,20210122
0.357055,concerned_sideeffects,20210123
0.34980500000000003,concerned_sideeffects,20210124
0.351292,concerned_sideeffects,20210125
0.37403800000000004,concerned_sideeffects,20210126
0.344012,concerned_sideeffects,20210127
0.344403,concerned_sideeffects,20210128
0.3601,concerned_sideeffects,20210129
0.344957,concerned_sideeffects,20210130
0.36598800000000004,concerned_sideeffects,20210131
0.354483,concerned_sideeffects,20210201
0.36682600000000004,concerned_sideeffects,20210202
0.36246300000000004,concerned_sideeffects,20210203
0.326895,concerned_sideeffects,20210204
0.32348699999999997,concerned_sideeffects,20210205
0.31488299999999997,concerned_sideeffects,20210206
0.345611,concerned_sideeffects,20210207
0.348527,concerned_sideeffects,20210208
0.335514,concerned_sideeffects,20210209
0.320812,concerned_sideeffects,20210210
0.341307,concerned_sideeffects,20210211
0.324608,concerned_sideeffects,20210212
0.318456,concerned_sideeffects,20210213
0.32521500000000003,concerned_sideeffects,20210214
0.301062,concerned_sideeffects,20210215
0.345744,concerned_sideeffects,20210216
0.353252,concerned_sideeffects,20210217
0.335836,concerned_sideeffects,20210218
0.335702,concerned_sideeffects,20210219
0.33634000000000003,concerned_sideeffects,20210220
0.325302,concerned_sideeffects,20210221
0.321765,concerned_sideeffects,20210222
0.11056500000000001,hesitant_sideefects,20210114
0.10631199999999999,hesitant_sideefects,20210115
0.112403,hesitant_sideefects,20210116
0.10069299999999999,hesitant_sideefects,20210117
0.10301300000000001,hesitant_sideefects,20210118
0.105593,hesitant_sideefects,20210119
0.103719,hesitant_sideefects,20210120
0.10635599999999999,hesitant_sideefects,20210121
0.10620399999999999,hesitant_sideefects,20210122
0.10184,hesitant_sideefects,20210123
0.10172,hesitant_sideefects,20210124
0.103399,hesitant_sideefects,20210125
0.12193399999999999,hesitant_sideefects,20210126
0.101052,hesitant_sideefects,20210127
0.096029,hesitant_sideefects,20210128
0.11497,hesitant_sideefects,20210129
0.093439,hesitant_sideefects,20210130
0.092285,hesitant_sideefects,20210131
0.10283800000000001,hesitant_sideefects,20210201
0.096777,hesitant_sideefects,20210202
0.09869700000000001,hesitant_sideefects,20210203
0.086276,hesitant_sideefects,20210204
0.083786,hesitant_sideefects,20210205
0.100971,hesitant_sideefects,20210206
0.098897,hesitant_sideefects,20210207
0.10794000000000001,hesitant_sideefects,20210208
0.100703,hesitant_sideefects,20210209
0.086372,hesitant_sideefects,20210210
0.103576,hesitant_sideefects,20210211
0.09324400000000001,hesitant_sideefects,20210212
0.082901,hesitant_sideefects,20210213
0.084228,hesitant_sideefects,20210214
0.07689800000000001,hesitant_sideefects,20210215
0.092865,hesitant_sideefects,20210216
0.095442,hesitant_sideefects,20210217
0.091276,hesitant_sideefects,20210218
0.078166,hesitant_sideefects,20210219
0.079972,hesitant_sideefects,20210220
0.09767200000000001,hesitant_sideefects,20210221
0.08732999999999999,hesitant_sideefects,20210222
0.8749687656768185,modified_acceptance,20210106
0.8452385107928171,modified_acceptance,20210107
0.8702757011153707,modified_acceptance,20210108
0.8630883081291468,modified_acceptance,20210109
0.8452768998130726,modified_acceptance,20210110
0.8761934069119507,modified_acceptance,20210111
0.8704925015735788,modified_acceptance,20210112
0.868836520217917,modified_acceptance,20210113
0.8720629893687757,modified_acceptance,20210114
0.8721260592407799,modified_acceptance,20210115
0.8738291031738251,modified_acceptance,20210116
0.8849855746969906,modified_acceptance,20210117
0.8908029319125966,modified_acceptance,20210118
0.8809481077910452,modified_acceptance,20210119
0.8851512456246776,modified_acceptance,20210120
0.8829451283001841,modified_acceptance,20210121
0.8879882004082849,modified_acceptance,20210122
0.8970727457718051,modified_acceptance,20210123
0.8906933603153068,modified_acceptance,20210124
0.9007439047313012,modified_acceptance,20210125
0.8772955029082431,modified_acceptance,20210126
0.9035421635532572,modified_acceptance,20210127
0.9141584376603668,modified_acceptance,20210128
0.8913531491434142,modified_acceptance,20210129
0.90168077594286,modified_acceptance,20210130
0.91781765625118,modified_acceptance,20210131
0.9152013014838156,modified_acceptance,20210201
0.9185718015865266,modified_acceptance,20210202
0.9068197099413864,modified_acceptance,20210203
0.9205158938348454,modified_acceptance,20210204
0.9204657223273984,modified_acceptance,20210205
0.9046798824474738,modified_acceptance,20210206
0.8946630287552318,modified_acceptance,20210207
0.9170153829384368,modified_acceptance,20210208
0.9073704502288642,modified_acceptance,20210209
0.9128766468260694,modified_acceptance,20210210
0.9201052998550338,modified_acceptance,20210211
0.931992344439058,modified_acceptance,20210212
0.9310385721474552,modified_acceptance,20210213
0.9337875865339345,modified_acceptance,20210214
0.9427254664000286,modified_acceptance,20210215
0.9240955981407146,modified_acceptance,20210216
0.9264053753627248,modified_acceptance,20210217
0.938188362156173,modified_acceptance,20210218
0.9441908515216796,modified_acceptance,20210219
0.942811105661306,modified_acceptance,20210220
0.9341433587529744,modified_acceptance,20210221
0.9430154974359078,modified_acceptance,20210222
0.995508,access_wash,20200627
0.996317,access_wash,20200628
0.998984,access_wash,20200629
0.9988879999999999,access_wash,20200630
0.996826,access_wash,20200701
0.999275,access_wash,20200702
0.9983190000000001,access_wash,20200703
0.997233,access_wash,20200704
0.996751,access_wash,20200705
0.9989100000000001,access_wash,20200706
0.9977799999999999,access_wash,20200707
0.9984700000000001,access_wash,20200708
0.996034,access_wash,20200709
0.996085,access_wash,20200710
0.998446,access_wash,20200711
0.9997459999999999,access_wash,20200712
0.99811,access_wash,20200713
0.996099,access_wash,20200714
0.996027,access_wash,20200715
0.9959530000000001,access_wash,20200716
0.997985,access_wash,20200717
0.996444,access_wash,20200718
0.9987659999999999,access_wash,20200719
0.99705,access_wash,20200720
0.998292,access_wash,20200721
0.995958,access_wash,20200722
0.997742,access_wash,20200723
0.98956,access_wash,20200724
0.996663,access_wash,20200725
0.998969,access_wash,20200726
0.9968040000000001,access_wash,20200727
0.9967739999999999,access_wash,20200728
0.9994270000000001,access_wash,20200729
0.9976299999999999,access_wash,20200730
0.997517,access_wash,20200731
0.998693,access_wash,20200801
0.997481,access_wash,20200802
0.9970190000000001,access_wash,20200803
0.9989889999999999,access_wash,20200804
0.99736,access_wash,20200805
0.9971059999999999,access_wash,20200806
0.997442,access_wash,20200807
0.997475,access_wash,20200808
0.9974129999999999,access_wash,20200809
0.9974700000000001,access_wash,20200810
0.994399,access_wash,20200811
0.998318,access_wash,20200812
0.997172,access_wash,20200813
0.998524,access_wash,20200814
0.997516,access_wash,20200815
0.9986700000000001,access_wash,20200816
0.9984639999999999,access_wash,20200817
0.999033,access_wash,20200818
0.9963930000000001,access_wash,20200819
0.997859,access_wash,20200820
0.998828,access_wash,20200821
0.9995649999999999,access_wash,20200822
0.999685,access_wash,20200823
0.996398,access_wash,20200824
0.991339,access_wash,20200825
0.998275,access_wash,20200826
0.9983620000000001,access_wash,20200827
0.998257,access_wash,20200828
0.997812,access_wash,20200829
0.9970459999999999,access_wash,20200830
0.999252,access_wash,20200831
0.99876,access_wash,20200901
0.9958450000000001,access_wash,20200902
0.998144,access_wash,20200903
0.998396,access_wash,20200904
0.997115,access_wash,20200905
0.9988540000000001,access_wash,20200906
0.9990870000000001,access_wash,20200907
0.997449,access_wash,20200908
0.9973049999999999,access_wash,20200909
0.999497,access_wash,20200910
0.999027,access_wash,20200911
0.996656,access_wash,20200912
0.99777,access_wash,20200913
0.998559,access_wash,20200914
0.997172,access_wash,20200915
0.9954120000000001,access_wash,20200916
0.998433,access_wash,20200917
0.998391,access_wash,20200918
0.995408,access_wash,20200919
0.9988950000000001,access_wash,20200920
0.997519,access_wash,20200921
0.9987809999999999,access_wash,20200922
0.999138,access_wash,20200923
0.991856,access_wash,20200924
0.9977809999999999,access_wash,20200925
0.999229,access_wash,20200926
0.999134,access_wash,20200927
1.0,access_wash,20200928
0.995741,access_wash,20200929
0.9978540000000001,access_wash,20200930
0.99876,access_wash,20200901
0.9958450000000001,access_wash,20200902
0.998144,access_wash,20200903
0.998396,access_wash,20200904
0.997115,access_wash,20200905
0.9988540000000001,access_wash,20200906
0.9990870000000001,access_wash,20200907
0.997449,access_wash,20200908
0.9973049999999999,access_wash,20200909
0.99916,access_wash,20201010
0.9964139999999999,access_wash,20201011
0.996718,access_wash,20201012
0.9971479999999999,access_wash,20201013
0.99265,access_wash,20201014
0.99965,access_wash,20201015
0.9974,access_wash,20201016
1.0,access_wash,20201017
0.997389,access_wash,20201018
0.996374,access_wash,20201019
0.998368,access_wash,20201020
0.9989389999999999,access_wash,20201021
0.9977229999999999,access_wash,20201022
0.9983850000000001,access_wash,20201023
0.9968899999999999,access_wash,20201024
0.9983920000000001,access_wash,20201025
0.996974,access_wash,20201026
0.998985,access_wash,20201027
0.989668,access_wash,20201028
0.998684,access_wash,20201029
0.9987309999999999,access_wash,20201030
0.998166,access_wash,20201031
0.996015,access_wash,20201001
0.9992850000000001,access_wash,20201002
1.0,access_wash,20201003
0.9964360000000001,access_wash,20201004
0.995215,access_wash,20201005
0.998719,access_wash,20201006
0.9972989999999999,access_wash,20201007
0.999475,access_wash,20201008
0.99687,access_wash,20201009
0.997815,access_wash,20201110
0.9983569999999999,access_wash,20201111
0.998294,access_wash,20201112
0.9930209999999999,access_wash,20201113
0.9947020000000001,access_wash,20201114
0.99735,access_wash,20201115
0.9970530000000001,access_wash,20201116
0.998182,access_wash,20201117
0.996626,access_wash,20201118
0.998682,access_wash,20201119
0.996835,access_wash,20201120
0.996036,access_wash,20201121
0.998857,access_wash,20201122
0.998135,access_wash,20201123
0.99434,access_wash,20201124
0.9965129999999999,access_wash,20201125
0.99575,access_wash,20201126
0.997017,access_wash,20201127
0.998634,access_wash,20201128
0.9989399999999999,access_wash,20201129
0.997484,access_wash,20201130
0.995617,access_wash,20201101
0.9978870000000001,access_wash,20201102
0.9993860000000001,access_wash,20201103
1.0,access_wash,20201104
0.99816,access_wash,20201105
0.99931,access_wash,20201106
0.9951760000000001,access_wash,20201107
0.997518,access_wash,20201108
0.9948549999999999,access_wash,20201109
0.995833,access_wash,20201210
0.997086,access_wash,20201211
0.9991549999999999,access_wash,20201212
0.998682,access_wash,20201213
0.9970370000000001,access_wash,20201214
0.996525,access_wash,20201215
0.997984,access_wash,20201216
0.9964370000000001,access_wash,20201217
0.994547,access_wash,20201218
0.9957440000000001,access_wash,20201219
0.994767,access_wash,20201220
0.996618,access_wash,20201221
0.997099,access_wash,20201222
0.9963569999999999,access_wash,20201223
0.9945930000000001,access_wash,20201224
0.997294,access_wash,20201225
0.99859,access_wash,20201226
0.99911,access_wash,20201227
0.995425,access_wash,20201228
0.999445,access_wash,20201229
0.999315,access_wash,20201230
0.9976,access_wash,20201231
0.9925510000000001,access_wash,20210101
0.998015,access_wash,20210102
0.9966799999999999,access_wash,20210103
0.9981459999999999,access_wash,20210104
0.99765,access_wash,20210105
0.998432,access_wash,20210106
0.9975350000000001,access_wash,20210107
0.996771,access_wash,20210108
0.9969379999999999,access_wash,20210109
0.998718,access_wash,20210110
0.9967540000000001,access_wash,20210111
0.99769,access_wash,20210112
0.998341,access_wash,20210113
0.9979040000000001,access_wash,20210114
0.997129,access_wash,20210115
0.997499,access_wash,20210116
0.998798,access_wash,20210117
0.996662,access_wash,20210118
0.997142,access_wash,20210119
0.99877,access_wash,20210120
0.998291,access_wash,20210121
0.9946780000000001,access_wash,20210122
0.999259,access_wash,20210123
0.997468,access_wash,20210124
0.9971200000000001,access_wash,20210125
0.9990049999999999,access_wash,20210126
0.9954049999999999,access_wash,20210127
0.999273,access_wash,20210128
0.996926,access_wash,20210129
0.99798,access_wash,20210130
0.998266,access_wash,20210131
0.9989,access_wash,20210201
0.996193,access_wash,20210202
0.9983850000000001,access_wash,20210203
0.9989180000000001,access_wash,20210204
0.99387,access_wash,20210205
0.9990399999999999,access_wash,20210206
0.9978229999999999,access_wash,20210207
0.997072,access_wash,20210208
0.997633,access_wash,20210209
0.99323,access_wash,20210210
0.9972209999999999,access_wash,20210211
0.998181,access_wash,20210212
0.9978959999999999,access_wash,20210213
0.994575,access_wash,20210214
0.9986889999999999,access_wash,20210215
0.998732,access_wash,20210216
0.9979030000000001,access_wash,20210217
0.9947280000000001,access_wash,20210218
0.9979520000000001,access_wash,20210219
0.9991110000000001,access_wash,20210220
0.998732,access_wash,20210221
0.99869,access_wash,20210222
